ESD,y_true,split,pred_LinearRegression,pred_ElasticNet,pred_SVR,pred_LightGBM,pred_GNN (transductive),pred_TabNet
46.9058411426803,2.91705081081081,test,4.641991985312389,4.672166667092457,4.9410689381501385,8.416309296418168,4.88490088666155,7.1455817
64.9381965576721,5.5648512,val,8.775473447189109,8.789099325424372,5.325046791791166,8.502870693797894,5.674702531863223,6.553981
59.0218891123912,1.5444864,train,7.4193030199192265,7.438358461146644,5.148084170893156,8.502870693797894,5.4626883422096695,6.713283
141.367492352956,10.7629159550562,val,26.29504147053499,26.238526018252095,12.172875686360683,15.667719617539685,24.27110590008833,20.42914
104.88464933684,2.732544,train,17.932231853423055,17.909197739985533,7.843694736210836,11.843995373490367,8.691518194520214,8.092258
152.594248889389,14.3047450746269,train,28.8685039468662,28.8016853819787,13.891285852152507,29.995245190375762,28.750735742758224,23.889502
52.4423246684198,3.66903402985075,train,5.911096963057222,5.936190657019118,5.009879610983532,8.416309296418168,5.170694072929174,6.9552584
86.7018239261228,19.6630325581395,train,13.764258783346188,13.7579115640324,6.409776946078324,8.260207102950234,6.8023310650896125,5.552474
256.913872725999,70.7416615384615,train,52.781255293819186,52.61869965404548,37.898395717644604,40.611023988760884,54.76146769988903,52.3454
63.5108091408147,10.4594823529412,train,8.448279395679291,8.463215227794693,5.277768176835679,8.502870693797894,5.6285772653685635,6.5967183
57.4476883778063,11.03328,val,7.058455565222895,7.0789556950723584,5.10941716955513,8.416309296418168,5.419548845093561,6.7808275
151.992296843211,14.3171247761194,train,28.73052099530198,28.6642548588647,13.794598734345186,29.995245190375762,28.630478269484712,23.711634
54.1622000205846,3.72346434782609,train,6.305336801464662,6.328852117079996,5.040072263945447,8.416309296418168,5.259177877854261,6.901731
89.8178476442293,19.75104,val,14.478531876192017,14.46932499361377,6.621290947788836,8.260207102950234,7.072425457126865,5.704317
249.675405497285,70.7655876923077,train,51.12201170562901,50.96609901234658,35.80639752792702,40.611023988760884,52.65026024176625,50.16
55.8291179001753,10.4579576470588,train,6.687437419780483,6.709422957622485,5.0733382066098045,8.416309296418168,5.101822325930603,6.8436265
66.3348766984964,6.334848,test,9.095628598161174,9.107972703453662,5.374136719118937,8.453185378244498,5.743243514906525,6.504825
63.5108091408147,11.016,val,8.448279395679291,8.463215227794693,5.277768176835679,8.502870693797894,5.6285772653685635,6.5967183
173.931514059148,16.3181776271186,train,33.759556058284815,33.67315568051978,17.646910002499013,18.899275463713906,34.15703489894256,29.869549
59.0218891123912,2.77524837209302,train,7.4193030199192265,7.438358461146644,5.148084170893156,8.502870693797894,5.4626883422096695,6.713283
78.9542957097545,9.0459072,test,11.988325272680095,11.989088179551146,5.945057611502648,8.138684016062697,6.279758743861945,5.855558
46.9058411426803,5.5728,train,4.641991985312389,4.672166667092457,4.9410689381501385,8.416309296418168,4.88490088666155,7.1455817
30.2775902642419,7.5852288,train,0.8303675376089403,0.8758024364126911,4.991963442380765,8.672512359878672,3.903293416581775,8.351728
181.665541585452,9.60968930232558,test,35.532394862196355,35.438896748212315,19.16348191694668,18.899275463713906,35.983122980596484,31.92564
35.8249279286511,3.20436,train,2.101960564193945,2.142304514028897,4.932380164561678,8.577869202851476,4.214233557230989,7.9092035
46.9058411426803,1.64815448275862,train,4.641991985312389,4.672166667092457,4.9410689381501385,8.416309296418168,4.88490088666155,7.1455817
30.2775902642419,4.7609856,test,0.8303675376089403,0.8758024364126911,4.991963442380765,8.672512359878672,3.903293416581775,8.351728
30.2775902642419,5.54913391304348,test,0.8303675376089403,0.8758024364126911,4.991963442380765,8.672512359878672,3.903293416581775,8.351728
40.6216500154385,1.03646006557377,train,3.201493119271378,3.237434981323208,4.915136705996687,8.577869202851476,4.508979392987008,7.5377455
44.9089238221147,6.31872,val,4.184246974441761,4.216254283833293,4.926836231286742,8.577869202851476,4.758537197373863,7.2119718
129.876393115344,8.02705983471074,val,23.66098482168669,23.615015076795906,10.601116247283997,15.103731547614636,18.645387422678247,16.581936
67.7027500257308,1.58112,val,9.409180483657966,9.420269252836807,5.4249292641951,8.138684016062697,5.784780860879504,6.4497514
177.582648487966,14.2521313432836,train,34.59649034274285,34.50673921545077,18.352717733522326,18.899275463713906,34.95159005840024,30.84839
46.9058411426803,4.23492923076923,train,4.641991985312389,4.672166667092457,4.9410689381501385,8.416309296418168,4.88490088666155,7.1455817
48.8211473415386,1.50390568421053,val,5.0810296198643545,5.109446570871952,4.959984490008921,8.416309296418168,4.971461940809527,7.0836153
157.908591419509,37.003392,train,30.086688472668705,30.0149927850495,14.767110957267263,32.67945506452365,30.204169313005146,25.424055
27.0811000102923,4.95812571428571,train,0.09764943707807294,0.14601784556639608,5.045459276796265,7.756973654552722,3.726954300597953,8.689135
27.0811000102923,0.98496,test,0.09764943707807294,0.14601784556639608,5.045459276796265,7.756973654552722,3.726954300597953,8.689135
153.19383567415,125.9712,train,29.005944719441878,28.938575896771603,13.988103243525742,29.995245190375762,28.924820073469512,24.065825
214.094893938333,26.83584,test,42.96603975696468,42.842780307380146,26.385848017006765,52.08198674004314,44.7184880787498,40.274563
27.0811000102923,4.1256,train,0.09764943707807294,0.14601784556639608,5.045459276796265,7.756973654552722,3.5126175635299344,8.689135
30.2775902642419,3.78432,test,0.8303675376089403,0.8758024364126911,4.991963442380765,8.672512359878672,3.903293416581775,8.351728
123.360281446966,9.21567085714286,train,22.16732377936016,22.127334054793643,9.794621891909799,21.670986955492676,15.556215133117522,14.290262
33.1674383492482,4.70403138461538,train,1.4927953354263286,1.5355781387532268,4.955640120631088,8.577869202851476,4.0616823411697816,8.112404
85.637957575333,7.15833191489362,train,13.52039314640072,13.51502226738369,6.340797708987964,8.260207102950234,6.744933142772417,5.5303802
40.6216500154385,2.38464,train,3.201493119271378,3.237434981323208,4.915136705996687,8.577869202851476,4.2389946909169955,7.5377455
67.7027500257308,6.60589714285714,train,9.409180483657966,9.420269252836807,5.4249292641951,8.138684016062697,5.784780860879504,6.4497514
46.9058411426803,1.25156571428571,train,4.641991985312389,4.672166667092457,4.9410689381501385,8.416309296418168,4.59299851978604,7.1455817
185.164236451396,7.67232,train,36.334386062808974,36.23767709740441,19.87615904271425,20.8247311547193,37.13545716725518,32.837143
198.543436821771,21.6879709090909,train,39.40124424261734,39.29225680590825,22.75174866684786,53.86700957181731,40.52335420084306,36.269226
57.4476883778063,2.43146322580645,test,7.058455565222895,7.0789556950723584,5.10941716955513,8.416309296418168,5.419548845093561,6.7808275
35.8249279286511,3.08529462857143,train,2.101960564193945,2.142304514028897,4.932380164561678,8.577869202851476,4.214233557230989,7.9092035
110.003948261701,13.01184,val,19.10570734881651,19.077975109690748,8.334430349262036,10.17771666925545,9.615286229576817,9.694306
27.0811000102923,7.37609142857143,train,0.09764943707807294,0.14601784556639608,5.045459276796265,7.756973654552722,3.726954300597953,8.689135
146.463442024616,13.8294308571429,train,27.463164714210144,27.401972564510316,12.93060861336636,26.457791118580875,26.737205718166145,22.037659
90.8327707927258,8.49166725663717,test,14.711178467443874,14.701040161132509,6.693235723850634,8.922152314883105,7.107755367386168,5.774017
76.5969178370751,4.18707692307692,train,11.447953396066707,11.45087973541222,5.820933516328921,8.138684016062697,6.134708373398399,5.986246
38.2984589185375,2.72256,test,2.6689577343790827,2.7070316547324964,4.919501235194559,8.577869202851476,4.372764782317038,7.7196255
46.9058411426803,8.41967404137931,train,4.641991985312389,4.672166667092457,4.9410689381501385,8.416309296418168,7.228260172477704,7.1455817
30.2775902642419,8.36352,train,0.8303675376089403,0.8758024364126911,4.991963442380765,8.672512359878672,3.903293416581775,8.351728
59.0218891123912,7.05217301694915,test,7.4193030199192265,7.438358461146644,5.148084170893156,8.502870693797894,5.4626883422096695,6.713283
54.1622000205846,7.09097142857143,train,6.305336801464662,6.328852117079996,5.040072263945447,8.416309296418168,5.007469048974689,6.901731
114.895376755613,10.7559560930233,train,20.226949057754396,20.194727816092016,8.839036010320868,12.150723278865067,11.486708242961734,11.307314
115.690509957628,3.69588705882353,val,20.40921411823114,20.376263160297686,8.92435835854782,12.150723278865067,11.974452411415381,11.576931
63.5108091408147,4.99119157894737,train,8.448279395679291,8.463215227794693,5.277768176835679,8.502870693797894,5.49795726654124,6.5967183
57.4476883778063,2.69543314285714,test,7.058455565222895,7.0789556950723584,5.10941716955513,8.416309296418168,5.419548845093561,6.7808275
48.8211473415386,9.789696,train,5.0810296198643545,5.109446570871952,4.959984490008921,8.416309296418168,4.971461940809527,7.0836153
89.8178476442293,6.68574,train,14.478531876192017,14.46932499361377,6.621290947788836,8.260207102950234,7.072425457126865,5.704317
33.1674383492482,5.98951384615385,train,1.4927953354263286,1.5355781387532268,4.955640120631088,8.577869202851476,4.0616823411697816,8.112404
27.0811000102923,3.7761347368421,val,0.09764943707807294,0.14601784556639608,5.045459276796265,7.756973654552722,3.726954300597953,8.689135
143.938020939328,20.6030191304348,train,26.884272994341316,26.82539849513398,12.550453595860162,15.667719617539685,25.441031138790642,21.248411
66.3348766984964,6.04950260869565,val,9.095628598161174,9.107972703453662,5.374136719118937,8.453185378244498,5.635137487733635,6.504825
271.824644320692,27.4416564705882,train,56.199189143864125,56.022949466473406,42.37948252317625,41.769127183750406,59.597855055470426,57.04661
119.586899644005,0.918819310344828,train,21.30236724028513,21.265840455125005,9.355774070066289,10.506132478104696,13.661622702328277,12.940195
94.7838500360231,3.64310068965517,train,15.616867848044558,15.60310352435041,6.98761204217864,9.256382148737387,7.592181837844181,6.1985607
329.455800843729,20.3499574468085,train,69.40973827248429,69.18060884966593,61.565599111478235,78.17389551089181,75.23818749789673,77.5747
109.167404195214,3.1374,test,18.913949848961984,18.88698533003108,8.25162547498526,10.17771666925545,9.45438100019978,9.422532
120.351040963123,1.2672,train,21.47752816098228,21.440300101680233,9.442972808020883,10.506132478104696,14.06327941047899,13.214479
82.3639502109324,4.89147428571428,test,12.76990612263972,12.767539892956114,6.138839538953107,8.260207102950234,6.487439121026036,5.6618714
55.8291179001753,0.859934117647059,train,6.687437419780483,6.709422957622485,5.0733382066098045,8.416309296418168,5.330639832727898,6.8436265
126.297842485302,6.559488,train,22.84068861804331,22.79800301047063,10.150580657038986,16.789710745897803,16.91800675911228,15.331044
35.8249279286511,6.1236,train,2.101960564193945,2.142304514028897,4.932380164561678,8.577869202851476,4.214233557230989,7.9092035
94.7838500360231,3.22272,train,15.616867848044558,15.60310352435041,6.98761204217864,9.256382148737387,7.429411667267364,6.1985607
38.2984589185375,1.56168,train,2.6689577343790827,2.7070316547324964,4.919501235194559,8.577869202851476,7.224122023173049,7.7196255
40.6216500154385,1.81167157894737,train,3.201493119271378,3.237434981323208,4.915136705996687,8.577869202851476,7.234381634973814,7.5377455
140.717523428041,14.1164113170732,train,26.14605181055422,26.090132853171806,12.078903216348635,15.667719617539685,23.933670761946615,20.219458
30.2775902642419,2.09860517647059,val,0.8303675376089403,0.8758024364126911,4.991963442380765,8.672512359878672,3.903293416581775,8.351728
27.0811000102923,2.66392117894737,test,0.09764943707807294,0.14601784556639608,5.045459276796265,7.756973654552722,3.726954300597953,8.689135
55.8291179001753,2.94287494736842,val,6.687437419780483,6.709422957622485,5.0733382066098045,8.416309296418168,5.330639832727898,6.8436265
60.5551805284838,4.27441536,train,7.770773002526397,7.788421298772589,5.189143121309158,8.502870693797894,5.52368570480322,6.661085
57.4476883778063,31.872,train,7.058455565222895,7.0789556950723584,5.10941716955513,8.416309296418168,5.419548845093561,6.7808275
260.457679755252,4.37307428571429,val,53.593587367071656,53.427779475166815,38.94283238186236,40.611023988760884,55.59467777320757,53.43849
186.64360140105,18.9917364705882,train,36.67349470691108,36.575428086371645,20.182446954205403,19.13205076594197,37.356639574711124,33.219986
128.456936363,12.0330698507463,train,23.33560868325545,23.290941614049252,10.420188560181344,15.103731547614636,18.03809590702279,16.088272
27.0811000102923,3.30624,train,0.09764943707807294,0.14601784556639608,5.045459276796265,7.756973654552722,3.726954300597953,8.689135
38.2984589185375,1.0368,train,2.6689577343790827,2.7070316547324964,4.919501235194559,8.577869202851476,4.372764782317038,7.7196255
57.4476883778063,9.42396631578947,test,7.058455565222895,7.0789556950723584,5.10941716955513,8.416309296418168,5.218915730689624,6.7808275
50.664098947737,8.22198857142857,train,5.50348171356165,5.530207335656763,4.983064149621754,8.416309296418168,5.079858921679306,7.018324
71.6498558573022,5.50837028571428,test,10.313959055696406,10.321425454004999,5.586586292848608,8.138684016062697,5.939489877647621,6.2505503
117.264602856701,14.5421568,test,20.770036854243806,20.735641306652006,9.095983829701922,12.150723278865067,12.575913841785004,12.113398
40.6216500154385,1.966464,train,3.201493119271378,3.237434981323208,4.915136705996687,8.577869202851476,4.508979392987008,7.5377455
33.1674383492482,5.4432,train,1.4927953354263286,1.5355781387532268,4.955640120631088,8.577869202851476,4.0616823411697816,8.112404
48.8211473415386,2.42568,val,5.0810296198643545,5.109446570871952,4.959984490008921,8.416309296418168,4.705147405751504,7.0836153
176.547172322631,22.8713142857143,train,34.35913246934662,34.270331627873624,18.150698376658426,18.899275463713906,34.93477996504231,30.572416
104.006938095831,7.18998260869565,train,17.731037774219445,17.708809161259385,7.763398177954286,12.219238428893163,8.563863001158783,7.8638906
40.6216500154385,0.933120000000001,train,3.201493119271378,3.237434981323208,4.915136705996687,8.577869202851476,7.234381634973814,7.5377455
46.9058411426803,3.34738285714286,train,4.641991985312389,4.672166667092457,4.9410689381501385,8.416309296418168,4.88490088666155,7.1455817
143.938020939328,11.083392,train,26.884272994341316,26.82539849513398,12.550453595860162,15.667719617539685,25.441031138790642,21.248411
54.1622000205846,2.2685184,train,6.305336801464662,6.328852117079996,5.040072263945447,8.416309296418168,7.158361405515588,6.901731
54.1622000205846,2.62970181818182,train,6.305336801464662,6.328852117079996,5.040072263945447,8.416309296418168,5.259177877854261,6.901731
27.0811000102923,0.780068571428572,train,0.09764943707807294,0.14601784556639608,5.045459276796265,7.756973654552722,3.726954300597953,8.689135
33.1674383492482,2.122272,test,1.4927953354263286,1.5355781387532268,4.955640120631088,8.577869202851476,3.8333611920620836,8.112404
59.0218891123912,1.58765634782609,train,7.4193030199192265,7.438358461146644,5.148084170893156,8.502870693797894,5.4626883422096695,6.713283
172.874169828878,19.2865536,train,33.517185459765564,33.43175543676247,17.445920126671467,18.631598981223775,33.7735621615773,29.582909
98.5766919987619,9.38988679245283,test,16.486285158207757,16.469040035967144,7.291614328470189,8.888762472265348,7.927318145321106,6.738959
42.8189787876665,1.70215513043478,test,3.7051776095461015,3.739102920718242,4.917924973705325,8.577869202851476,4.636777945629948,7.3627877
38.2984589185375,1.83168,val,2.6689577343790827,2.7070316547324964,4.919501235194559,8.577869202851476,4.372764782317038,7.7196255
97.6422946830773,7.47054276923077,test,16.272097167037252,16.255709567691135,7.214772642964462,9.256382148737387,7.964843972492152,6.59078
135.405500051462,22.65408,train,24.92839889462455,24.877354931620914,11.333640625798694,19.819547607339512,21.325494060895583,18.468641
30.2775902642419,0.996923076923077,val,0.8303675376089403,0.8758024364126911,4.991963442380765,8.672512359878672,3.903293416581775,8.351728
23.4529205713402,1.55881674418605,train,-0.7340229709980521,-0.6823248794273624,5.123031848621139,7.940271385465172,3.5058142444807086,9.128229
33.1674383492482,0.326916,train,1.4927953354263286,1.5355781387532268,4.955640120631088,8.577869202851476,4.0616823411697816,8.112404
83.4695560596246,8.93184,val,13.023339530230624,13.019958654730265,6.2052974967426735,8.260207102950234,6.5601919447033366,5.5967665
33.1674383492482,0.7399296,train,1.4927953354263286,1.5355781387532268,4.955640120631088,8.577869202851476,4.0616823411697816,8.112404
44.9089238221147,30.81950208,train,4.184246974441761,4.216254283833293,4.926836231286742,8.577869202851476,4.758537197373863,7.2119718
76.5969178370751,6.17426742857143,test,11.447953396066707,11.45087973541222,5.820933516328921,8.138684016062697,6.134708373398399,5.986246
33.1674383492482,1.17623172413793,val,1.4927953354263286,1.5355781387532268,4.955640120631088,8.577869202851476,4.0616823411697816,8.112404
30.2775902642419,0.613948235294118,test,0.8303675376089403,0.8758024364126911,4.991963442380765,8.672512359878672,3.6810691661937387,8.351728
74.1646467884524,4.69870265060241,test,10.89041406976312,10.895572573172897,5.701295658196301,8.138684016062697,6.000570672378417,6.11551
82.3639502109324,6.10230857142857,train,12.76990612263972,12.767539892956114,6.138839538953107,8.260207102950234,6.487439121026036,5.6618714
130.580335361391,111.633737142857,val,23.822346560478067,23.775730787840565,10.691924182978681,15.103731547614636,19.012017879668157,16.82543
57.4476883778063,3.4176,train,7.058455565222895,7.0789556950723584,5.10941716955513,8.416309296418168,5.419548845093561,6.7808275
57.4476883778063,3.80675820895522,test,7.058455565222895,7.0789556950723584,5.10941716955513,8.416309296418168,5.419548845093561,6.7808275
103.121756567797,8.14048329896907,test,17.528131312344676,17.506715055556164,7.683557003063584,8.888762472265348,8.602889759773458,7.6413994
42.8189787876665,1.58540243478261,test,3.7051776095461015,3.739102920718242,4.917924973705325,8.577869202851476,7.237721038030533,7.3627877
54.1622000205846,5.356224,train,6.305336801464662,6.328852117079996,5.040072263945447,8.416309296418168,5.259177877854261,6.901731
23.4529205713402,0.608244082758621,train,-0.7340229709980521,-0.6823248794273624,5.123031848621139,7.940271385465172,3.5058142444807086,9.128229
66.3348766984964,2.8944,test,9.095628598161174,9.107972703453662,5.374136719118937,8.453185378244498,5.743243514906525,6.504825
27.0811000102923,5.148288,test,0.09764943707807294,0.14601784556639608,5.045459276796265,7.756973654552722,3.726954300597953,8.689135
92.8293339347406,6.84288,train,15.168842291445666,15.156871682562528,6.839146142930943,9.256382148737387,7.256514444579922,5.967343
109.167404195214,8.02368,train,18.913949848961984,18.88698533003108,8.25162547498526,10.17771666925545,9.541189386165781,9.422532
109.167404195214,10.005715862069,train,18.913949848961984,18.88698533003108,8.25162547498526,10.17771666925545,9.541189386165781,9.422532
27.0811000102923,2.8944,val,0.09764943707807294,0.14601784556639608,5.045459276796265,7.756973654552722,7.042311537742205,8.689135
74.1646467884524,1.38857142857143,train,10.89041406976312,10.895572573172897,5.701295658196301,8.138684016062697,6.0336373270974395,6.11551
230.189350087485,34.55232,train,46.65530466997759,46.51727488191851,30.463242325345803,27.608929253066457,48.35941233839107,44.58319
164.170443999381,11.5121828571429,train,31.52206676686464,31.444624399691598,15.850042906486905,23.291781406690212,31.531389117703384,27.188318
70.3587617140205,0.326788860759493,train,10.018006941622852,10.026658213612299,5.531238966064933,8.138684016062697,5.878449316688593,6.321857
77.7845377731429,2.40224603773585,train,11.72018655011214,11.722022976988896,5.882459816535231,8.138684016062697,6.2109810168352935,5.9187765
44.9089238221147,2.41139612903226,test,4.184246974441761,4.216254283833293,4.926836231286742,8.577869202851476,4.758537197373863,7.2119718
163.611088219937,27.4919225806452,train,31.393847979484086,31.31691894896023,15.75107685715264,23.291781406690212,31.44064375129156,27.032654
30.2775902642419,0.573696,train,0.8303675376089403,0.8758024364126911,4.991963442380765,8.672512359878672,3.903293416581775,8.351728
35.8249279286511,0.186014117647059,train,2.101960564193945,2.142304514028897,4.932380164561678,8.577869202851476,7.205008440503066,7.9092035
35.8249279286511,0.558042352941177,train,2.101960564193945,2.142304514028897,4.932380164561678,8.577869202851476,7.205008440503066,7.9092035
42.8189787876665,1.07339294117647,test,3.7051776095461015,3.739102920718242,4.917924973705325,8.577869202851476,4.636777945629948,7.3627877
27.0811000102923,0.805513846153846,test,0.09764943707807294,0.14601784556639608,5.045459276796265,7.756973654552722,7.042311537742205,8.689135
182.672006581247,27.1138011428571,test,35.76310262645702,35.668680851026274,19.366808069538152,18.899275463713906,36.30777648471768,32.188816
35.8249279286511,0.41184,train,2.101960564193945,2.142304514028897,4.932380164561678,8.577869202851476,4.214233557230989,7.9092035
135.405500051462,7.796736,val,24.92839889462455,24.877354931620914,11.333640625798694,19.819547607339512,21.48999004852454,18.468641
40.6216500154385,1.09314782608696,test,3.201493119271378,3.237434981323208,4.915136705996687,8.577869202851476,4.508979392987008,7.5377455
27.0811000102923,1.44250434782609,train,0.09764943707807294,0.14601784556639608,5.045459276796265,7.756973654552722,7.042311537742205,8.689135
27.0811000102923,0.570240000000001,train,0.09764943707807294,0.14601784556639608,5.045459276796265,7.756973654552722,7.042311537742205,8.689135
156.743198433647,11.7870419277108,train,29.819550309516877,29.74892413606438,14.571639185514456,32.67945506452365,29.83248041212056,25.092897
40.6216500154385,2.0119296,train,3.201493119271378,3.237434981323208,4.915136705996687,8.577869202851476,4.508979392987008,7.5377455
132.669753396993,50.9232505263158,train,24.301295123630908,24.252761832854574,10.965676652252185,14.931239581946574,19.998492789105054,17.54263
52.4423246684198,7.52516129032258,train,5.911096963057222,5.936190657019118,5.009879610983532,8.416309296418168,5.170694072929174,6.9552584
35.8249279286511,3.01560685714286,train,2.101960564193945,2.142304514028897,4.932380164561678,8.577869202851476,4.214233557230989,7.9092035
27.0811000102923,1.02786206896552,train,0.09764943707807294,0.14601784556639608,5.045459276796265,7.756973654552722,3.726954300597953,8.689135
157.326974005259,15.8919344262295,val,29.9533667437886,29.88220482295167,14.669317090035548,32.67945506452365,29.964008423649673,25.259146
33.1674383492482,0.605709473684212,train,1.4927953354263286,1.5355781387532268,4.955640120631088,8.577869202851476,4.0616823411697816,8.112404
83.4695560596246,2.06222864516129,train,13.023339530230624,13.019958654730265,6.2052974967426735,8.260207102950234,6.5601919447033366,5.5967665
77.7845377731429,0.744056470588235,train,11.72018655011214,11.722022976988896,5.882459816535231,8.138684016062697,6.1938554060040225,5.9187765
42.8189787876665,5.6016,train,3.7051776095461015,3.739102920718242,4.917924973705325,8.577869202851476,4.636777945629948,7.3627877
250.408668178874,36.5232738461538,train,51.29009444530895,51.13350881608526,36.01575257941451,40.611023988760884,52.73342133044316,50.37851
82.3639502109324,4.15090285714286,train,12.76990612263972,12.767539892956114,6.138839538953107,8.260207102950234,6.872356039041063,5.6618714
30.2775902642419,3.41662628571429,train,0.8303675376089403,0.8758024364126911,4.991963442380765,8.672512359878672,3.903293416581775,8.351728
27.0811000102923,2.84721230769231,train,0.09764943707807294,0.14601784556639608,5.045459276796265,7.756973654552722,7.042311537742205,8.689135
23.4529205713402,2.96228571428571,train,-0.7340229709980521,-0.6823248794273624,5.123031848621139,7.940271385465172,6.958236507176085,9.128229
109.167404195214,7.80668081632653,train,18.913949848961984,18.88698533003108,8.25162547498526,10.17771666925545,9.541189386165781,9.422532
137.421573733937,4.31186823529412,train,25.39053503826775,25.3376408673165,11.611711670040705,19.19647475500658,22.301689029889133,19.140778
44.9089238221147,3.35682782608696,train,4.184246974441761,4.216254283833293,4.926836231286742,8.577869202851476,4.758537197373863,7.2119718
38.2984589185375,2.52329638554217,val,2.6689577343790827,2.7070316547324964,4.919501235194559,8.577869202851476,4.372764782317038,7.7196255
27.0811000102923,2.29620705882353,train,0.09764943707807294,0.14601784556639608,5.045459276796265,7.756973654552722,7.042311537742205,8.689135
27.0811000102923,3.65595428571428,train,0.09764943707807294,0.14601784556639608,5.045459276796265,7.756973654552722,7.042311537742205,8.689135
38.2984589185375,4.24489846153846,val,2.6689577343790827,2.7070316547324964,4.919501235194559,8.577869202851476,4.372764782317038,7.7196255
27.0811000102923,4.15662545454545,val,0.09764943707807294,0.14601784556639608,5.045459276796265,7.756973654552722,3.726954300597953,8.689135
38.2984589185375,4.67712,val,2.6689577343790827,2.7070316547324964,4.919501235194559,8.577869202851476,4.372764782317038,7.7196255
46.9058411426803,3.09312,test,4.641991985312389,4.672166667092457,4.9410689381501385,8.416309296418168,4.88490088666155,7.1455817
42.8189787876665,3.112182,train,3.7051776095461015,3.739102920718242,4.917924973705325,8.577869202851476,4.36277494854381,7.3627877
113.288369265916,10.9153339534884,test,19.858581447706236,19.827835002354703,8.66940759766436,12.966571193765166,10.188834739634167,10.771486
55.8291179001753,4.94343771428571,test,6.687437419780483,6.709422957622485,5.0733382066098045,8.416309296418168,5.330639832727898,6.8436265
27.0811000102923,4.53835636363636,train,0.09764943707807294,0.14601784556639608,5.045459276796265,7.756973654552722,7.042311537742205,8.689135
30.2775902642419,3.72078276923077,test,0.8303675376089403,0.8758024364126911,4.991963442380765,8.672512359878672,3.903293416581775,8.351728
30.2775902642419,2.32095085714286,test,0.8303675376089403,0.8758024364126911,4.991963442380765,8.672512359878672,7.114767478535199,8.351728
27.0811000102923,1.93591296,train,0.09764943707807294,0.14601784556639608,5.045459276796265,7.756973654552722,7.042311537742205,8.689135
40.6216500154385,1.67388310588235,train,3.201493119271378,3.237434981323208,4.915136705996687,8.577869202851476,4.508979392987008,7.5377455
80.1069741374945,7.18811234042553,train,12.252548930816696,12.252253992031315,6.008681310758234,8.138684016062697,6.349226797709452,5.7915354
107.474783785953,7.3337055319149,val,18.5259575471988,18.500546393981033,8.087205237109885,9.568990178717561,9.118244565859387,8.875697
131.976956215761,19.4156669387755,train,24.142488121464005,24.094590630292593,10.874208237685338,15.103731547614636,19.652631428615017,17.305767
52.4423246684198,6.02446978723404,val,5.911096963057222,5.936190657019118,5.009879610983532,8.416309296418168,5.170694072929174,6.9552584
38.2984589185375,3.46752,val,2.6689577343790827,2.7070316547324964,4.919501235194559,8.577869202851476,4.1081231251377766,7.7196255
182.672006581247,18.0774883018868,test,35.76310262645702,35.668680851026274,19.366808069538152,18.899275463713906,36.260082101124084,32.188816
35.8249279286511,3.07321820689655,train,2.101960564193945,2.142304514028897,4.932380164561678,8.577869202851476,4.214233557230989,7.9092035
128.456936363,12.1416685714286,train,23.33560868325545,23.290941614049252,10.420188560181344,15.103731547614636,18.03809590702279,16.088272
57.4476883778063,1.51488,train,7.058455565222895,7.0789556950723584,5.10941716955513,8.416309296418168,5.419548845093561,6.7808275
106.618397358971,11.342592,train,18.329651665983192,18.30502644285678,8.005608978817534,9.568990178717561,8.868871201552583,8.601391
40.6216500154385,0.714096,train,3.201493119271378,3.237434981323208,4.915136705996687,8.577869202851476,4.508979392987008,7.5377455
66.3348766984964,1.24888658823529,train,9.095628598161174,9.107972703453662,5.374136719118937,8.453185378244498,5.743243514906525,6.504825
35.8249279286511,1.71869538461539,train,2.101960564193945,2.142304514028897,4.932380164561678,8.577869202851476,4.214233557230989,7.9092035
87.7527934971774,7.84613647058824,val,14.005168145377676,13.997856421507343,6.479536698072977,8.260207102950234,6.873891275069041,5.588745
263.953912431523,26.51616,val,54.39501417023676,54.22599768653262,39.98598647337411,40.611023988760884,57.01252944272991,54.531788
78.9542957097545,1.41146181818182,train,11.988325272680095,11.989088179551146,5.945057611502648,8.138684016062697,6.279758743861945,5.855558
46.9058411426803,5.22364235294117,test,4.641991985312389,4.672166667092457,4.9410689381501385,8.416309296418168,4.88490088666155,7.1455817
38.2984589185375,0.260872258064516,train,2.6689577343790827,2.7070316547324964,4.919501235194559,8.577869202851476,4.372764782317038,7.7196255
59.0218891123912,2.81035636363636,train,7.4193030199192265,7.438358461146644,5.148084170893156,8.502870693797894,7.089035228652735,6.713283
151.992296843211,21.5136,train,28.73052099530198,28.6642548588647,13.794598734345186,29.995245190375762,28.602326487622157,23.711634
81.2433000308769,3.52759930434782,train,12.51302416585125,12.511686388593597,6.073288479914737,8.260207102950234,6.424444045785871,5.726878
46.9058411426803,4.612608,val,4.641991985312389,4.672166667092457,4.9410689381501385,8.416309296418168,4.88490088666155,7.1455817
30.2775902642419,2.0304,train,0.8303675376089403,0.8758024364126911,4.991963442380765,8.672512359878672,7.114767478535199,8.351728
102.228910701358,10.365408,train,17.323467986211995,17.302871119375574,7.604183049206284,8.888762472265348,8.43972487471993,7.4300237
46.9058411426803,4.41716676923077,train,4.641991985312389,4.672166667092457,4.9410689381501385,8.416309296418168,4.88490088666155,7.1455817
33.1674383492482,4.2354144,train,1.4927953354263286,1.5355781387532268,4.955640120631088,8.577869202851476,4.0616823411697816,8.112404
84.5607076793511,3.47226352941176,test,13.273459655330116,13.269077399068516,6.272627716690977,8.260207102950234,6.667568681823763,5.543985
30.2775902642419,5.03319272727273,train,0.8303675376089403,0.8758024364126911,4.991963442380765,8.672512359878672,7.114767478535199,8.351728
33.1674383492482,2.0736,train,1.4927953354263286,1.5355781387532268,4.955640120631088,8.577869202851476,4.0616823411697816,8.112404
153.19383567415,11.0277818181818,train,29.005944719441878,28.938575896771603,13.988103243525742,29.995245190375762,28.924820073469512,24.065825
30.2775902642419,5.13937252173913,train,0.8303675376089403,0.8758024364126911,4.991963442380765,8.672512359878672,7.114767478535199,8.351728
30.2775902642419,4.14576,test,0.8303675376089403,0.8758024364126911,4.991963442380765,8.672512359878672,7.114767478535199,8.351728
44.9089238221147,1.04737959183673,train,4.184246974441761,4.216254283833293,4.926836231286742,8.577869202851476,7.239076704382411,7.2119718
74.1646467884524,4.5729792,train,10.89041406976312,10.895572573172897,5.701295658196301,8.138684016062697,6.0336373270974395,6.11551
81.2433000308769,9.43488,train,12.51302416585125,12.511686388593597,6.073288479914737,8.260207102950234,6.877234913259631,5.726878
38.2984589185375,9.317376,test,2.6689577343790827,2.7070316547324964,4.919501235194559,8.577869202851476,4.372764782317038,7.7196255
158.488074436329,16.6549406896552,val,30.219520942547064,30.147293446942584,14.86501913335519,32.67945506452365,30.26171970014167,25.587637
38.2984589185375,6.91828363636363,val,2.6689577343790827,2.7070316547324964,4.919501235194559,8.577869202851476,4.372764782317038,7.7196255
46.9058411426803,0.45504,train,4.641991985312389,4.672166667092457,4.9410689381501385,8.416309296418168,4.88490088666155,7.1455817
78.9542957097545,2.889216,train,11.988325272680095,11.989088179551146,5.945057611502648,8.138684016062697,6.272844464305318,5.855558
44.9089238221147,1.40753454545454,train,4.184246974441761,4.216254283833293,4.926836231286742,8.577869202851476,4.758537197373863,7.2119718
30.2775902642419,2.00266105263158,train,0.8303675376089403,0.8758024364126911,4.991963442380765,8.672512359878672,7.114767478535199,8.351728
44.9089238221147,0.808045714285714,val,4.184246974441761,4.216254283833293,4.926836231286742,8.577869202851476,4.758537197373863,7.2119718
40.6216500154385,2.15950628571429,test,3.201493119271378,3.237434981323208,4.915136705996687,8.577869202851476,4.508979392987008,7.5377455
83.4695560596246,6.69757664233577,test,13.023339530230624,13.019958654730265,6.2052974967426735,8.260207102950234,6.588253941727843,5.5967665
114.895376755613,7.71907381132075,train,20.226949057754396,20.194727816092016,8.839036010320868,12.150723278865067,11.486708242961734,11.307314
40.6216500154385,6.26986285714286,train,3.201493119271378,3.237434981323208,4.915136705996687,8.577869202851476,4.508979392987008,7.5377455
104.006938095831,7.62788571428572,test,17.731037774219445,17.708809161259385,7.763398177954286,12.219238428893163,8.70733959587613,7.8638906
62.0505953499169,8.92445538461538,train,8.113560691652708,8.1298366033419,5.232421848989475,8.502870693797894,5.5728229985064255,6.6325645
82.3639502109324,11.54304,train,12.76990612263972,12.767539892956114,6.138839538953107,8.260207102950234,6.487439121026036,5.6618714
30.2775902642419,6.225984,test,0.8303675376089403,0.8758024364126911,4.991963442380765,8.672512359878672,7.114767478535199,8.351728
40.6216500154385,11.202624,val,3.201493119271378,3.237434981323208,4.915136705996687,8.577869202851476,4.508979392987008,7.5377455
268.089212429763,152.036352,train,55.34293170450479,55.17012013881082,41.23584394547969,41.769127183750406,57.5905201847038,55.84389
30.2775902642419,7.0848,train,0.8303675376089403,0.8758024364126911,4.991963442380765,8.672512359878672,7.114767478535199,8.351728
38.2984589185375,2.45376,test,2.6689577343790827,2.7070316547324964,4.919501235194559,8.577869202851476,7.224122023173049,7.7196255
203.559101353541,31.7368055172414,val,40.5509640592436,40.43737360506548,23.890115254879618,52.08198674004314,41.70871057331514,37.55172
60.5551805284838,0.421632,test,7.770773002526397,7.788421298772589,5.189143121309158,8.502870693797894,5.52368570480322,6.661085
142.658546477408,8.12443278688525,train,26.590984411259484,26.533284122022152,12.361332351876555,15.667719617539685,24.83372310611309,20.842627
192.447374305955,8.40439095652174,train,38.00386931185162,37.90047640445661,21.41221766189257,19.13205076594197,38.70000201566934,34.711575
134.044606214881,7.52122046511628,val,24.61644688859802,24.56665185643169,11.149247693115797,16.69958658658095,20.55787943501356,18.00987
120.351040963123,2.94734955789474,train,21.47752816098228,21.440300101680233,9.442972808020883,10.506132478104696,14.225041830951373,13.214479
135.405500051462,7.55244,train,24.92839889462455,24.877354931620914,11.333640625798694,19.819547607339512,21.406571463708318,18.468641
78.9542957097545,4.03593365853659,train,11.988325272680095,11.989088179551146,5.945057611502648,8.138684016062697,6.279758743861945,5.855558
110.834178517301,3.50043428571428,val,19.29601756019126,19.267523395233813,8.417619565017944,10.17771666925545,9.931140819569109,9.965018
181.160212257255,5.08224,val,35.4165603324206,35.3235259734805,19.061910996811704,18.899275463713906,35.95632474751887,31.793173
38.2984589185375,2.65879384615385,train,2.6689577343790827,2.7070316547324964,4.919501235194559,8.577869202851476,7.224122023173049,7.7196255
40.6216500154385,3.825792,val,3.201493119271378,3.237434981323208,4.915136705996687,8.577869202851476,4.508979392987008,7.5377455
204.905703256856,12.7287936,val,40.859639985143595,40.74481371624032,24.201254030236115,52.08198674004314,42.205403685515044,37.89698
385.370809088999,24.00192,train,82.22690190438317,81.94645769404194,82.17543440251266,78.17389551089181,104.319496542304,100.00559
35.8249279286511,0.397518545454545,train,2.101960564193945,2.142304514028897,4.932380164561678,8.577869202851476,4.214233557230989,7.9092035
35.8249279286511,2.61713454545455,train,2.101960564193945,2.142304514028897,4.932380164561678,8.577869202851476,3.973171431387925,7.9092035
40.6216500154385,0.6912,val,3.201493119271378,3.237434981323208,4.915136705996687,8.577869202851476,7.234381634973814,7.5377455
312.900987585458,20.3543693617021,val,65.61494762350432,65.40101102192463,55.78795467414588,44.68385549315809,70.61626732150656,71.3208
57.4476883778063,3.37796129032258,train,7.058455565222895,7.0789556950723584,5.10941716955513,8.416309296418168,5.419173188719267,6.7808275
30.2775902642419,4.39699729655172,train,0.8303675376089403,0.8758024364126911,4.991963442380765,8.672512359878672,7.114767478535199,8.351728
38.2984589185375,4.651776,test,2.6689577343790827,2.7070316547324964,4.919501235194559,8.577869202851476,7.224122023173049,7.7196255
190.050675886846,21.9512260465116,test,37.454484150728405,37.35329076138754,20.89895792239922,19.13205076594197,37.92902469349431,34.097256
57.4476883778063,3.9244176,train,7.058455565222895,7.0789556950723584,5.10941716955513,8.416309296418168,5.419548845093561,6.7808275
35.8249279286511,2.35872,test,2.101960564193945,2.142304514028897,4.932380164561678,8.577869202851476,4.214233557230989,7.9092035
38.2984589185375,2.92189090909091,test,2.6689577343790827,2.7070316547324964,4.919501235194559,8.577869202851476,7.224122023173049,7.7196255
50.664098947737,12.530376,test,5.50348171356165,5.530207335656763,4.983064149621754,8.416309296418168,5.079858921679306,7.018324
62.0505953499169,13.976064,train,8.113560691652708,8.1298366033419,5.232421848989475,8.502870693797894,5.5728229985064255,6.6325645
74.1646467884524,7.530084,train,10.89041406976312,10.895572573172897,5.701295658196301,8.138684016062697,6.0336373270974395,6.11551
50.664098947737,4.30025142857143,train,5.50348171356165,5.530207335656763,4.983064149621754,8.416309296418168,5.079858921679306,7.018324
104.88464933684,5.72508,train,17.932231853423055,17.909197739985533,7.843694736210836,11.843995373490367,8.691518194520214,8.092258
60.5551805284838,16.58009088,train,7.770773002526397,7.788421298772589,5.189143121309158,8.502870693797894,5.52368570480322,6.661085
44.9089238221147,7.17696,test,4.184246974441761,4.216254283833293,4.926836231286742,8.577869202851476,4.758537197373863,7.2119718
169.121415358702,11.8220487804878,train,32.6569572379687,32.574971224084194,16.74497894720197,18.631598981223775,32.979542323040825,28.562473
46.9058411426803,0.496368,val,4.641991985312389,4.672166667092457,4.9410689381501385,8.416309296418168,7.228260172477704,7.1455817
38.2984589185375,9.77593263157895,train,2.6689577343790827,2.7070316547324964,4.919501235194559,8.577869202851476,7.224122023173049,7.7196255
23.4529205713402,2.85558646153846,val,-0.7340229709980521,-0.6823248794273624,5.123031848621139,7.940271385465172,6.958236507176085,9.128229
27.0811000102923,8.25353788235294,test,0.09764943707807294,0.14601784556639608,5.045459276796265,7.756973654552722,7.042311537742205,8.689135
81.2433000308769,2.04701538461538,val,12.51302416585125,12.511686388593597,6.073288479914737,8.260207102950234,6.877234913259631,5.726878
33.1674383492482,10.009152,train,1.4927953354263286,1.5355781387532268,4.955640120631088,8.577869202851476,4.0616823411697816,8.112404
27.0811000102923,5.133696,train,0.09764943707807294,0.14601784556639608,5.045459276796265,7.756973654552722,7.042311537742205,8.689135
30.2775902642419,3.65472,train,0.8303675376089403,0.8758024364126911,4.991963442380765,8.672512359878672,7.114767478535199,8.351728
27.0811000102923,2.46857142857143,train,0.09764943707807294,0.14601784556639608,5.045459276796265,7.756973654552722,7.042311537742205,8.689135
38.2984589185375,2.346624,train,2.6689577343790827,2.7070316547324964,4.919501235194559,8.577869202851476,7.224122023173049,7.7196255
30.2775902642419,11.7602742857143,train,0.8303675376089403,0.8758024364126911,4.991963442380765,8.672512359878672,7.114767478535199,8.351728
30.2775902642419,2.17728,train,0.8303675376089403,0.8758024364126911,4.991963442380765,8.672512359878672,7.114767478535199,8.351728
80.1069741374945,4.3213824,test,12.252548930816696,12.252253992031315,6.008681310758234,8.138684016062697,6.349226797709452,5.7915354
126.297842485302,19.153152,train,22.84068861804331,22.79800301047063,10.150580657038986,16.789710745897803,16.91800675911228,15.331044
60.5551805284838,9.08472436363636,test,7.770773002526397,7.788421298772589,5.189143121309158,8.502870693797894,5.52368570480322,6.661085
33.1674383492482,13.8978327272727,train,1.4927953354263286,1.5355781387532268,4.955640120631088,8.577869202851476,7.171315409484628,8.112404
100.419406462608,7.68823367441861,train,16.90868289275481,16.889746659233975,7.446886681355508,8.888762472265348,8.298356953156597,7.065523
38.2984589185375,12.0854592,train,2.6689577343790827,2.7070316547324964,4.919501235194559,8.577869202851476,7.224122023173049,7.7196255
52.4423246684198,3.97182638297872,train,5.911096963057222,5.936190657019118,5.009879610983532,8.416309296418168,4.910118567778774,6.9552584
35.8249279286511,9.77184,test,2.101960564193945,2.142304514028897,4.932380164561678,8.577869202851476,4.214233557230989,7.9092035
50.664098947737,8.73874285714286,train,5.50348171356165,5.530207335656763,4.983064149621754,8.416309296418168,5.079858921679306,7.018324
67.7027500257308,8.44194461538462,val,9.409180483657966,9.420269252836807,5.4249292641951,8.138684016062697,5.784780860879504,6.4497514
42.8189787876665,6.99018638961039,train,3.7051776095461015,3.739102920718242,4.917924973705325,8.577869202851476,4.636777945629948,7.3627877
38.2984589185375,13.7076642253521,train,2.6689577343790827,2.7070316547324964,4.919501235194559,8.577869202851476,7.224122023173049,7.7196255
110.003948261701,8.87945142857143,test,19.10570734881651,19.077975109690748,8.334430349262036,10.17771666925545,9.747432570650991,9.694306
54.1622000205846,13.9405735384615,val,6.305336801464662,6.328852117079996,5.040072263945447,8.416309296418168,5.259177877854261,6.901731
72.918093356958,15.3890742857143,test,10.604671836885592,10.61097433770287,5.643294419690875,8.138684016062697,6.916151134880291,6.176456
35.8249279286511,3.32590628571428,test,2.101960564193945,2.142304514028897,4.932380164561678,8.577869202851476,7.205008440503066,7.9092035
128.456936363,31.64832,test,23.33560868325545,23.290941614049252,10.420188560181344,15.103731547614636,18.03809590702279,16.088272
88.791324243983,6.628608,train,14.243226207717166,14.234961394751782,6.550049885568924,8.260207102950234,6.902070161788368,5.636224
23.4529205713402,5.724,train,-0.7340229709980521,-0.6823248794273624,5.123031848621139,7.940271385465172,6.958236507176085,9.128229
30.2775902642419,9.24555130434783,train,0.8303675376089403,0.8758024364126911,4.991963442380765,8.672512359878672,7.114767478535199,8.351728
27.0811000102923,0.495072,train,0.09764943707807294,0.14601784556639608,5.045459276796265,7.756973654552722,7.042311537742205,8.689135
33.1674383492482,8.21428363636364,train,1.4927953354263286,1.5355781387532268,4.955640120631088,8.577869202851476,7.171315409484628,8.112404
144.573511980488,5.57350054054054,train,27.0299439495422,26.97048624219856,12.645256993621274,26.457791118580875,25.749648732025392,21.448479
82.3639502109324,5.5074816,train,12.76990612263972,12.767539892956114,6.138839538953107,8.260207102950234,6.487439121026036,5.6618714
30.2775902642419,3.07163269565217,train,0.8303675376089403,0.8758024364126911,4.991963442380765,8.672512359878672,7.114767478535199,8.351728
269.453542932688,52.72704,train,55.655671483193096,55.48160783273574,41.651952150206384,41.769127183750406,59.284004530825555,56.281265
129.168614586553,4.07996352,val,23.498743707836432,23.45342351135774,10.51053633884915,15.103731547614636,18.515536524161767,16.336218
121.110361056968,5.3233731147541,val,21.651583932361397,21.613659023492477,9.530462585936476,10.506132478104696,14.426436210668495,13.486647
67.7027500257308,2.433024,train,9.409180483657966,9.420269252836807,5.4249292641951,8.138684016062697,5.784780860879504,6.4497514
121.110361056968,7.0463422556391,train,21.651583932361397,21.613659023492477,9.530462585936476,10.506132478104696,14.579466208613738,13.486647
66.3348766984964,0.307898181818181,test,9.095628598161174,9.107972703453662,5.374136719118937,8.453185378244498,5.743243514906525,6.504825
161.35427546472,270.84672,train,30.876528224414216,30.80167033490683,15.35621865290635,40.54520602432709,31.10696602391956,26.401522
101.328197895474,3.09744,test,17.117001354431814,17.09723109726073,7.525288653111787,8.888762472265348,8.398497540546256,7.2399197
115.690509957628,9.33817846153846,val,20.40921411823114,20.376263160297686,8.92435835854782,12.150723278865067,11.974452411415381,11.576931
114.895376755613,10.4238276923077,train,20.226949057754396,20.194727816092016,8.839036010320868,12.150723278865067,11.486708242961734,11.307314
77.7845377731429,4.49088,test,11.72018655011214,11.722022976988896,5.882459816535231,8.138684016062697,6.2109810168352935,5.9187765
46.9058411426803,0.49248,train,4.641991985312389,4.672166667092457,4.9410689381501385,8.416309296418168,7.228260172477704,7.1455817
334.152682340117,71.20441728,test,70.48638478632856,70.25294490226604,63.23744930654259,78.17389551089181,75.44635957410316,79.387436
38.2984589185375,17.2948608,train,2.6689577343790827,2.7070316547324964,4.919501235194559,8.577869202851476,7.224122023173049,7.7196255
23.4529205713402,2.9113344,test,-0.7340229709980521,-0.6823248794273624,5.123031848621139,7.940271385465172,6.958236507176085,9.128229
111.658235800351,12.22272,train,19.48491276686957,19.45566234119227,8.501184405286622,10.752660072344868,10.213334565560379,10.234683
52.4423246684198,12.51072,train,5.911096963057222,5.936190657019118,5.009879610983532,8.416309296418168,5.170694072929174,6.9552584
84.5607076793511,2.6496,train,13.273459655330116,13.269077399068516,6.272627716690977,8.260207102950234,6.667568681823763,5.543985
35.8249279286511,8.425728,test,2.101960564193945,2.142304514028897,4.932380164561678,8.577869202851476,7.205008440503066,7.9092035
110.834178517301,6.69312,train,19.29601756019126,19.267523395233813,8.417619565017944,10.17771666925545,9.931140819569109,9.965018
130.580335361391,8.51358315789473,val,23.822346560478067,23.775730787840565,10.691924182978681,15.103731547614636,19.012017879668157,16.82543
42.8189787876665,7.60030354285714,test,3.7051776095461015,3.739102920718242,4.917924973705325,8.577869202851476,7.237721038030533,7.3627877
52.4423246684198,5.95372032,train,5.911096963057222,5.936190657019118,5.009879610983532,8.416309296418168,5.170694072929174,6.9552584
38.2984589185375,9.12278562711865,train,2.6689577343790827,2.7070316547324964,4.919501235194559,8.577869202851476,7.224122023173049,7.7196255
23.4529205713402,5.29632,train,-0.7340229709980521,-0.6823248794273624,5.123031848621139,7.940271385465172,6.958236507176085,9.128229
44.9089238221147,6.6558052173913,test,4.184246974441761,4.216254283833293,4.926836231286742,8.577869202851476,7.239076704382411,7.2119718
153.19383567415,24.2993178947368,train,29.005944719441878,28.938575896771603,13.988103243525742,29.995245190375762,28.924820073469512,24.065825
46.9058411426803,3.11585684210526,train,4.641991985312389,4.672166667092457,4.9410689381501385,8.416309296418168,7.228260172477704,7.1455817
27.0811000102923,3.00079542857143,val,0.09764943707807294,0.14601784556639608,5.045459276796265,7.756973654552722,7.042311537742205,8.689135
180.14530112165,11.1936925301205,train,35.183916494833646,35.09181354860209,18.858957841091325,18.899275463713906,35.71164920545768,31.526428
64.9381965576721,4.28309485714286,test,8.775473447189109,8.789099325424372,5.325046791791166,8.502870693797894,5.674702531863223,6.553981
33.1674383492482,2.26614857142857,train,1.4927953354263286,1.5355781387532268,4.955640120631088,8.577869202851476,7.171315409484628,8.112404
42.8189787876665,2.51381508196721,test,3.7051776095461015,3.739102920718242,4.917924973705325,8.577869202851476,7.237721038030533,7.3627877
46.9058411426803,3.60264073846154,train,4.641991985312389,4.672166667092457,4.9410689381501385,8.416309296418168,7.228260172477704,7.1455817
107.474783785953,9.94896,train,18.5259575471988,18.500546393981033,8.087205237109885,9.568990178717561,9.118244565859387,8.875697
80.1069741374945,12.3264,val,12.252548930816696,12.252253992031315,6.008681310758234,8.138684016062697,6.349226797709452,5.7915354
40.6216500154385,3.20506434782609,train,3.201493119271378,3.237434981323208,4.915136705996687,8.577869202851476,7.234381634973814,7.5377455
30.2775902642419,3.5856,val,0.8303675376089403,0.8758024364126911,4.991963442380765,8.672512359878672,7.114767478535199,8.351728
38.2984589185375,2.05632,train,2.6689577343790827,2.7070316547324964,4.919501235194559,8.577869202851476,7.224122023173049,7.7196255
44.9089238221147,7.5168,test,4.184246974441761,4.216254283833293,4.926836231286742,8.577869202851476,4.758537197373863,7.2119718
23.4529205713402,10.969344,train,-0.7340229709980521,-0.6823248794273624,5.123031848621139,7.940271385465172,6.958236507176085,9.128229
30.2775902642419,11.88864,train,0.8303675376089403,0.8758024364126911,4.991963442380765,8.672512359878672,7.114767478535199,8.351728
124.101190699834,35.95104,train,22.337159310613984,22.296489632631058,9.883220364361335,21.670986955492676,15.988212340314956,14.553776
66.3348766984964,3.49549714285714,test,9.095628598161174,9.107972703453662,5.374136719118937,8.453185378244498,5.743243514906525,6.504825
44.9089238221147,6.6528,test,4.184246974441761,4.216254283833293,4.926836231286742,8.577869202851476,4.758537197373863,7.2119718
97.6422946830773,12.2934857142857,train,16.272097167037252,16.255709567691135,7.214772642964462,9.256382148737387,7.964843972492152,6.59078
84.5607076793511,7.5911635862069,train,13.273459655330116,13.269077399068516,6.272627716690977,8.260207102950234,6.667568681823763,5.543985
50.664098947737,0.255107368421052,val,5.50348171356165,5.530207335656763,4.983064149621754,8.416309296418168,5.079858921679306,7.018324
30.2775902642419,1.19448,train,0.8303675376089403,0.8758024364126911,4.991963442380765,8.672512359878672,7.114767478535199,8.351728
102.228910701358,7.97842285714286,train,17.323467986211995,17.302871119375574,7.604183049206284,8.888762472265348,8.501578157868664,7.4300237
64.9381965576721,3.78058447058824,test,8.775473447189109,8.789099325424372,5.325046791791166,8.502870693797894,5.674702531863223,6.553981
109.167404195214,12.7142926027397,train,18.913949848961984,18.88698533003108,8.25162547498526,10.17771666925545,9.541189386165781,9.422532
40.6216500154385,4.88801032258065,train,3.201493119271378,3.237434981323208,4.915136705996687,8.577869202851476,7.234381634973814,7.5377455
35.8249279286511,7.30697142857143,train,2.101960564193945,2.142304514028897,4.932380164561678,8.577869202851476,7.205008440503066,7.9092035
33.1674383492482,10.9954041081081,test,1.4927953354263286,1.5355781387532268,4.955640120631088,8.577869202851476,7.171315409484628,8.112404
91.8364782879097,5.32368,test,14.941254141364992,14.930194704243371,6.765861345983282,9.256382148737387,7.252865453237285,5.869474
204.008956269824,11.57904,train,40.654082421442915,40.54007912266064,23.993798155489543,52.08198674004314,41.827202842791515,37.666996
50.664098947737,3.9298064516129,test,5.50348171356165,5.530207335656763,4.983064149621754,8.416309296418168,7.193208510513679,7.018324
35.8249279286511,6.56194064516129,train,2.101960564193945,2.142304514028897,4.932380164561678,8.577869202851476,7.205008440503066,7.9092035
40.6216500154385,8.75791058823529,train,3.201493119271378,3.237434981323208,4.915136705996687,8.577869202851476,7.234381634973814,7.5377455
38.2984589185375,7.5810816,test,2.6689577343790827,2.7070316547324964,4.919501235194559,8.577869202851476,7.224122023173049,7.7196255
30.2775902642419,4.5468,train,0.8303675376089403,0.8758024364126911,4.991963442380765,8.672512359878672,7.114767478535199,8.351728
33.1674383492482,5.174784,train,1.4927953354263286,1.5355781387532268,4.955640120631088,8.577869202851476,7.171314562457854,8.112404
23.4529205713402,6.85522285714286,test,-0.7340229709980521,-0.6823248794273624,5.123031848621139,7.940271385465172,6.958236507176085,9.128229
30.2775902642419,2.592,train,0.8303675376089403,0.8758024364126911,4.991963442380765,8.672512359878672,7.114767478535199,8.351728
44.9089238221147,5.29606263829787,train,4.184246974441761,4.216254283833293,4.926836231286742,8.577869202851476,7.239076704382411,7.2119718
27.0811000102923,3.66336,train,0.09764943707807294,0.14601784556639608,5.045459276796265,7.756973654552722,7.042311537742205,8.689135
223.316471600701,46.977408,train,45.07986346104743,44.94814110833152,28.683702971107763,27.608929253066457,46.48848604742567,42.715553
27.0811000102923,8.584704,val,0.09764943707807294,0.14601784556639608,5.045459276796265,7.756973654552722,7.042311537742205,8.689135
54.1622000205846,3.727296,test,6.305336801464662,6.328852117079996,5.040072263945447,8.416309296418168,5.259177877854261,6.901731
23.4529205713402,6.5375424,train,-0.7340229709980521,-0.6823248794273624,5.123031848621139,7.940271385465172,6.958236507176085,9.128229
142.014486544877,12.7938279452055,train,26.443349244905058,26.386240027718443,12.267019631634085,15.667719617539685,24.510433315098126,20.63685
60.5551805284838,10.1704211320755,train,7.770773002526397,7.788421298772589,5.189143121309158,8.502870693797894,5.352116620097499,6.661085
35.8249279286511,8.05536,train,2.101960564193945,2.142304514028897,4.932380164561678,8.577869202851476,7.205008440503066,7.9092035
30.2775902642419,4.549824,train,0.8303675376089403,0.8758024364126911,4.991963442380765,8.672512359878672,7.114767478535199,8.351728
62.0505953499169,6.08367483870968,train,8.113560691652708,8.1298366033419,5.232421848989475,8.502870693797894,5.5728229985064255,6.6325645
93.8116822853606,9.40812387096774,train,15.394021897933294,15.381149760132118,6.913069552473701,9.256382148737387,7.428982648206304,6.0806227
42.8189787876665,13.295232,train,3.7051776095461015,3.739102920718242,4.917924973705325,8.577869202851476,7.237721038030533,7.3627877
44.9089238221147,3.18690868965517,val,4.184246974441761,4.216254283833293,4.926836231286742,8.577869202851476,4.758537197373863,7.2119718
33.1674383492482,2.02677677419355,test,1.4927953354263286,1.5355781387532268,4.955640120631088,8.577869202851476,7.171315409484628,8.112404
52.4423246684198,9.07701677419355,val,5.911096963057222,5.936190657019118,5.009879610983532,8.416309296418168,5.170694072929174,6.9552584
57.4476883778063,13.4203392,test,7.058455565222895,7.0789556950723584,5.10941716955513,8.416309296418168,7.111528448151205,6.7808275
35.8249279286511,2.958336,test,2.101960564193945,2.142304514028897,4.932380164561678,8.577869202851476,7.205008440503066,7.9092035
158.488074436329,23.3988058536585,val,30.219520942547064,30.147293446942584,14.86501913335519,32.67945506452365,30.334658869709266,25.587637
50.664098947737,3.56190171428571,train,5.50348171356165,5.530207335656763,4.983064149621754,8.416309296418168,7.193208510513679,7.018324
50.664098947737,4.81050514285714,train,5.50348171356165,5.530207335656763,4.983064149621754,8.416309296418168,7.193208510513679,7.018324
30.2775902642419,5.837184,test,0.8303675376089403,0.8758024364126911,4.991963442380765,8.672512359878672,7.114767478535199,8.351728
70.3587617140205,9.714816,val,10.018006941622852,10.026658213612299,5.531238966064933,8.138684016062697,6.944783180923738,6.321857
69.0435287010191,18.9368470588235,train,9.716521575336774,9.726379873931835,5.477326320368633,8.138684016062697,5.840228504049434,6.3888025
40.6216500154385,4.1856,train,3.201493119271378,3.237434981323208,4.915136705996687,8.577869202851476,7.234381634973814,7.5377455
23.4529205713402,4.12444097560976,test,-0.7340229709980521,-0.6823248794273624,5.123031848621139,7.940271385465172,6.958236507176085,9.128229
203.108250077192,59.7789257142857,train,40.447617305590846,40.33444061040475,23.786463069848622,52.08198674004314,41.661595556034996,37.43623
60.5551805284838,8.2944,train,7.770773002526397,7.788421298772589,5.189143121309158,8.502870693797894,7.067126881141752,6.661085
69.0435287010191,5.84496,train,9.716521575336774,9.726379873931835,5.477326320368633,8.138684016062697,5.840228504049434,6.3888025
35.8249279286511,3.17705142857143,val,2.101960564193945,2.142304514028897,4.932380164561678,8.577869202851476,7.205008440503066,7.9092035
95.7461472963438,3.91391999999999,val,15.837451226910497,15.822803775752062,7.0627550371861645,9.256382148737387,7.7176176093008895,6.318451
63.5108091408147,3.76210285714286,train,8.448279395679291,8.463215227794693,5.277768176835679,8.502870693797894,5.6285772653685635,6.5967183
33.1674383492482,8.54784,train,1.4927953354263286,1.5355781387532268,4.955640120631088,8.577869202851476,7.171315409484628,8.112404
35.8249279286511,2.16246857142857,train,2.101960564193945,2.142304514028897,4.932380164561678,8.577869202851476,7.205008440503066,7.9092035
35.8249279286511,7.62788571428571,train,2.101960564193945,2.142304514028897,4.932380164561678,8.577869202851476,7.205008440503066,7.9092035
121.110361056968,26.239464,train,21.651583932361397,21.613659023492477,9.530462585936476,10.506132478104696,14.426436210668495,13.486647
91.8364782879097,2.15898352941176,test,14.941254141364992,14.930194704243371,6.765861345983282,9.256382148737387,7.167397063627841,5.869474
46.9058411426803,12.7282447058824,train,4.641991985312389,4.672166667092457,4.9410689381501385,8.416309296418168,7.228260172477704,7.1455817
27.0811000102923,12.6111472941176,train,0.09764943707807294,0.14601784556639608,5.045459276796265,7.756973654552722,7.042311537742205,8.689135
40.6216500154385,6.92804571428571,val,3.201493119271378,3.237434981323208,4.915136705996687,8.577869202851476,7.234381634973814,7.5377455
59.0218891123912,8.1316224,train,7.4193030199192265,7.438358461146644,5.148084170893156,8.502870693797894,5.4626883422096695,6.713283
27.0811000102923,11.386656,test,0.09764943707807294,0.14601784556639608,5.045459276796265,7.756973654552722,7.042311537742205,8.689135
33.1674383492482,8.59324235294118,test,1.4927953354263286,1.5355781387532268,4.955640120631088,8.577869202851476,7.171315409484628,8.112404
27.0811000102923,8.840448,test,0.09764943707807294,0.14601784556639608,5.045459276796265,7.756973654552722,7.042311537742205,8.689135
83.4695560596246,13.92768,train,13.023339530230624,13.019958654730265,6.2052974967426735,8.260207102950234,6.5601919447033366,5.5967665
27.0811000102923,10.60992,train,0.09764943707807294,0.14601784556639608,5.045459276796265,7.756973654552722,7.042311537742205,8.689135
119.586899644005,22.032,test,21.30236724028513,21.265840455125005,9.355774070066289,10.506132478104696,13.661622702328277,12.940195
30.2775902642419,11.5012224,train,0.8303675376089403,0.8758024364126911,4.991963442380765,8.672512359878672,7.114767478535199,8.351728
42.8189787876665,2.66976,train,3.7051776095461015,3.739102920718242,4.917924973705325,8.577869202851476,7.237721038030533,7.3627877
66.3348766984964,7.11072,train,9.095628598161174,9.107972703453662,5.374136719118937,8.453185378244498,5.743243514906525,6.504825
35.8249279286511,4.94208,train,2.101960564193945,2.142304514028897,4.932380164561678,8.577869202851476,7.205008440503066,7.9092035
35.8249279286511,5.99616,test,2.101960564193945,2.142304514028897,4.932380164561678,8.577869202851476,7.205008440503066,7.9092035
54.1622000205846,3.151872,train,6.305336801464662,6.328852117079996,5.040072263945447,8.416309296418168,5.259177877854261,6.901731
35.8249279286511,0.0403200000000002,test,2.101960564193945,2.142304514028897,4.932380164561678,8.577869202851476,7.205008440503066,7.9092035
187.623364570721,24.4551876923077,train,36.89808172317506,36.7991159462114,20.386907937231896,19.13205076594197,37.476475228651154,33.47284
35.8249279286511,7.7262336,train,2.101960564193945,2.142304514028897,4.932380164561678,8.577869202851476,7.205008440503066,7.9092035
27.0811000102923,4.70781257142857,train,0.09764943707807294,0.14601784556639608,5.045459276796265,7.756973654552722,7.042311537742205,8.689135
62.0505953499169,1.4112,val,8.113560691652708,8.1298366033419,5.232421848989475,8.502870693797894,5.5728229985064255,6.6325645
42.8189787876665,10.0865828571429,train,3.7051776095461015,3.739102920718242,4.917924973705325,8.577869202851476,4.636777945629948,7.3627877
134.726771466344,12.0131576470588,train,24.77281677794229,24.722395703394266,11.241343160102474,16.69958658658095,21.070129040945794,18.240337
57.4476883778063,7.75714909090909,val,7.058455565222895,7.0789556950723584,5.10941716955513,8.416309296418168,7.111528448151205,6.7808275
33.1674383492482,7.13754947368421,train,1.4927953354263286,1.5355781387532268,4.955640120631088,8.577869202851476,7.171315409484628,8.112404
57.4476883778063,0.784826181818182,train,7.058455565222895,7.0789556950723584,5.10941716955513,8.416309296418168,7.111528448151205,6.7808275
33.1674383492482,9.81072,train,1.4927953354263286,1.5355781387532268,4.955640120631088,8.577869202851476,7.171315409484628,8.112404
27.0811000102923,10.2152084210526,train,0.09764943707807294,0.14601784556639608,5.045459276796265,7.756973654552722,7.042311537742205,8.689135
50.664098947737,1.65888,train,5.50348171356165,5.530207335656763,4.983064149621754,8.416309296418168,7.193208510513679,7.018324
38.2984589185375,1.58675478260869,test,2.6689577343790827,2.7070316547324964,4.919501235194559,8.577869202851476,7.224122023173049,7.7196255
88.791324243983,8.51447547169811,train,14.243226207717166,14.234961394751782,6.550049885568924,8.260207102950234,6.902070161788368,5.636224
84.5607076793511,6.42978635294118,train,13.273459655330116,13.269077399068516,6.272627716690977,8.260207102950234,6.667568681823763,5.543985
90.8327707927258,9.59746909090909,train,14.711178467443874,14.701040161132509,6.693235723850634,8.922152314883105,7.160120680125305,5.774017
71.6498558573022,1.17548883116883,train,10.313959055696406,10.321425454004999,5.586586292848608,8.138684016062697,5.939489877647621,6.2505503
42.8189787876665,3.20818909090909,train,3.7051776095461015,3.739102920718242,4.917924973705325,8.577869202851476,4.636777945629948,7.3627877
66.3348766984964,10.6484417560976,train,9.095628598161174,9.107972703453662,5.374136719118937,8.453185378244498,5.743243514906525,6.504825
44.9089238221147,2.861568,train,4.184246974441761,4.216254283833293,4.926836231286742,8.577869202851476,7.239076704382411,7.2119718
50.664098947737,7.46496,train,5.50348171356165,5.530207335656763,4.983064149621754,8.416309296418168,5.079859345192693,7.018324
97.6422946830773,10.2592209836066,train,16.272097167037252,16.255709567691135,7.214772642964462,9.256382148737387,7.964843972492152,6.59078
70.3587617140205,2.69384051612903,train,10.018006941622852,10.026658213612299,5.531238966064933,8.138684016062697,5.878449316688593,6.321857
35.8249279286511,2.41743673469388,train,2.101960564193945,2.142304514028897,4.932380164561678,8.577869202851476,7.205008440503066,7.9092035
50.664098947737,1.94809263157895,train,5.50348171356165,5.530207335656763,4.983064149621754,8.416309296418168,5.079859345192693,7.018324
52.4423246684198,2.739744,train,5.911096963057222,5.936190657019118,5.009879610983532,8.416309296418168,5.170694072929174,6.9552584
88.791324243983,2.56608,train,14.243226207717166,14.234961394751782,6.550049885568924,8.260207102950234,6.902070161788368,5.636224
38.2984589185375,1.84508081632653,test,2.6689577343790827,2.7070316547324964,4.919501235194559,8.577869202851476,7.224122023173049,7.7196255
75.3905917717706,3.72384,val,11.171432314202422,11.175465733161568,5.760527801720656,8.138684016062697,6.087293085126852,6.05196
145.836186713916,2.63170723404255,val,27.319381601079698,27.25876510135295,12.835336913456132,26.457791118580875,26.56306887179487,21.843079
117.264602856701,0.294776470588235,train,20.770036854243806,20.735641306652006,9.095983829701922,12.150723278865067,12.722400769657352,12.113398
48.8211473415386,0.548894117647059,val,5.0810296198643545,5.109446570871952,4.959984490008921,8.416309296418168,4.971461940809527,7.0836153
74.1646467884524,3.54765913043478,train,10.89041406976312,10.895572573172897,5.701295658196301,8.138684016062697,6.0336373270974395,6.11551
138.087057402038,11.459984516129,val,25.543081077982016,25.489576173810832,11.70478416353815,19.19647475500658,22.59745722696144,19.360615
30.2775902642419,4.03850322580645,train,0.8303675376089403,0.8758024364126911,4.991963442380765,8.672512359878672,7.114767478535199,8.351728
48.8211473415386,2.66615755932203,train,5.0810296198643545,5.109446570871952,4.959984490008921,8.416309296418168,4.971461940809527,7.0836153
66.3348766984964,5.37463741935484,train,9.095628598161174,9.107972703453662,5.374136719118937,8.453185378244498,6.9899479190566165,6.504825
23.4529205713402,2.89694117647059,val,-0.7340229709980521,-0.6823248794273624,5.123031848621139,7.940271385465172,6.958236507176085,9.128229
38.2984589185375,5.13216,train,2.6689577343790827,2.7070316547324964,4.919501235194559,8.577869202851476,7.224122023173049,7.7196255
42.8189787876665,0.5358528,test,3.7051776095461015,3.739102920718242,4.917924973705325,8.577869202851476,4.636777945629948,7.3627877
105.755076289291,5.019264,val,18.131756185606676,18.107923256689723,7.924435310800376,9.568990178717561,8.899827489064043,8.342243
27.0811000102923,2.19252705882353,train,0.09764943707807294,0.14601784556639608,5.045459276796265,7.756973654552722,7.042311537742205,8.689135
46.9058411426803,1.868544,val,4.641991985312389,4.672166667092457,4.9410689381501385,8.416309296418168,7.228260172477704,7.1455817
77.7845377731429,3.66904421052632,val,11.72018655011214,11.722022976988896,5.882459816535231,8.138684016062697,6.2109810168352935,5.9187765
55.8291179001753,5.42722767567568,test,6.687437419780483,6.709422957622485,5.0733382066098045,8.416309296418168,7.1346560907034435,6.8436265
71.6498558573022,7.95660387096774,test,10.313959055696406,10.321425454004999,5.586586292848608,8.138684016062697,5.939489877647621,6.2505503
82.3639502109324,14.5697684210526,train,12.76990612263972,12.767539892956114,6.138839538953107,8.260207102950234,6.487439121026036,5.6618714
78.9542957097545,5.59653726315789,test,11.988325272680095,11.989088179551146,5.945057611502648,8.138684016062697,6.279758743861945,5.855558
83.4695560596246,9.193824,train,13.023339530230624,13.019958654730265,6.2052974967426735,8.260207102950234,6.5601919447033366,5.5967665
44.9089238221147,5.144472,test,4.184246974441761,4.216254283833293,4.926836231286742,8.577869202851476,7.239076704382411,7.2119718
35.8249279286511,9.14725161290323,train,2.101960564193945,2.142304514028897,4.932380164561678,8.577869202851476,7.205008440503066,7.9092035
135.405500051462,25.2714816,train,24.92839889462455,24.877354931620914,11.333640625798694,19.819547607339512,21.56955296746526,18.468641
38.2984589185375,5.4960768,train,2.6689577343790827,2.7070316547324964,4.919501235194559,8.577869202851476,7.224122023173049,7.7196255
27.0811000102923,4.624128,val,0.09764943707807294,0.14601784556639608,5.045459276796265,7.756973654552722,7.042311537742205,8.689135
48.8211473415386,0.264384000000001,test,5.0810296198643545,5.109446570871952,4.959984490008921,8.416309296418168,4.971461940809527,7.0836153
166.389064125986,22.70592,train,32.03063178531165,31.951153327579682,16.246871556503947,23.291781406690212,32.12868529391158,27.80868
69.0435287010191,1.75497365853659,train,9.716521575336774,9.726379873931835,5.477326320368633,8.138684016062697,5.840228504049434,6.3888025
30.2775902642419,3.1062528,train,0.8303675376089403,0.8758024364126911,4.991963442380765,8.672512359878672,7.114767478535199,8.351728
27.0811000102923,1.66202181818182,train,0.09764943707807294,0.14601784556639608,5.045459276796265,7.756973654552722,7.042311537742205,8.689135
82.3639502109324,7.907328,val,12.76990612263972,12.767539892956114,6.138839538953107,8.260207102950234,6.872356039041063,5.6618714
33.1674383492482,2.13696,test,1.4927953354263286,1.5355781387532268,4.955640120631088,8.577869202851476,7.171315409484628,8.112404
48.8211473415386,2.6500608,train,5.0810296198643545,5.109446570871952,4.959984490008921,8.416309296418168,7.211566968814589,7.0836153
192.447374305955,34.7367876923077,train,38.00386931185162,37.90047640445661,21.41221766189257,19.13205076594197,38.755883760060975,34.711575
78.9542957097545,5.93209107692308,train,11.988325272680095,11.989088179551146,5.945057611502648,8.138684016062697,6.279758743861945,5.855558
74.1646467884524,1.72268307692308,train,10.89041406976312,10.895572573172897,5.701295658196301,8.138684016062697,6.909236431810277,6.11551
30.2775902642419,1.56716307692308,val,0.8303675376089403,0.8758024364126911,4.991963442380765,8.672512359878672,7.114767478535199,8.351728
69.0435287010191,4.82111999999998,train,9.716521575336774,9.726379873931835,5.477326320368633,8.138684016062697,5.840228504049434,6.3888025
30.2775902642419,2.73396184615385,train,0.8303675376089403,0.8758024364126911,4.991963442380765,8.672512359878672,7.114767478535199,8.351728
72.918093356958,0.801526153846155,test,10.604671836885592,10.61097433770287,5.643294419690875,8.138684016062697,5.984502997987943,6.176456
122.614895278807,11.3408,test,21.996462023526362,21.957156360968273,9.706292591508742,17.634430539321098,15.25580988797064,14.024561
33.1674383492482,2.398464,train,1.4927953354263286,1.5355781387532268,4.955640120631088,8.577869202851476,7.171315409484628,8.112404
96.6988687448568,9.14938434782609,test,16.05583958245981,16.04031779183093,7.138480854485735,9.256382148737387,7.676328865686096,6.4510264
134.726771466344,6.279936,train,24.77281677794229,24.722395703394266,11.241343160102474,16.69958658658095,21.070129040945794,18.240337
46.9058411426803,7.78368,train,4.641991985312389,4.672166667092457,4.9410689381501385,8.416309296418168,7.228260172477704,7.1455817
69.0435287010191,8.57738541176471,val,9.716521575336774,9.726379873931835,5.477326320368633,8.138684016062697,5.840228504049434,6.3888025
57.4476883778063,6.30020050632911,val,7.058455565222895,7.0789556950723584,5.10941716955513,8.416309296418168,7.111528448151205,6.7808275
35.8249279286511,5.97814468085106,train,2.101960564193945,2.142304514028897,4.932380164561678,8.577869202851476,7.205008440503066,7.9092035
80.1069741374945,7.50360436363636,test,12.252548930816696,12.252253992031315,6.008681310758234,8.138684016062697,6.349226797709452,5.7915354
77.7845377731429,6.59486117647059,val,11.72018655011214,11.722022976988896,5.882459816535231,8.138684016062697,6.2109810168352935,5.9187765
156.157240500618,32.078592,train,29.68523362165915,29.61514519840602,14.474078925844708,27.75913476975382,29.633076757079174,24.925282
69.0435287010191,18.7182276923077,train,9.716521575336774,9.726379873931835,5.477326320368633,8.138684016062697,5.840228504049434,6.3888025
130.580335361391,25.9056,train,23.822346560478067,23.775730787840565,10.691924182978681,15.103731547614636,19.012017879668157,16.82543
95.7461472963438,12.7208670967742,train,15.837451226910497,15.822803775752062,7.0627550371861645,9.256382148737387,7.7176176093008895,6.318451
157.908591419509,29.2277264516129,train,30.086688472668705,30.0149927850495,14.767110957267263,32.67945506452365,30.07610055882128,25.424055
27.0811000102923,9.1037729032258,train,0.09764943707807294,0.14601784556639608,5.045459276796265,7.756973654552722,7.042311537742205,8.689135
23.4529205713402,5.34692571428572,val,-0.7340229709980521,-0.6823248794273624,5.123031848621139,7.940271385465172,6.958236507176085,9.128229
38.2984589185375,5.28274285714286,train,2.6689577343790827,2.7070316547324964,4.919501235194559,8.577869202851476,7.224122023173049,7.7196255
38.2984589185375,4.23468,train,2.6689577343790827,2.7070316547324964,4.919501235194559,8.577869202851476,7.224122023173049,7.7196255
280.782821073515,14.41152,val,58.25263455838961,58.068173708346166,45.177004550479,44.68385549315809,62.4992978365032,59.99709
94.7838500360231,3.57130472727273,train,15.616867848044558,15.60310352435041,6.98761204217864,9.256382148737387,7.429411667267364,6.1985607
52.4423246684198,6.20100654545455,train,5.911096963057222,5.936190657019118,5.009879610983532,8.416309296418168,5.170694072929174,6.9552584
40.6216500154385,4.76187428571429,train,3.201493119271378,3.237434981323208,4.915136705996687,8.577869202851476,7.234381634973814,7.5377455
93.8116822853606,5.76743563636364,train,15.394021897933294,15.381149760132118,6.913069552473701,9.256382148737387,7.428982648206304,6.0806227
133.358951558794,8.76384,train,24.459277137616475,24.410111350157337,11.057357678302012,16.69958658658095,20.355746659706156,17.777294
42.8189787876665,3.47617694117647,train,3.7051776095461015,3.739102920718242,4.917924973705325,8.577869202851476,4.636777945629948,7.3627877
70.3587617140205,0.167862857142857,train,10.018006941622852,10.026658213612299,5.531238966064933,8.138684016062697,5.878449316688593,6.321857
33.1674383492482,0.718998260869566,test,1.4927953354263286,1.5355781387532268,4.955640120631088,8.577869202851476,7.171315409484628,8.112404
128.456936363,3.86443636363636,train,23.33560868325545,23.290941614049252,10.420188560181344,15.103731547614636,18.03809590702279,16.088272
69.0435287010191,0.681325714285715,test,9.716521575336774,9.726379873931835,5.477326320368633,8.138684016062697,5.840228504049434,6.3888025
46.9058411426803,2.58829714285714,train,4.641991985312389,4.672166667092457,4.9410689381501385,8.416309296418168,7.228260172477704,7.1455817
33.1674383492482,6.12654545454545,train,1.4927953354263286,1.5355781387532268,4.955640120631088,8.577869202851476,7.171315409484628,8.112404
33.1674383492482,6.2709587027027,test,1.4927953354263286,1.5355781387532268,4.955640120631088,8.577869202851476,7.171315409484628,8.112404
27.0811000102923,6.33287314285714,val,0.09764943707807294,0.14601784556639608,5.045459276796265,7.756973654552722,7.042311537742205,8.689135
85.637957575333,2.02316108108108,train,13.52039314640072,13.51502226738369,6.340797708987964,8.260207102950234,6.73002038938837,5.5303802
117.264602856701,6.66859034482759,train,20.770036854243806,20.735641306652006,9.095983829701922,12.150723278865067,12.575913841785004,12.113398
62.0505953499169,0.679752,test,8.113560691652708,8.1298366033419,5.232421848989475,8.502870693797894,7.045759783739391,6.6325645
77.7845377731429,1.5404524137931,train,11.72018655011214,11.722022976988896,5.882459816535231,8.138684016062697,6.2109810168352935,5.9187765
233.74613439301,7.59942,train,47.47061147002873,47.329317520224336,31.406114900347674,27.608929253066457,48.880977544784386,45.56938
44.9089238221147,1.64363294117647,test,4.184246974441761,4.216254283833293,4.926836231286742,8.577869202851476,7.239076704382411,7.2119718
33.1674383492482,2.80923428571429,val,1.4927953354263286,1.5355781387532268,4.955640120631088,8.577869202851476,7.171315409484628,8.112404
40.6216500154385,1.340928,train,3.201493119271378,3.237434981323208,4.915136705996687,8.577869202851476,7.234381634973814,7.5377455
38.2984589185375,0.799133538461538,train,2.6689577343790827,2.7070316547324964,4.919501235194559,8.577869202851476,4.372764782317038,7.7196255
54.1622000205846,8.02184123076923,train,6.305336801464662,6.328852117079996,5.040072263945447,8.416309296418168,5.259177877854261,6.901731
127.741293266218,12.0132378947368,train,23.171564807356177,23.12755450409898,10.330077120754538,16.789710745897803,17.613046436939555,15.838097
48.8211473415386,2.02957849180328,train,5.0810296198643545,5.109446570871952,4.959984490008921,8.416309296418168,4.971461940809527,7.0836153
60.5551805284838,5.35070117647059,train,7.770773002526397,7.788421298772589,5.189143121309158,8.502870693797894,5.52368570480322,6.661085
27.0811000102923,1.26808615384615,train,0.09764943707807294,0.14601784556639608,5.045459276796265,7.756973654552722,7.042311537742205,8.689135
42.8189787876665,6.77376000000001,train,3.7051776095461015,3.739102920718242,4.917924973705325,8.577869202851476,4.636777945629948,7.3627877
142.658546477408,13.25484,train,26.590984411259484,26.533284122022152,12.361332351876555,15.667719617539685,24.83372310611309,20.842627
50.664098947737,9.05835789473684,train,5.50348171356165,5.530207335656763,4.983064149621754,8.416309296418168,7.193208510513679,7.018324
62.0505953499169,11.9829394285714,train,8.113560691652708,8.1298366033419,5.232421848989475,8.502870693797894,5.5728229985064255,6.6325645
62.0505953499169,6.1565346,train,8.113560691652708,8.1298366033419,5.232421848989475,8.502870693797894,5.5728229985064255,6.6325645
50.664098947737,5.25312,train,5.50348171356165,5.530207335656763,4.983064149621754,8.416309296418168,5.079859345192693,7.018324
59.0218891123912,8.208,train,7.4193030199192265,7.438358461146644,5.148084170893156,8.502870693797894,5.4626883422096695,6.713283
555.657715360903,53.44704,train,121.26105768028705,120.82433635066259,144.7654621618234,78.17389551089181,143.93519626108738,173.89807
52.4423246684198,0.876342857142857,test,5.911096963057222,5.936190657019118,5.009879610983532,8.416309296418168,5.170694072929174,6.9552584
50.664098947737,0.555428571428571,train,5.50348171356165,5.530207335656763,4.983064149621754,8.416309296418168,7.193208510513679,7.018324
217.493437983772,24.201504,train,43.7450738035937,43.618695413834565,27.22056038848261,56.51751674136557,44.8840208271502,41.166515
50.664098947737,9.02625882352941,train,5.50348171356165,5.530207335656763,4.983064149621754,8.416309296418168,7.193208510513679,7.018324
64.9381965576721,6.37632000000001,val,8.775473447189109,8.789099325424372,5.325046791791166,8.502870693797894,5.674702531863223,6.553981
62.0505953499169,16.27776,val,8.113560691652708,8.1298366033419,5.232421848989475,8.502870693797894,7.045759783739391,6.6325645
27.0811000102923,8.70230674285714,train,0.09764943707807294,0.14601784556639608,5.045459276796265,7.756973654552722,7.042311537742205,8.689135
44.9089238221147,8.626176,train,4.184246974441761,4.216254283833293,4.926836231286742,8.577869202851476,7.239076704382411,7.2119718
44.9089238221147,7.01980251428571,train,4.184246974441761,4.216254283833293,4.926836231286742,8.577869202851476,7.239076704382411,7.2119718
62.0505953499169,8.50645028571429,train,8.113560691652708,8.1298366033419,5.232421848989475,8.502870693797894,7.045759783739391,6.6325645
33.1674383492482,8.010432,val,1.4927953354263286,1.5355781387532268,4.955640120631088,8.577869202851476,7.171315409484628,8.112404
180.14530112165,17.6105192727273,train,35.183916494833646,35.09181354860209,18.858957841091325,18.899275463713906,35.75664665580268,31.526428
55.8291179001753,6.38724342857143,test,6.687437419780483,6.709422957622485,5.0733382066098045,8.416309296418168,5.330639832727898,6.8436265
44.9089238221147,11.9937024,val,4.184246974441761,4.216254283833293,4.926836231286742,8.577869202851476,7.239076704382411,7.2119718
38.2984589185375,6.03926574545455,train,2.6689577343790827,2.7070316547324964,4.919501235194559,8.577869202851476,7.224122023173049,7.7196255
96.6988687448568,10.761984,train,16.05583958245981,16.04031779183093,7.138480854485735,9.256382148737387,7.676328865686096,6.4510264
38.2984589185375,5.71076129032258,val,2.6689577343790827,2.7070316547324964,4.919501235194559,8.577869202851476,7.224122023173049,7.7196255
54.1622000205846,5.03588571428571,train,6.305336801464662,6.328852117079996,5.040072263945447,8.416309296418168,5.259177877854261,6.901731
27.0811000102923,7.2088094117647,train,0.09764943707807294,0.14601784556639608,5.045459276796265,7.756973654552722,7.042311537742205,8.689135
38.2984589185375,5.774976,train,2.6689577343790827,2.7070316547324964,4.919501235194559,8.577869202851476,7.224122023173049,7.7196255
96.6988687448568,11.4024436363636,train,16.05583958245981,16.04031779183093,7.138480854485735,9.256382148737387,7.676328865686096,6.4510264
33.1674383492482,4.81944774193548,train,1.4927953354263286,1.5355781387532268,4.955640120631088,8.577869202851476,7.171315409484628,8.112404
44.9089238221147,1.36669090909091,train,4.184246974441761,4.216254283833293,4.926836231286742,8.577869202851476,7.239076704382411,7.2119718
30.2775902642419,5.821632,train,0.8303675376089403,0.8758024364126911,4.991963442380765,8.672512359878672,7.114767478535199,8.351728
82.3639502109324,2.14121739130435,train,12.76990612263972,12.767539892956114,6.138839538953107,8.260207102950234,6.487439121026036,5.6618714
251.504553800608,15.805251147541,test,51.541299725901894,51.383708371389176,36.32972797346366,40.611023988760884,53.12711598691774,50.706264
134.726771466344,9.20210823529412,train,24.77281677794229,24.722395703394266,11.241343160102474,16.69958658658095,21.070129040945794,18.240337
42.8189787876665,8.7257479245283,val,3.7051776095461015,3.739102920718242,4.917924973705325,8.577869202851476,7.237721038030533,7.3627877
38.2984589185375,8.6592,train,2.6689577343790827,2.7070316547324964,4.919501235194559,8.577869202851476,7.224122023173049,7.7196255
66.3348766984964,5.84325307317073,train,9.095628598161174,9.107972703453662,5.374136719118937,8.453185378244498,6.9899479190566165,6.504825
33.1674383492482,6.60096,train,1.4927953354263286,1.5355781387532268,4.955640120631088,8.577869202851476,7.171315409484628,8.112404
27.0811000102923,4.135968,test,0.09764943707807294,0.14601784556639608,5.045459276796265,7.756973654552722,7.042311537742205,8.689135
33.1674383492482,2.006208,train,1.4927953354263286,1.5355781387532268,4.955640120631088,8.577869202851476,7.171315409484628,8.112404
77.7845377731429,3.21408000000001,test,11.72018655011214,11.722022976988896,5.882459816535231,8.138684016062697,6.2109810168352935,5.9187765
82.3639502109324,8.62472930232558,train,12.76990612263972,12.767539892956114,6.138839538953107,8.260207102950234,6.487439121026036,5.6618714
46.9058411426803,8.08704,train,4.641991985312389,4.672166667092457,4.9410689381501385,8.416309296418168,7.228260172477704,7.1455817
30.2775902642419,2.19770181818182,train,0.8303675376089403,0.8758024364126911,4.991963442380765,8.672512359878672,7.114767478535199,8.351728
121.864950046315,47.9710989473684,train,21.824555212431058,21.78593779586392,9.618237694801465,17.634430539321098,14.66716100809879,13.756681
50.664098947737,7.952256,train,5.50348171356165,5.530207335656763,4.983064149621754,8.416309296418168,5.079859345192693,7.018324
38.2984589185375,12.793464,test,2.6689577343790827,2.7070316547324964,4.919501235194559,8.577869202851476,7.224122023173049,7.7196255
38.2984589185375,4.47020307692308,train,2.6689577343790827,2.7070316547324964,4.919501235194559,8.577869202851476,7.224122023173049,7.7196255
207.572700984108,56.94624,train,41.47098472690142,41.35371087860949,24.824305821376768,52.08198674004314,42.8904924928007,38.582886
88.791324243983,1.04976,train,14.243226207717166,14.234961394751782,6.550049885568924,8.260207102950234,6.902070161788368,5.636224
46.9058411426803,1.08864,train,4.641991985312389,4.672166667092457,4.9410689381501385,8.416309296418168,7.228260172477704,7.1455817
137.421573733937,11.0317903448276,test,25.39053503826775,25.3376408673165,11.611711670040705,19.19647475500658,22.301689029889133,19.140778
78.9542957097545,0.791670857142857,val,11.988325272680095,11.989088179551146,5.945057611502648,8.138684016062697,6.279758743861945,5.855558
110.834178517301,8.15996745762711,train,19.29601756019126,19.267523395233813,8.417619565017944,10.17771666925545,9.977837193866176,9.965018
69.0435287010191,5.906304,train,9.716521575336774,9.726379873931835,5.477326320368633,8.138684016062697,5.766508799309547,6.3888025
50.664098947737,1.98664258064516,train,5.50348171356165,5.530207335656763,4.983064149621754,8.416309296418168,7.193208510513679,7.018324
93.8116822853606,8.0098314893617,val,15.394021897933294,15.381149760132118,6.913069552473701,9.256382148737387,7.428982648206304,6.0806227
38.2984589185375,3.657984,train,2.6689577343790827,2.7070316547324964,4.919501235194559,8.577869202851476,7.224122023173049,7.7196255
30.2775902642419,2.428704,train,0.8303675376089403,0.8758024364126911,4.991963442380765,8.672512359878672,7.114767478535199,8.351728
130.580335361391,8.50829837837838,train,23.822346560478067,23.775730787840565,10.691924182978681,15.103731547614636,19.012017879668157,16.82543
93.8116822853606,5.82977828571429,train,15.394021897933294,15.381149760132118,6.913069552473701,9.256382148737387,7.428982648206304,6.0806227
66.3348766984964,3.77088,test,9.095628598161174,9.107972703453662,5.374136719118937,8.453185378244498,5.743243514906525,6.504825
35.8249279286511,0.43344,train,2.101960564193945,2.142304514028897,4.932380164561678,8.577869202851476,7.205008440503066,7.9092035
71.6498558573022,3.11533714285714,test,10.313959055696406,10.321425454004999,5.586586292848608,8.138684016062697,5.939489877647621,6.2505503
87.7527934971774,4.47161806451613,train,14.005168145377676,13.997856421507343,6.479536698072977,8.260207102950234,6.873891275069041,5.588745
106.618397358971,10.6171664516129,val,18.329651665983192,18.30502644285678,8.005608978817534,9.568990178717561,8.880579440893678,8.601391
35.8249279286511,1.20528,train,2.101960564193945,2.142304514028897,4.932380164561678,8.577869202851476,7.205008440503066,7.9092035
116.480215438923,10.8911127272727,train,20.590235004973508,20.556559311942088,9.010009922624917,12.150723278865067,12.194676725711522,11.84497
35.8249279286511,3.4089984,train,2.101960564193945,2.142304514028897,4.932380164561678,8.577869202851476,7.205008440503066,7.9092035
42.8189787876665,3.13339810909091,val,3.7051776095461015,3.739102920718242,4.917924973705325,8.577869202851476,7.237721038030533,7.3627877
40.6216500154385,4.8587904,train,3.201493119271378,3.237434981323208,4.915136705996687,8.577869202851476,7.234381634973814,7.5377455
116.480215438923,8.13566867256637,val,20.590235004973508,20.556559311942088,9.010009922624917,12.150723278865067,12.194676725711522,11.84497
46.9058411426803,0.845390769230769,train,4.641991985312389,4.672166667092457,4.9410689381501385,8.416309296418168,7.228260172477704,7.1455817
50.664098947737,0.356118260869565,train,5.50348171356165,5.530207335656763,4.983064149621754,8.416309296418168,4.809464682164037,7.018324
195.753460603764,4.69465043478261,train,38.76170965543739,38.655282658962754,22.13265028828222,53.86700957181731,39.84055914206155,35.556763
154.386023581936,0.75976704,train,29.27922497055151,29.210762043255386,14.182121275962103,24.90676363786243,29.250344321114433,24.413977
129.168614586553,26.5797818181818,test,23.498743707836432,23.45342351135774,10.51053633884915,15.103731547614636,18.515536524161767,16.336218
42.8189787876665,1.46304,val,3.7051776095461015,3.739102920718242,4.917924973705325,8.577869202851476,7.237721038030533,7.3627877
40.6216500154385,2.25504,val,3.201493119271378,3.237434981323208,4.915136705996687,8.577869202851476,7.234381634973814,7.5377455
64.9381965576721,5.2785852631579,val,8.775473447189109,8.789099325424372,5.325046791791166,8.502870693797894,5.674702531863223,6.553981
286.279379305449,24.2690953846154,train,59.51258762791131,59.323082430623174,46.9305266442681,44.68385549315809,62.77756646042349,61.852283
255.841158760168,30.661632,train,52.53536155505824,52.37379037528833,37.58484089717747,40.611023988760884,54.408579405281415,52.017525
138.087057402038,2.45880906801008,train,25.543081077982016,25.489576173810832,11.70478416353815,19.19647475500658,22.59745722696144,19.360615
116.480215438923,0.463215483870968,train,20.590235004973508,20.556559311942088,9.010009922624917,12.150723278865067,12.194676725711522,11.84497
46.9058411426803,2.07002482758621,val,4.641991985312389,4.672166667092457,4.9410689381501385,8.416309296418168,7.228260172477704,7.1455817
88.791324243983,6.67797165354331,val,14.243226207717166,14.234961394751782,6.550049885568924,8.260207102950234,6.875814449359537,5.636224
59.0218891123912,2.5560576,train,7.4193030199192265,7.438358461146644,5.148084170893156,8.502870693797894,5.4626883422096695,6.713283
89.8178476442293,0.369718468085106,train,14.478531876192017,14.46932499361377,6.621290947788836,8.260207102950234,7.072425457126865,5.704317
140.064538357428,6.80979063829787,train,25.99637077210169,25.941051077622127,11.98510497984887,15.667719617539685,23.702403653718747,20.007784
83.4695560596246,12.9001846153846,test,13.023339530230624,13.019958654730265,6.2052974967426735,8.260207102950234,6.5601919447033366,5.5967665
35.8249279286511,2.58974608695652,train,2.101960564193945,2.142304514028897,4.932380164561678,8.577869202851476,7.205008440503066,7.9092035
250.774495500558,59.291136,train,51.37395151320878,51.21703015388558,36.120418874080684,40.611023988760884,52.97853732642686,50.48775
52.4423246684198,3.96775384615385,val,5.911096963057222,5.936190657019118,5.009879610983532,8.416309296418168,5.170694072929174,6.9552584
101.328197895474,0.75828705882353,train,17.117001354431814,17.09723109726073,7.525288653111787,8.888762472265348,8.353539900459634,7.2399197
42.8189787876665,0.71579076923077,train,3.7051776095461015,3.739102920718242,4.917924973705325,8.577869202851476,7.237721038030533,7.3627877
147.088022436023,14.7751975384615,train,27.606334671355945,27.544569326513916,13.026031671129871,26.457791118580875,26.801611940011888,22.23045
46.9058411426803,4.40335058823529,train,4.641991985312389,4.672166667092457,4.9410689381501385,8.416309296418168,7.228260172477704,7.1455817
166.939112119249,16.9196936170213,val,32.15671698776971,32.07673373540769,16.346313170976458,23.291781406690212,32.30674726235383,27.961468
85.637957575333,7.24986793220339,train,13.52039314640072,13.51502226738369,6.340797708987964,8.260207102950234,6.73002038938837,5.5303802
40.6216500154385,16.010496,train,3.201493119271378,3.237434981323208,4.915136705996687,8.577869202851476,7.234381634973814,7.5377455
54.1622000205846,5.25586909090909,train,6.305336801464662,6.328852117079996,5.040072263945447,8.416309296418168,5.259177877854261,6.901731
38.2984589185375,9.722304,train,2.6689577343790827,2.7070316547324964,4.919501235194559,8.577869202851476,7.224122023173049,7.7196255
44.9089238221147,13.9687454117647,val,4.184246974441761,4.216254283833293,4.926836231286742,8.577869202851476,7.239076704382411,7.2119718
84.5607076793511,5.2488,val,13.273459655330116,13.269077399068516,6.272627716690977,8.260207102950234,6.667568681823763,5.543985
33.1674383492482,13.4479058823529,train,1.4927953354263286,1.5355781387532268,4.955640120631088,8.577869202851476,7.171315409484628,8.112404
64.9381965576721,4.4928,val,8.775473447189109,8.789099325424372,5.325046791791166,8.502870693797894,5.674702531863223,6.553981
23.4529205713402,5.28768,train,-0.7340229709980521,-0.6823248794273624,5.123031848621139,7.940271385465172,6.958236507176085,9.128229
35.8249279286511,16.7369142857143,train,2.101960564193945,2.142304514028897,4.932380164561678,8.577869202851476,7.205008440503066,7.9092035
30.2775902642419,12.97728,val,0.8303675376089403,0.8758024364126911,4.991963442380765,8.672512359878672,7.114767478535199,8.351728
30.2775902642419,16.50456,train,0.8303675376089403,0.8758024364126911,4.991963442380765,8.672512359878672,7.114767478535199,8.351728
191.01296394206,17.0498057142857,test,37.67506541954621,37.572988911188844,21.10412158836381,19.13205076594197,38.5951756761656,34.344135
59.0218891123912,12.5248839344262,train,7.4193030199192265,7.438358461146644,5.148084170893156,8.502870693797894,5.4626883422096695,6.713283
59.0218891123912,14.7001427027027,train,7.4193030199192265,7.438358461146644,5.148084170893156,8.502870693797894,5.4626883422096695,6.713283
35.8249279286511,7.53948,test,2.101960564193945,2.142304514028897,4.932380164561678,8.577869202851476,7.205008440503066,7.9092035
46.9058411426803,7.14039652173913,train,4.641991985312389,4.672166667092457,4.9410689381501385,8.416309296418168,7.228260172477704,7.1455817
118.043778224782,13.0147776,train,20.94864396714688,20.913533348240403,9.182273423433287,12.452719362316236,13.125944759339012,12.385415
52.4423246684198,13.2069888,train,5.911096963057222,5.936190657019118,5.009879610983532,8.416309296418168,7.175493792561052,6.9552584
33.1674383492482,9.99046956521739,test,1.4927953354263286,1.5355781387532268,4.955640120631088,8.577869202851476,7.171315409484628,8.112404
88.791324243983,7.788096,train,14.243226207717166,14.234961394751782,6.550049885568924,8.260207102950234,6.902070161788368,5.636224
57.4476883778063,7.22363586206896,train,7.058455565222895,7.0789556950723584,5.10941716955513,8.416309296418168,7.111528448151205,6.7808275
33.1674383492482,9.59740540540541,train,1.4927953354263286,1.5355781387532268,4.955640120631088,8.577869202851476,7.171315409484628,8.112404
44.9089238221147,12.6858578823529,train,4.184246974441761,4.216254283833293,4.926836231286742,8.577869202851476,7.239076704382411,7.2119718
44.9089238221147,10.0922672432432,val,4.184246974441761,4.216254283833293,4.926836231286742,8.577869202851476,7.239076704382411,7.2119718
38.2984589185375,2.89559630769231,train,2.6689577343790827,2.7070316547324964,4.919501235194559,8.577869202851476,7.224122023173049,7.7196255
30.2775902642419,3.69024,train,0.8303675376089403,0.8758024364126911,4.991963442380765,8.672512359878672,7.114767478535199,8.351728
120.351040963123,2.73053288135593,train,21.47752816098228,21.440300101680233,9.442972808020883,10.506132478104696,14.06327941047899,13.214479
42.8189787876665,7.70848744186046,test,3.7051776095461015,3.739102920718242,4.917924973705325,8.577869202851476,7.237721038030533,7.3627877
40.6216500154385,8.98683428571429,train,3.201493119271378,3.237434981323208,4.915136705996687,8.577869202851476,7.234381634973814,7.5377455
66.3348766984964,3.69841371428571,train,9.095628598161174,9.107972703453662,5.374136719118937,8.453185378244498,5.743243514906525,6.504825
139.408494758524,6.93303652173913,test,25.845988639992754,25.791271015314123,11.89148379500429,16.248217817277673,23.523345581790203,19.7941
235.309671117536,59.40864,train,47.82901445827166,47.686285606509436,31.82526129820164,25.060501367933668,49.99739610216952,46.007175
136.752851645112,10.4164591304348,train,25.23724666890655,25.184966203165708,11.518828138666578,19.19647475500658,21.91276821631314,18.918846
166.939112119249,11.07072,train,32.15671698776971,32.07673373540769,16.346313170976458,23.291781406690212,32.160396282278725,27.961468
96.6988687448568,6.72064673684211,train,16.05583958245981,16.04031779183093,7.138480854485735,9.256382148737387,7.841831544636021,6.4510264
69.0435287010191,8.20446072289157,val,9.716521575336774,9.726379873931835,5.477326320368633,8.138684016062697,5.840228504049434,6.3888025
80.1069741374945,6.2208,train,12.252548930816696,12.252253992031315,6.008681310758234,8.138684016062697,6.349226797709452,5.7915354
46.9058411426803,5.59071860869565,train,4.641991985312389,4.672166667092457,4.9410689381501385,8.416309296418168,7.228260172477704,7.1455817
35.8249279286511,9.24628114285714,train,2.101960564193945,2.142304514028897,4.932380164561678,8.577869202851476,7.205008440503066,7.9092035
67.7027500257308,1.93916745762712,val,9.409180483657966,9.420269252836807,5.4249292641951,8.138684016062697,6.974592170669738,6.4497514
60.5551805284838,4.24074498876404,test,7.770773002526397,7.788421298772589,5.189143121309158,8.502870693797894,5.52368570480322,6.661085
69.0435287010191,2.30317714285714,train,9.716521575336774,9.726379873931835,5.477326320368633,8.138684016062697,5.840228504049434,6.3888025
118.81784408086,8.1643606779661,train,21.12607984796975,21.09025884689255,9.268872254209612,10.506132478104696,13.348153339731727,12.663833
62.0505953499169,3.60224780487805,train,8.113560691652708,8.1298366033419,5.232421848989475,8.502870693797894,7.045759783739391,6.6325645
74.1646467884524,3.27154120481928,test,10.89041406976312,10.895572573172897,5.701295658196301,8.138684016062697,6.0336373270974395,6.11551
23.4529205713402,4.23178105263158,val,-0.7340229709980521,-0.6823248794273624,5.123031848621139,7.940271385465172,6.958236507176085,9.128229
38.2984589185375,6.92434285714286,train,2.6689577343790827,2.7070316547324964,4.919501235194559,8.577869202851476,7.224122023173049,7.7196255
120.351040963123,13.7470254545455,test,21.47752816098228,21.440300101680233,9.442972808020883,10.506132478104696,14.2311757870924,13.214479
62.0505953499169,1.20645818181818,val,8.113560691652708,8.1298366033419,5.232421848989475,8.502870693797894,7.045759783739391,6.6325645
254.043236563259,37.6236423529412,train,52.12323136464276,51.96331018902044,37.0620420171589,40.611023988760884,53.7817490995154,51.47112
62.0505953499169,3.7870848,train,8.113560691652708,8.1298366033419,5.232421848989475,8.502870693797894,7.045759783739391,6.6325645
91.8364782879097,1.92024,val,14.941254141364992,14.930194704243371,6.765861345983282,9.256382148737387,7.167397063627841,5.869474
90.8327707927258,2.05431069767442,test,14.711178467443874,14.701040161132509,6.693235723850634,8.922152314883105,7.160120680125305,5.774017
123.360281446966,3.93737142857143,test,22.16732377936016,22.127334054793643,9.794621891909799,21.670986955492676,15.556215133117522,14.290262
44.9089238221147,0.53568,train,4.184246974441761,4.216254283833293,4.926836231286742,8.577869202851476,7.239076704382411,7.2119718
137.421573733937,6.13049806451613,train,25.39053503826775,25.3376408673165,11.611711670040705,19.19647475500658,22.301689029889133,19.140778
50.664098947737,3.51216,train,5.50348171356165,5.530207335656763,4.983064149621754,8.416309296418168,7.193208510513679,7.018324
35.8249279286511,0.364667586206896,train,2.101960564193945,2.142304514028897,4.932380164561678,8.577869202851476,7.205008440503066,7.9092035
147.088022436023,19.5042816,val,27.606334671355945,27.544569326513916,13.026031671129871,26.457791118580875,26.801611940011888,22.23045
100.419406462608,4.04994816,train,16.90868289275481,16.889746659233975,7.446886681355508,8.888762472265348,8.298356953156597,7.065523
284.028973089753,5.820048,train,58.99673641711839,58.80929648138387,46.2092778539691,44.68385549315809,62.876461918455284,61.088707
48.8211473415386,1.29168,val,5.0810296198643545,5.109446570871952,4.959984490008921,8.416309296418168,4.971461940809527,7.0836153
40.6216500154385,0.0759085714285716,val,3.201493119271378,3.237434981323208,4.915136705996687,8.577869202851476,7.234381634973814,7.5377455
52.4423246684198,0.355633548387096,train,5.911096963057222,5.936190657019118,5.009879610983532,8.416309296418168,7.175493792561052,6.9552584
223.316471600701,27.2800376470588,train,45.07986346104743,44.94814110833152,28.683702971107763,27.608929253066457,46.48848604742567,42.715553
85.637957575333,0.920922352941176,train,13.52039314640072,13.51502226738369,6.340797708987964,8.260207102950234,6.73002038938837,5.5303802
75.3905917717706,2.86644705882353,train,11.171432314202422,11.175465733161568,5.760527801720656,8.138684016062697,6.087293085126852,6.05196
33.1674383492482,0.399168000000001,test,1.4927953354263286,1.5355781387532268,4.955640120631088,8.577869202851476,7.171315409484628,8.112404
74.1646467884524,3.36141473684211,train,10.89041406976312,10.895572573172897,5.701295658196301,8.138684016062697,6.0336373270974395,6.11551
168.033806551084,10.222848,val,32.40764921688094,32.32666133241861,16.545468694839798,18.631598981223775,32.6599472628143,28.263964
46.9058411426803,2.07834745263158,train,4.641991985312389,4.672166667092457,4.9410689381501385,8.416309296418168,7.228260172477704,7.1455817
35.8249279286511,5.6490048,test,2.101960564193945,2.142304514028897,4.932380164561678,8.577869202851476,7.205008440503066,7.9092035
86.7018239261228,6.340032,test,13.764258783346188,13.7579115640324,6.409776946078324,8.260207102950234,6.8023310650896125,5.552474
119.586899644005,5.8158,train,21.30236724028513,21.265840455125005,9.355774070066289,10.506132478104696,13.854494086888142,12.940195
138.749349246747,9.08172,val,25.694895469361015,25.64078276119666,11.798042541684424,17.33967769863663,23.077121712895703,19.578384
62.0505953499169,8.8692725106383,val,8.113560691652708,8.1298366033419,5.232421848989475,8.502870693797894,5.5728229985064255,6.6325645
50.664098947737,7.36536436363636,train,5.50348171356165,5.530207335656763,4.983064149621754,8.416309296418168,7.193208510513679,7.018324
38.2984589185375,7.12952470588235,train,2.6689577343790827,2.7070316547324964,4.919501235194559,8.577869202851476,7.224122023173049,7.7196255
27.0811000102923,7.48149942857143,train,0.09764943707807294,0.14601784556639608,5.045459276796265,7.756973654552722,7.042311537742205,8.689135
40.6216500154385,6.70764521739131,test,3.201493119271378,3.237434981323208,4.915136705996687,8.577869202851476,7.234381634973814,7.5377455
27.0811000102923,3.54938553191489,train,0.09764943707807294,0.14601784556639608,5.045459276796265,7.756973654552722,7.042311537742205,8.689135
159.640730164388,381.5424,train,30.483739397330666,30.410454076901907,15.061171933665463,40.54520602432709,30.652732669849584,25.915735
60.5551805284838,7.250688,train,7.770773002526397,7.788421298772589,5.189143121309158,8.502870693797894,7.067126881141752,6.661085
40.6216500154385,3.051648,val,3.201493119271378,3.237434981323208,4.915136705996687,8.577869202851476,7.234381634973814,7.5377455
33.1674383492482,10.99008,train,1.4927953354263286,1.5355781387532268,4.955640120631088,8.577869202851476,7.171315409484628,8.112404
44.9089238221147,2.45375999999999,val,4.184246974441761,4.216254283833293,4.926836231286742,8.577869202851476,7.239076704382411,7.2119718
27.0811000102923,5.04575999999999,val,0.09764943707807294,0.14601784556639608,5.045459276796265,7.756973654552722,7.042311537742205,8.689135
46.9058411426803,12.75264,train,4.641991985312389,4.672166667092457,4.9410689381501385,8.416309296418168,7.228260172477704,7.1455817
88.791324243983,8.092608,test,14.243226207717166,14.234961394751782,6.550049885568924,8.260207102950234,6.902070161788368,5.636224
38.2984589185375,7.57472556521739,train,2.6689577343790827,2.7070316547324964,4.919501235194559,8.577869202851476,7.224122023173049,7.7196255
38.2984589185375,9.9035136,train,2.6689577343790827,2.7070316547324964,4.919501235194559,8.577869202851476,7.224122023173049,7.7196255
59.0218891123912,5.25846109090909,val,7.4193030199192265,7.438358461146644,5.148084170893156,8.502870693797894,7.089035228652735,6.713283
44.9089238221147,3.74729142857143,train,4.184246974441761,4.216254283833293,4.926836231286742,8.577869202851476,4.480508282030631,7.2119718
33.1674383492482,4.105728,train,1.4927953354263286,1.5355781387532268,4.955640120631088,8.577869202851476,7.171315409484628,8.112404
40.6216500154385,5.574528,train,3.201493119271378,3.237434981323208,4.915136705996687,8.577869202851476,7.234381634973814,7.5377455
92.8293339347406,11.45664,train,15.168842291445666,15.156871682562528,6.839146142930943,9.256382148737387,7.256514444579922,5.967343
121.110361056968,3.14928,train,21.651583932361397,21.613659023492477,9.530462585936476,10.506132478104696,14.579466208613738,13.486647
62.0505953499169,5.20072258064516,train,8.113560691652708,8.1298366033419,5.232421848989475,8.502870693797894,5.5728229985064255,6.6325645
30.2775902642419,3.21968432432432,train,0.8303675376089403,0.8758024364126911,4.991963442380765,8.672512359878672,7.114767478535199,8.351728
30.2775902642419,4.56768,test,0.8303675376089403,0.8758024364126911,4.991963442380765,8.672512359878672,7.114767478535199,8.351728
38.2984589185375,6.21534315789474,test,2.6689577343790827,2.7070316547324964,4.919501235194559,8.577869202851476,7.224122023173049,7.7196255
40.6216500154385,11.45232,test,3.201493119271378,3.237434981323208,4.915136705996687,8.577869202851476,7.234381634973814,7.5377455
30.2775902642419,6.86304,train,0.8303675376089403,0.8758024364126911,4.991963442380765,8.672512359878672,7.114767478535199,8.351728
67.7027500257308,2.3712,train,9.409180483657966,9.420269252836807,5.4249292641951,8.138684016062697,5.784780860879504,6.4497514
94.7838500360231,7.27796571428572,train,15.616867848044558,15.60310352435041,6.98761204217864,9.256382148737387,7.429411667267364,6.1985607
87.7527934971774,0.560075294117647,test,14.005168145377676,13.997856421507343,6.479536698072977,8.260207102950234,6.873891275069041,5.588745
42.8189787876665,4.80423876923077,train,3.7051776095461015,3.739102920718242,4.917924973705325,8.577869202851476,7.237721038030533,7.3627877
54.1622000205846,2.38045577142857,train,6.305336801464662,6.328852117079996,5.040072263945447,8.416309296418168,7.158361405515588,6.901731
30.2775902642419,4.10184,test,0.8303675376089403,0.8758024364126911,4.991963442380765,8.672512359878672,7.114767478535199,8.351728
71.6498558573022,7.8962688,train,10.313959055696406,10.321425454004999,5.586586292848608,8.138684016062697,5.885632103732596,6.2505503
30.2775902642419,6.16424727272727,test,0.8303675376089403,0.8758024364126911,4.991963442380765,8.672512359878672,7.114767478535199,8.351728
63.5108091408147,3.44583529411765,val,8.448279395679291,8.463215227794693,5.277768176835679,8.502870693797894,5.6285772653685635,6.5967183
123.360281446966,111.20976,val,22.16732377936016,22.127334054793643,9.794621891909799,21.670986955492676,15.718790911049693,14.290262
59.0218891123912,3.1736448,train,7.4193030199192265,7.438358461146644,5.148084170893156,8.502870693797894,7.089035228652735,6.713283
54.1622000205846,1.13332608,train,6.305336801464662,6.328852117079996,5.040072263945447,8.416309296418168,7.158361405515588,6.901731
27.0811000102923,6.77376,train,0.09764943707807294,0.14601784556639608,5.045459276796265,7.756973654552722,7.042311537742205,8.689135
44.9089238221147,6.511104,train,4.184246974441761,4.216254283833293,4.926836231286742,8.577869202851476,7.239076704382411,7.2119718
40.6216500154385,3.99168,train,3.201493119271378,3.237434981323208,4.915136705996687,8.577869202851476,7.234381634973814,7.5377455
140.717523428041,26.39808,train,26.14605181055422,26.090132853171806,12.078903216348635,15.667719617539685,23.933670761946615,20.219458
77.7845377731429,0.833233170731707,train,11.72018655011214,11.722022976988896,5.882459816535231,8.138684016062697,6.8919388745438726,5.9187765
55.8291179001753,0.810474146341464,train,6.687437419780483,6.709422957622485,5.0733382066098045,8.416309296418168,5.330639832727898,6.8436265
33.1674383492482,3.442176,train,1.4927953354263286,1.5355781387532268,4.955640120631088,8.577869202851476,7.171315409484628,8.112404
97.6422946830773,8.00928,train,16.272097167037252,16.255709567691135,7.214772642964462,9.256382148737387,7.964843972492152,6.59078
38.2984589185375,3.64930036363636,train,2.6689577343790827,2.7070316547324964,4.919501235194559,8.577869202851476,7.224122023173049,7.7196255
38.2984589185375,1.39474285714286,val,2.6689577343790827,2.7070316547324964,4.919501235194559,8.577869202851476,7.224122023173049,7.7196255
117.264602856701,6.66412137931035,train,20.770036854243806,20.735641306652006,9.095983829701922,12.150723278865067,12.722400769657352,12.113398
104.88464933684,8.37305379310345,val,17.932231853423055,17.909197739985533,7.843694736210836,11.843995373490367,8.691518194520214,8.092258
52.4423246684198,1.8359617699115,train,5.911096963057222,5.936190657019118,5.009879610983532,8.416309296418168,7.175493792561052,6.9552584
62.0505953499169,0.69145287804878,train,8.113560691652708,8.1298366033419,5.232421848989475,8.502870693797894,7.045759783739391,6.6325645
82.3639502109324,2.17443945205479,test,12.76990612263972,12.767539892956114,6.138839538953107,8.260207102950234,6.872356039041063,5.6618714
106.618397358971,7.14300631578947,train,18.329651665983192,18.30502644285678,8.005608978817534,9.568990178717561,8.880579440893678,8.601391
104.006938095831,162.3456,train,17.731037774219445,17.708809161259385,7.763398177954286,12.219238428893163,8.563863001158783,7.8638906
104.88464933684,1.69536,val,17.932231853423055,17.909197739985533,7.843694736210836,11.843995373490367,8.691518194520214,8.092258
54.1622000205846,6.581952,train,6.305336801464662,6.328852117079996,5.040072263945447,8.416309296418168,7.158361405515588,6.901731
57.4476883778063,3.11522232558139,train,7.058455565222895,7.0789556950723584,5.10941716955513,8.416309296418168,5.419548845093561,6.7808275
57.4476883778063,7.16256,train,7.058455565222895,7.0789556950723584,5.10941716955513,8.416309296418168,7.111528448151205,6.7808275
77.7845377731429,2.17344,train,11.72018655011214,11.722022976988896,5.882459816535231,8.138684016062697,6.2109810168352935,5.9187765
23.4529205713402,1.86351157894737,test,-0.7340229709980521,-0.6823248794273624,5.123031848621139,7.940271385465172,3.5058142444807086,9.128229
151.992296843211,36.7215709090909,test,28.73052099530198,28.6642548588647,13.794598734345186,29.995245190375762,28.553534357329383,23.711634
100.419406462608,1.92605538461538,train,16.90868289275481,16.889746659233975,7.446886681355508,8.888762472265348,8.298356953156597,7.065523
72.918093356958,2.67095630769231,train,10.604671836885592,10.61097433770287,5.643294419690875,8.138684016062697,5.984502997987943,6.176456
63.5108091408147,2.53584,train,8.448279395679291,8.463215227794693,5.277768176835679,8.502870693797894,5.6285772653685635,6.5967183
23.4529205713402,1.76865882352941,train,-0.7340229709980521,-0.6823248794273624,5.123031848621139,7.940271385465172,3.5058142444807086,9.128229
42.8189787876665,2.446848,test,3.7051776095461015,3.739102920718242,4.917924973705325,8.577869202851476,7.237721038030533,7.3627877
117.264602856701,14.0770683870968,test,20.770036854243806,20.735641306652006,9.095983829701922,12.150723278865067,12.722400769657352,12.113398
52.4423246684198,4.05525221052632,train,5.911096963057222,5.936190657019118,5.009879610983532,8.416309296418168,7.175493792561052,6.9552584
96.6988687448568,2.80407272727273,train,16.05583958245981,16.04031779183093,7.138480854485735,9.256382148737387,7.676328865686096,6.4510264
96.6988687448568,10.6260218181818,train,16.05583958245981,16.04031779183093,7.138480854485735,9.256382148737387,7.676328865686096,6.4510264
69.0435287010191,1.98288,train,9.716521575336774,9.726379873931835,5.477326320368633,8.138684016062697,6.959540928408133,6.3888025
46.9058411426803,48.034944,test,4.641991985312389,4.672166667092457,4.9410689381501385,8.416309296418168,7.228260172477704,7.1455817
54.1622000205846,2.35501714285714,val,6.305336801464662,6.328852117079996,5.040072263945447,8.416309296418168,7.158361405515588,6.901731
89.8178476442293,3.34738285714286,train,14.478531876192017,14.46932499361377,6.621290947788836,8.260207102950234,7.072425457126865,5.704317
121.110361056968,7.81410461538462,train,21.651583932361397,21.613659023492477,9.530462585936476,10.506132478104696,14.579466208613738,13.486647
63.5108091408147,12.7471104,train,8.448279395679291,8.463215227794693,5.277768176835679,8.502870693797894,5.6285772653685635,6.5967183
63.5108091408147,8.85706971428571,test,8.448279395679291,8.463215227794693,5.277768176835679,8.502870693797894,5.6285772653685635,6.5967183
59.0218891123912,10.783111245283,train,7.4193030199192265,7.438358461146644,5.148084170893156,8.502870693797894,7.089035228652735,6.713283
38.2984589185375,4.73848094117647,train,2.6689577343790827,2.7070316547324964,4.919501235194559,8.577869202851476,7.224122023173049,7.7196255
46.9058411426803,8.6273657704918,train,4.641991985312389,4.672166667092457,4.9410689381501385,8.416309296418168,7.228260172477704,7.1455817
166.389064125986,187.06464,test,32.03063178531165,31.951153327579682,16.246871556503947,23.291781406690212,32.12868529391158,27.80868
38.2984589185375,7.12878545454545,train,2.6689577343790827,2.7070316547324964,4.919501235194559,8.577869202851476,7.224122023173049,7.7196255
107.474783785953,11.7508867605634,train,18.5259575471988,18.500546393981033,8.087205237109885,9.568990178717561,9.118244565859387,8.875697
108.324400041169,10.181376,train,18.720711530237793,18.694520660107152,8.169213979366432,9.568990178717561,9.243117064511347,9.149516
63.5108091408147,7.69061647058824,val,8.448279395679291,8.463215227794693,5.277768176835679,8.502870693797894,7.025199479339319,6.5967183
111.658235800351,8.98923789473684,train,19.48491276686957,19.45566234119227,8.501184405286622,10.752660072344868,10.213334565560379,10.234683
52.4423246684198,8.4009205479452,test,5.911096963057222,5.936190657019118,5.009879610983532,8.416309296418168,7.175493792561052,6.9552584
64.9381965576721,10.6642285714286,train,8.775473447189109,8.789099325424372,5.325046791791166,8.502870693797894,5.674702531863223,6.553981
33.1674383492482,11.1531658378378,train,1.4927953354263286,1.5355781387532268,4.955640120631088,8.577869202851476,7.171315409484628,8.112404
59.0218891123912,9.81731781818182,train,7.4193030199192265,7.438358461146644,5.148084170893156,8.502870693797894,7.089035228652735,6.713283
156.157240500618,11.117871627907,val,29.68523362165915,29.61514519840602,14.474078925844708,27.75913476975382,29.739014395710477,24.925282
129.876393115344,10.2010206315789,train,23.66098482168669,23.615015076795906,10.601116247283997,15.103731547614636,18.645387422678247,16.581936
74.1646467884524,1.98422068965517,val,10.89041406976312,10.895572573172897,5.701295658196301,8.138684016062697,6.0336373270974395,6.11551
107.474783785953,10.3159484081633,train,18.5259575471988,18.500546393981033,8.087205237109885,9.568990178717561,9.118244565859387,8.875697
95.7461472963438,7.56598153846154,train,15.837451226910497,15.822803775752062,7.0627550371861645,9.256382148737387,7.7176176093008895,6.318451
38.2984589185375,5.39136,train,2.6689577343790827,2.7070316547324964,4.919501235194559,8.577869202851476,7.224122023173049,7.7196255
42.8189787876665,5.85924923076923,test,3.7051776095461015,3.739102920718242,4.917924973705325,8.577869202851476,7.237721038030533,7.3627877
60.5551805284838,4.75855448275862,train,7.770773002526397,7.788421298772589,5.189143121309158,8.502870693797894,7.067126881141752,6.661085
60.5551805284838,10.52352,test,7.770773002526397,7.788421298772589,5.189143121309158,8.502870693797894,7.067126881141752,6.661085
42.8189787876665,3.4048512,train,3.7051776095461015,3.739102920718242,4.917924973705325,8.577869202851476,7.237721038030533,7.3627877
44.9089238221147,3.55513263157895,train,4.184246974441761,4.216254283833293,4.926836231286742,8.577869202851476,7.239076704382411,7.2119718
153.791084861901,6.02686523076923,train,29.142849654425426,29.07493271925138,14.08504900725903,24.90676363786243,29.110198659186068,24.240646
151.992296843211,6.01397169230769,test,28.73052099530198,28.6642548588647,13.794598734345186,29.995245190375762,28.602326487622157,23.711634
147.088022436023,41.05728,train,27.606334671355945,27.544569326513916,13.026031671129871,26.457791118580875,26.8976596940293,22.23045
109.167404195214,0.931941818181818,test,18.913949848961984,18.88698533003108,8.25162547498526,10.17771666925545,9.541189386165781,9.422532
164.727900421865,16.0423060645161,train,31.649850172587996,31.571896211859475,15.949106753732963,23.291781406690212,31.63215989301294,27.344477
78.9542957097545,9.66574079999999,test,11.988325272680095,11.989088179551146,5.945057611502648,8.138684016062697,6.279758743861945,5.855558
46.9058411426803,2.83176,val,4.641991985312389,4.672166667092457,4.9410689381501385,8.416309296418168,7.228260172477704,7.1455817
131.976956215761,9.54364235294118,train,24.142488121464005,24.094590630292593,10.874208237685338,15.103731547614636,19.652631428615017,17.305767
40.6216500154385,8.820576,train,3.201493119271378,3.237434981323208,4.915136705996687,8.577869202851476,7.234381634973814,7.5377455
232.172068444737,37.7519616,train,47.1097949118353,46.96994552695574,30.987017430546047,27.608929253066457,48.873411901638505,45.13129
38.2984589185375,7.26084,val,2.6689577343790827,2.7070316547324964,4.919501235194559,8.577869202851476,7.224122023173049,7.7196255
106.618397358971,0.422619428571429,test,18.329651665983192,18.30502644285678,8.005608978817534,9.568990178717561,8.880579440893678,8.601391
35.8249279286511,2.43401142857143,train,2.101960564193945,2.142304514028897,4.932380164561678,8.577869202851476,7.205008440503066,7.9092035
168.033806551084,3.41747576470588,train,32.40764921688094,32.32666133241861,16.545468694839798,18.631598981223775,32.6599472628143,28.263964
93.8116822853606,12.4963542486486,test,15.394021897933294,15.381149760132118,6.913069552473701,9.256382148737387,7.46545943271768,6.0806227
33.1674383492482,1.86225230769231,test,1.4927953354263286,1.5355781387532268,4.955640120631088,8.577869202851476,7.171315409484628,8.112404
42.8189787876665,1.505088,train,3.7051776095461015,3.739102920718242,4.917924973705325,8.577869202851476,7.237721038030533,7.3627877
38.2984589185375,3.41184,train,2.6689577343790827,2.7070316547324964,4.919501235194559,8.577869202851476,7.224122023173049,7.7196255
128.456936363,6.96803657142857,train,23.33560868325545,23.290941614049252,10.420188560181344,15.103731547614636,18.15203413704845,16.088272
93.8116822853606,3.19299054545454,val,15.394021897933294,15.381149760132118,6.913069552473701,9.256382148737387,7.428982648206304,6.0806227
44.9089238221147,0.592245551020408,train,4.184246974441761,4.216254283833293,4.926836231286742,8.577869202851476,7.239076704382411,7.2119718
52.4423246684198,4.72673132307692,train,5.911096963057222,5.936190657019118,5.009879610983532,8.416309296418168,7.175493792561052,6.9552584
72.918093356958,2.3616,train,10.604671836885592,10.61097433770287,5.643294419690875,8.138684016062697,5.984502997987943,6.176456
27.0811000102923,3.54985100917431,train,0.09764943707807294,0.14601784556639608,5.045459276796265,7.756973654552722,7.042311537742205,8.689135
66.3348766984964,5.13216,train,9.095628598161174,9.107972703453662,5.374136719118937,8.453185378244498,5.743243514906525,6.504825
78.9542957097545,4.49985802816902,test,11.988325272680095,11.989088179551146,5.945057611502648,8.138684016062697,6.279758743861945,5.855558
72.918093356958,3.04249690140845,train,10.604671836885592,10.61097433770287,5.643294419690875,8.138684016062697,5.984502997987943,6.176456
57.4476883778063,2.20120615384615,train,7.058455565222895,7.0789556950723584,5.10941716955513,8.416309296418168,7.111528448151205,6.7808275
94.7838500360231,7.22213052631579,val,15.616867848044558,15.60310352435041,6.98761204217864,9.256382148737387,7.429411667267364,6.1985607
46.9058411426803,3.326208,test,4.641991985312389,4.672166667092457,4.9410689381501385,8.416309296418168,7.228260172477704,7.1455817
62.0505953499169,3.81764571428572,train,8.113560691652708,8.1298366033419,5.232421848989475,8.502870693797894,5.5728229985064255,6.6325645
120.351040963123,4.565376,train,21.47752816098228,21.440300101680233,9.442972808020883,10.506132478104696,14.2311757870924,13.214479
71.6498558573022,1.34174117647059,val,10.313959055696406,10.321425454004999,5.586586292848608,8.138684016062697,5.939489877647621,6.2505503
40.6216500154385,2.62596413793103,train,3.201493119271378,3.237434981323208,4.915136705996687,8.577869202851476,7.234381634973814,7.5377455
33.1674383492482,5.75195904,train,1.4927953354263286,1.5355781387532268,4.955640120631088,8.577869202851476,7.171315409484628,8.112404
38.2984589185375,5.04372705882353,train,2.6689577343790827,2.7070316547324964,4.919501235194559,8.577869202851476,7.224122023173049,7.7196255
50.664098947737,1.9296,train,5.50348171356165,5.530207335656763,4.983064149621754,8.416309296418168,5.079859345192693,7.018324
23.4529205713402,0.174959999999999,test,-0.7340229709980521,-0.6823248794273624,5.123031848621139,7.940271385465172,6.958236507176085,9.128229
134.726771466344,12.2053670886076,train,24.77281677794229,24.722395703394266,11.241343160102474,16.69958658658095,21.070129040945794,18.240337
62.0505953499169,0.161034893617022,val,8.113560691652708,8.1298366033419,5.232421848989475,8.502870693797894,5.5728229985064255,6.6325645
46.9058411426803,1.82988467532468,train,4.641991985312389,4.672166667092457,4.9410689381501385,8.416309296418168,7.228260172477704,7.1455817
38.2984589185375,5.3699328,train,2.6689577343790827,2.7070316547324964,4.919501235194559,8.577869202851476,7.224122023173049,7.7196255
33.1674383492482,3.70008,test,1.4927953354263286,1.5355781387532268,4.955640120631088,8.577869202851476,7.171315409484628,8.112404
91.8364782879097,2.64184615384615,train,14.941254141364992,14.930194704243371,6.765861345983282,9.256382148737387,7.167397063627841,5.869474
99.5023150477446,8.82790121739131,test,16.698461860896018,16.680367268154097,7.368990563557972,8.888762472265348,8.010436459145929,6.9014497
81.2433000308769,2.15058791489362,train,12.51302416585125,12.511686388593597,6.073288479914737,8.260207102950234,6.877234913259631,5.726878
66.3348766984964,1.80696592340426,train,9.095628598161174,9.107972703453662,5.374136719118937,8.453185378244498,6.9899479190566165,6.504825
38.2984589185375,1.103544,train,2.6689577343790827,2.7070316547324964,4.919501235194559,8.577869202851476,7.224122023173049,7.7196255
52.4423246684198,1.93616372093023,train,5.911096963057222,5.936190657019118,5.009879610983532,8.416309296418168,7.175493792561052,6.9552584
103.121756567797,0.770688,train,17.528131312344676,17.506715055556164,7.683557003063584,8.888762472265348,8.602889759773458,7.6413994
57.4476883778063,3.2527872,train,7.058455565222895,7.0789556950723584,5.10941716955513,8.416309296418168,7.111528448151205,6.7808275
196.22121147519,72.0177230769231,val,38.86893023263435,38.762073967930405,22.235735914478113,53.86700957181731,40.00717269662565,35.67623
35.8249279286511,11.8531459459459,train,2.101960564193945,2.142304514028897,4.932380164561678,8.577869202851476,7.205008440503066,7.9092035
151.38795132121,1.27624211320755,train,28.59198939727888,28.5262778858524,13.698043825980108,30.625595418795122,28.364621975911454,23.53221
30.2775902642419,22.3129004651163,train,0.8303675376089403,0.8758024364126911,4.991963442380765,8.672512359878672,7.114767478535199,8.351728
99.5023150477446,16.6241454545455,val,16.698461860896018,16.680367268154097,7.368990563557972,8.888762472265348,8.010436459145929,6.9014497
55.8291179001753,6.22678153846154,train,6.687437419780483,6.709422957622485,5.0733382066098045,8.416309296418168,5.330639832727898,6.8436265
154.386023581936,13.8255026086957,train,29.27922497055151,29.210762043255386,14.182121275962103,24.90676363786243,29.152099379645115,24.413977
113.288369265916,12.3489792,test,19.858581447706236,19.827835002354703,8.66940759766436,12.966571193765166,10.188834739634167,10.771486
66.3348766984964,8.16396387096774,train,9.095628598161174,9.107972703453662,5.374136719118937,8.453185378244498,6.9899479190566165,6.504825
143.299711714604,12.9001846153846,val,26.737956038701235,26.679667333957113,12.455811203109704,15.667719617539685,24.945264673881553,21.046467
52.4423246684198,4.13723076923077,train,5.911096963057222,5.936190657019118,5.009879610983532,8.416309296418168,7.175493792561052,6.9552584
54.1622000205846,10.2834189473684,train,6.305336801464662,6.328852117079996,5.040072263945447,8.416309296418168,7.158361405515588,6.901731
99.5023150477446,6.29756307692307,val,16.698461860896018,16.680367268154097,7.368990563557972,8.888762472265348,8.010436459145929,6.9014497
85.637957575333,13.3505753424658,test,13.52039314640072,13.51502226738369,6.340797708987964,8.260207102950234,6.73002038938837,5.5303802
35.8249279286511,13.622256,train,2.101960564193945,2.142304514028897,4.932380164561678,8.577869202851476,7.205008440503066,7.9092035
63.5108091408147,7.40972065573771,val,8.448279395679291,8.463215227794693,5.277768176835679,8.502870693797894,5.6285772653685635,6.5967183
67.7027500257308,7.64677565217391,train,9.409180483657966,9.420269252836807,5.4249292641951,8.138684016062697,6.974592170669738,6.4497514
103.121756567797,10.7487,test,17.528131312344676,17.506715055556164,7.683557003063584,8.888762472265348,8.568804978872018,7.6413994
80.1069741374945,9.59858526315789,train,12.252548930816696,12.252253992031315,6.008681310758234,8.138684016062697,6.351548498097142,5.7915354
59.0218891123912,6.31152,train,7.4193030199192265,7.438358461146644,5.148084170893156,8.502870693797894,7.089035228652735,6.713283
54.1622000205846,15.858532173913,val,6.305336801464662,6.328852117079996,5.040072263945447,8.416309296418168,7.158361405515588,6.901731
33.1674383492482,8.868096,val,1.4927953354263286,1.5355781387532268,4.955640120631088,8.577869202851476,7.171315409484628,8.112404
93.8116822853606,8.30049882352941,train,15.394021897933294,15.381149760132118,6.913069552473701,9.256382148737387,6.871964289158061,6.0806227
46.9058411426803,9.040896,train,4.641991985312389,4.672166667092457,4.9410689381501385,8.416309296418168,7.228260172477704,7.1455817
62.0505953499169,2.3328,val,8.113560691652708,8.1298366033419,5.232421848989475,8.502870693797894,7.045759783739391,6.6325645
35.8249279286511,7.496064,test,2.101960564193945,2.142304514028897,4.932380164561678,8.577869202851476,7.205008440503066,7.9092035
75.3905917717706,4.89125647058824,test,11.171432314202422,11.175465733161568,5.760527801720656,8.138684016062697,6.902871872630013,6.05196
351.793808570102,36.7067076923077,train,74.53018641734822,74.28055677185019,69.62892566587087,78.17389551089181,87.33634545010842,86.327934
100.419406462608,0.96,train,16.90868289275481,16.889746659233975,7.446886681355508,8.888762472265348,8.298356953156597,7.065523
154.978678442824,13.29552,test,29.415076767191174,29.34606994373523,14.27931821505662,24.90676363786243,29.293871332979677,24.585842
136.080843393287,6.90832340425532,test,25.083205026136056,25.03154128141052,11.426136717134554,21.97014029121511,21.59758616557945,18.694803
86.7018239261228,3.08481662337662,val,13.764258783346188,13.7579115640324,6.409776946078324,8.260207102950234,6.8023310650896125,5.552474
69.0435287010191,4.364928,test,9.716521575336774,9.726379873931835,5.477326320368633,8.138684016062697,5.840228504049434,6.3888025
104.006938095831,0.6728832,val,17.731037774219445,17.708809161259385,7.763398177954286,12.219238428893163,8.563863001158783,7.8638906
95.7461472963438,9.5935104,test,15.837451226910497,15.822803775752062,7.0627550371861645,9.256382148737387,7.7176176093008895,6.318451
54.1622000205846,1.27951488,train,6.305336801464662,6.328852117079996,5.040072263945447,8.416309296418168,5.259177877854261,6.901731
114.094702354545,8.20512,test,20.043413811379303,20.011927371303383,8.754049977569466,12.150723278865067,11.237512860155828,11.040034
69.0435287010191,2.750112,train,9.716521575336774,9.726379873931835,5.477326320368633,8.138684016062697,6.959540928408133,6.3888025
55.8291179001753,2.20092631578947,test,6.687437419780483,6.709422957622485,5.0733382066098045,8.416309296418168,5.330639832727898,6.8436265
98.5766919987619,2.13740307692308,train,16.486285158207757,16.469040035967144,7.291614328470189,8.888762472265348,7.927318145321106,6.738959
64.9381965576721,4.062336,train,8.775473447189109,8.789099325424372,5.325046791791166,8.502870693797894,5.674702531863223,6.553981
143.938020939328,33.4442057142857,train,26.884272994341316,26.82539849513398,12.550453595860162,15.667719617539685,25.557075500889994,21.248411
75.3905917717706,3.22148571428571,test,11.171432314202422,11.175465733161568,5.760527801720656,8.138684016062697,6.902871872630013,6.05196
40.6216500154385,8.0165376,val,3.201493119271378,3.237434981323208,4.915136705996687,8.577869202851476,7.234381634973814,7.5377455
151.38795132121,178.848,train,28.59198939727888,28.5262778858524,13.698043825980108,30.625595418795122,28.364621975911454,23.53221
27.0811000102923,1.21453714285714,test,0.09764943707807294,0.14601784556639608,5.045459276796265,7.756973654552722,7.042311537742205,8.689135
42.8189787876665,3.608064,train,3.7051776095461015,3.739102920718242,4.917924973705325,8.577869202851476,7.237721038030533,7.3627877
42.8189787876665,2.467584,test,3.7051776095461015,3.739102920718242,4.917924973705325,8.577869202851476,7.237721038030533,7.3627877
38.2984589185375,6.984576,train,2.6689577343790827,2.7070316547324964,4.919501235194559,8.577869202851476,7.224122023173049,7.7196255
187.623364570721,26.5955922580645,train,36.89808172317506,36.7991159462114,20.386907937231896,19.13205076594197,37.398711394578534,33.47284
42.8189787876665,4.0932864,train,3.7051776095461015,3.739102920718242,4.917924973705325,8.577869202851476,7.237721038030533,7.3627877
131.280503036571,11.0348509090909,train,23.982843070166183,23.93558473381261,10.78295614648222,15.103731547614636,19.345240330149103,17.066704
62.0505953499169,0.407314285714286,train,8.113560691652708,8.1298366033419,5.232421848989475,8.502870693797894,7.045759783739391,6.6325645
57.4476883778063,3.6246528,train,7.058455565222895,7.0789556950723584,5.10941716955513,8.416309296418168,7.111528448151205,6.7808275
86.7018239261228,2.25453176470588,val,13.764258783346188,13.7579115640324,6.409776946078324,8.260207102950234,6.8023310650896125,5.552474
216.648800082338,332.76096,val,43.551460987784104,43.42585774616151,27.011776609674598,56.51751674136557,44.8339954258744,40.944077
70.3587617140205,0.483840000000002,train,10.018006941622852,10.026658213612299,5.531238966064933,8.138684016062697,6.944783180923738,6.321857
478.922190493165,363.9168,test,103.67129404660928,103.30499508260033,117.78870550225585,78.17389551089181,152.1711289624535,140.10236
63.5108091408147,3.69792,val,8.448279395679291,8.463215227794693,5.277768176835679,8.502870693797894,5.6285772653685635,6.5967183
630.762945121892,266.976,test,138.47711558079516,137.9714680535721,166.59299548965942,78.17389551089181,141.49021620859392,206.93448
48.8211473415386,3.5437824,train,5.0810296198643545,5.109446570871952,4.959984490008921,8.416309296418168,4.971461940809527,7.0836153
83.4695560596246,9.68256,test,13.023339530230624,13.019958654730265,6.2052974967426735,8.260207102950234,6.5601919447033366,5.5967665
54.1622000205846,6.9174,train,6.305336801464662,6.328852117079996,5.040072263945447,8.416309296418168,7.158361405515588,6.901731
381.545693969726,195.67008,val,81.35008675343987,81.07315295963537,80.72704424948655,78.17389551089181,102.35509237655367,98.42208
78.9542957097545,6.9722208,train,11.988325272680095,11.989088179551146,5.945057611502648,8.138684016062697,6.279758743861945,5.855558
40.6216500154385,3.36081355932203,train,3.201493119271378,3.237434981323208,4.915136705996687,8.577869202851476,7.234381634973814,7.5377455
129.168614586553,4.61107862068965,train,23.498743707836432,23.45342351135774,10.51053633884915,15.103731547614636,18.515536524161767,16.336218
54.1622000205846,1.87785931034483,train,6.305336801464662,6.328852117079996,5.040072263945447,8.416309296418168,7.158361405515588,6.901731
60.5551805284838,8.4271104,train,7.770773002526397,7.788421298772589,5.189143121309158,8.502870693797894,7.067126881141752,6.661085
121.864950046315,8.29824,test,21.824555212431058,21.78593779586392,9.618237694801465,17.634430539321098,14.66716100809879,13.756681
42.8189787876665,7.86948196721311,train,3.7051776095461015,3.739102920718242,4.917924973705325,8.577869202851476,4.636777945629948,7.3627877
42.8189787876665,6.048,train,3.7051776095461015,3.739102920718242,4.917924973705325,8.577869202851476,7.237721038030533,7.3627877
98.5766919987619,7.66121142857143,train,16.486285158207757,16.469040035967144,7.291614328470189,8.888762472265348,7.927318145321106,6.738959
42.8189787876665,1.99494620689655,train,3.7051776095461015,3.739102920718242,4.917924973705325,8.577869202851476,7.237721038030533,7.3627877
46.9058411426803,2.67716571428571,train,4.641991985312389,4.672166667092457,4.9410689381501385,8.416309296418168,7.228260172477704,7.1455817
72.918093356958,15.3379509677419,train,10.604671836885592,10.61097433770287,5.643294419690875,8.138684016062697,5.984502997987943,6.176456
70.3587617140205,2.9552144516129,train,10.018006941622852,10.026658213612299,5.531238966064933,8.138684016062697,5.878449316688593,6.321857
62.0505953499169,10.5535514482759,val,8.113560691652708,8.1298366033419,5.232421848989475,8.502870693797894,7.045759783739391,6.6325645
110.834178517301,9.53187096774193,train,19.29601756019126,19.267523395233813,8.417619565017944,10.17771666925545,9.931140819569109,9.965018
44.9089238221147,14.9073808695652,val,4.184246974441761,4.216254283833293,4.926836231286742,8.577869202851476,7.239076704382411,7.2119718
44.9089238221147,6.26427870967742,train,4.184246974441761,4.216254283833293,4.926836231286742,8.577869202851476,7.239076704382411,7.2119718
40.6216500154385,6.43995806896552,val,3.201493119271378,3.237434981323208,4.915136705996687,8.577869202851476,7.234381634973814,7.5377455
85.637957575333,11.9705965714286,train,13.52039314640072,13.51502226738369,6.340797708987964,8.260207102950234,6.73002038938837,5.5303802
110.834178517301,8.48917028571429,val,19.29601756019126,19.267523395233813,8.417619565017944,10.17771666925545,9.931140819569109,9.965018
72.918093356958,12.6267428571429,test,10.604671836885592,10.61097433770287,5.643294419690875,8.138684016062697,5.984502997987943,6.176456
67.7027500257308,1.21453714285714,train,9.409180483657966,9.420269252836807,5.4249292641951,8.138684016062697,5.784780860879504,6.4497514
69.0435287010191,6.50221714285714,train,9.716521575336774,9.726379873931835,5.477326320368633,8.138684016062697,6.959540928408133,6.3888025
62.0505953499169,9.36822857142857,train,8.113560691652708,8.1298366033419,5.232421848989475,8.502870693797894,7.045759783739391,6.6325645
35.8249279286511,13.7820342857143,train,2.101960564193945,2.142304514028897,4.932380164561678,8.577869202851476,7.205008440503066,7.9092035
127.741293266218,16.69248,train,23.171564807356177,23.12755450409898,10.330077120754538,16.789710745897803,17.787084181178265,15.838097
96.6988687448568,3.59424,train,16.05583958245981,16.04031779183093,7.138480854485735,9.256382148737387,7.676328865686096,6.4510264
81.2433000308769,1.816128,train,12.51302416585125,12.511686388593597,6.073288479914737,8.260207102950234,6.424444045785871,5.726878
33.1674383492482,6.90869426086956,train,1.4927953354263286,1.5355781387532268,4.955640120631088,8.577869202851476,7.171315409484628,8.112404
35.8249279286511,0.443321379310345,train,2.101960564193945,2.142304514028897,4.932380164561678,8.577869202851476,7.205008440503066,7.9092035
30.2775902642419,8.1216,val,0.8303675376089403,0.8758024364126911,4.991963442380765,8.672512359878672,7.114767478535199,8.351728
50.664098947737,12.1573737931035,test,5.50348171356165,5.530207335656763,4.983064149621754,8.416309296418168,7.193208510513679,7.018324
171.275915150666,22.5057934883721,test,33.15082422010995,33.066860960714585,17.14502494091019,18.631598981223775,33.41309128328833,29.14814
177.582648487966,9.53347764705882,test,34.59649034274285,34.50673921545077,18.352717733522326,18.899275463713906,35.00672303112361,30.84839
94.7838500360231,7.90128,test,15.616867848044558,15.60310352435041,6.98761204217864,9.256382148737387,7.429411667267364,6.1985607
70.3587617140205,8.42067692307692,train,10.018006941622852,10.026658213612299,5.531238966064933,8.138684016062697,5.826623136491144,6.321857
50.664098947737,9.52128,train,5.50348171356165,5.530207335656763,4.983064149621754,8.416309296418168,7.193208510513679,7.018324
60.5551805284838,0.633550978723404,train,7.770773002526397,7.788421298772589,5.189143121309158,8.502870693797894,5.52368570480322,6.661085
145.206221839198,21.238272,train,27.17497738591458,27.11493902280459,12.740218911259532,26.457791118580875,26.08251839585494,21.646692
50.664098947737,0.390454468085107,test,5.50348171356165,5.530207335656763,4.983064149621754,8.416309296418168,7.193208510513679,7.018324
144.573511980488,7.20653373134328,train,27.0299439495422,26.97048624219856,12.645256993621274,26.457791118580875,25.749648732025392,21.448479
96.6988687448568,6.88707147540984,train,16.05583958245981,16.04031779183093,7.138480854485735,9.256382148737387,7.676328865686096,6.4510264
120.351040963123,16.606675862069,train,21.47752816098228,21.440300101680233,9.442972808020883,10.506132478104696,14.22504161919468,13.214479
177.582648487966,21.7892945454545,test,34.59649034274285,34.50673921545077,18.352717733522326,18.899275463713906,34.95159005840024,30.84839
230.984479743948,37.241856,test,46.83756891772227,46.69880941664597,30.672737422541246,27.608929253066457,48.76884814043473,44.802498
168.033806551084,18.9491744680851,train,32.40764921688094,32.32666133241861,16.545468694839798,18.631598981223775,32.6599472628143,28.263964
59.0218891123912,1.157732352,train,7.4193030199192265,7.438358461146644,5.148084170893156,8.502870693797894,7.089035228652735,6.713283
107.474783785953,7.4898432,train,18.5259575471988,18.500546393981033,8.087205237109885,9.568990178717561,9.118244565859387,8.875697
40.6216500154385,7.31088669767442,val,3.201493119271378,3.237434981323208,4.915136705996687,8.577869202851476,7.234381634973814,7.5377455
64.9381965576721,4.65024,test,8.775473447189109,8.789099325424372,5.325046791791166,8.502870693797894,5.674702531863223,6.553981
116.480215438923,11.2224231325301,train,20.590235004973508,20.556559311942088,9.010009922624917,12.150723278865067,12.194676725711522,11.84497
93.8116822853606,35.7456738461538,val,15.394021897933294,15.381149760132118,6.913069552473701,9.256382148737387,7.428982224692917,6.0806227
85.637957575333,2.5754112,val,13.52039314640072,13.51502226738369,6.340797708987964,8.260207102950234,6.73002038938837,5.5303802
52.4423246684198,7.40818285714286,train,5.911096963057222,5.936190657019118,5.009879610983532,8.416309296418168,7.175493792561052,6.9552584
33.1674383492482,2.12123675675676,train,1.4927953354263286,1.5355781387532268,4.955640120631088,8.577869202851476,7.171315409484628,8.112404
176.0271500669,22.0549060465116,train,34.23992994120432,34.15160633889121,18.049794696412206,18.899275463713906,34.884366625503986,30.433348
57.4476883778063,2.30887384615385,val,7.058455565222895,7.0789556950723584,5.10941716955513,8.416309296418168,7.111528448151205,6.7808275
109.167404195214,10.4672206451613,train,18.913949848961984,18.88698533003108,8.25162547498526,10.17771666925545,9.541189386165781,9.422532
69.0435287010191,5.04576,test,9.716521575336774,9.726379873931835,5.477326320368633,8.138684016062697,6.959540928408133,6.3888025
50.664098947737,6.184512,test,5.50348171356165,5.530207335656763,4.983064149621754,8.416309296418168,7.193208510513679,7.018324
44.9089238221147,15.7119185454545,val,4.184246974441761,4.216254283833293,4.926836231286742,8.577869202851476,7.239076704382411,7.2119718
78.9542957097545,5.45163906976744,train,11.988325272680095,11.989088179551146,5.945057611502648,8.138684016062697,6.887203571363507,5.855558
35.8249279286511,9.0815904,train,2.101960564193945,2.142304514028897,4.932380164561678,8.577869202851476,7.205008440503066,7.9092035
184.668481247306,25.1069305263158,train,36.22074616948527,36.124492172679645,19.7741738136681,18.899275463713906,36.9776255862845,32.708527
48.8211473415386,7.5024,train,5.0810296198643545,5.109446570871952,4.959984490008921,8.416309296418168,7.211566968814589,7.0836153
46.9058411426803,14.10048,val,4.641991985312389,4.672166667092457,4.9410689381501385,8.416309296418168,7.228260172477704,7.1455817
35.8249279286511,7.59592421052632,train,2.101960564193945,2.142304514028897,4.932380164561678,8.577869202851476,7.205008440503066,7.9092035
38.2984589185375,7.61107474285714,val,2.6689577343790827,2.7070316547324964,4.919501235194559,8.577869202851476,7.224122023173049,7.7196255
42.8189787876665,13.1747657142857,train,3.7051776095461015,3.739102920718242,4.917924973705325,8.577869202851476,7.237721038030533,7.3627877
176.547172322631,4.47752930232558,val,34.35913246934662,34.270331627873624,18.150698376658426,18.899275463713906,34.893539925467024,30.572416
80.1069741374945,1.42350967741936,val,12.252548930816696,12.252253992031315,6.008681310758234,8.138684016062697,6.349226797709452,5.7915354
104.006938095831,6.82679172413793,test,17.731037774219445,17.708809161259385,7.763398177954286,12.219238428893163,8.563863001158783,7.8638906
35.8249279286511,8.76096,train,2.101960564193945,2.142304514028897,4.932380164561678,8.577869202851476,7.205008440503066,7.9092035
108.324400041169,11.4738212571429,val,18.720711530237793,18.694520660107152,8.169213979366432,9.568990178717561,9.335020316523302,9.149516
70.3587617140205,2.87341714285714,train,10.018006941622852,10.026658213612299,5.531238966064933,8.138684016062697,5.878449316688593,6.321857
48.8211473415386,9.76477090909091,test,5.0810296198643545,5.109446570871952,4.959984490008921,8.416309296418168,7.211566968814589,7.0836153
54.1622000205846,9.18308571428572,train,6.305336801464662,6.328852117079996,5.040072263945447,8.416309296418168,7.158361405515588,6.901731
133.358951558794,6.20784,test,24.459277137616475,24.410111350157337,11.057357678302012,16.69958658658095,20.48592112245032,17.777294
38.2984589185375,3.03264,train,2.6689577343790827,2.7070316547324964,4.919501235194559,8.577869202851476,7.224122023173049,7.7196255
185.658667869481,173.581056,train,36.447722510199796,36.350559791072214,19.97820016946247,20.8247311547193,37.20836753791246,32.965244
35.8249279286511,7.40016,train,2.101960564193945,2.142304514028897,4.932380164561678,8.577869202851476,7.205008440503066,7.9092035
40.6216500154385,3.84912,train,3.201493119271378,3.237434981323208,4.915136705996687,8.577869202851476,7.234381634973814,7.5377455
60.5551805284838,3.77136,train,7.770773002526397,7.788421298772589,5.189143121309158,8.502870693797894,5.52368570480322,6.661085
35.8249279286511,4.09536,train,2.101960564193945,2.142304514028897,4.932380164561678,8.577869202851476,7.205008440503066,7.9092035
103.121756567797,4.71995345454545,train,17.528131312344676,17.506715055556164,7.683557003063584,8.888762472265348,8.568804978872018,7.6413994
95.7461472963438,6.88058181818182,train,15.837451226910497,15.822803775752062,7.0627550371861645,9.256382148737387,7.7176176093008895,6.318451
46.9058411426803,1.45476,test,4.641991985312389,4.672166667092457,4.9410689381501385,8.416309296418168,7.228260172477704,7.1455817
131.976956215761,27.64368,train,24.142488121464005,24.094590630292593,10.874208237685338,15.103731547614636,19.816044916026733,17.305767
30.2775902642419,4.9450852173913,test,0.8303675376089403,0.8758024364126911,4.991963442380765,8.672512359878672,7.114767478535199,8.351728
69.0435287010191,0.749323636363635,train,9.716521575336774,9.726379873931835,5.477326320368633,8.138684016062697,6.959540928408133,6.3888025
76.5969178370751,1.84032,train,11.447953396066707,11.45087973541222,5.820933516328921,8.138684016062697,6.134708373398399,5.986246
122.614895278807,6.58368,train,21.996462023526362,21.957156360968273,9.706292591508742,17.634430539321098,15.25580988797064,14.024561
111.658235800351,0.894239999999997,train,19.48491276686957,19.45566234119227,8.501184405286622,10.752660072344868,10.081881727657462,10.234683
470.814094712778,179.283456,train,101.81270914030874,101.45385120555551,114.75816198616778,78.17389551089181,150.7265756209058,136.54973
75.3905917717706,1.01088,train,11.171432314202422,11.175465733161568,5.760527801720656,8.138684016062697,6.902871872630013,6.05196
91.8364782879097,9.51951673469388,train,14.941254141364992,14.930194704243371,6.765861345983282,9.256382148737387,7.167397063627841,5.869474
129.168614586553,15.3513290322581,test,23.498743707836432,23.45342351135774,10.51053633884915,15.103731547614636,18.515536524161767,16.336218
124.101190699834,22.6565485714286,val,22.337159310613984,22.296489632631058,9.883220364361335,21.670986955492676,16.115224428598186,14.553776
59.0218891123912,12.6195372972973,train,7.4193030199192265,7.438358461146644,5.148084170893156,8.502870693797894,7.089035228652735,6.713283
82.3639502109324,9.19841684210526,val,12.76990612263972,12.767539892956114,6.138839538953107,8.260207102950234,6.872356039041063,5.6618714
89.8178476442293,3.08118797080292,train,14.478531876192017,14.46932499361377,6.621290947788836,8.260207102950234,7.072425457126865,5.704317
40.6216500154385,8.33427692307692,train,3.201493119271378,3.237434981323208,4.915136705996687,8.577869202851476,7.234381634973814,7.5377455
33.1674383492482,5.28768,train,1.4927953354263286,1.5355781387532268,4.955640120631088,8.577869202851476,7.171315409484628,8.112404
23.4529205713402,6.15371294117647,val,-0.7340229709980521,-0.6823248794273624,5.123031848621139,7.940271385465172,6.958236507176085,9.128229
33.1674383492482,7.79853913043478,train,1.4927953354263286,1.5355781387532268,4.955640120631088,8.577869202851476,7.171315409484628,8.112404
96.6988687448568,8.43561931034483,train,16.05583958245981,16.04031779183093,7.138480854485735,9.256382148737387,7.676328865686096,6.4510264
27.0811000102923,1.327104,test,0.09764943707807294,0.14601784556639608,5.045459276796265,7.756973654552722,7.042311537742205,8.689135
38.2984589185375,18.2719455319149,train,2.6689577343790827,2.7070316547324964,4.919501235194559,8.577869202851476,7.224122023173049,7.7196255
118.81784408086,7.45344,train,21.12607984796975,21.09025884689255,9.268872254209612,10.506132478104696,13.348153339731727,12.663833
27.0811000102923,2.94377142857143,test,0.09764943707807294,0.14601784556639608,5.045459276796265,7.756973654552722,7.042311537742205,8.689135
38.2984589185375,3.27811764705882,val,2.6689577343790827,2.7070316547324964,4.919501235194559,8.577869202851476,7.224122023173049,7.7196255
93.8116822853606,4.70414769230769,train,15.394021897933294,15.381149760132118,6.913069552473701,9.256382148737387,7.428982224692917,6.0806227
63.5108091408147,3.16224,test,8.448279395679291,8.463215227794693,5.277768176835679,8.502870693797894,5.6285772653685635,6.5967183
55.8291179001753,2.06866285714286,test,6.687437419780483,6.709422957622485,5.0733382066098045,8.416309296418168,5.330639832727898,6.8436265
71.6498558573022,1.59179294117647,test,10.313959055696406,10.321425454004999,5.586586292848608,8.138684016062697,5.939489877647621,6.2505503
38.2984589185375,1.44411428571429,train,2.6689577343790827,2.7070316547324964,4.919501235194559,8.577869202851476,7.224122023173049,7.7196255
270.811000102923,49.373507368421,train,55.96683571655738,55.79152628918881,42.06778881855094,41.769127183750406,59.2278229389559,56.718605
55.8291179001753,0.02592,val,6.687437419780483,6.709422957622485,5.0733382066098045,8.416309296418168,5.330639832727898,6.8436265
172.874169828878,28.8858763636364,train,33.517185459765564,33.43175543676247,17.445920126671467,18.631598981223775,33.7735621615773,29.582909
508.447201942372,155.602944,train,110.4391890153127,110.0457941116505,128.58496084710484,78.17389551089181,147.41335924393297,153.0802
88.791324243983,1.556496,train,14.243226207717166,14.234961394751782,6.550049885568924,8.260207102950234,6.902070161788368,5.636224
183.672956575819,18.00768,train,35.99254621003841,35.897205834433855,19.570374268002183,18.899275463713906,36.50846084424145,32.44975
46.9058411426803,1.72268307692308,val,4.641991985312389,4.672166667092457,4.9410689381501385,8.416309296418168,7.228260172477704,7.1455817
131.280503036571,8.95911476635514,test,23.982843070166183,23.93558473381261,10.78295614648222,15.103731547614636,19.345240330149103,17.066704
52.4423246684198,0.551908173913043,train,5.911096963057222,5.936190657019118,5.009879610983532,8.416309296418168,7.175493792561052,6.9552584
149.560263178116,7.30629818181818,train,28.17303608343225,28.109001893205644,13.409192255930407,30.625595418795122,27.836400833127605,22.984312
171.810318680631,12.082608,train,33.273323307635444,33.18886961097731,17.245243254849,18.631598981223775,33.59930673145766,29.292933
66.3348766984964,2.3991552,val,9.095628598161174,9.107972703453662,5.374136719118937,8.453185378244498,6.9899479190566165,6.504825
46.9058411426803,1.54243938461538,train,4.641991985312389,4.672166667092457,4.9410689381501385,8.416309296418168,7.228260172477704,7.1455817
33.1674383492482,0.520811162790698,train,1.4927953354263286,1.5355781387532268,4.955640120631088,8.577869202851476,7.171315409484628,8.112404
27.0811000102923,1.00224,train,0.09764943707807294,0.14601784556639608,5.045459276796265,7.756973654552722,7.042311537742205,8.689135
104.88464933684,5.73135567567568,train,17.932231853423055,17.909197739985533,7.843694736210836,11.843995373490367,8.691518194520214,8.092258
94.7838500360231,8.14529828571428,train,15.616867848044558,15.60310352435041,6.98761204217864,9.256382148737387,7.429411667267364,6.1985607
131.976956215761,14.1090624,train,24.142488121464005,24.094590630292593,10.874208237685338,15.103731547614636,19.816044916026733,17.305767
48.8211473415386,1.334016,train,5.0810296198643545,5.109446570871952,4.959984490008921,8.416309296418168,4.971461940809527,7.0836153
229.391464324231,43.1214545454545,train,46.472408651392925,46.33511110570836,30.25376994259028,27.608929253066457,48.26091328888953,44.36395
123.360281446966,30.9861818181818,val,22.16732377936016,22.127334054793643,9.794621891909799,21.670986955492676,15.718790911049693,14.290262
54.1622000205846,3.9937536,train,6.305336801464662,6.328852117079996,5.040072263945447,8.416309296418168,7.158361405515588,6.901731
145.836186713916,44.8144457142857,val,27.319381601079698,27.25876510135295,12.835336913456132,26.457791118580875,26.413885434187314,21.843079
156.743198433647,25.5024778378378,train,29.819550309516877,29.74892413606438,14.571639185514456,32.67945506452365,29.76910248077853,25.092897
191.970428407124,15.66864,train,37.89454099695511,37.79158579632661,21.309473144794268,19.13205076594197,38.59788785589613,34.58947
40.6216500154385,4.540032,test,3.201493119271378,3.237434981323208,4.915136705996687,8.577869202851476,7.234381634973814,7.5377455
48.8211473415386,12.241044,train,5.0810296198643545,5.109446570871952,4.959984490008921,8.416309296418168,7.211566968814589,7.0836153
33.1674383492482,4.26588631578947,train,1.4927953354263286,1.5355781387532268,4.955640120631088,8.577869202851476,7.171315409484628,8.112404
64.9381965576721,10.2525509189189,train,8.775473447189109,8.789099325424372,5.325046791791166,8.502870693797894,5.5674562368660006,6.553981
131.280503036571,8.86873064727273,train,23.982843070166183,23.93558473381261,10.78295614648222,15.103731547614636,19.345240330149103,17.066704
199.464757022097,270.57024,train,39.61243462129266,39.5026016629284,22.95841543559203,53.86700957181731,40.85556487784239,36.504536
91.8364782879097,3.35664,train,14.941254141364992,14.930194704243371,6.765861345983282,9.256382148737387,6.875993172008863,5.869474
245.603331963093,23.89824,train,50.188587309446824,50.03641167343653,34.654479856516346,25.060501367933668,51.626929926849975,48.958305
103.121756567797,0.164945454545455,val,17.528131312344676,17.506715055556164,7.683557003063584,8.888762472265348,8.568804978872018,7.6413994
105.755076289291,3.44474422018349,train,18.131756185606676,18.107923256689723,7.924435310800376,9.568990178717561,8.899827489064043,8.342243
85.637957575333,4.64499279503106,train,13.52039314640072,13.51502226738369,6.340797708987964,8.260207102950234,6.73002038938837,5.5303802
50.664098947737,1.62432,train,5.50348171356165,5.530207335656763,4.983064149621754,8.416309296418168,7.193208510513679,7.018324
67.7027500257308,6.05624366972477,train,9.409180483657966,9.420269252836807,5.4249292641951,8.138684016062697,6.974592170669738,6.4497514
139.408494758524,25.47288,train,25.845988639992754,25.791271015314123,11.89148379500429,16.248217817277673,23.341724406843362,19.7941
99.5023150477446,0.817242352941177,train,16.698461860896018,16.680367268154097,7.368990563557972,8.888762472265348,8.194843505152644,6.9014497
50.664098947737,1.924236,train,5.50348171356165,5.530207335656763,4.983064149621754,8.416309296418168,7.193208510513679,7.018324
27.0811000102923,5.2416,train,0.09764943707807294,0.14601784556639608,5.045459276796265,7.756973654552722,7.042311537742205,8.689135
23.4529205713402,5.52817694117647,train,-0.7340229709980521,-0.6823248794273624,5.123031848621139,7.940271385465172,6.958236507176085,9.128229
134.044606214881,12.28608,test,24.61644688859802,24.56665185643169,11.149247693115797,16.69958658658095,20.55787943501356,18.00987
33.1674383492482,5.246208,train,1.4927953354263286,1.5355781387532268,4.955640120631088,8.577869202851476,7.171315409484628,8.112404
64.9381965576721,0.409769513513513,train,8.775473447189109,8.789099325424372,5.325046791791166,8.502870693797894,5.674702531863223,6.553981
80.1069741374945,9.13124571428572,val,12.252548930816696,12.252253992031315,6.008681310758234,8.138684016062697,6.882184090700446,5.7915354
40.6216500154385,6.81000585365854,train,3.201493119271378,3.237434981323208,4.915136705996687,8.577869202851476,7.234381634973814,7.5377455
87.7527934971774,7.09064470588236,val,14.005168145377676,13.997856421507343,6.479536698072977,8.260207102950234,6.894329607613648,5.588745
54.1622000205846,2.76147692307692,train,6.305336801464662,6.328852117079996,5.040072263945447,8.416309296418168,7.158361405515588,6.901731
142.014486544877,8.69134628571429,val,26.443349244905058,26.386240027718443,12.267019631634085,15.667719617539685,24.76002500055594,20.63685
42.8189787876665,8.445384,val,3.7051776095461015,3.739102920718242,4.917924973705325,8.577869202851476,7.237721038030533,7.3627877
30.2775902642419,5.28768,train,0.8303675376089403,0.8758024364126911,4.991963442380765,8.672512359878672,7.114767478535199,8.351728
173.403647852246,47.6327747368421,test,33.63855549400098,33.552639554012096,17.54637648058403,18.631598981223775,33.93495803121321,29.726635
35.8249279286511,5.03094857142857,val,2.101960564193945,2.142304514028897,4.932380164561678,8.577869202851476,7.205008440503066,7.9092035
35.8249279286511,2.64079058823529,val,2.101960564193945,2.142304514028897,4.932380164561678,8.577869202851476,7.205008440503066,7.9092035
40.6216500154385,5.868288,test,3.201493119271378,3.237434981323208,4.915136705996687,8.577869202851476,7.234381634973814,7.5377455
50.664098947737,0.983108571428571,train,5.50348171356165,5.530207335656763,4.983064149621754,8.416309296418168,7.193208510513679,7.018324
120.351040963123,12.9687616901408,val,21.47752816098228,21.440300101680233,9.442972808020883,10.506132478104696,14.2311757870924,13.214479
127.021618281629,9.70612363636364,test,23.006596718667012,22.963246881536502,10.240206341079599,16.789710745897803,17.331782302832814,15.585684
57.4476883778063,3.63366,train,7.058455565222895,7.0789556950723584,5.10941716955513,8.416309296418168,7.111528448151205,6.7808275
78.9542957097545,3.09402947368421,train,11.988325272680095,11.989088179551146,5.945057611502648,8.138684016062697,6.279758743861945,5.855558
55.8291179001753,0.286484210526316,train,6.687437419780483,6.709422957622485,5.0733382066098045,8.416309296418168,7.1346560907034435,6.8436265
83.4695560596246,13.32,train,13.023339530230624,13.019958654730265,6.2052974967426735,8.260207102950234,6.5601919447033366,5.5967665
40.6216500154385,1.99281038961039,train,3.201493119271378,3.237434981323208,4.915136705996687,8.577869202851476,7.234381634973814,7.5377455
63.5108091408147,2.49441882352941,train,8.448279395679291,8.463215227794693,5.277768176835679,8.502870693797894,7.025199479339319,6.5967183
376.709684900723,191.2896,test,80.24154860763709,79.96905295639256,78.90169714816766,78.17389551089181,99.61543509747287,96.428474
35.8249279286511,1.70208,train,2.101960564193945,2.142304514028897,4.932380164561678,8.577869202851476,7.205008440503066,7.9092035
83.4695560596246,10.196064,test,13.023339530230624,13.019958654730265,6.2052974967426735,8.260207102950234,6.871113450763521,5.5967665
146.463442024616,92.254464,train,27.463164714210144,27.401972564510316,12.93060861336636,26.457791118580875,26.701268066196455,22.037659
33.1674383492482,0.4104,val,1.4927953354263286,1.5355781387532268,4.955640120631088,8.577869202851476,7.171315409484628,8.112404
44.9089238221147,2.361312,train,4.184246974441761,4.216254283833293,4.926836231286742,8.577869202851476,7.239076704382411,7.2119718
30.2775902642419,4.401216,train,0.8303675376089403,0.8758024364126911,4.991963442380765,8.672512359878672,7.114767478535199,8.351728
70.3587617140205,3.299616,test,10.018006941622852,10.026658213612299,5.531238966064933,8.138684016062697,5.878449316688593,6.321857
54.1622000205846,0.717120000000001,train,6.305336801464662,6.328852117079996,5.040072263945447,8.416309296418168,7.158361405515588,6.901731
129.876393115344,14.7648783673469,train,23.66098482168669,23.615015076795906,10.601116247283997,15.103731547614636,18.79409229015846,16.581936
44.9089238221147,3.77067789473684,train,4.184246974441761,4.216254283833293,4.926836231286742,8.577869202851476,7.239076704382411,7.2119718
42.8189787876665,1.2312,train,3.7051776095461015,3.739102920718242,4.917924973705325,8.577869202851476,7.237721038030533,7.3627877
23.4529205713402,1.32340114285714,train,-0.7340229709980521,-0.6823248794273624,5.123031848621139,7.940271385465172,6.958236507176085,9.128229
30.2775902642419,2.52744555789474,train,0.8303675376089403,0.8758024364126911,4.991963442380765,8.672512359878672,7.114767478535199,8.351728
72.918093356958,5.11638260869565,val,10.604671836885592,10.61097433770287,5.643294419690875,8.138684016062697,5.984502997987943,6.176456
121.110361056968,10.7811249230769,train,21.651583932361397,21.613659023492477,9.530462585936476,10.506132478104696,14.426436422425187,13.486647
48.8211473415386,2.2374144,train,5.0810296198643545,5.109446570871952,4.959984490008921,8.416309296418168,7.211566968814589,7.0836153
106.618397358971,5.8288896,train,18.329651665983192,18.30502644285678,8.005608978817534,9.568990178717561,8.880579440893678,8.601391
62.0505953499169,6.490368,test,8.113560691652708,8.1298366033419,5.232421848989475,8.502870693797894,7.045759783739391,6.6325645
40.6216500154385,1.06355612903226,train,3.201493119271378,3.237434981323208,4.915136705996687,8.577869202851476,7.234381634973814,7.5377455
145.206221839198,8.7174144,train,27.17497738591458,27.11493902280459,12.740218911259532,26.457791118580875,26.08251839585494,21.646692
52.4423246684198,0.615600000000001,train,5.911096963057222,5.936190657019118,5.009879610983532,8.416309296418168,7.175493792561052,6.9552584
30.2775902642419,0.370285714285714,val,0.8303675376089403,0.8758024364126911,4.991963442380765,8.672512359878672,7.114767478535199,8.351728
88.791324243983,2.17404,test,14.243226207717166,14.234961394751782,6.550049885568924,8.260207102950234,6.978255561467535,5.636224
133.358951558794,9.7935281632653,train,24.459277137616475,24.410111350157337,11.057357678302012,16.69958658658095,20.48592112245032,17.777294
76.5969178370751,4.93648040506329,train,11.447953396066707,11.45087973541222,5.820933516328921,8.138684016062697,6.134708373398399,5.986246
95.7461472963438,0.0999771428571431,val,15.837451226910497,15.822803775752062,7.0627550371861645,9.256382148737387,7.7176176093008895,6.318451
107.474783785953,10.7690778947368,train,18.5259575471988,18.500546393981033,8.087205237109885,9.568990178717561,9.118244565859387,8.875697
99.5023150477446,7.61552139130435,val,16.698461860896018,16.680367268154097,7.368990563557972,8.888762472265348,8.010436459145929,6.9014497
57.4476883778063,2.3682835862069,test,7.058455565222895,7.0789556950723584,5.10941716955513,8.416309296418168,7.111528448151205,6.7808275
40.6216500154385,3.91176,val,3.201493119271378,3.237434981323208,4.915136705996687,8.577869202851476,7.234381634973814,7.5377455
35.8249279286511,2.78698029850746,test,2.101960564193945,2.142304514028897,4.932380164561678,8.577869202851476,7.205008440503066,7.9092035
66.3348766984964,0.859934117647059,train,9.095628598161174,9.107972703453662,5.374136719118937,8.453185378244498,6.9899479190566165,6.504825
137.421573733937,6.01601057851239,val,25.39053503826775,25.3376408673165,11.611711670040705,19.19647475500658,22.301689029889133,19.140778
72.918093356958,6.25992452830188,train,10.604671836885592,10.61097433770287,5.643294419690875,8.138684016062697,5.984502997987943,6.176456
91.8364782879097,14.7319854545455,train,14.941254141364992,14.930194704243371,6.765861345983282,9.256382148737387,7.1709338239229155,5.869474
46.9058411426803,8.21293714285714,val,4.641991985312389,4.672166667092457,4.9410689381501385,8.416309296418168,7.228260172477704,7.1455817
42.8189787876665,9.18795232653061,train,3.7051776095461015,3.739102920718242,4.917924973705325,8.577869202851476,7.237721038030533,7.3627877
23.4529205713402,7.01960727272727,train,-0.7340229709980521,-0.6823248794273624,5.123031848621139,7.940271385465172,6.958236507176085,9.128229
38.2984589185375,7.99931076923077,val,2.6689577343790827,2.7070316547324964,4.919501235194559,8.577869202851476,7.224122023173049,7.7196255
235.309671117536,25.6345344,val,47.82901445827166,47.686285606509436,31.82526129820164,25.060501367933668,49.99739610216952,46.007175
35.8249279286511,8.14134857142857,train,2.101960564193945,2.142304514028897,4.932380164561678,8.577869202851476,7.205008440503066,7.9092035
117.264602856701,3.21408,test,20.770036854243806,20.735641306652006,9.095983829701922,12.150723278865067,12.722400769657352,12.113398
33.1674383492482,6.04171636363636,test,1.4927953354263286,1.5355781387532268,4.955640120631088,8.577869202851476,7.171315409484628,8.112404
48.8211473415386,9.47475692307692,train,5.0810296198643545,5.109446570871952,4.959984490008921,8.416309296418168,7.211566968814589,7.0836153
30.2775902642419,7.16688,test,0.8303675376089403,0.8758024364126911,4.991963442380765,8.672512359878672,7.114767478535199,8.351728
23.4529205713402,7.47293538461538,train,-0.7340229709980521,-0.6823248794273624,5.123031848621139,7.940271385465172,6.958236507176085,9.128229
70.3587617140205,0.779956363636364,test,10.018006941622852,10.026658213612299,5.531238966064933,8.138684016062697,6.944783180923738,6.321857
44.9089238221147,5.71008,train,4.184246974441761,4.216254283833293,4.926836231286742,8.577869202851476,7.239076704382411,7.2119718
33.1674383492482,12.0275712,train,1.4927953354263286,1.5355781387532268,4.955640120631088,8.577869202851476,7.171315409484628,8.112404
136.752851645112,4.90127261538462,train,25.23724666890655,25.184966203165708,11.518828138666578,19.19647475500658,21.91276821631314,18.918846
55.8291179001753,7.42983259701492,train,6.687437419780483,6.709422957622485,5.0733382066098045,8.416309296418168,7.1346560907034435,6.8436265
52.4423246684198,11.5012465116279,train,5.911096963057222,5.936190657019118,5.009879610983532,8.416309296418168,7.175493792561052,6.9552584
59.0218891123912,9.13258409638553,train,7.4193030199192265,7.438358461146644,5.148084170893156,8.502870693797894,7.089035228652735,6.713283
38.2984589185375,13.312512,test,2.6689577343790827,2.7070316547324964,4.919501235194559,8.577869202851476,7.224122023173049,7.7196255
38.2984589185375,11.7443895652174,train,2.6689577343790827,2.7070316547324964,4.919501235194559,8.577869202851476,7.224122023173049,7.7196255
50.664098947737,0.0269852054794517,train,5.50348171356165,5.530207335656763,4.983064149621754,8.416309296418168,7.193208510513679,7.018324
57.4476883778063,4.08593454545455,test,7.058455565222895,7.0789556950723584,5.10941716955513,8.416309296418168,7.111528448151205,6.7808275
132.669753396993,7.34288516129032,val,24.301295123630908,24.252761832854574,10.965676652252185,14.931239581946574,19.998492789105054,17.54263
78.9542957097545,1.99467940298507,train,11.988325272680095,11.989088179551146,5.945057611502648,8.138684016062697,6.887203571363507,5.855558
27.0811000102923,6.89943272727273,train,0.09764943707807294,0.14601784556639608,5.045459276796265,7.756973654552722,7.042311537742205,8.689135
64.9381965576721,14.1951443478261,train,8.775473447189109,8.789099325424372,5.325046791791166,8.502870693797894,7.005932161309846,6.553981
84.5607076793511,6.36279652173913,test,13.273459655330116,13.269077399068516,6.272627716690977,8.260207102950234,6.667568681823763,5.543985
48.8211473415386,9.06624,test,5.0810296198643545,5.109446570871952,4.959984490008921,8.416309296418168,7.211566968814589,7.0836153
59.0218891123912,13.7017107692308,train,7.4193030199192265,7.438358461146644,5.148084170893156,8.502870693797894,7.089035228652735,6.713283
116.480215438923,6.71059862068966,train,20.590235004973508,20.556559311942088,9.010009922624917,12.150723278865067,12.194676725711522,11.84497
35.8249279286511,1.6761492,val,2.101960564193945,2.142304514028897,4.932380164561678,8.577869202851476,7.205008440503066,7.9092035
113.288369265916,42.4989257142857,val,19.858581447706236,19.827835002354703,8.66940759766436,12.966571193765166,10.283609624166868,10.771486
23.4529205713402,2.467584,train,-0.7340229709980521,-0.6823248794273624,5.123031848621139,7.940271385465172,6.958236507176085,9.128229
27.0811000102923,3.50505290322581,train,0.09764943707807294,0.14601784556639608,5.045459276796265,7.756973654552722,7.042311537742205,8.689135
27.0811000102923,7.54395428571429,val,0.09764943707807294,0.14601784556639608,5.045459276796265,7.756973654552722,7.042311537742205,8.689135
95.7461472963438,11.0824494545455,train,15.837451226910497,15.822803775752062,7.0627550371861645,9.256382148737387,7.7176176093008895,6.318451
50.664098947737,3.45984,test,5.50348171356165,5.530207335656763,4.983064149621754,8.416309296418168,7.193208510513679,7.018324
77.7845377731429,4.85568,val,11.72018655011214,11.722022976988896,5.882459816535231,8.138684016062697,6.2109810168352935,5.9187765
40.6216500154385,2.92071272727273,train,3.201493119271378,3.237434981323208,4.915136705996687,8.577869202851476,7.234381634973814,7.5377455
59.0218891123912,4.99028210526316,val,7.4193030199192265,7.438358461146644,5.148084170893156,8.502870693797894,7.089035228652735,6.713283
35.8249279286511,3.51327085714286,test,2.101960564193945,2.142304514028897,4.932380164561678,8.577869202851476,7.205008440503066,7.9092035
50.664098947737,7.94478139534884,train,5.50348171356165,5.530207335656763,4.983064149621754,8.416309296418168,7.193208510513679,7.018324
38.2984589185375,9.9563904,train,2.6689577343790827,2.7070316547324964,4.919501235194559,8.577869202851476,7.224122023173049,7.7196255
35.8249279286511,4.09170070588235,train,2.101960564193945,2.142304514028897,4.932380164561678,8.577869202851476,7.205008440503066,7.9092035
30.2775902642419,7.15297745454545,test,0.8303675376089403,0.8758024364126911,4.991963442380765,8.672512359878672,7.114767478535199,8.351728
35.8249279286511,9.27936,train,2.101960564193945,2.142304514028897,4.932380164561678,8.577869202851476,7.205008440503066,7.9092035
124.101190699834,9.78096676056338,train,22.337159310613984,22.296489632631058,9.883220364361335,21.670986955492676,16.219426932882833,14.553776
86.7018239261228,4.57716705882353,train,13.764258783346188,13.7579115640324,6.409776946078324,8.260207102950234,6.8023310650896125,5.552474
71.6498558573022,5.70980571428571,train,10.313959055696406,10.321425454004999,5.586586292848608,8.138684016062697,5.939489877647621,6.2505503
23.4529205713402,9.67104,train,-0.7340229709980521,-0.6823248794273624,5.123031848621139,7.940271385465172,6.958236507176085,9.128229
33.1674383492482,4.358016,test,1.4927953354263286,1.5355781387532268,4.955640120631088,8.577869202851476,7.171315409484628,8.112404
174.457783080461,51.9497788235294,train,33.88019050639184,33.793307156633134,17.747519627953096,18.899275463713906,34.13911689456416,30.01166
30.2775902642419,2.62359771428571,train,0.8303675376089403,0.8758024364126911,4.991963442380765,8.672512359878672,7.114767478535199,8.351728
30.2775902642419,5.15437714285714,test,0.8303675376089403,0.8758024364126911,4.991963442380765,8.672512359878672,7.114767478535199,8.351728
63.5108091408147,1.17997714285714,train,8.448279395679291,8.463215227794693,5.277768176835679,8.502870693797894,7.025199479339319,6.5967183
38.2984589185375,4.97664,val,2.6689577343790827,2.7070316547324964,4.919501235194559,8.577869202851476,7.224122023173049,7.7196255
38.2984589185375,7.636032,train,2.6689577343790827,2.7070316547324964,4.919501235194559,8.577869202851476,7.224122023173049,7.7196255
83.4695560596246,13.54752,train,13.023339530230624,13.019958654730265,6.2052974967426735,8.260207102950234,6.871113450763521,5.5967665
145.206221839198,7.64619590551181,val,27.17497738591458,27.11493902280459,12.740218911259532,26.457791118580875,26.08251839585494,21.646692
50.664098947737,0.0955800000000001,val,5.50348171356165,5.530207335656763,4.983064149621754,8.416309296418168,7.193208510513679,7.018324
94.7838500360231,5.78448,test,15.616867848044558,15.60310352435041,6.98761204217864,9.256382148737387,6.871048229701919,6.1985607
33.1674383492482,7.60896,test,1.4927953354263286,1.5355781387532268,4.955640120631088,8.577869202851476,7.171315409484628,8.112404
78.9542957097545,9.40007314285714,test,11.988325272680095,11.989088179551146,5.945057611502648,8.138684016062697,6.887203571363507,5.855558
119.586899644005,12.0646491428571,train,21.30236724028513,21.265840455125005,9.355774070066289,10.506132478104696,13.854494086888142,12.940195
60.5551805284838,6.13933714285714,train,7.770773002526397,7.788421298772589,5.189143121309158,8.502870693797894,5.52368570480322,6.661085
27.0811000102923,0.662070857142857,test,0.09764943707807294,0.14601784556639608,5.045459276796265,7.756973654552722,7.042311537742205,8.689135
42.8189787876665,3.67323428571428,train,3.7051776095461015,3.739102920718242,4.917924973705325,8.577869202851476,7.237721038030533,7.3627877
199.004630095489,82.5575563636363,train,39.506961649100504,39.39755096225535,22.85506394741701,53.86700957181731,40.602273379435495,36.38701
35.8249279286511,9.62002285714286,test,2.101960564193945,2.142304514028897,4.932380164561678,8.577869202851476,7.205008440503066,7.9092035
240.320922412484,24.7476184615385,val,48.97772264706723,48.83039482798847,33.18761394170633,25.060501367933668,50.92483621004835,47.42867
42.8189787876665,0.293266285714286,train,3.7051776095461015,3.739102920718242,4.917924973705325,8.577869202851476,7.237721038030533,7.3627877
67.7027500257308,0.841782857142856,train,9.409180483657966,9.420269252836807,5.4249292641951,8.138684016062697,6.974592170669738,6.4497514
40.6216500154385,5.08130742857143,train,3.201493119271378,3.237434981323208,4.915136705996687,8.577869202851476,7.234381634973814,7.5377455
103.121756567797,9.38354330097087,train,17.528131312344676,17.506715055556164,7.683557003063584,8.888762472265348,8.602889759773458,7.6413994
108.324400041169,16.9887085714286,test,18.720711530237793,18.694520660107152,8.169213979366432,9.568990178717561,9.335020316523302,9.149516
44.9089238221147,0.787967999999999,train,4.184246974441761,4.216254283833293,4.926836231286742,8.577869202851476,7.239076704382411,7.2119718
110.834178517301,11.5445426086957,train,19.29601756019126,19.267523395233813,8.417619565017944,10.17771666925545,9.931140819569109,9.965018
246.348715564455,22.8071314285714,val,50.35944847690447,50.20658878124137,34.863970839434415,25.060501367933668,52.38932517375026,49.176796
40.6216500154385,0.2304,train,3.201493119271378,3.237434981323208,4.915136705996687,8.577869202851476,7.234381634973814,7.5377455
90.8327707927258,5.25213257142857,test,14.711178467443874,14.701040161132509,6.693235723850634,8.922152314883105,7.160120680125305,5.774017
375.490950923978,64.2816,val,79.9621833120947,79.69080612755573,78.44279698366586,78.17389551089181,92.80127410553943,95.927605
82.3639502109324,0.14256,train,12.76990612263972,12.767539892956114,6.138839538953107,8.260207102950234,6.487439121026036,5.6618714
83.4695560596246,1.1632896,train,13.023339530230624,13.019958654730265,6.2052974967426735,8.260207102950234,6.871113450763521,5.5967665
192.923141099502,29.70432,train,38.11292734537219,38.009097813309005,21.515007102847193,19.13205076594197,38.9592108431198,34.833336
131.280503036571,10.6024581818182,train,23.982843070166183,23.93558473381261,10.78295614648222,15.103731547614636,19.492387515391826,17.066704
77.7845377731429,0.019008,train,11.72018655011214,11.722022976988896,5.882459816535231,8.138684016062697,6.2109810168352935,5.9187765
44.9089238221147,2.54016,train,4.184246974441761,4.216254283833293,4.926836231286742,8.577869202851476,7.239076704382411,7.2119718
86.7018239261228,8.4326832,test,13.764258783346188,13.7579115640324,6.409776946078324,8.260207102950234,6.820086863840782,5.552474
383.223879798653,66.4292571428571,test,81.73477027668535,81.45629636419112,81.36202032469937,78.17389551089181,104.94182405373913,99.11613
104.88464933684,8.37145945945946,train,17.932231853423055,17.909197739985533,7.843694736210836,11.843995373490367,8.691518194520214,8.092258
55.8291179001753,2.32840145454545,train,6.687437419780483,6.709422957622485,5.0733382066098045,8.416309296418168,5.330639832727898,6.8436265
33.1674383492482,0.396423529411765,val,1.4927953354263286,1.5355781387532268,4.955640120631088,8.577869202851476,7.171315409484628,8.112404
46.9058411426803,0.396423529411765,train,4.641991985312389,4.672166667092457,4.9410689381501385,8.416309296418168,7.228260172477704,7.1455817
258.337229173107,29.6136,train,53.10752534298161,52.94366344866293,38.31631316599454,40.611023988760884,55.14758654889644,52.78261
88.791324243983,0.0927663157894738,train,14.243226207717166,14.234961394751782,6.550049885568924,8.260207102950234,6.875814449359537,5.636224
78.9542957097545,3.85265454545455,train,11.988325272680095,11.989088179551146,5.945057611502648,8.138684016062697,6.887203571363507,5.855558
151.38795132121,50.4703326315789,train,28.59198939727888,28.5262778858524,13.698043825980108,30.625595418795122,28.364621975911454,23.53221
197.15338404,41.9432727272727,test,39.08260825346066,38.974896507579146,22.44202591700912,53.86700957181731,40.26969001065557,35.914272
151.38795132121,45.5105828571429,train,28.59198939727888,28.5262778858524,13.698043825980108,30.625595418795122,28.274982826466555,23.53221
160.213948274989,14.5012728358209,train,30.615135788941906,30.541324410009835,15.159413385259526,40.54520602432709,30.800113634481946,26.0789
101.328197895474,9.94259134020619,val,17.117001354431814,17.09723109726073,7.525288653111787,8.888762472265348,8.398497540546256,7.2399197
157.326974005259,9.87922285714285,train,29.9533667437886,29.88220482295167,14.669317090035548,32.67945506452365,29.964008423649673,25.259146
98.5766919987619,2.0611584,val,16.486285158207757,16.469040035967144,7.291614328470189,8.888762472265348,7.927318145321106,6.738959
63.5108091408147,2.21394731707317,test,8.448279395679291,8.463215227794693,5.277768176835679,8.502870693797894,7.025199479339319,6.5967183
96.6988687448568,8.32984615384615,train,16.05583958245981,16.04031779183093,7.138480854485735,9.256382148737387,7.676328865686096,6.4510264
208.454117691932,32.6592,train,41.673028194775284,41.554945445394,25.032204671162262,52.08198674004314,43.01139709452959,38.810196
92.8293339347406,7.5119776744186,val,15.168842291445666,15.156871682562528,6.839146142930943,9.256382148737387,7.256514444579922,5.967343
81.2433000308769,2.93526824096385,train,12.51302416585125,12.511686388593597,6.073288479914737,8.260207102950234,6.424444045785871,5.726878
104.006938095831,8.97035294117647,train,17.731037774219445,17.708809161259385,7.763398177954286,12.219238428893163,8.563863001158783,7.8638906
33.1674383492482,6.86294709677419,test,1.4927953354263286,1.5355781387532268,4.955640120631088,8.577869202851476,7.171315409484628,8.112404
75.3905917717706,6.9666270967742,train,11.171432314202422,11.175465733161568,5.760527801720656,8.138684016062697,6.902871872630013,6.05196
33.1674383492482,3.89540571428571,train,1.4927953354263286,1.5355781387532268,4.955640120631088,8.577869202851476,7.171315409484628,8.112404
48.8211473415386,8.74102153846154,train,5.0810296198643545,5.109446570871952,4.959984490008921,8.416309296418168,7.211566968814589,7.0836153
117.264602856701,24.08832,train,20.770036854243806,20.735641306652006,9.095983829701922,12.150723278865067,12.722400769657352,12.113398
69.0435287010191,4.98062769230769,train,9.716521575336774,9.726379873931835,5.477326320368633,8.138684016062697,6.959540928408133,6.3888025
27.0811000102923,2.74075826086957,test,0.09764943707807294,0.14601784556639608,5.045459276796265,7.756973654552722,7.042311537742205,8.689135
35.8249279286511,4.85700923076923,train,2.101960564193945,2.142304514028897,4.932380164561678,8.577869202851476,7.205008440503066,7.9092035
172.343065133419,5.95495384615385,train,33.395442550285736,33.31049993711151,17.345542019996444,18.631598981223775,33.63369093632373,29.438345
78.9542957097545,6.697728,train,11.988325272680095,11.989088179551146,5.945057611502648,8.138684016062697,6.887203571363507,5.855558
239.556783999751,8.19072,train,48.802562392588555,48.655935844984455,32.97802308859805,25.060501367933668,50.607797476625926,47.21007
57.4476883778063,0.336535081967213,train,7.058455565222895,7.0789556950723584,5.10941716955513,8.416309296418168,7.111528448151205,6.7808275
151.992296843211,6.10787464968153,train,28.73052099530198,28.6642548588647,13.794598734345186,29.995245190375762,28.602324793568613,23.711634
165.28347670544,16.7179452631579,train,31.77720260192767,31.698738773100423,16.048267035917362,23.291781406690212,31.60977805753526,27.49992
83.4695560596246,5.65056,train,13.023339530230624,13.019958654730265,6.2052974967426735,8.260207102950234,6.871113450763521,5.5967665
267.747043544403,74.03616,train,55.26449776107827,55.09200021346639,41.13177557738388,41.769127183750406,57.60595640063421,55.73455
46.9058411426803,2.2980024,test,4.641991985312389,4.672166667092457,4.9410689381501385,8.416309296418168,7.228260172477704,7.1455817
99.5023150477446,6.14233945945946,val,16.698461860896018,16.680367268154097,7.368990563557972,8.888762472265348,8.010436459145929,6.9014497
44.9089238221147,2.37888,train,4.184246974441761,4.216254283833293,4.926836231286742,8.577869202851476,7.239076704382411,7.2119718
46.9058411426803,13.2315428571429,train,4.641991985312389,4.672166667092457,4.9410689381501385,8.416309296418168,7.228260172477704,7.1455817
123.360281446966,10.64448,train,22.16732377936016,22.127334054793643,9.794621891909799,21.670986955492676,15.718790911049693,14.290262
44.9089238221147,9.41523536842105,train,4.184246974441761,4.216254283833293,4.926836231286742,8.577869202851476,7.239076704382411,7.2119718
161.921427566541,66.7140923076923,val,31.006534130186935,30.931155749124393,15.45477944824087,32.24788622551752,31.13640359242514,26.561047
67.7027500257308,3.78432,test,9.409180483657966,9.420269252836807,5.4249292641951,8.138684016062697,6.974592170669738,6.4497514
60.5551805284838,1.63050442105263,test,7.770773002526397,7.788421298772589,5.189143121309158,8.502870693797894,7.067126881141752,6.661085
107.474783785953,3.295862784,train,18.5259575471988,18.500546393981033,8.087205237109885,9.568990178717561,9.118244565859387,8.875697
72.918093356958,1.6689135483871,train,10.604671836885592,10.61097433770287,5.643294419690875,8.138684016062697,5.94359753398841,6.176456
52.4423246684198,3.93552,train,5.911096963057222,5.936190657019118,5.009879610983532,8.416309296418168,7.175493792561052,6.9552584
40.6216500154385,3.09312,train,3.201493119271378,3.237434981323208,4.915136705996687,8.577869202851476,7.234381634973814,7.5377455
148.946050056608,14.1267868656716,train,28.0322425768178,27.968772067377678,13.31318627064303,30.625595418795122,27.604022425772172,22.7984
119.586899644005,0.0029205633802815,train,21.30236724028513,21.265840455125005,9.355774070066289,10.506132478104696,13.854494086888142,12.940195
169.662605271087,12.6960872727273,train,32.78101193957126,32.698529260368524,16.84486404057357,18.631598981223775,33.0427068036358,28.710283
131.280503036571,28.92672,train,23.982843070166183,23.93558473381261,10.78295614648222,15.103731547614636,19.492387515391826,17.066704
60.5551805284838,3.84835764705882,train,7.770773002526397,7.788421298772589,5.189143121309158,8.502870693797894,7.067126881141752,6.661085
134.726771466344,11.97696,test,24.77281677794229,24.722395703394266,11.241343160102474,16.69958658658095,21.070129040945794,18.240337
57.4476883778063,1.42189714285714,test,7.058455565222895,7.0789556950723584,5.10941716955513,8.416309296418168,7.111528448151205,6.7808275
54.1622000205846,2.53743157894737,train,6.305336801464662,6.328852117079996,5.040072263945447,8.416309296418168,7.158361405515588,6.901731
46.9058411426803,2.40768,train,4.641991985312389,4.672166667092457,4.9410689381501385,8.416309296418168,7.228260172477704,7.1455817
55.8291179001753,3.226176,test,6.687437419780483,6.709422957622485,5.0733382066098045,8.416309296418168,7.1346560907034435,6.8436265
205.798542793846,13.25232,train,41.064301860403134,40.9486562073565,24.40882659803337,52.08198674004314,42.37022831953234,38.126316
69.0435287010191,2.46716081632653,train,9.716521575336774,9.726379873931835,5.477326320368633,8.138684016062697,6.959540928408133,6.3888025
101.328197895474,9.73577739130435,train,17.117001354431814,17.09723109726073,7.525288653111787,8.888762472265348,8.398497540546256,7.2399197
133.358951558794,8.12627027027027,train,24.459277137616475,24.410111350157337,11.057357678302012,16.69958658658095,20.355746659706156,17.777294
63.5108091408147,4.03554461538462,train,8.448279395679291,8.463215227794693,5.277768176835679,8.502870693797894,7.025199479339319,6.5967183
127.021618281629,7.454592,train,23.006596718667012,22.963246881536502,10.240206341079599,16.789710745897803,17.331782302832814,15.585684
46.9058411426803,1.52791578947368,train,4.641991985312389,4.672166667092457,4.9410689381501385,8.416309296418168,7.228260172477704,7.1455817
66.3348766984964,0.456192000000001,train,9.095628598161174,9.107972703453662,5.374136719118937,8.453185378244498,6.9899479190566165,6.504825
113.288369265916,7.57431,train,19.858581447706236,19.827835002354703,8.66940759766436,12.966571193765166,10.70787125347188,10.771486
96.6988687448568,10.1580048,train,16.05583958245981,16.04031779183093,7.138480854485735,9.256382148737387,7.676328865686096,6.4510264
245.976306106533,33.59232,test,50.27408261342618,50.12156468847553,34.759227837354985,25.060501367933668,51.991852777863386,49.067554
239.556783999751,47.081088,val,48.802562392588555,48.655935844984455,32.97802308859805,25.060501367933668,50.607797476625926,47.21007
67.7027500257308,6.13597090909091,train,9.409180483657966,9.420269252836807,5.4249292641951,8.138684016062697,6.974592170669738,6.4497514
33.1674383492482,2.52319418181818,train,1.4927953354263286,1.5355781387532268,4.955640120631088,8.577869202851476,7.171315409484628,8.112404
50.664098947737,4.59019636363636,train,5.50348171356165,5.530207335656763,4.983064149621754,8.416309296418168,7.193208510513679,7.018324
130.580335361391,18.4956988235294,train,23.822346560478067,23.775730787840565,10.691924182978681,15.103731547614636,19.012017879668157,16.82543
70.3587617140205,2.2272,test,10.018006941622852,10.026658213612299,5.531238966064933,8.138684016062697,5.878449316688593,6.321857
46.9058411426803,1.08700294736842,train,4.641991985312389,4.672166667092457,4.9410689381501385,8.416309296418168,7.228260172477704,7.1455817
52.4423246684198,9.29449728,train,5.911096963057222,5.936190657019118,5.009879610983532,8.416309296418168,7.175493792561052,6.9552584
148.946050056608,5.8176,test,28.0322425768178,27.968772067377678,13.31318627064303,30.625595418795122,27.604022425772172,22.7984
63.5108091408147,37.4772705882353,train,8.448279395679291,8.463215227794693,5.277768176835679,8.502870693797894,7.025199479339319,6.5967183
172.343065133419,44.6197248,test,33.395442550285736,33.31049993711151,17.345542019996444,18.631598981223775,33.674688726241634,29.438345
122.614895278807,70.01856,train,21.996462023526362,21.957156360968273,9.706292591508742,17.634430539321098,15.25580988797064,14.024561
38.2984589185375,12.99456,test,2.6689577343790827,2.7070316547324964,4.919501235194559,8.577869202851476,7.224122023173049,7.7196255
154.386023581936,67.9575272727273,train,29.27922497055151,29.210762043255386,14.182121275962103,24.90676363786243,29.250344321114433,24.413977
98.5766919987619,21.8738139428571,train,16.486285158207757,16.469040035967144,7.291614328470189,8.888762472265348,6.878332236445422,6.738959
127.021618281629,5.69508923076923,train,23.006596718667012,22.963246881536502,10.240206341079599,16.789710745897803,17.331782302832814,15.585684
64.9381965576721,3.02540108108108,train,8.775473447189109,8.789099325424372,5.325046791791166,8.502870693797894,7.005932161309846,6.553981
152.594248889389,2.20585846153846,train,28.8685039468662,28.8016853819787,13.891285852152507,29.995245190375762,28.75073404870468,23.889502
64.9381965576721,8.65191085714285,train,8.775473447189109,8.789099325424372,5.325046791791166,8.502870693797894,7.005932161309846,6.553981
55.8291179001753,7.52770427586207,train,6.687437419780483,6.709422957622485,5.0733382066098045,8.416309296418168,7.1346560907034435,6.8436265
94.7838500360231,0.766902857142857,test,15.616867848044558,15.60310352435041,6.98761204217864,9.256382148737387,7.429411667267364,6.1985607
52.4423246684198,5.63712,train,5.911096963057222,5.936190657019118,5.009879610983532,8.416309296418168,7.175493792561052,6.9552584
80.1069741374945,2.38732137931034,val,12.252548930816696,12.252253992031315,6.008681310758234,8.138684016062697,6.349226797709452,5.7915354
98.5766919987619,7.15034482758621,test,16.486285158207757,16.469040035967144,7.291614328470189,8.888762472265348,7.927318568834493,6.738959
72.918093356958,3.72305454545454,train,10.604671836885592,10.61097433770287,5.643294419690875,8.138684016062697,5.984502997987943,6.176456
55.8291179001753,6.16865505882353,train,6.687437419780483,6.709422957622485,5.0733382066098045,8.416309296418168,7.1346560907034435,6.8436265
60.5551805284838,4.88653714285714,test,7.770773002526397,7.788421298772589,5.189143121309158,8.502870693797894,7.067126881141752,6.661085
129.876393115344,2.28260571428571,train,23.66098482168669,23.615015076795906,10.601116247283997,15.103731547614636,18.645387422678247,16.581936
81.2433000308769,10.4308363636364,train,12.51302416585125,12.511686388593597,6.073288479914737,8.260207102950234,6.424444045785871,5.726878
44.9089238221147,4.22784,train,4.184246974441761,4.216254283833293,4.926836231286742,8.577869202851476,7.239076704382411,7.2119718
57.4476883778063,4.0712544,test,7.058455565222895,7.0789556950723584,5.10941716955513,8.416309296418168,7.111528448151205,6.7808275
138.087057402038,36.8422892307692,train,25.543081077982016,25.489576173810832,11.70478416353815,19.19647475500658,22.59745722696144,19.360615
55.8291179001753,3.632256,train,6.687437419780483,6.709422957622485,5.0733382066098045,8.416309296418168,7.1346560907034435,6.8436265
63.5108091408147,2.086128,train,8.448279395679291,8.463215227794693,5.277768176835679,8.502870693797894,7.025199479339319,6.5967183
98.5766919987619,3.1536,test,16.486285158207757,16.469040035967144,7.291614328470189,8.888762472265348,6.878332236445422,6.738959
83.4695560596246,9.065088,test,13.023339530230624,13.019958654730265,6.2052974967426735,8.260207102950234,6.871113450763521,5.5967665
55.8291179001753,4.43570086956522,test,6.687437419780483,6.709422957622485,5.0733382066098045,8.416309296418168,7.1346560907034435,6.8436265
69.0435287010191,12.1555862068965,train,9.716521575336774,9.726379873931835,5.477326320368633,8.138684016062697,6.959540928408133,6.3888025
191.970428407124,21.360672,train,37.89454099695511,37.79158579632661,21.309473144794268,19.13205076594197,38.66473351485116,34.58947
69.0435287010191,2.25304615384615,val,9.716521575336774,9.726379873931835,5.477326320368633,8.138684016062697,6.959540928408133,6.3888025
42.8189787876665,0.249230769230769,train,3.7051776095461015,3.739102920718242,4.917924973705325,8.577869202851476,7.237721038030533,7.3627877
94.7838500360231,11.943936,test,15.616867848044558,15.60310352435041,6.98761204217864,9.256382148737387,7.429411667267364,6.1985607
87.7527934971774,0.512475428571428,test,14.005168145377676,13.997856421507343,6.479536698072977,8.260207102950234,6.873891275069041,5.588745
50.664098947737,2.88050086956522,train,5.50348171356165,5.530207335656763,4.983064149621754,8.416309296418168,7.193208510513679,7.018324
114.895376755613,6.6999107368421,test,20.226949057754396,20.194727816092016,8.839036010320868,12.150723278865067,11.48670834884008,11.307314
71.6498558573022,2.84909837837838,train,10.313959055696406,10.321425454004999,5.586586292848608,8.138684016062697,5.939489877647621,6.2505503
242.976482833792,19.222272,train,49.58644566298806,49.436680760860405,33.92112363701089,25.060501367933668,51.49627774100524,48.19357
138.749349246747,9.01135698113208,train,25.694895469361015,25.64078276119666,11.798042541684424,17.33967769863663,23.077121712895703,19.578384
62.0505953499169,0.0596159999999998,train,8.113560691652708,8.1298366033419,5.232421848989475,8.502870693797894,7.045759783739391,6.6325645
112.476255789782,11.1035823157895,val,19.6724240699657,19.642422924163974,8.585116457371,12.966571193765166,10.342341825409898,10.50323
112.476255789782,7.14072436363636,test,19.6724240699657,19.642422924163974,8.585116457371,12.966571193765166,10.45104913571402,10.50323
42.8189787876665,2.3721984,train,3.7051776095461015,3.739102920718242,4.917924973705325,8.577869202851476,7.237721038030533,7.3627877
44.9089238221147,2.48360727272727,train,4.184246974441761,4.216254283833293,4.926836231286742,8.577869202851476,7.239076704382411,7.2119718
108.324400041169,3.42615272727273,train,18.720711530237793,18.694520660107152,8.169213979366432,9.568990178717561,9.335020316523302,9.149516
204.457821402716,79.0889890909091,train,40.75697389973251,40.64255866469835,24.097511252107083,52.08198674004314,41.882117282607176,37.782085
80.1069741374945,1.82146909090909,train,12.252548930816696,12.252253992031315,6.008681310758234,8.138684016062697,6.349226797709452,5.7915354
44.9089238221147,0.197934545454548,test,4.184246974441761,4.216254283833293,4.926836231286742,8.577869202851476,7.239076704382411,7.2119718
23.4529205713402,0.631505454545455,train,-0.7340229709980521,-0.6823248794273624,5.123031848621139,7.940271385465172,3.5058142444807086,9.128229
180.14530112165,12.7484928,test,35.183916494833646,35.09181354860209,18.858957841091325,18.899275463713906,35.75664665580268,31.526428
80.1069741374945,3.123456,test,12.252548930816696,12.252253992031315,6.008681310758234,8.138684016062697,6.349226797709452,5.7915354
66.3348766984964,1.80288,test,9.095628598161174,9.107972703453662,5.374136719118937,8.453185378244498,6.9899479190566165,6.504825
62.0505953499169,3.00483490909091,train,8.113560691652708,8.1298366033419,5.232421848989475,8.502870693797894,7.045759783739391,6.6325645
88.791324243983,9.58097454545454,train,14.243226207717166,14.234961394751782,6.550049885568924,8.260207102950234,6.902070161788368,5.636224
107.474783785953,4.42368,val,18.5259575471988,18.500546393981033,8.087205237109885,9.568990178717561,9.118244565859387,8.875697
48.8211473415386,4.21129309090909,train,5.0810296198643545,5.109446570871952,4.959984490008921,8.416309296418168,7.211566968814589,7.0836153
46.9058411426803,5.0844672,val,4.641991985312389,4.672166667092457,4.9410689381501385,8.416309296418168,7.228260172477704,7.1455817
83.4695560596246,2.11803428571429,train,13.023339530230624,13.019958654730265,6.2052974967426735,8.260207102950234,6.871113450763521,5.5967665
96.6988687448568,9.445248,train,16.05583958245981,16.04031779183093,7.138480854485735,9.256382148737387,6.871892291882267,6.4510264
44.9089238221147,5.182848,train,4.184246974441761,4.216254283833293,4.926836231286742,8.577869202851476,7.239076704382411,7.2119718
83.4695560596246,23.252832,val,13.023339530230624,13.019958654730265,6.2052974967426735,8.260207102950234,6.871113450763521,5.5967665
52.4423246684198,4.66255058823529,test,5.911096963057222,5.936190657019118,5.009879610983532,8.416309296418168,7.175493792561052,6.9552584
33.1674383492482,5.714496,train,1.4927953354263286,1.5355781387532268,4.955640120631088,8.577869202851476,7.171315409484628,8.112404
127.021618281629,15.296256,val,23.006596718667012,22.963246881536502,10.240206341079599,16.789710745897803,17.331782302832814,15.585684
118.043778224782,5.22390109090909,val,20.94864396714688,20.913533348240403,9.182273423433287,12.452719362316236,13.125944759339012,12.385415
87.7527934971774,9.23328,val,14.005168145377676,13.997856421507343,6.479536698072977,8.260207102950234,6.876101591435943,5.588745
171.810318680631,4.30349373134328,test,33.273323307635444,33.18886961097731,17.245243254849,18.631598981223775,33.540887294850954,29.292933
88.791324243983,3.73445934545455,val,14.243226207717166,14.234961394751782,6.550049885568924,8.260207102950234,6.902070161788368,5.636224
263.606375858905,17.1442285714286,test,54.315349814295416,54.146652274752064,39.881733620142896,40.611023988760884,57.02716267727851,54.422447
71.6498558573022,6.48966508474576,train,10.313959055696406,10.321425454004999,5.586586292848608,8.138684016062697,6.930339256859132,6.2505503
46.9058411426803,5.01125574193548,test,4.641991985312389,4.672166667092457,4.9410689381501385,8.416309296418168,7.228260172477704,7.1455817
55.8291179001753,4.24216486956522,test,6.687437419780483,6.709422957622485,5.0733382066098045,8.416309296418168,7.1346560907034435,6.8436265
95.7461472963438,11.3653028571429,val,15.837451226910497,15.822803775752062,7.0627550371861645,9.256382148737387,7.7176176093008895,6.318451
38.2984589185375,3.79250526315789,train,2.6689577343790827,2.7070316547324964,4.919501235194559,8.577869202851476,7.224122023173049,7.7196255
54.1622000205846,1.0036224,train,6.305336801464662,6.328852117079996,5.040072263945447,8.416309296418168,7.158361405515588,6.901731
74.1646467884524,1.0409472,train,10.89041406976312,10.895572573172897,5.701295658196301,8.138684016062697,6.0336373270974395,6.11551
55.8291179001753,1.997568,train,6.687437419780483,6.709422957622485,5.0733382066098045,8.416309296418168,7.1346560907034435,6.8436265
155.569075546286,17.4370909090909,train,29.55041102753284,29.480862379925043,14.376638022100721,27.75913476975382,29.413012424964982,24.756266
143.938020939328,9.48517582978723,train,26.884272994341316,26.82539849513398,12.550453595860162,15.667719617539685,25.557075500889994,21.248411
59.0218891123912,6.31911724137931,train,7.4193030199192265,7.438358461146644,5.148084170893156,8.502870693797894,7.089035228652735,6.713283
142.658546477408,15.04656,val,26.590984411259484,26.533284122022152,12.361332351876555,15.667719617539685,24.83372310611309,20.842627
136.752851645112,1.81665391304348,test,25.23724666890655,25.184966203165708,11.518828138666578,19.19647475500658,21.91276821631314,18.918846
54.1622000205846,2.4592896,test,6.305336801464662,6.328852117079996,5.040072263945447,8.416309296418168,7.158361405515588,6.901731
104.006938095831,2.54121795918367,train,17.731037774219445,17.708809161259385,7.763398177954286,12.219238428893163,8.563863001158783,7.8638906
105.755076289291,8.56782159292036,train,18.131756185606676,18.107923256689723,7.924435310800376,9.568990178717561,8.899827489064043,8.342243
71.6498558573022,4.19390187610619,test,10.313959055696406,10.321425454004999,5.586586292848608,8.138684016062697,6.930339256859132,6.2505503
104.006938095831,5.78955130434783,train,17.731037774219445,17.708809161259385,7.763398177954286,12.219238428893163,8.563863001158783,7.8638906
48.8211473415386,2.88902918918919,train,5.0810296198643545,5.109446570871952,4.959984490008921,8.416309296418168,7.211566968814589,7.0836153
250.042305629818,10.3093982608696,test,51.20611468947573,51.049865281544875,35.9110787283886,40.611023988760884,52.63450215566169,50.269253
57.4476883778063,3.47446717557252,train,7.058455565222895,7.0789556950723584,5.10941716955513,8.416309296418168,7.111528448151205,6.7808275
156.157240500618,14.04864,val,29.68523362165915,29.61514519840602,14.474078925844708,27.75913476975382,29.739014395710477,24.925282
110.834178517301,3.57107545945946,val,19.29601756019126,19.267523395233813,8.417619565017944,10.17771666925545,9.977836982109482,9.965018
48.8211473415386,1.45792,test,5.0810296198643545,5.109446570871952,4.959984490008921,8.416309296418168,7.211566968814589,7.0836153
59.0218891123912,5.33572682926829,train,7.4193030199192265,7.438358461146644,5.148084170893156,8.502870693797894,7.089035228652735,6.713283
52.4423246684198,4.75446857142857,train,5.911096963057222,5.936190657019118,5.009879610983532,8.416309296418168,7.175493792561052,6.9552584
66.3348766984964,3.90685090909091,train,9.095628598161174,9.107972703453662,5.374136719118937,8.453185378244498,6.9899479190566165,6.504825
74.1646467884524,3.34297945945946,train,10.89041406976312,10.895572573172897,5.701295658196301,8.138684016062697,6.0336373270974395,6.11551
55.8291179001753,4.01161846153846,train,6.687437419780483,6.709422957622485,5.0733382066098045,8.416309296418168,7.1346560907034435,6.8436265
92.8293339347406,15.07572,train,15.168842291445666,15.156871682562528,6.839146142930943,9.256382148737387,7.256514444579922,5.967343
57.4476883778063,2.025,train,7.058455565222895,7.0789556950723584,5.10941716955513,8.416309296418168,7.111528448151205,6.7808275
80.1069741374945,12.34368,train,12.252548930816696,12.252253992031315,6.008681310758234,8.138684016062697,6.349226797709452,5.7915354
54.1622000205846,1.33146947368421,val,6.305336801464662,6.328852117079996,5.040072263945447,8.416309296418168,7.158361405515588,6.901731
38.2984589185375,0.942135652173913,train,2.6689577343790827,2.7070316547324964,4.919501235194559,8.577869202851476,7.224122023173049,7.7196255
99.5023150477446,8.23020988235294,val,16.698461860896018,16.680367268154097,7.368990563557972,8.888762472265348,8.010436459145929,6.9014497
278.488001804222,332.86464,val,57.72660272895406,57.54424789958204,44.45312667366143,44.68385549315809,61.1992642031451,59.23252
71.6498558573022,9.80516571428572,train,10.313959055696406,10.321425454004999,5.586586292848608,8.138684016062697,5.939489877647621,6.2505503
118.81784408086,9.08521411764706,train,21.12607984796975,21.09025884689255,9.268872254209612,10.506132478104696,13.468951004330393,12.663833
136.080843393287,21.7138909090909,train,25.083205026136056,25.03154128141052,11.426136717134554,21.97014029121511,21.59758616557945,18.694803
402.817139135178,30.4651974193548,test,86.2260512203793,85.92959601858036,88.82186563915042,78.17389551089181,104.61804298719521,107.29435
291.357901774746,19.229466122449,test,60.676716106829325,60.4825502055617,48.57471843589933,44.68385549315809,64.98085928131465,63.595512
57.4476883778063,1.98123054545455,train,7.058455565222895,7.0789556950723584,5.10941716955513,8.416309296418168,7.111528448151205,6.7808275
52.4423246684198,1.47607578947368,train,5.911096963057222,5.936190657019118,5.009879610983532,8.416309296418168,7.175493792561052,6.9552584
93.8116822853606,7.61686325581395,train,15.394021897933294,15.381149760132118,6.913069552473701,9.256382148737387,7.428982224692917,6.0806227
98.5766919987619,5.62931409836066,train,16.486285158207757,16.469040035967144,7.291614328470189,8.888762472265348,6.878332236445422,6.738959
98.5766919987619,5.63885419354839,train,16.486285158207757,16.469040035967144,7.291614328470189,8.888762472265348,8.086678609618957,6.738959
98.5766919987619,9.93550628571428,train,16.486285158207757,16.469040035967144,7.291614328470189,8.888762472265348,7.927318568834493,6.738959
98.5766919987619,0.693741176470588,train,16.486285158207757,16.469040035967144,7.291614328470189,8.888762472265348,7.927318568834493,6.738959
33.1674383492482,3.43872,train,1.4927953354263286,1.5355781387532268,4.955640120631088,8.577869202851476,7.171315409484628,8.112404
160.785122807748,76.65408,train,30.746063739745964,30.67172817775989,15.257762799193145,40.54520602432709,30.901905924081014,26.24082
114.895376755613,8.89344000000001,train,20.226949057754396,20.194727816092016,8.839036010320868,12.150723278865067,11.581032403372289,11.307314
102.228910701358,12.574656,train,17.323467986211995,17.302871119375574,7.604183049206284,8.888762472265348,8.501578157868664,7.4300237
127.021618281629,10.2201285245902,val,23.006596718667012,22.963246881536502,10.240206341079599,16.789710745897803,17.331782302832814,15.585684
118.81784408086,2.05632,test,21.12607984796975,21.09025884689255,9.268872254209612,10.506132478104696,13.348153339731727,12.663833
100.419406462608,12.4604509090909,val,16.90868289275481,16.889746659233975,7.446886681355508,8.888762472265348,8.298356953156597,7.065523
77.7845377731429,0.107136,test,11.72018655011214,11.722022976988896,5.882459816535231,8.138684016062697,6.8919388745438726,5.9187765
143.938020939328,16.6688336842105,train,26.884272994341316,26.82539849513398,12.550453595860162,15.667719617539685,25.441031138790642,21.248411
69.0435287010191,1.73065846153846,test,9.716521575336774,9.726379873931835,5.477326320368633,8.138684016062697,6.959540928408133,6.3888025
118.043778224782,12.4198606451613,train,20.94864396714688,20.913533348240403,9.182273423433287,12.452719362316236,13.125944759339012,12.385415
91.8364782879097,1.30770580645161,test,14.941254141364992,14.930194704243371,6.765861345983282,9.256382148737387,7.1709338239229155,5.869474
186.151786049751,31.1240670967742,train,36.560757929575225,36.46314266192019,20.080296401093776,19.13205076594197,37.23607547774541,33.09285
117.264602856701,8.44871441860465,test,20.770036854243806,20.735641306652006,9.095983829701922,12.150723278865067,12.722400769657352,12.113398
129.168614586553,0.176256000000001,val,23.498743707836432,23.45342351135774,10.51053633884915,15.103731547614636,18.515536524161767,16.336218
42.8189787876665,8.69969454545454,train,3.7051776095461015,3.739102920718242,4.917924973705325,8.577869202851476,7.237721038030533,7.3627877
132.669753396993,3.98395914893617,test,24.301295123630908,24.252761832854574,10.965676652252185,14.931239581946574,20.182926092941763,17.54263
80.1069741374945,11.0025216,test,12.252548930816696,12.252253992031315,6.008681310758234,8.138684016062697,6.882184090700446,5.7915354
46.9058411426803,4.93756061538461,train,4.641991985312389,4.672166667092457,4.9410689381501385,8.416309296418168,7.228260172477704,7.1455817
48.8211473415386,4.50065454545455,train,5.0810296198643545,5.109446570871952,4.959984490008921,8.416309296418168,7.211566968814589,7.0836153
71.6498558573022,5.152896,val,10.313959055696406,10.321425454004999,5.586586292848608,8.138684016062697,6.930339256859132,6.2505503
151.992296843211,13.7390811428571,test,28.73052099530198,28.6642548588647,13.794598734345186,29.995245190375762,28.602326487622157,23.711634
50.664098947737,3.29890909090909,train,5.50348171356165,5.530207335656763,4.983064149621754,8.416309296418168,7.193208510513679,7.018324
66.3348766984964,3.05988923076923,test,9.095628598161174,9.107972703453662,5.374136719118937,8.453185378244498,6.9899479190566165,6.504825
54.1622000205846,0.578619616438356,train,6.305336801464662,6.328852117079996,5.040072263945447,8.416309296418168,7.158361405515588,6.901731
125.569894966908,14.8397634782609,val,22.673824251006756,22.63180670149946,10.061204624382114,16.789710745897803,16.541909930895507,15.074172
88.791324243983,0.78192,train,14.243226207717166,14.234961394751782,6.550049885568924,8.260207102950234,6.902070161788368,5.636224
187.623364570721,46.339776,val,36.89808172317506,36.7991159462114,20.386907937231896,19.13205076594197,37.476475228651154,33.47284
215.375632544147,68.0061046153846,train,43.2596181144676,43.13518329477238,26.698730037060926,52.08198674004314,44.677990034628586,40.609753
52.4423246684198,2.71049142857143,train,5.911096963057222,5.936190657019118,5.009879610983532,8.416309296418168,7.175493792561052,6.9552584
116.480215438923,8.214048,train,20.590235004973508,20.556559311942088,9.010009922624917,12.150723278865067,12.194676725711522,11.84497
55.8291179001753,0.282566686567164,train,6.687437419780483,6.709422957622485,5.0733382066098045,8.416309296418168,7.1346560907034435,6.8436265
55.8291179001753,0.756675490909091,test,6.687437419780483,6.709422957622485,5.0733382066098045,8.416309296418168,7.1346560907034435,6.8436265
99.5023150477446,8.14685538461539,train,16.698461860896018,16.680367268154097,7.368990563557972,8.888762472265348,8.010436459145929,6.9014497
77.7845377731429,2.42451692307692,train,11.72018655011214,11.722022976988896,5.882459816535231,8.138684016062697,6.2109810168352935,5.9187765
42.8189787876665,1.25014153846154,val,3.7051776095461015,3.739102920718242,4.917924973705325,8.577869202851476,7.237721038030533,7.3627877
334.974707401052,66.0293485714286,test,70.67481415522553,70.44061987547099,63.53142330822851,78.17389551089181,76.17577837463585,79.70633
118.043778224782,83.8676945454545,train,20.94864396714688,20.913533348240403,9.182273423433287,12.452719362316236,13.125944759339012,12.385415
166.939112119249,10.9386907826087,test,32.15671698776971,32.07673373540769,16.346313170976458,23.291781406690212,32.26085535173543,27.961468
278.816989517049,71.7944123076923,train,57.80201520729426,57.61935845657569,44.55660072569526,44.68385549315809,62.20434278513399,59.341755
72.918093356958,1.09168941176471,train,10.604671836885592,10.61097433770287,5.643294419690875,8.138684016062697,6.916151134880291,6.176456
55.8291179001753,0.318968470588236,test,6.687437419780483,6.709422957622485,5.0733382066098045,8.416309296418168,7.1346560907034435,6.8436265
406.89296440342,163.461888,train,87.16033561087664,86.8601399087329,90.38155953499229,78.17389551089181,115.87597748439916,109.01118
55.8291179001753,1.31956363636364,train,6.687437419780483,6.709422957622485,5.0733382066098045,8.416309296418168,7.1346560907034435,6.8436265
75.3905917717706,0.131956363636361,train,11.171432314202422,11.175465733161568,5.760527801720656,8.138684016062697,6.902871872630013,6.05196
430.538390716466,113.6592,test,92.58047785374137,92.25858207383284,99.4475087945713,78.17389551089181,146.30241247950823,119.056015
138.749349246747,13.1986060273973,train,25.694895469361015,25.64078276119666,11.798042541684424,17.33967769863663,22.928393975692593,19.578384
90.8327707927258,9.14976,train,14.711178467443874,14.701040161132509,6.693235723850634,8.922152314883105,7.160120680125305,5.774017
71.6498558573022,0.832121379310345,train,10.313959055696406,10.321425454004999,5.586586292848608,8.138684016062697,6.930339256859132,6.2505503
52.4423246684198,4.92331885714286,train,5.911096963057222,5.936190657019118,5.009879610983532,8.416309296418168,7.175493792561052,6.9552584
46.9058411426803,3.12728502857143,train,4.641991985312389,4.672166667092457,4.9410689381501385,8.416309296418168,7.228260172477704,7.1455817
55.8291179001753,3.14928,train,6.687437419780483,6.709422957622485,5.0733382066098045,8.416309296418168,7.1346560907034435,6.8436265
48.8211473415386,1.67691130434783,train,5.0810296198643545,5.109446570871952,4.959984490008921,8.416309296418168,7.211566968814589,7.0836153
27.0811000102923,0.894922105263157,val,0.09764943707807294,0.14601784556639608,5.045459276796265,7.756973654552722,7.042311537742205,8.689135
218.754280070874,14.6112,train,44.0340913652738,43.90655586500302,27.53385731124824,56.51751674136557,45.790976439525245,41.499584
81.2433000308769,3.7326528,train,12.51302416585125,12.511686388593597,6.073288479914737,8.260207102950234,6.424444045785871,5.726878
40.6216500154385,3.35529931034483,test,3.201493119271378,3.237434981323208,4.915136705996687,8.577869202851476,7.234381634973814,7.5377455
57.4476883778063,4.27078656,train,7.058455565222895,7.0789556950723584,5.10941716955513,8.416309296418168,7.111528448151205,6.7808275
224.544619110573,37.7312256,train,45.36138658144275,45.228537122955174,28.99755154751871,27.608929253066457,46.59475741460595,43.04598
82.3639502109324,4.845312,train,12.76990612263972,12.767539892956114,6.138839538953107,8.260207102950234,6.872356039041063,5.6618714
38.2984589185375,4.195584,val,2.6689577343790827,2.7070316547324964,4.919501235194559,8.577869202851476,7.224122023173049,7.7196255
59.0218891123912,3.328128,train,7.4193030199192265,7.438358461146644,5.148084170893156,8.502870693797894,7.089035228652735,6.713283
54.1622000205846,8.6842368,test,6.305336801464662,6.328852117079996,5.040072263945447,8.416309296418168,7.158361405515588,6.901731
54.1622000205846,8.65728,test,6.305336801464662,6.328852117079996,5.040072263945447,8.416309296418168,7.158361405515588,6.901731
23.4529205713402,4.37051076923077,train,-0.7340229709980521,-0.6823248794273624,5.123031848621139,7.940271385465172,3.5058142444807086,9.128229
168.033806551084,17.2849371428571,train,32.40764921688094,32.32666133241861,16.545468694839798,18.631598981223775,32.613299804313435,28.263964
46.9058411426803,3.72096,val,4.641991985312389,4.672166667092457,4.9410689381501385,8.416309296418168,7.228260172477704,7.1455817
27.0811000102923,6.576552,train,0.09764943707807294,0.14601784556639608,5.045459276796265,7.756973654552722,7.042311537742205,8.689135
54.1622000205846,3.78033230769231,train,6.305336801464662,6.328852117079996,5.040072263945447,8.416309296418168,7.158361405515588,6.901731
158.488074436329,183.783168,test,30.219520942547064,30.147293446942584,14.86501913335519,32.67945506452365,30.26171970014167,25.587637
42.8189787876665,1.920672,train,3.7051776095461015,3.739102920718242,4.917924973705325,8.577869202851476,7.237721038030533,7.3627877
38.2984589185375,3.888,val,2.6689577343790827,2.7070316547324964,4.919501235194559,8.577869202851476,7.224122023173049,7.7196255
30.2775902642419,5.20128,train,0.8303675376089403,0.8758024364126911,4.991963442380765,8.672512359878672,7.114767478535199,8.351728
35.8249279286511,4.06944,val,2.101960564193945,2.142304514028897,4.932380164561678,8.577869202851476,7.205008440503066,7.9092035
35.8249279286511,4.30412108108108,train,2.101960564193945,2.142304514028897,4.932380164561678,8.577869202851476,7.205008440503066,7.9092035
40.6216500154385,0.859062857142857,test,3.201493119271378,3.237434981323208,4.915136705996687,8.577869202851476,7.234381634973814,7.5377455
27.0811000102923,1.52470588235294,train,0.09764943707807294,0.14601784556639608,5.045459276796265,7.756973654552722,7.042311537742205,8.689135
57.4476883778063,2.6915328,train,7.058455565222895,7.0789556950723584,5.10941716955513,8.416309296418168,7.111528448151205,6.7808275
33.1674383492482,2.30887384615385,test,1.4927953354263286,1.5355781387532268,4.955640120631088,8.577869202851476,7.171314562457854,8.112404
106.618397358971,0.379296,train,18.329651665983192,18.30502644285678,8.005608978817534,9.568990178717561,8.880579440893678,8.601391
114.094702354545,12.5879717647059,val,20.043413811379303,20.011927371303383,8.754049977569466,12.150723278865067,11.237512860155828,11.040034
121.110361056968,8.32098461538462,train,21.651583932361397,21.613659023492477,9.530462585936476,10.506132478104696,14.426436422425187,13.486647
27.0811000102923,2.09701161290323,train,0.09764943707807294,0.14601784556639608,5.045459276796265,7.756973654552722,7.042311537742205,8.689135
59.0218891123912,5.77903304347826,train,7.4193030199192265,7.438358461146644,5.148084170893156,8.502870693797894,5.4626887657230565,6.713283
23.4529205713402,1.11372387096774,train,-0.7340229709980521,-0.6823248794273624,5.123031848621139,7.940271385465172,6.958236507176085,9.128229
30.2775902642419,3.020112,train,0.8303675376089403,0.8758024364126911,4.991963442380765,8.672512359878672,7.114767478535199,8.351728
130.580335361391,13.5183908571429,train,23.822346560478067,23.775730787840565,10.691924182978681,15.103731547614636,19.012017879668157,16.82543
115.690509957628,18.3817053658537,train,20.40921411823114,20.376263160297686,8.92435835854782,12.150723278865067,11.974452411415381,11.576931
38.2984589185375,0.530967272727273,train,2.6689577343790827,2.7070316547324964,4.919501235194559,8.577869202851476,7.224122023173049,7.7196255
30.2775902642419,3.56544,train,0.8303675376089403,0.8758024364126911,4.991963442380765,8.672512359878672,7.114767478535199,8.351728
80.1069741374945,1.37252571428572,train,12.252548930816696,12.252253992031315,6.008681310758234,8.138684016062697,6.882184090700446,5.7915354
30.2775902642419,1.55834181818182,test,0.8303675376089403,0.8758024364126911,4.991963442380765,8.672512359878672,7.114767478535199,8.351728
114.895376755613,11.0299569230769,train,20.226949057754396,20.194727816092016,8.839036010320868,12.150723278865067,11.486708454718427,11.307314
76.5969178370751,2.92696615384615,train,11.447953396066707,11.45087973541222,5.820933516328921,8.138684016062697,6.124839664453861,5.986246
35.8249279286511,1.1380608,val,2.101960564193945,2.142304514028897,4.932380164561678,8.577869202851476,7.205008440503066,7.9092035
30.2775902642419,1.32898909090909,val,0.8303675376089403,0.8758024364126911,4.991963442380765,8.672512359878672,7.114767478535199,8.351728
52.4423246684198,1.17562576271186,train,5.911096963057222,5.936190657019118,5.009879610983532,8.416309296418168,7.175493792561052,6.9552584
48.8211473415386,1.08506482758621,train,5.0810296198643545,5.109446570871952,4.959984490008921,8.416309296418168,7.211566968814589,7.0836153
38.2984589185375,2.66112,train,2.6689577343790827,2.7070316547324964,4.919501235194559,8.577869202851476,7.224122023173049,7.7196255
103.121756567797,10.506672,train,17.528131312344676,17.506715055556164,7.683557003063584,8.888762472265348,8.602889759773458,7.6413994
30.2775902642419,3.71254153846154,test,0.8303675376089403,0.8758024364126911,4.991963442380765,8.672512359878672,7.114767478535199,8.351728
75.3905917717706,1.83574588235294,train,11.171432314202422,11.175465733161568,5.760527801720656,8.138684016062697,6.902871872630013,6.05196
30.2775902642419,2.77207578947369,train,0.8303675376089403,0.8758024364126911,4.991963442380765,8.672512359878672,7.114767478535199,8.351728
71.6498558573022,6.748272,train,10.313959055696406,10.321425454004999,5.586586292848608,8.138684016062697,6.930339256859132,6.2505503
69.0435287010191,6.54624,val,9.716521575336774,9.726379873931835,5.477326320368633,8.138684016062697,6.959540928408133,6.3888025
46.9058411426803,3.18816,train,4.641991985312389,4.672166667092457,4.9410689381501385,8.416309296418168,7.228260172477704,7.1455817
87.7527934971774,2.98639058823529,train,14.005168145377676,13.997856421507343,6.479536698072977,8.260207102950234,6.873891275069041,5.588745
64.9381965576721,10.8624738461538,train,8.775473447189109,8.789099325424372,5.325046791791166,8.502870693797894,7.005932161309846,6.553981
113.288369265916,8.040384,train,19.858581447706236,19.827835002354703,8.66940759766436,12.966571193765166,10.283609624166868,10.771486
33.1674383492482,6.1992,train,1.4927953354263286,1.5355781387532268,4.955640120631088,8.577869202851476,7.171315409484628,8.112404
166.939112119249,8.8270305882353,train,32.15671698776971,32.07673373540769,16.346313170976458,23.291781406690212,32.20627125236165,27.961468
124.837702748642,8.73380571428572,train,22.505986889160134,22.464641293199577,9.97208292348948,16.789710745897803,16.347585895418135,14.8150835
138.087057402038,157.69728,train,25.543081077982016,25.489576173810832,11.70478416353815,19.19647475500658,22.743896297821053,19.360615
40.6216500154385,4.06944,train,3.201493119271378,3.237434981323208,4.915136705996687,8.577869202851476,7.234381634973814,7.5377455
54.1622000205846,6.63552,test,6.305336801464662,6.328852117079996,5.040072263945447,8.416309296418168,7.158361405515588,6.901731
148.946050056608,5.73233905617978,test,28.0322425768178,27.968772067377678,13.31318627064303,30.625595418795122,27.604022425772172,22.7984
110.003948261701,10.4018086956522,train,19.10570734881651,19.077975109690748,8.334430349262036,10.17771666925545,9.747432570650991,9.694306
95.7461472963438,0.686846910638298,train,15.837451226910497,15.822803775752062,7.0627550371861645,9.256382148737387,7.7176176093008895,6.318451
168.578488065615,5.67898838709677,test,32.53250428384956,32.45101652972678,16.64518009563197,18.631598981223775,32.841080550339285,28.413708
126.297842485302,17.2256914285714,train,22.84068861804331,22.79800301047063,10.150580657038986,16.789710745897803,16.91800675911228,15.331044
27.0811000102923,2.66901942857143,train,0.09764943707807294,0.14601784556639608,5.045459276796265,7.756973654552722,7.042311537742205,8.689135
143.938020939328,17.95008,train,26.884272994341316,26.82539849513398,12.550453595860162,15.667719617539685,25.441031138790642,21.248411
38.2984589185375,0.761472,train,2.6689577343790827,2.7070316547324964,4.919501235194559,8.577869202851476,7.224122023173049,7.7196255
108.324400041169,4.00821696,train,18.720711530237793,18.694520660107152,8.169213979366432,9.568990178717561,9.335020316523302,9.149516
44.9089238221147,6.71846399999999,train,4.184246974441761,4.216254283833293,4.926836231286742,8.577869202851476,7.239076704382411,7.2119718
116.480215438923,10.5605485714286,train,20.590235004973508,20.556559311942088,9.010009922624917,12.150723278865067,12.194676302198134,11.84497
112.476255789782,1.59583135135135,test,19.6724240699657,19.642422924163974,8.585116457371,12.966571193765166,10.342341825409898,10.50323
57.4476883778063,3.01511314285714,test,7.058455565222895,7.0789556950723584,5.10941716955513,8.416309296418168,7.111528448151205,6.7808275
80.1069741374945,3.42382344827586,test,12.252548930816696,12.252253992031315,6.008681310758234,8.138684016062697,6.882184090700446,5.7915354
109.167404195214,8.40046344827586,train,18.913949848961984,18.88698533003108,8.25162547498526,10.17771666925545,9.541189386165781,9.422532
62.0505953499169,3.66455172413793,train,8.113560691652708,8.1298366033419,5.232421848989475,8.502870693797894,7.045759783739391,6.6325645
67.7027500257308,3.276936,test,9.409180483657966,9.420269252836807,5.4249292641951,8.138684016062697,5.703821194788366,6.4497514
189.083490596518,23.867136,train,37.232780309174416,37.13247453318149,20.693987760634613,19.13205076594197,37.68601610012446,33.848763
52.4423246684198,3.535488,train,5.911096963057222,5.936190657019118,5.009879610983532,8.416309296418168,7.175493792561052,6.9552584
72.918093356958,1.57342945054945,test,10.604671836885592,10.61097433770287,5.643294419690875,8.138684016062697,6.916151134880291,6.176456
119.586899644005,8.0896537815126,train,21.30236724028513,21.265840455125005,9.355774070066289,10.506132478104696,13.854494086888142,12.940195
57.4476883778063,1.89249662337662,train,7.058455565222895,7.0789556950723584,5.10941716955513,8.416309296418168,7.111528448151205,6.7808275
94.7838500360231,10.150272,train,15.616867848044558,15.60310352435041,6.98761204217864,9.256382148737387,7.429411667267364,6.1985607
86.7018239261228,4.85721113924051,train,13.764258783346188,13.7579115640324,6.409776946078324,8.260207102950234,6.8023310650896125,5.552474
44.9089238221147,6.395112,train,4.184246974441761,4.216254283833293,4.926836231286742,8.577869202851476,7.239076704382411,7.2119718
92.8293339347406,10.6457841509434,train,15.168842291445666,15.156871682562528,6.839146142930943,9.256382148737387,7.256514444579922,5.967343
147.709961879968,167.049216,train,27.74889925056889,27.686563134275335,13.121603792589752,30.625595418795122,27.18117310773455,22.421492
101.328197895474,4.76928,test,17.117001354431814,17.09723109726073,7.525288653111787,8.888762472265348,8.398497540546256,7.2399197
48.8211473415386,5.6448,train,5.0810296198643545,5.109446570871952,4.959984490008921,8.416309296418168,7.211566968814589,7.0836153
221.668357034601,54.8711152941176,train,44.70207304769081,44.571863216414606,28.26539617057243,56.51751674136557,46.14488794247591,42.27424
364.84182184173,88.293888,train,77.52112796277473,77.25952378575752,74.45443417016577,78.17389551089181,92.30165705691547,91.57926
62.0505953499169,1.042848,train,8.113560691652708,8.1298366033419,5.232421848989475,8.502870693797894,7.045759783739391,6.6325645
108.324400041169,6.36891428571429,train,18.720711530237793,18.694520660107152,8.169213979366432,9.568990178717561,9.335020316523302,9.149516
136.752851645112,8.46538105263158,train,25.23724666890655,25.184966203165708,11.518828138666578,19.19647475500658,21.91276821631314,18.918846
38.2984589185375,0.96768,train,2.6689577343790827,2.7070316547324964,4.919501235194559,8.577869202851476,7.224122023173049,7.7196255
125.569894966908,30.5120206451613,test,22.673824251006756,22.63180670149946,10.061204624382114,16.789710745897803,16.541909930895507,15.074172
38.2984589185375,3.27012324324324,train,2.6689577343790827,2.7070316547324964,4.919501235194559,8.577869202851476,7.224122023173049,7.7196255
91.8364782879097,10.8282380487805,val,14.941254141364992,14.930194704243371,6.765861345983282,9.256382148737387,6.875993172008863,5.869474
74.1646467884524,7.61664,train,10.89041406976312,10.895572573172897,5.701295658196301,8.138684016062697,6.0336373270974395,6.11551
52.4423246684198,4.58519510204082,val,5.911096963057222,5.936190657019118,5.009879610983532,8.416309296418168,7.175493792561052,6.9552584
110.834178517301,13.9767790344828,train,19.29601756019126,19.267523395233813,8.417619565017944,10.17771666925545,9.931140819569109,9.965018
27.0811000102923,3.402432,test,0.09764943707807294,0.14601784556639608,5.045459276796265,7.756973654552722,7.042311537742205,8.689135
123.360281446966,3.60556137931034,val,22.16732377936016,22.127334054793643,9.794621891909799,21.670986955492676,15.718790911049693,14.290262
52.4423246684198,17.192736,test,5.911096963057222,5.936190657019118,5.009879610983532,8.416309296418168,7.175493792561052,6.9552584
50.664098947737,7.87221504,train,5.50348171356165,5.530207335656763,4.983064149621754,8.416309296418168,7.193208510513679,7.018324
256.556799762994,18.5248246153846,test,52.69940495096872,52.53717700717149,37.7938882560299,40.611023988760884,54.637151274314235,52.23611
67.7027500257308,6.14151529411765,test,9.409180483657966,9.420269252836807,5.4249292641951,8.138684016062697,6.974592170669738,6.4497514
50.664098947737,7.73156571428571,test,5.50348171356165,5.530207335656763,4.983064149621754,8.416309296418168,7.193208510513679,7.018324
95.7461472963438,14.7082043076923,val,15.837451226910497,15.822803775752062,7.0627550371861645,9.256382148737387,7.7176176093008895,6.318451
129.876393115344,19.935072,train,23.66098482168669,23.615015076795906,10.601116247283997,15.103731547614636,18.794093137185236,16.581936
57.4476883778063,10.453693773913,val,7.058455565222895,7.0789556950723584,5.10941716955513,8.416309296418168,7.111528448151205,6.7808275
81.2433000308769,9.61344,train,12.51302416585125,12.511686388593597,6.073288479914737,8.260207102950234,6.424444045785871,5.726878
30.2775902642419,14.0287015384615,train,0.8303675376089403,0.8758024364126911,4.991963442380765,8.672512359878672,7.114767478535199,8.351728
64.9381965576721,16.1816663414634,train,8.775473447189109,8.789099325424372,5.325046791791166,8.502870693797894,7.005932161309846,6.553981
97.6422946830773,7.90436571428571,train,16.272097167037252,16.255709567691135,7.214772642964462,9.256382148737387,7.964843972492152,6.59078
30.2775902642419,2.35224,val,0.8303675376089403,0.8758024364126911,4.991963442380765,8.672512359878672,7.114767478535199,8.351728
156.157240500618,20.1874752,test,29.68523362165915,29.61514519840602,14.474078925844708,27.75913476975382,29.633076757079174,24.925282
57.4476883778063,8.60229818181818,train,7.058455565222895,7.0789556950723584,5.10941716955513,8.416309296418168,7.111528448151205,6.7808275
143.938020939328,12.655872,test,26.884272994341316,26.82539849513398,12.550453595860162,15.667719617539685,25.441031138790642,21.248411
91.8364782879097,0.476928,test,14.941254141364992,14.930194704243371,6.765861345983282,9.256382148737387,6.875993172008863,5.869474
33.1674383492482,3.4691328,train,1.4927953354263286,1.5355781387532268,4.955640120631088,8.577869202851476,7.171315409484628,8.112404
115.690509957628,6.35370523489933,train,20.40921411823114,20.376263160297686,8.92435835854782,12.150723278865067,11.974452411415381,11.576931
84.5607076793511,4.25016,train,13.273459655330116,13.269077399068516,6.272627716690977,8.260207102950234,6.667568681823763,5.543985
106.618397358971,5.41314327272727,test,18.329651665983192,18.30502644285678,8.005608978817534,9.568990178717561,8.880579440893678,8.601391
66.3348766984964,1.75695567567568,train,9.095628598161174,9.107972703453662,5.374136719118937,8.453185378244498,6.9899479190566165,6.504825
82.3639502109324,4.38308939597315,train,12.76990612263972,12.767539892956114,6.138839538953107,8.260207102950234,6.507804185754687,5.6618714
130.580335361391,5.15793188571428,test,23.822346560478067,23.775730787840565,10.691924182978681,15.103731547614636,19.136823886718357,16.82543
38.2984589185375,4.3006464,test,2.6689577343790827,2.7070316547324964,4.919501235194559,8.577869202851476,7.224122023173049,7.7196255
57.4476883778063,6.11947636363636,train,7.058455565222895,7.0789556950723584,5.10941716955513,8.416309296418168,7.111528448151205,6.7808275
74.1646467884524,5.9864832,val,10.89041406976312,10.895572573172897,5.701295658196301,8.138684016062697,6.909236431810277,6.11551
46.9058411426803,4.9372416,train,4.641991985312389,4.672166667092457,4.9410689381501385,8.416309296418168,7.228260172477704,7.1455817
67.7027500257308,3.32825924050633,train,9.409180483657966,9.420269252836807,5.4249292641951,8.138684016062697,6.974592170669738,6.4497514
52.4423246684198,2.40985945945946,train,5.911096963057222,5.936190657019118,5.009879610983532,8.416309296418168,7.175493792561052,6.9552584
103.121756567797,11.47104,val,17.528131312344676,17.506715055556164,7.683557003063584,8.888762472265348,8.602889759773458,7.6413994
75.3905917717706,3.7474272,test,11.171432314202422,11.175465733161568,5.760527801720656,8.138684016062697,6.087293085126852,6.05196
176.547172322631,15.5809339534884,test,34.35913246934662,34.270331627873624,18.150698376658426,18.899275463713906,34.893539925467024,30.572416
67.7027500257308,1.01088,val,9.409180483657966,9.420269252836807,5.4249292641951,8.138684016062697,6.974592170669738,6.4497514
138.087057402038,4.53810874576271,val,25.543081077982016,25.489576173810832,11.70478416353815,19.19647475500658,22.59745722696144,19.360615
97.6422946830773,12.2887384615385,test,16.272097167037252,16.255709567691135,7.214772642964462,9.256382148737387,7.964843972492152,6.59078
139.408494758524,5.46912,train,25.845988639992754,25.791271015314123,11.89148379500429,16.248217817277673,23.21995414375138,19.7941
42.8189787876665,0.22032,test,3.7051776095461015,3.739102920718242,4.917924973705325,8.577869202851476,7.237721038030533,7.3627877
107.474783785953,2.44944,train,18.5259575471988,18.500546393981033,8.087205237109885,9.568990178717561,9.118244565859387,8.875697
438.972852985692,272.29824,train,94.51387438616327,94.18423806122402,102.67734825654725,78.17389551089181,152.05639410374684,122.67736
234.137997424846,39.6688695652174,test,47.560436594945145,47.41878302133227,31.510897615397198,25.060501367933668,49.17539727523239,45.678852
57.4476883778063,1.2786816,test,7.058455565222895,7.0789556950723584,5.10941716955513,8.416309296418168,7.111528448151205,6.7808275
54.1622000205846,1.85028923076923,train,6.305336801464662,6.328852117079996,5.040072263945447,8.416309296418168,7.158361405515588,6.901731
59.0218891123912,0.350916923076926,test,7.4193030199192265,7.438358461146644,5.148084170893156,8.502870693797894,7.089035228652735,6.713283
106.618397358971,17.0675576470588,train,18.329651665983192,18.30502644285678,8.005608978817534,9.568990178717561,8.973866311141055,8.601391
100.419406462608,1.327104,train,16.90868289275481,16.889746659233975,7.446886681355508,8.888762472265348,8.298356953156597,7.065523
48.8211473415386,0.625129411764706,train,5.0810296198643545,5.109446570871952,4.959984490008921,8.416309296418168,7.211566968814589,7.0836153
55.8291179001753,2.05474909090909,val,6.687437419780483,6.709422957622485,5.0733382066098045,8.416309296418168,7.1346560907034435,6.8436265
98.5766919987619,10.5895821913043,train,16.486285158207757,16.469040035967144,7.291614328470189,8.888762472265348,7.927318568834493,6.738959
102.228910701358,1.54008,train,17.323467986211995,17.302871119375574,7.604183049206284,8.888762472265348,8.501578157868664,7.4300237
55.8291179001753,1.147392,train,6.687437419780483,6.709422957622485,5.0733382066098045,8.416309296418168,7.1346560907034435,6.8436265
492.325162521827,177.831936,train,106.74360130428828,106.3650020530504,122.74103049157239,78.17389551089181,148.2528779726647,145.9872
85.637957575333,1.91231999999999,train,13.52039314640072,13.51502226738369,6.340797708987964,8.260207102950234,6.875203319542055,5.5303802
199.464757022097,20.38608,train,39.61243462129266,39.5026016629284,22.95841543559203,53.86700957181731,40.85556487784239,36.504536
35.8249279286511,2.99190857142857,train,2.101960564193945,2.142304514028897,4.932380164561678,8.577869202851476,7.205008440503066,7.9092035
33.1674383492482,1.06897655172414,train,1.4927953354263286,1.5355781387532268,4.955640120631088,8.577869202851476,7.171315409484628,8.112404
103.121756567797,7.71747096774193,train,17.528131312344676,17.506715055556164,7.683557003063584,8.888762472265348,8.568804978872018,7.6413994
194.814589673016,14.349312,val,38.54649619618429,38.44093082816746,21.926600868881593,19.13205076594197,39.634294570150296,35.316925
215.800856319509,10.1344471578947,train,43.357090383184456,43.23226532358108,26.803061151121497,52.08198674004314,44.86081568164814,40.72129
230.587257644781,24.8613726315789,val,46.74651535620089,46.60812039710101,30.567987185147985,27.608929253066457,48.34145875888816,44.692863
66.3348766984964,1.28495213114754,train,9.095628598161174,9.107972703453662,5.374136719118937,8.453185378244498,6.9899479190566165,6.504825
91.8364782879097,5.66420210526316,test,14.941254141364992,14.930194704243371,6.765861345983282,9.256382148737387,7.1709338239229155,5.869474
246.720562893932,44.76384,train,50.44468548602884,50.29148453553449,34.968708639821756,28.015830532523374,52.46211865471271,49.286034
52.4423246684198,6.43034273684211,train,5.911096963057222,5.936190657019118,5.009879610983532,8.416309296418168,7.175493792561052,6.9552584
77.7845377731429,3.2577347368421,test,11.72018655011214,11.722022976988896,5.882459816535231,8.138684016062697,6.8919388745438726,5.9187765
103.121756567797,14.7163392,test,17.528131312344676,17.506715055556164,7.683557003063584,8.888762472265348,8.602889759773458,7.6413994
85.637957575333,8.74554810810811,train,13.52039314640072,13.51502226738369,6.340797708987964,8.260207102950234,6.73002038938837,5.5303802
50.664098947737,9.14188032,train,5.50348171356165,5.530207335656763,4.983064149621754,8.416309296418168,7.193208510513679,7.018324
99.5023150477446,5.50368,train,16.698461860896018,16.680367268154097,7.368990563557972,8.888762472265348,8.010436459145929,6.9014497
249.30796540783,34.80192,train,51.03778494971393,50.882209466613695,35.70170918635458,28.015830532523374,52.66604543272757,50.05075
38.2984589185375,9.42859636363636,train,2.6689577343790827,2.7070316547324964,4.919501235194559,8.577869202851476,7.224122023173049,7.7196255
97.6422946830773,7.97707636363636,train,16.272097167037252,16.255709567691135,7.214772642964462,9.256382148737387,7.964843972492152,6.59078
60.5551805284838,4.78939392,test,7.770773002526397,7.788421298772589,5.189143121309158,8.502870693797894,7.067126881141752,6.661085
134.726771466344,8.62139076923077,test,24.77281677794229,24.722395703394266,11.241343160102474,16.69958658658095,21.070129040945794,18.240337
161.35427546472,11.6301312,train,30.876528224414216,30.80167033490683,15.35621865290635,40.54520602432709,31.01071667752992,26.401522
172.343065133419,11.8080794482759,train,33.395442550285736,33.31049993711151,17.345542019996444,18.631598981223775,33.63369093632373,29.438345
419.538597347358,76.99104,train,90.05904119561731,89.74724023778329,95.2290162358902,78.17389551089181,133.09626219225973,114.366585
46.9058411426803,1.43322352941176,train,4.641991985312389,4.672166667092457,4.9410689381501385,8.416309296418168,7.228260172477704,7.1455817
183.173165291374,8.18600727272727,train,35.87798114288454,35.78309943990424,19.468561585557183,18.899275463713906,36.371017197722324,32.319553
71.6498558573022,5.9616,test,10.313959055696406,10.321425454004999,5.586586292848608,8.138684016062697,6.930339256859132,6.2505503
52.4423246684198,0.41904,val,5.911096963057222,5.936190657019118,5.009879610983532,8.416309296418168,7.175493792561052,6.9552584
135.405500051462,14.6277038297872,test,24.92839889462455,24.877354931620914,11.333640625798694,19.819547607339512,21.325494060895583,18.468641
118.81784408086,6.429888,train,21.12607984796975,21.09025884689255,9.268872254209612,10.506132478104696,13.348153127975035,12.663833
103.121756567797,10.6148571428571,test,17.528131312344676,17.506715055556164,7.683557003063584,8.888762472265348,8.568804978872018,7.6413994
178.612121741175,7.67232,test,34.832472193682825,34.741776289614236,18.555013271023242,18.899275463713906,35.22680260971973,31.121592
152.594248889389,52.224225882353,val,28.8685039468662,28.8016853819787,13.891285852152507,29.995245190375762,28.750737436811775,23.889502
124.837702748642,16.56,train,22.505986889160134,22.464641293199577,9.97208292348948,16.789710745897803,16.347585895418135,14.8150835
211.510152578581,42.0705163636364,val,42.37355029852164,42.25266293932642,25.7606223718807,52.08198674004314,44.16371942281345,39.601326
265.684776304773,416.89728,test,54.79177286140379,54.62116791487591,40.50702996728708,40.611023988760884,57.570537129050244,55.07849
234.529205713402,20.6413356521739,train,47.65011163579612,47.50809903925122,31.615683105299865,25.060501367933668,49.694922841153776,45.7883
186.151786049751,7.21047272727273,val,36.560757929575225,36.46314266192019,20.080296401093776,19.13205076594197,37.23607547774541,33.09285
66.3348766984964,1.08167641791045,train,9.095628598161174,9.107972703453662,5.374136719118937,8.453185378244498,6.9899479190566165,6.504825
94.7838500360231,4.26261735849057,train,15.616867848044558,15.60310352435041,6.98761204217864,9.256382148737387,7.429411667267364,6.1985607
173.403647852246,11.0053963636364,val,33.63855549400098,33.552639554012096,17.54637648058403,18.631598981223775,33.98208660092174,29.726635
78.9542957097545,4.75575652173913,val,11.988325272680095,11.989088179551146,5.945057611502648,8.138684016062697,6.887203571363507,5.855558
108.324400041169,4.77034886597938,train,18.720711530237793,18.694520660107152,8.169213979366432,9.568990178717561,9.335020316523302,9.149516
169.662605271087,11.8848,train,32.78101193957126,32.698529260368524,16.84486404057357,18.631598981223775,33.0427068036358,28.710283
59.0218891123912,0.524055272727272,val,7.4193030199192265,7.438358461146644,5.148084170893156,8.502870693797894,7.089035228652735,6.713283
202.656395790948,241.60896,train,40.344040636172146,40.23127862046867,23.68284212512914,53.86700957181731,41.49176329972948,37.320545
89.8178476442293,4.572288,test,14.478531876192017,14.46932499361377,6.621290947788836,8.260207102950234,7.072425457126865,5.704317
75.3905917717706,2.094336,train,11.171432314202422,11.175465733161568,5.760527801720656,8.138684016062697,6.087293085126852,6.05196
87.7527934971774,6.59763692307692,test,14.005168145377676,13.997856421507343,6.479536698072977,8.260207102950234,6.876101591435943,5.588745
55.8291179001753,4.18127664335664,test,6.687437419780483,6.709422957622485,5.0733382066098045,8.416309296418168,7.1346560907034435,6.8436265
83.4695560596246,1.9651753220339,train,13.023339530230624,13.019958654730265,6.2052974967426735,8.260207102950234,6.5601915211899495,5.5967665
135.405500051462,22.9898057142857,val,24.92839889462455,24.877354931620914,11.333640625798694,19.819547607339512,21.489988354470995,18.468641
128.456936363,5.1922944,val,23.33560868325545,23.290941614049252,10.420188560181344,15.103731547614636,18.038096330536177,16.088272
105.755076289291,11.88736,val,18.131756185606676,18.107923256689723,7.924435310800376,9.568990178717561,8.899827489064043,8.342243
63.5108091408147,2.27121408,train,8.448279395679291,8.463215227794693,5.277768176835679,8.502870693797894,7.025199479339319,6.5967183
104.006938095831,11.8256188235294,train,17.731037774219445,17.708809161259385,7.763398177954286,12.219238428893163,8.563863001158783,7.8638906
70.3587617140205,1.73038344827586,val,10.018006941622852,10.026658213612299,5.531238966064933,8.138684016062697,5.878449316688593,6.321857
314.070714982665,589.83552,test,65.8830793456522,65.66806925209369,56.189920760644654,44.68385549315809,73.14788127245058,71.755264
33.1674383492482,1.58112,train,1.4927953354263286,1.5355781387532268,4.955640120631088,8.577869202851476,7.171315409484628,8.112404
60.5551805284838,2.22911999999999,train,7.770773002526397,7.788421298772589,5.189143121309158,8.502870693797894,7.067126881141752,6.661085
140.064538357428,26.77536,val,25.99637077210169,25.941051077622127,11.98510497984887,15.667719617539685,23.702403653718747,20.007784
64.9381965576721,1.92309677419355,train,8.775473447189109,8.789099325424372,5.325046791791166,8.502870693797894,7.005932161309846,6.553981
27.0811000102923,0.175059692307692,val,0.09764943707807294,0.14601784556639608,5.045459276796265,7.756973654552722,7.042311537742205,8.689135
97.6422946830773,5.05089462857143,train,16.272097167037252,16.255709567691135,7.214772642964462,9.256382148737387,7.964843972492152,6.59078
76.5969178370751,0.406315636363636,test,11.447953396066707,11.45087973541222,5.820933516328921,8.138684016062697,6.134708373398399,5.986246
209.769298673679,26.2031261538461,train,41.97450163415439,41.85521190591805,25.344241300027235,52.08198674004314,43.46516627792739,39.15007
138.749349246747,15.0096738461538,train,25.694895469361015,25.64078276119666,11.798042541684424,17.33967769863663,23.03966449489336,19.578384
57.4476883778063,4.10409874285715,train,7.058455565222895,7.0789556950723584,5.10941716955513,8.416309296418168,7.111528448151205,6.7808275
42.8189787876665,4.671648,train,3.7051776095461015,3.739102920718242,4.917924973705325,8.577869202851476,7.237721038030533,7.3627877
35.8249279286511,3.83171657142857,train,2.101960564193945,2.142304514028897,4.932380164561678,8.577869202851476,7.205008440503066,7.9092035
96.6988687448568,6.9034067027027,train,16.05583958245981,16.04031779183093,7.138480854485735,9.256382148737387,6.871892291882267,6.4510264
60.5551805284838,7.88814367346939,train,7.770773002526397,7.788421298772589,5.189143121309158,8.502870693797894,7.067126881141752,6.661085
27.0811000102923,6.619104,test,0.09764943707807294,0.14601784556639608,5.045459276796265,7.756973654552722,7.042311537742205,8.689135
55.8291179001753,8.58816,train,6.687437419780483,6.709422957622485,5.0733382066098045,8.416309296418168,7.1346560907034435,6.8436265
38.2984589185375,4.057344,test,2.6689577343790827,2.7070316547324964,4.919501235194559,8.577869202851476,7.224122023173049,7.7196255
131.976956215761,10.1121089361702,train,24.142488121464005,24.094590630292593,10.874208237685338,15.103731547614636,19.652631428615017,17.305767
101.328197895474,9.59286857142857,train,17.117001354431814,17.09723109726073,7.525288653111787,8.888762472265348,8.398497540546256,7.2399197
30.2775902642419,4.6656,test,0.8303675376089403,0.8758024364126911,4.991963442380765,8.672512359878672,7.114767478535199,8.351728
44.9089238221147,3.57888,train,4.184246974441761,4.216254283833293,4.926836231286742,8.577869202851476,7.239076704382411,7.2119718
44.9089238221147,232.65792,train,4.184246974441761,4.216254283833293,4.926836231286742,8.577869202851476,7.239076704382411,7.2119718
66.3348766984964,3.97872000000001,train,9.095628598161174,9.107972703453662,5.374136719118937,8.453185378244498,6.9899479190566165,6.504825
35.8249279286511,3.135024,val,2.101960564193945,2.142304514028897,4.932380164561678,8.577869202851476,7.205008440503066,7.9092035
35.8249279286511,3.4992,train,2.101960564193945,2.142304514028897,4.932380164561678,8.577869202851476,7.205008440503066,7.9092035
93.8116822853606,9.31824,val,15.394021897933294,15.381149760132118,6.913069552473701,9.256382148737387,7.428982224692917,6.0806227
118.81784408086,12.566584109589,train,21.12607984796975,21.09025884689255,9.268872254209612,10.506132478104696,13.348153127975035,12.663833
72.918093356958,1.375488,val,10.604671836885592,10.61097433770287,5.643294419690875,8.138684016062697,6.916151134880291,6.176456
57.4476883778063,4.23470592,train,7.058455565222895,7.0789556950723584,5.10941716955513,8.416309296418168,7.111528448151205,6.7808275
84.5607076793511,14.0116114285714,train,13.273459655330116,13.269077399068516,6.272627716690977,8.260207102950234,6.667568681823763,5.543985
102.228910701358,6.78748931506849,val,17.323467986211995,17.302871119375574,7.604183049206284,8.888762472265348,8.501578157868664,7.4300237
88.791324243983,10.3954447058824,test,14.243226207717166,14.234961394751782,6.550049885568924,8.260207102950234,6.875814449359537,5.636224
122.614895278807,8.55684,train,21.996462023526362,21.957156360968273,9.706292591508742,17.634430539321098,15.25580988797064,14.024561
77.7845377731429,3.16622769230769,train,11.72018655011214,11.722022976988896,5.882459816535231,8.138684016062697,6.8919388745438726,5.9187765
27.0811000102923,3.63385756097561,val,0.09764943707807294,0.14601784556639608,5.045459276796265,7.756973654552722,7.042311537742205,8.689135
30.2775902642419,2.35872,train,0.8303675376089403,0.8758024364126911,4.991963442380765,8.672512359878672,7.114767478535199,8.351728
30.2775902642419,6.28224,train,0.8303675376089403,0.8758024364126911,4.991963442380765,8.672512359878672,7.114767478535199,8.351728
48.8211473415386,3.42144,val,5.0810296198643545,5.109446570871952,4.959984490008921,8.416309296418168,7.211566968814589,7.0836153
161.35427546472,22.6456409302326,test,30.876528224414216,30.80167033490683,15.35621865290635,40.54520602432709,31.106967717973113,26.401522
92.8293339347406,4.906368,train,15.168842291445666,15.156871682562528,6.839146142930943,9.256382148737387,7.256514444579922,5.967343
50.664098947737,5.165568,test,5.50348171356165,5.530207335656763,4.983064149621754,8.416309296418168,7.193208510513679,7.018324
52.4423246684198,3.29832,train,5.911096963057222,5.936190657019118,5.009879610983532,8.416309296418168,7.175493792561052,6.9552584
52.4423246684198,1.52064,train,5.911096963057222,5.936190657019118,5.009879610983532,8.416309296418168,7.175493792561052,6.9552584
30.2775902642419,4.528656,train,0.8303675376089403,0.8758024364126911,4.991963442380765,8.672512359878672,7.114767478535199,8.351728
30.2775902642419,3.9133152,train,0.8303675376089403,0.8758024364126911,4.991963442380765,8.672512359878672,7.114767478535199,8.351728
40.6216500154385,3.65608421052632,train,3.201493119271378,3.237434981323208,4.915136705996687,8.577869202851476,7.234381634973814,7.5377455
147.088022436023,15.2442,test,27.606334671355945,27.544569326513916,13.026031671129871,26.457791118580875,26.897661388082852,22.23045
48.8211473415386,2.70061714285714,test,5.0810296198643545,5.109446570871952,4.959984490008921,8.416309296418168,7.211566968814589,7.0836153
67.7027500257308,0.588742892307692,val,9.409180483657966,9.420269252836807,5.4249292641951,8.138684016062697,5.784780860879504,6.4497514
48.8211473415386,0.748630588235294,train,5.0810296198643545,5.109446570871952,4.959984490008921,8.416309296418168,7.211566968814589,7.0836153
74.1646467884524,6.69186782608696,train,10.89041406976312,10.895572573172897,5.701295658196301,8.138684016062697,6.909236431810277,6.11551
96.6988687448568,8.36429662921348,train,16.05583958245981,16.04031779183093,7.138480854485735,9.256382148737387,6.871892291882267,6.4510264
52.4423246684198,2.9216791011236,test,5.911096963057222,5.936190657019118,5.009879610983532,8.416309296418168,7.175493792561052,6.9552584
66.3348766984964,1.77228,train,9.095628598161174,9.107972703453662,5.374136719118937,8.453185378244498,6.9899479190566165,6.504825
50.664098947737,2.2477041509434,val,5.50348171356165,5.530207335656763,4.983064149621754,8.416309296418168,7.193208510513679,7.018324
27.0811000102923,1.22194285714286,test,0.09764943707807294,0.14601784556639608,5.045459276796265,7.756973654552722,7.042311537742205,8.689135
113.288369265916,7.658496,test,19.858581447706236,19.827835002354703,8.66940759766436,12.966571193765166,10.188834739634167,10.771486
67.7027500257308,1.16802,train,9.409180483657966,9.420269252836807,5.4249292641951,8.138684016062697,6.974592170669738,6.4497514
84.5607076793511,7.07699612903226,train,13.273459655330116,13.269077399068516,6.272627716690977,8.260207102950234,6.667568681823763,5.543985
85.637957575333,5.44791272727273,test,13.52039314640072,13.51502226738369,6.340797708987964,8.260207102950234,6.73002038938837,5.5303802
35.8249279286511,3.2076,train,2.101960564193945,2.142304514028897,4.932380164561678,8.577869202851476,7.205008440503066,7.9092035
27.0811000102923,0.8370432,test,0.09764943707807294,0.14601784556639608,5.045459276796265,7.756973654552722,7.042311537742205,8.689135
127.741293266218,8.63893661538461,train,23.171564807356177,23.12755450409898,10.330077120754538,16.789710745897803,17.613046436939555,15.838097
40.6216500154385,3.53067428571429,train,3.201493119271378,3.237434981323208,4.915136705996687,8.577869202851476,7.234381634973814,7.5377455
44.9089238221147,0.636138305084746,val,4.184246974441761,4.216254283833293,4.926836231286742,8.577869202851476,7.239076704382411,7.2119718
30.2775902642419,42.75072,train,0.8303675376089403,0.8758024364126911,4.991963442380765,8.672512359878672,7.114767478535199,8.351728
50.664098947737,0.7423488,train,5.50348171356165,5.530207335656763,4.983064149621754,8.416309296418168,7.193208510513679,7.018324
221.668357034601,42.8999563636364,test,44.70207304769081,44.571863216414606,28.26539617057243,56.51751674136557,46.3843627401444,42.27424
71.6498558573022,2.20519384615385,train,10.313959055696406,10.321425454004999,5.586586292848608,8.138684016062697,6.930339256859132,6.2505503
46.9058411426803,1.8144,train,4.641991985312389,4.672166667092457,4.9410689381501385,8.416309296418168,7.228260172477704,7.1455817
148.329293576905,18.8575623529412,val,27.890866066834796,27.827961572293045,13.217322727964941,30.625595418795122,27.203507509712885,22.610798
93.8116822853606,2.53918188679245,test,15.394021897933294,15.381149760132118,6.913069552473701,9.256382148737387,7.428982224692917,6.0806227
78.9542957097545,2.59978578113208,val,11.988325272680095,11.989088179551146,5.945057611502648,8.138684016062697,6.887203571363507,5.855558
35.8249279286511,3.483648,train,2.101960564193945,2.142304514028897,4.932380164561678,8.577869202851476,7.205008440503066,7.9092035
74.1646467884524,1.01332528301887,train,10.89041406976312,10.895572573172897,5.701295658196301,8.138684016062697,6.909236431810277,6.11551
168.033806551084,6.9139415730337,train,32.40764921688094,32.32666133241861,16.545468694839798,18.631598981223775,32.6599472628143,28.263964
144.573511980488,245.58336,val,27.0299439495422,26.97048624219856,12.645256993621274,26.457791118580875,25.93070578714071,21.448479
46.9058411426803,13.6785265116279,train,4.641991985312389,4.672166667092457,4.9410689381501385,8.416309296418168,7.228260172477704,7.1455817
97.6422946830773,7.324416,train,16.272097167037252,16.255709567691135,7.214772642964462,9.256382148737387,7.964843972492152,6.59078
52.4423246684198,6.892032,train,5.911096963057222,5.936190657019118,5.009879610983532,8.416309296418168,7.175493792561052,6.9552584
48.8211473415386,12.69888,train,5.0810296198643545,5.109446570871952,4.959984490008921,8.416309296418168,7.211566968814589,7.0836153
40.6216500154385,14.364288,test,3.201493119271378,3.237434981323208,4.915136705996687,8.577869202851476,7.234381634973814,7.5377455
153.791084861901,16.705123902439,test,29.142849654425426,29.07493271925138,14.08504900725903,24.90676363786243,29.110198659186068,24.240646
63.5108091408147,4.09536,train,8.448279395679291,8.463215227794693,5.277768176835679,8.502870693797894,7.025199479339319,6.5967183
38.2984589185375,5.46454588235294,train,2.6689577343790827,2.7070316547324964,4.919501235194559,8.577869202851476,7.224122023173049,7.7196255
221.254410161645,487.306368,train,44.607185736178366,44.47735579567743,28.160850010505115,56.51751674136557,46.051572696831606,42.16377
234.529205713402,24.147072,test,47.65011163579612,47.50809903925122,31.615683105299865,25.060501367933668,49.71701668752828,45.7883
52.4423246684198,0.1974528,train,5.911096963057222,5.936190657019118,5.009879610983532,8.416309296418168,7.175493792561052,6.9552584
150.171964148936,142.062336,val,28.31325374024454,28.248658174703323,13.50533855995073,30.625595418795122,27.90348196552582,23.168571
55.8291179001753,1.047168,test,6.687437419780483,6.709422957622485,5.0733382066098045,8.416309296418168,7.1346560907034435,6.8436265
48.8211473415386,2.17728,val,5.0810296198643545,5.109446570871952,4.959984490008921,8.416309296418168,7.211566968814589,7.0836153
122.614895278807,8.22528,train,21.996462023526362,21.957156360968273,9.706292591508742,17.634430539321098,15.25580988797064,14.024561
33.1674383492482,7.27020972972973,train,1.4927953354263286,1.5355781387532268,4.955640120631088,8.577869202851476,7.171315409484628,8.112404
72.918093356958,5.34036983606557,train,10.604671836885592,10.61097433770287,5.643294419690875,8.138684016062697,6.916151134880291,6.176456
78.9542957097545,4.83525818181818,val,11.988325272680095,11.989088179551146,5.945057611502648,8.138684016062697,6.887203571363507,5.855558
66.3348766984964,0.283018378378379,train,9.095628598161174,9.107972703453662,5.374136719118937,8.453185378244498,6.9899479190566165,6.504825
127.741293266218,144.550656,train,23.171564807356177,23.12755450409898,10.330077120754538,16.789710745897803,17.613046436939555,15.838097
163.049813535834,16.5662608695652,test,31.265189329609008,31.188775396767525,15.652209989964973,23.291781406690212,31.31795192306941,26.876598
85.637957575333,4.89852768932039,train,13.52039314640072,13.51502226738369,6.340797708987964,8.260207102950234,6.875203319542055,5.5303802
33.1674383492482,1.42189714285714,train,1.4927953354263286,1.5355781387532268,4.955640120631088,8.577869202851476,7.171315409484628,8.112404
139.408494758524,20.3513806451613,train,25.845988639992754,25.791271015314123,11.89148379500429,16.248217817277673,23.21995414375138,19.7941
59.0218891123912,0.94284,test,7.4193030199192265,7.438358461146644,5.148084170893156,8.502870693797894,7.089035228652735,6.713283
132.669753396993,15.956352,train,24.301295123630908,24.252761832854574,10.965676652252185,14.931239581946574,19.998492789105054,17.54263
63.5108091408147,1.48608,train,8.448279395679291,8.463215227794693,5.277768176835679,8.502870693797894,7.025199479339319,6.5967183
86.7018239261228,1.6749504,val,13.764258783346188,13.7579115640324,6.409776946078324,8.260207102950234,6.8023310650896125,5.552474
118.043778224782,6.9008112,train,20.94864396714688,20.913533348240403,9.182273423433287,12.452719362316236,13.125944759339012,12.385415
62.0505953499169,1.36767443478261,train,8.113560691652708,8.1298366033419,5.232421848989475,8.502870693797894,7.045759783739391,6.6325645
27.0811000102923,0.53568,train,0.09764943707807294,0.14601784556639608,5.045459276796265,7.756973654552722,7.042311537742205,8.689135
52.4423246684198,4.75708235294118,train,5.911096963057222,5.936190657019118,5.009879610983532,8.416309296418168,7.175493792561052,6.9552584
75.3905917717706,8.24832,test,11.171432314202422,11.175465733161568,5.760527801720656,8.138684016062697,6.062145283718488,6.05196
104.88464933684,6.5218064516129,train,17.932231853423055,17.909197739985533,7.843694736210836,11.843995373490367,8.802377905735563,8.092258
40.6216500154385,6.77808,train,3.201493119271378,3.237434981323208,4.915136705996687,8.577869202851476,7.234381634973814,7.5377455
108.324400041169,7.96879338842975,val,18.720711530237793,18.694520660107152,8.169213979366432,9.568990178717561,9.335020316523302,9.149516
40.6216500154385,9.47209846153846,train,3.201493119271378,3.237434981323208,4.915136705996687,8.577869202851476,7.234381634973814,7.5377455
277.498698493493,39.32496,val,57.49982886603033,57.31838194834031,44.14258116049031,41.769127183750406,60.92999100356529,58.904736
131.280503036571,4.96314739726027,train,23.982843070166183,23.93558473381261,10.78295614648222,15.103731547614636,19.492387515391826,17.066704
48.8211473415386,0.344416438356164,test,5.0810296198643545,5.109446570871952,4.959984490008921,8.416309296418168,7.211566968814589,7.0836153
122.614895278807,2.80145454545455,train,21.996462023526362,21.957156360968273,9.706292591508742,17.634430539321098,15.25580988797064,14.024561
94.7838500360231,6.14304,train,15.616867848044558,15.60310352435041,6.98761204217864,9.256382148737387,6.871048229701919,6.1985607
169.121415358702,13.7973394285714,train,32.6569572379687,32.574971224084194,16.74497894720197,18.631598981223775,32.979542323040825,28.562473
173.403647852246,16.3867118644068,train,33.63855549400098,33.552639554012096,17.54637648058403,18.631598981223775,33.98208660092174,29.726635
268.772243377351,24.9323115789474,train,55.49950003375344,55.32606163120391,41.44393140020367,41.769127183750406,58.49824489738968,56.06258
154.978678442824,23.03424,train,29.415076767191174,29.34606994373523,14.27931821505662,24.90676363786243,29.293871332979677,24.585842
113.288369265916,1.64736,train,19.858581447706236,19.827835002354703,8.66940759766436,12.966571193765166,10.188834739634167,10.771486
98.5766919987619,0.4608,val,16.486285158207757,16.469040035967144,7.291614328470189,8.888762472265348,7.927318568834493,6.738959
169.662605271087,42.8099657142857,train,32.78101193957126,32.698529260368524,16.84486404057357,18.631598981223775,33.0427068036358,28.710283
151.992296843211,124.267885714286,test,28.73052099530198,28.6642548588647,13.794598734345186,29.995245190375762,28.553536051382927,23.711634
251.868789406081,272.7592704,train,51.62479193134758,51.46686630749842,36.43437037115221,40.611023988760884,53.28098348258583,50.815525
344.951989257591,64.9407085714286,train,72.9618647731185,72.7185140590793,67.13033902725874,78.17389551089181,79.53286396229063,83.61279
40.6216500154385,2.35008,train,3.201493119271378,3.237434981323208,4.915136705996687,8.577869202851476,7.234381634973814,7.5377455
125.569894966908,1.17505930726257,train,22.673824251006756,22.63180670149946,10.061204624382114,16.789710745897803,16.541909507382123,15.074172
159.640730164388,15.6658780327869,train,30.483739397330666,30.410454076901907,15.061171933665463,40.54520602432709,30.53336796279593,25.915735
168.033806551084,44.20224,test,32.40764921688094,32.32666133241861,16.545468694839798,18.631598981223775,32.61605264132912,28.263964
137.421573733937,1.86624,test,25.39053503826775,25.3376408673165,11.611711670040705,19.19647475500658,22.301689029889133,19.140778
325.255172584473,65.8071771428571,val,68.44684581399633,68.22157142676413,60.082112930938436,44.68385549315809,73.60411699781443,75.96723
143.938020939328,10.16064,train,26.884272994341316,26.82539849513398,12.550453595860162,15.667719617539685,25.557075500889994,21.248411
92.8293339347406,16.531776,train,15.168842291445666,15.156871682562528,6.839146142930943,9.256382148737387,7.346174346180787,5.967343
112.476255789782,6.77093877551021,train,19.6724240699657,19.642422924163974,8.585116457371,12.966571193765166,10.342341825409898,10.50323
67.7027500257308,4.01959384615385,train,9.409180483657966,9.420269252836807,5.4249292641951,8.138684016062697,5.784780860879504,6.4497514
140.717523428041,3.5644092631579,train,26.14605181055422,26.090132853171806,12.078903216348635,15.667719617539685,23.933669067893067,20.219458
147.088022436023,10.1142,train,27.606334671355945,27.544569326513916,13.026031671129871,26.457791118580875,26.855264309934203,22.23045
50.664098947737,2.59336421052632,val,5.50348171356165,5.530207335656763,4.983064149621754,8.416309296418168,7.193208510513679,7.018324
258.337229173107,27.8014870588235,train,53.10752534298161,52.94366344866293,38.31631316599454,40.611023988760884,55.14758654889644,52.78261
88.791324243983,7.255494,train,14.243226207717166,14.234961394751782,6.550049885568924,8.260207102950234,6.875814449359537,5.636224
114.895376755613,6.50791384615384,train,20.226949057754396,20.194727816092016,8.839036010320868,12.150723278865067,11.581032297493943,11.307314
70.3587617140205,0.0550301538461548,train,10.018006941622852,10.026658213612299,5.531238966064933,8.138684016062697,6.944783180923738,6.321857
160.785122807748,18.0090203773585,train,30.746063739745964,30.67172817775989,15.257762799193145,40.54520602432709,30.901905924081014,26.24082
109.167404195214,11.575872,train,18.913949848961984,18.88698533003108,8.25162547498526,10.17771666925545,9.541189386165781,9.422532
83.4695560596246,0.735048,train,13.023339530230624,13.019958654730265,6.2052974967426735,8.260207102950234,6.871113450763521,5.5967665
170.739838983924,15.4285714285714,test,33.02794172104719,32.944470433940765,17.04488820354713,18.631598981223775,33.28025546242008,29.003101
133.358951558794,3.33804521739131,train,24.459277137616475,24.410111350157337,11.057357678302012,16.69958658658095,20.400364642056378,17.777294
76.5969178370751,0.0414720000000004,train,11.447953396066707,11.45087973541222,5.820933516328921,8.138684016062697,6.896609380176023,5.986246
150.171964148936,4.16890046511628,train,28.31325374024454,28.248658174703323,13.50533855995073,30.625595418795122,28.019258667164568,23.168571
46.9058411426803,0.457411764705882,train,4.641991985312389,4.672166667092457,4.9410689381501385,8.416309296418168,7.228260172477704,7.1455817
118.043778224782,6.65339586206896,train,20.94864396714688,20.913533348240403,9.182273423433287,12.452719362316236,13.125944759339012,12.385415
165.837191746241,25.4436324324324,train,31.904128386365706,31.825156397554963,16.14752241080781,23.291781406690212,31.79612902998843,27.654835
262.561006073142,39.4527085714286,test,54.07572406764088,53.90798589357243,39.568889664958405,40.611023988760884,56.92694585747919,54.09445
59.0218891123912,1.32391384615385,val,7.4193030199192265,7.438358461146644,5.148084170893156,8.502870693797894,7.089035228652735,6.713283
182.169469159838,11.2,val,35.647908073804935,35.55394749120615,19.265114562369277,18.899275463713906,36.01278755227751,32.057518
185.658667869481,12.7840168421053,val,36.447722510199796,36.350559791072214,19.97820016946247,20.8247311547193,37.208369231966,32.965244
122.614895278807,5.12053102702703,train,21.996462023526362,21.957156360968273,9.706292591508742,17.634430539321098,15.25580988797064,14.024561
203.559101353541,3.981312,train,40.5509640592436,40.43737360506548,23.890115254879618,52.08198674004314,41.77308799625057,37.55172
206.243513135595,4.3203456,train,41.1663005519981,41.05024653705977,24.51265538346847,52.08198674004314,42.60394672324433,38.240704
128.456936363,6.092928,train,23.33560868325545,23.290941614049252,10.420188560181344,15.103731547614636,18.15203413704845,16.088272
124.101190699834,11.0419906909091,test,22.337159310613984,22.296489632631058,9.883220364361335,21.670986955492676,16.219426932882833,14.553776
223.726603207193,29.36448,train,45.17387621497502,45.04177747286198,28.7883084555055,27.608929253066457,46.469980206466076,42.82574
50.664098947737,1.403136,train,5.50348171356165,5.530207335656763,4.983064149621754,8.416309296418168,7.193208510513679,7.018324
104.88464933684,5.773184,train,17.932231853423055,17.909197739985533,7.843694736210836,11.843995373490367,8.691518406276908,8.092258
150.171964148936,3.22317473684211,test,28.31325374024454,28.248658174703323,13.50533855995073,30.625595418795122,27.90348196552582,23.168571
62.0505953499169,0.170331428571429,train,8.113560691652708,8.1298366033419,5.232421848989475,8.502870693797894,7.045759783739391,6.6325645
86.7018239261228,0.820224000000001,train,13.764258783346188,13.7579115640324,6.409776946078324,8.260207102950234,6.8763938156729925,5.552474
191.492294592688,2.97869837837838,val,37.7849403811296,37.68242397745142,21.20677422620301,19.13205076594197,38.578573951394084,34.466988
64.9381965576721,21.8269963636364,test,8.775473447189109,8.789099325424372,5.325046791791166,8.502870693797894,7.005932161309846,6.553981
482.925191856928,66.5033142857143,train,104.58888531786523,104.21891268607226,119.27574635017581,78.17389551089181,150.98760894402758,141.85855
64.9381965576721,0.354694736842105,train,8.775473447189109,8.789099325424372,5.325046791791166,8.502870693797894,7.005932161309846,6.553981
239.939157401924,23.7168,train,48.89021224936117,48.74323478685063,33.082819111387934,25.060501367933668,50.94519534558958,47.31937
76.5969178370751,0.27648,train,11.447953396066707,11.45087973541222,5.820933516328921,8.138684016062697,6.134708373398399,5.986246
213.236794717943,136.80576,train,42.76934125927514,42.64686931166099,26.17735689537352,52.08198674004314,44.326514580680104,40.050602
132.669753396993,2.788992,train,24.301295123630908,24.252761832854574,10.965676652252185,14.931239581946574,19.998492789105054,17.54263
50.664098947737,3.8143872,train,5.50348171356165,5.530207335656763,4.983064149621754,8.416309296418168,7.193208510513679,7.018324
40.6216500154385,0.808704000000001,train,3.201493119271378,3.237434981323208,4.915136705996687,8.577869202851476,7.234381634973814,7.5377455
86.7018239261228,1.613952,train,13.764258783346188,13.7579115640324,6.409776946078324,8.260207102950234,6.8023310650896125,5.552474
172.343065133419,34.3773257142857,train,33.395442550285736,33.31049993711151,17.345542019996444,18.631598981223775,33.63369093632373,29.438345
33.1674383492482,0.7496064,val,1.4927953354263286,1.5355781387532268,4.955640120631088,8.577869202851476,7.171315409484628,8.112404
191.01296394206,18.4271261538462,train,37.67506541954621,37.572988911188844,21.10412158836381,19.13205076594197,38.50788956709903,34.344135
67.7027500257308,2.66564855172414,val,9.409180483657966,9.420269252836807,5.4249292641951,8.138684016062697,6.974592170669738,6.4497514
122.614895278807,8.25370317757009,train,21.996462023526362,21.957156360968273,9.706292591508742,17.634430539321098,15.25580988797064,14.024561
46.9058411426803,2.90304,test,4.641991985312389,4.672166667092457,4.9410689381501385,8.416309296418168,7.228260172477704,7.1455817
194.343453337188,7.703424,test,38.4384995831327,38.33336659028179,21.823638332581467,19.13205076594197,39.46820617218611,35.196526
89.8178476442293,6.915942,train,14.478531876192017,14.46932499361377,6.621290947788836,8.260207102950234,7.072425457126865,5.704317
197.153383997524,17.27568,train,39.082608243724074,38.97489649788154,22.442025907584153,53.86700957181731,40.11391162258521,35.914272
140.717523428041,4.0491547826087,val,26.14605181055422,26.090132853171806,12.078903216348635,15.667719617539685,23.933670761946615,20.219458
228.991478903415,21.166848,train,46.38072166519979,46.243791197470244,30.14904302752491,27.608929253066457,47.98485371079599,44.25431
137.421573733937,5.1446016,val,25.39053503826775,25.3376408673165,11.611711670040705,19.19647475500658,22.301689029889133,19.140778
146.463442024616,6.20482767567568,val,27.463164714210144,27.401972564510316,12.93060861336636,26.457791118580875,26.701268066196455,22.037659
142.014486544877,10.548864,train,26.443349244905058,26.386240027718443,12.267019631634085,15.667719617539685,24.76002669460949,20.63685
88.791324243983,3.84356571428571,val,14.243226207717166,14.234961394751782,6.550049885568924,8.260207102950234,6.875814449359537,5.636224
83.4695560596246,4.3637184,train,13.023339530230624,13.019958654730265,6.2052974967426735,8.260207102950234,6.5601915211899495,5.5967665
33.1674383492482,3.29676151898734,train,1.4927953354263286,1.5355781387532268,4.955640120631088,8.577869202851476,7.171315409484628,8.112404
38.2984589185375,4.14966857142857,val,2.6689577343790827,2.7070316547324964,4.919501235194559,8.577869202851476,7.224122023173049,7.7196255
42.8189787876665,2.35176585365854,train,3.7051776095461015,3.739102920718242,4.917924973705325,8.577869202851476,7.237721038030533,7.3627877
48.8211473415386,5.605632,train,5.0810296198643545,5.109446570871952,4.959984490008921,8.416309296418168,7.211566968814589,7.0836153
107.474783785953,10.305792,val,18.5259575471988,18.500546393981033,8.087205237109885,9.568990178717561,9.118244565859387,8.875697
81.2433000308769,6.27912,train,12.51302416585125,12.511686388593597,6.073288479914737,8.260207102950234,6.424444045785871,5.726878
42.8189787876665,1.14446769230769,train,3.7051776095461015,3.739102920718242,4.917924973705325,8.577869202851476,7.237721038030533,7.3627877
59.0218891123912,4.0974336,train,7.4193030199192265,7.438358461146644,5.148084170893156,8.502870693797894,7.089035228652735,6.713283
77.7845377731429,1.93606530612245,train,11.72018655011214,11.722022976988896,5.882459816535231,8.138684016062697,6.8919388745438726,5.9187765
95.7461472963438,10.8217126956522,test,15.837451226910497,15.822803775752062,7.0627550371861645,9.256382148737387,7.7176176093008895,6.318451
96.6988687448568,3.6605387755102,train,16.05583958245981,16.04031779183093,7.138480854485735,9.256382148737387,6.871892291882267,6.4510264
216.225243860829,21.8199272727273,train,43.454370965467085,43.329156433391226,26.907410142209557,56.51751674136557,44.84738861322579,40.83273
48.8211473415386,0.57560275862069,train,5.0810296198643545,5.109446570871952,4.959984490008921,8.416309296418168,7.211566968814589,7.0836153
111.658235800351,4.05324,train,19.48491276686957,19.45566234119227,8.501184405286622,10.752660072344868,10.213334565560379,10.234683
55.8291179001753,1.12945021276596,train,6.687437419780483,6.709422957622485,5.0733382066098045,8.416309296418168,7.1346560907034435,6.8436265
42.8189787876665,1.28706206896552,train,3.7051776095461015,3.739102920718242,4.917924973705325,8.577869202851476,7.237721038030533,7.3627877
158.488074436329,23.2420214634146,train,30.219520942547064,30.147293446942584,14.86501913335519,32.67945506452365,30.261723088248765,25.587637
50.664098947737,1.75050418604651,train,5.50348171356165,5.530207335656763,4.983064149621754,8.416309296418168,7.193208510513679,7.018324
30.2775902642419,3.1958496,test,0.8303675376089403,0.8758024364126911,4.991963442380765,8.672512359878672,7.114767478535199,8.351728
90.8327707927258,2.066688,train,14.711178467443874,14.701040161132509,6.693235723850634,8.922152314883105,7.160120680125305,5.774017
42.8189787876665,3.089664,test,3.7051776095461015,3.739102920718242,4.917924973705325,8.577869202851476,7.237721038030533,7.3627877
40.6216500154385,2.85729882352941,test,3.201493119271378,3.237434981323208,4.915136705996687,8.577869202851476,7.234381634973814,7.5377455
128.456936363,14.0547388235294,train,23.33560868325545,23.290941614049252,10.420188560181344,15.103731547614636,18.15203413704845,16.088272
42.8189787876665,0.71424,test,3.7051776095461015,3.739102920718242,4.917924973705325,8.577869202851476,7.237721038030533,7.3627877
52.4423246684198,6.12036,train,5.911096963057222,5.936190657019118,5.009879610983532,8.416309296418168,7.175493792561052,6.9552584
42.8189787876665,3.24566371343284,train,3.7051776095461015,3.739102920718242,4.917924973705325,8.577869202851476,7.237721038030533,7.3627877
35.8249279286511,2.19980683636364,train,2.101960564193945,2.142304514028897,4.932380164561678,8.577869202851476,7.205008440503066,7.9092035
38.2984589185375,2.21906149253731,val,2.6689577343790827,2.7070316547324964,4.919501235194559,8.577869202851476,7.224122023173049,7.7196255
143.299711714604,14.1623785074627,train,26.737956038701235,26.679667333957113,12.455811203109704,15.667719617539685,25.015844026856627,21.046467
35.8249279286511,0.782043428571429,test,2.101960564193945,2.142304514028897,4.932380164561678,8.577869202851476,7.205008440503066,7.9092035
50.664098947737,3.59605894736842,train,5.50348171356165,5.530207335656763,4.983064149621754,8.416309296418168,7.193208510513679,7.018324
59.0218891123912,2.62341818181818,test,7.4193030199192265,7.438358461146644,5.148084170893156,8.502870693797894,7.089035228652735,6.713283
35.8249279286511,2.51973818181818,train,2.101960564193945,2.142304514028897,4.932380164561678,8.577869202851476,7.205008440503066,7.9092035
23.4529205713402,1.48369655172414,test,-0.7340229709980521,-0.6823248794273624,5.123031848621139,7.940271385465172,3.322244907953536,9.128229
168.578488065615,21.102336,test,32.53250428384956,32.45101652972678,16.64518009563197,18.631598981223775,32.84107885628573,28.413708
88.791324243983,14.8511232,train,14.243226207717166,14.234961394751782,6.550049885568924,8.260207102950234,6.875814449359537,5.636224
30.2775902642419,3.50065152,train,0.8303675376089403,0.8758024364126911,4.991963442380765,8.672512359878672,7.114767478535199,8.351728
40.6216500154385,0.7776,train,3.201493119271378,3.237434981323208,4.915136705996687,8.577869202851476,7.234381634973814,7.5377455
46.9058411426803,2.75463529411765,test,4.641991985312389,4.672166667092457,4.9410689381501385,8.416309296418168,7.228260172477704,7.1455817
87.7527934971774,8.20553142857142,val,14.005168145377676,13.997856421507343,6.479536698072977,8.260207102950234,6.873891275069041,5.588745
77.7845377731429,0.762978461538461,train,11.72018655011214,11.722022976988896,5.882459816535231,8.138684016062697,6.8919388745438726,5.9187765
40.6216500154385,3.6288,train,3.201493119271378,3.237434981323208,4.915136705996687,8.577869202851476,7.234381634973814,7.5377455
117.264602856701,10.5161472,train,20.770036854243806,20.735641306652006,9.095983829701922,12.150723278865067,12.575913630028312,12.113398
52.4423246684198,3.02995862068965,val,5.911096963057222,5.936190657019118,5.009879610983532,8.416309296418168,7.175493792561052,6.9552584
80.1069741374945,6.53616,val,12.252548930816696,12.252253992031315,6.008681310758234,8.138684016062697,6.882184090700446,5.7915354
50.664098947737,7.98336,val,5.50348171356165,5.530207335656763,4.983064149621754,8.416309296418168,7.193208510513679,7.018324
257.626533936151,64.0520228571429,train,52.94461564430967,52.78140597514882,38.10737728531437,40.611023988760884,54.95493539129783,52.564007
77.7845377731429,8.67692463157895,val,11.72018655011214,11.722022976988896,5.882459816535231,8.138684016062697,6.8919388745438726,5.9187765
76.5969178370751,1.5540970212766,train,11.447953396066707,11.45087973541222,5.820933516328921,8.138684016062697,6.896609380176023,5.986246
145.836186713916,14.0715105882353,train,27.319381601079698,27.25876510135295,12.835336913456132,26.457791118580875,26.413885434187314,21.843079
111.658235800351,12.3917797402597,train,19.48491276686957,19.45566234119227,8.501184405286622,10.752660072344868,10.213334565560379,10.234683
44.9089238221147,2.03372307692308,val,4.184246974441761,4.216254283833293,4.926836231286742,8.577869202851476,7.239076704382411,7.2119718
201.749651216783,34.1060072727273,train,40.13619136735991,40.02426149684645,23.475696081771147,53.86700957181731,41.29742147668985,37.08853
71.6498558573022,1.46855314285714,train,10.313959055696406,10.321425454004999,5.586586292848608,8.138684016062697,6.930339256859132,6.2505503
85.637957575333,10.668672,train,13.52039314640072,13.51502226738369,6.340797708987964,8.260207102950234,6.73002038938837,5.5303802
60.5551805284838,7.70023384615385,train,7.770773002526397,7.788421298772589,5.189143121309158,8.502870693797894,7.067126881141752,6.661085
27.0811000102923,2.43277714285714,train,0.09764943707807294,0.14601784556639608,5.045459276796265,7.756973654552722,7.042311537742205,8.689135
108.746718991886,24.2159261538462,train,18.817517938142593,18.79093949394368,8.210369977038908,10.17771666925545,9.443489294668874,9.286129
38.2984589185375,5.38063448275862,train,2.6689577343790827,2.7070316547324964,4.919501235194559,8.577869202851476,7.224122023173049,7.7196255
156.743198433647,13.0673828571429,train,29.819550309516877,29.74892413606438,14.571639185514456,32.67945506452365,29.801873946666788,25.092897
46.9058411426803,10.2704188235294,train,4.641991985312389,4.672166667092457,4.9410689381501385,8.416309296418168,7.228260172477704,7.1455817
59.0218891123912,11.3199709090909,train,7.4193030199192265,7.438358461146644,5.148084170893156,8.502870693797894,7.089035228652735,6.713283
159.065446382856,40.0880973913043,test,30.351869500605815,30.279112134405104,14.963039991964934,40.54520602432709,30.402587028881534,25.751297
67.7027500257308,11.9412313043478,test,9.409180483657966,9.420269252836807,5.4249292641951,8.138684016062697,5.784780860879504,6.4497514
70.3587617140205,9.19686678260869,train,10.018006941622852,10.026658213612299,5.531238966064933,8.138684016062697,5.878449316688593,6.321857
77.7845377731429,16.70976,train,11.72018655011214,11.722022976988896,5.882459816535231,8.138684016062697,6.8919388745438726,5.9187765
127.021618281629,6.43888551724138,train,23.006596718667012,22.963246881536502,10.240206341079599,16.789710745897803,17.331782302832814,15.585684
23.4529205713402,2.42587636363636,train,-0.7340229709980521,-0.6823248794273624,5.123031848621139,7.940271385465172,3.5058142444807086,9.128229
33.1674383492482,6.21534315789474,val,1.4927953354263286,1.5355781387532268,4.955640120631088,8.577869202851476,7.171315409484628,8.112404
92.8293339347406,10.584576,val,15.168842291445666,15.156871682562528,6.839146142930943,9.256382148737387,6.874687480236655,5.967343
82.3639502109324,93.12192,test,12.76990612263972,12.767539892956114,6.138839538953107,8.260207102950234,6.487439121026036,5.6618714
57.4476883778063,4.05029376,train,7.058455565222895,7.0789556950723584,5.10941716955513,8.416309296418168,7.111528448151205,6.7808275
184.171391567053,33.42336,train,36.10680037976842,36.01100257624834,19.6722452847237,18.899275463713906,36.68427141551826,32.579403
42.8189787876665,6.88731428571429,train,3.7051776095461015,3.739102920718242,4.917924973705325,8.577869202851476,7.237721038030533,7.3627877
63.5108091408147,6.04676571428571,train,8.448279395679291,8.463215227794693,5.277768176835679,8.502870693797894,7.025199479339319,6.5967183
110.834178517301,10.9275670588235,train,19.29601756019126,19.267523395233813,8.417619565017944,10.17771666925545,9.931140819569109,9.965018
50.664098947737,3.18198857142857,val,5.50348171356165,5.530207335656763,4.983064149621754,8.416309296418168,7.193208510513679,7.018324
60.5551805284838,4.08004011940298,train,7.770773002526397,7.788421298772589,5.189143121309158,8.502870693797894,7.067126881141752,6.661085
76.5969178370751,7.41220517647059,train,11.447953396066707,11.45087973541222,5.820933516328921,8.138684016062697,6.134708373398399,5.986246
98.5766919987619,6.19804097560976,train,16.486285158207757,16.469040035967144,7.291614328470189,8.888762472265348,7.927318568834493,6.738959
99.5023150477446,9.2596608,test,16.698461860896018,16.680367268154097,7.368990563557972,8.888762472265348,8.010436459145929,6.9014497
222.08153233635,80.0598109090909,test,44.79678349516041,44.6661944812017,28.369954900741334,56.51751674136557,46.45384265236674,42.384655
44.9089238221147,6.70729846153846,train,4.184246974441761,4.216254283833293,4.926836231286742,8.577869202851476,7.239076704382411,7.2119718
35.8249279286511,1.45949538461539,train,2.101960564193945,2.142304514028897,4.932380164561678,8.577869202851476,7.205008440503066,7.9092035
136.080843393287,166.116096,train,25.083205026136056,25.03154128141052,11.426136717134554,21.97014029121511,21.59758616557945,18.694803
209.33182312206,18.5726769230769,train,41.874220941974926,41.75533269744899,25.24020459832451,52.08198674004314,43.19879668612905,39.036926
66.3348766984964,8.898048,train,9.095628598161174,9.107972703453662,5.374136719118937,8.453185378244498,6.9899479190566165,6.504825
72.918093356958,10.6417152,test,10.604671836885592,10.61097433770287,5.643294419690875,8.138684016062697,6.916151134880291,6.176456
35.8249279286511,3.43661268292683,train,2.101960564193945,2.142304514028897,4.932380164561678,8.577869202851476,7.205008440503066,7.9092035
46.9058411426803,6.43464,train,4.641991985312389,4.672166667092457,4.9410689381501385,8.416309296418168,7.228260172477704,7.1455817
114.895376755613,5.37680842105263,val,20.226949057754396,20.194727816092016,8.839036010320868,12.150723278865067,11.581032297493943,11.307314
59.0218891123912,2.13544421052632,train,7.4193030199192265,7.438358461146644,5.148084170893156,8.502870693797894,7.089035228652735,6.713283
38.2984589185375,2.73387789473684,val,2.6689577343790827,2.7070316547324964,4.919501235194559,8.577869202851476,7.224122023173049,7.7196255
52.4423246684198,2.435904,train,5.911096963057222,5.936190657019118,5.009879610983532,8.416309296418168,7.175493792561052,6.9552584
163.611088219937,6.24891661016949,test,31.393847979484086,31.31691894896023,15.75107685715264,23.291781406690212,31.44064375129156,27.032654
110.834178517301,5.65068643902439,train,19.29601756019126,19.267523395233813,8.417619565017944,10.17771666925545,9.931140819569109,9.965018
196.22121147519,343.28448,train,38.86893023263435,38.762073967930405,22.235735914478113,53.86700957181731,39.884096318248076,35.67623
156.743198433647,4.64832,train,29.819550309516877,29.74892413606438,14.571639185514456,32.67945506452365,29.83248041212056,25.092897
128.456936363,5.58576,train,23.33560868325545,23.290941614049252,10.420188560181344,15.103731547614636,18.15203413704845,16.088272
151.38795132121,19.5553175510204,train,28.59198939727888,28.5262778858524,13.698043825980108,30.625595418795122,28.488594508615982,23.53221
82.3639502109324,0.22272,train,12.76990612263972,12.767539892956114,6.138839538953107,8.260207102950234,6.487439121026036,5.6618714
83.4695560596246,6.573312,train,13.023339530230624,13.019958654730265,6.2052974967426735,8.260207102950234,6.5601915211899495,5.5967665
169.121415358702,83.161728,train,32.6569572379687,32.574971224084194,16.74497894720197,18.631598981223775,32.84584084080948,28.562473
260.457679755252,43.8236509090909,train,53.593587367071656,53.427779475166815,38.94283238186236,40.611023988760884,55.36200629458832,53.43849
38.2984589185375,11.318995862069,train,2.6689577343790827,2.7070316547324964,4.919501235194559,8.577869202851476,7.224122023173049,7.7196255
38.2984589185375,10.37448,val,2.6689577343790827,2.7070316547324964,4.919501235194559,8.577869202851476,7.224122023173049,7.7196255
35.8249279286511,10.969344,test,2.101960564193945,2.142304514028897,4.932380164561678,8.577869202851476,7.205008440503066,7.9092035
62.0505953499169,6.36435692307692,train,8.113560691652708,8.1298366033419,5.232421848989475,8.502870693797894,7.045759783739391,6.6325645
138.749349246747,26.83296,train,25.694895469361015,25.64078276119666,11.798042541684424,17.33967769863663,23.03966449489336,19.578384
60.5551805284838,7.49158690909091,train,7.770773002526397,7.788421298772589,5.189143121309158,8.502870693797894,7.067126881141752,6.661085
30.2775902642419,3.2832,train,0.8303675376089403,0.8758024364126911,4.991963442380765,8.672512359878672,7.114767478535199,8.351728
46.9058411426803,0.882681081081081,train,4.641991985312389,4.672166667092457,4.9410689381501385,8.416309296418168,7.228260172477704,7.1455817
42.8189787876665,4.2349824,val,3.7051776095461015,3.739102920718242,4.917924973705325,8.577869202851476,7.237721038030533,7.3627877
33.1674383492482,1.30542545454545,test,1.4927953354263286,1.5355781387532268,4.955640120631088,8.577869202851476,7.171315409484628,8.112404
35.8249279286511,3.2845824,test,2.101960564193945,2.142304514028897,4.932380164561678,8.577869202851476,7.205008440503066,7.9092035
40.6216500154385,1.728,train,3.201493119271378,3.237434981323208,4.915136705996687,8.577869202851476,7.234381634973814,7.5377455
101.328197895474,10.064736,train,17.117001354431814,17.09723109726073,7.525288653111787,8.888762472265348,8.398497540546256,7.2399197
64.9381965576721,3.32718545454545,train,8.775473447189109,8.789099325424372,5.325046791791166,8.502870693797894,7.005932161309846,6.553981
44.9089238221147,1.15344,train,4.184246974441761,4.216254283833293,4.926836231286742,8.577869202851476,7.239076704382411,7.2119718
67.7027500257308,1.96992,train,9.409180483657966,9.420269252836807,5.4249292641951,8.138684016062697,6.974592170669738,6.4497514
46.9058411426803,3.27124410810811,test,4.641991985312389,4.672166667092457,4.9410689381501385,8.416309296418168,7.228260172477704,7.1455817
38.2984589185375,1.5552,test,2.6689577343790827,2.7070316547324964,4.919501235194559,8.577869202851476,7.224122023173049,7.7196255
57.0473511772727,80.38656,test,6.966687942035438,6.987555472678134,5.100146549088564,8.416309296418168,7.117248419956412,6.796972
66.3348766984964,2.20555636363636,test,9.095628598161174,9.107972703453662,5.374136719118937,8.453185378244498,6.9899479190566165,6.504825
30.2775902642419,1.24416,test,0.8303675376089403,0.8758024364126911,4.991963442380765,8.672512359878672,7.114767478535199,8.351728
33.1674383492482,2.81821090909091,train,1.4927953354263286,1.5355781387532268,4.955640120631088,8.577869202851476,7.171315409484628,8.112404
91.8364782879097,8.98153411764705,val,14.941254141364992,14.930194704243371,6.765861345983282,9.256382148737387,6.875993172008863,5.869474
54.1622000205846,0.0901565217391304,val,6.305336801464662,6.328852117079996,5.040072263945447,8.416309296418168,7.158361405515588,6.901731
96.6988687448568,7.12687304347826,test,16.05583958245981,16.04031779183093,7.138480854485735,9.256382148737387,6.871892291882267,6.4510264
38.2984589185375,2.985984,val,2.6689577343790827,2.7070316547324964,4.919501235194559,8.577869202851476,7.224122023173049,7.7196255
44.9089238221147,0.50112,train,4.184246974441761,4.216254283833293,4.926836231286742,8.577869202851476,7.239076704382411,7.2119718
133.358951558794,8.35113056603773,val,24.459277137616475,24.410111350157337,11.057357678302012,16.69958658658095,20.355746659706156,17.777294
38.2984589185375,2.2356,train,2.6689577343790827,2.7070316547324964,4.919501235194559,8.577869202851476,7.224122023173049,7.7196255
117.264602856701,16.0199900689655,test,20.770036854243806,20.735641306652006,9.095983829701922,12.150723278865067,12.575913630028312,12.113398
46.9058411426803,8.28699428571428,train,4.641991985312389,4.672166667092457,4.9410689381501385,8.416309296418168,7.228260172477704,7.1455817
129.168614586553,31.3408689230769,val,23.498743707836432,23.45342351135774,10.51053633884915,15.103731547614636,18.515536524161767,16.336218
46.9058411426803,9.48672,train,4.641991985312389,4.672166667092457,4.9410689381501385,8.416309296418168,7.228260172477704,7.1455817
27.0811000102923,5.474304,val,0.09764943707807294,0.14601784556639608,5.045459276796265,7.756973654552722,7.042311537742205,8.689135
129.168614586553,8.309952,test,23.498743707836432,23.45342351135774,10.51053633884915,15.103731547614636,18.515536524161767,16.336218
38.2984589185375,9.06552,train,2.6689577343790827,2.7070316547324964,4.919501235194559,8.577869202851476,7.224122023173049,7.7196255
38.2984589185375,10.56384,test,2.6689577343790827,2.7070316547324964,4.919501235194559,8.577869202851476,7.224122023173049,7.7196255
27.0811000102923,6.61330285714285,val,0.09764943707807294,0.14601784556639608,5.045459276796265,7.756973654552722,7.042311537742205,8.689135
97.6422946830773,8.60603815384615,val,16.272097167037252,16.255709567691135,7.214772642964462,9.256382148737387,7.964843972492152,6.59078
44.9089238221147,3.91824,val,4.184246974441761,4.216254283833293,4.926836231286742,8.577869202851476,7.239076704382411,7.2119718
197.153383997524,22.6417371428571,val,39.082608243724074,38.97489649788154,22.442025907584153,53.86700957181731,40.26969001065557,35.914272
30.2775902642419,1.36897476923077,train,0.8303675376089403,0.8758024364126911,4.991963442380765,8.672512359878672,7.114767478535199,8.351728
55.8291179001753,6.210432,train,6.687437419780483,6.709422957622485,5.0733382066098045,8.416309296418168,7.1346560907034435,6.8436265
54.1622000205846,4.48045714285714,train,6.305336801464662,6.328852117079996,5.040072263945447,8.416309296418168,7.158361405515588,6.901731
23.4529205713402,3.68388,train,-0.7340229709980521,-0.6823248794273624,5.123031848621139,7.940271385465172,6.958236507176085,9.128229
136.080843393287,175.27104,train,25.083205026136056,25.03154128141052,11.426136717134554,21.97014029121511,21.59758616557945,18.694803
76.5969178370751,7.73156571428571,train,11.447953396066707,11.45087973541222,5.820933516328921,8.138684016062697,6.134708373398399,5.986246
99.5023150477446,4.179168,train,16.698461860896018,16.680367268154097,7.368990563557972,8.888762472265348,6.884076348513689,6.9014497
74.1646467884524,9.45470117647058,train,10.89041406976312,10.895572573172897,5.701295658196301,8.138684016062697,6.909236431810277,6.11551
193.871172072028,11.2034679069767,train,38.330240522715805,38.225540955764906,21.720718094523875,19.13205076594197,39.283730517010696,35.07579
112.476255789782,118.595108571429,val,19.6724240699657,19.642422924163974,8.585116457371,12.966571193765166,10.45104945334906,10.50323
77.7845377731429,8.92929438202247,train,11.72018655011214,11.722022976988896,5.882459816535231,8.138684016062697,6.8919388745438726,5.9187765
27.0811000102923,6.27157627012987,train,0.09764943707807294,0.14601784556639608,5.045459276796265,7.756973654552722,7.042311537742205,8.689135
60.5551805284838,3.04460307692308,train,7.770773002526397,7.788421298772589,5.189143121309158,8.502870693797894,7.067126881141752,6.661085
55.8291179001753,6.4841472,test,6.687437419780483,6.709422957622485,5.0733382066098045,8.416309296418168,7.1346560907034435,6.8436265
113.288369265916,9.72897230769231,val,19.858581447706236,19.827835002354703,8.66940759766436,12.966571193765166,10.283609624166868,10.771486
27.0811000102923,4.23932708571428,train,0.09764943707807294,0.14601784556639608,5.045459276796265,7.756973654552722,7.042311537742205,8.689135
104.006938095831,11.999232,test,17.731037774219445,17.708809161259385,7.763398177954286,12.219238428893163,6.905767433657127,7.8638906
180.14530112165,37.5777792,val,35.183916494833646,35.09181354860209,18.858957841091325,18.899275463713906,35.68368376948541,31.526428
57.4476883778063,1.17010285714286,train,7.058455565222895,7.0789556950723584,5.10941716955513,8.416309296418168,7.111528448151205,6.7808275
154.386023581936,20.6367319148936,test,29.27922497055151,29.210762043255386,14.182121275962103,24.90676363786243,29.152099379645115,24.413977
75.3905917717706,9.23574857142857,train,11.171432314202422,11.175465733161568,5.760527801720656,8.138684016062697,6.087293085126852,6.05196
82.3639502109324,3.54853161290323,train,12.76990612263972,12.767539892956114,6.138839538953107,8.260207102950234,6.872356039041063,5.6618714
33.1674383492482,6.19272,train,1.4927953354263286,1.5355781387532268,4.955640120631088,8.577869202851476,7.171315409484628,8.112404
27.0811000102923,3.32404363636364,train,0.09764943707807294,0.14601784556639608,5.045459276796265,7.756973654552722,7.042311537742205,8.689135
118.81784408086,7.566048,val,21.12607984796975,21.09025884689255,9.268872254209612,10.506132478104696,13.4689507925737,12.663833
80.1069741374945,3.19770947368421,train,12.252548930816696,12.252253992031315,6.008681310758234,8.138684016062697,6.882184090700446,5.7915354
55.8291179001753,0.20831119266055,test,6.687437419780483,6.709422957622485,5.0733382066098045,8.416309296418168,7.1346560907034435,6.8436265
57.4476883778063,3.09651742372881,val,7.058455565222895,7.0789556950723584,5.10941716955513,8.416309296418168,7.111528448151205,6.7808275
84.5607076793511,0.175553084745763,val,13.273459655330116,13.269077399068516,6.272627716690977,8.260207102950234,6.667568681823763,5.543985
169.121415358702,17.2539169811321,test,32.6569572379687,32.574971224084194,16.74497894720197,18.631598981223775,32.979542323040825,28.562473
82.3639502109324,6.42630857142857,test,12.76990612263972,12.767539892956114,6.138839538953107,8.260207102950234,6.872356039041063,5.6618714
69.0435287010191,2.96821028571429,val,9.716521575336774,9.726379873931835,5.477326320368633,8.138684016062697,6.959540928408133,6.3888025
123.360281446966,116.180845714286,train,22.16732377936016,22.127334054793643,9.794621891909799,21.670986955492676,15.718790911049693,14.290262
60.5551805284838,8.85888,train,7.770773002526397,7.788421298772589,5.189143121309158,8.502870693797894,7.067126881141752,6.661085
50.664098947737,8.85168,val,5.50348171356165,5.530207335656763,4.983064149621754,8.416309296418168,7.193208510513679,7.018324
33.1674383492482,4.167936,train,1.4927953354263286,1.5355781387532268,4.955640120631088,8.577869202851476,7.171315409484628,8.112404
112.476255789782,8.22674440677966,val,19.6724240699657,19.642422924163974,8.585116457371,12.966571193765166,10.342341825409898,10.50323
74.1646467884524,4.14290979310345,train,10.89041406976312,10.895572573172897,5.701295658196301,8.138684016062697,6.909236431810277,6.11551
54.1622000205846,2.90184369230769,test,6.305336801464662,6.328852117079996,5.040072263945447,8.416309296418168,7.158361405515588,6.901731
143.299711714604,17.3598021818182,train,26.737956038701235,26.679667333957113,12.455811203109704,15.667719617539685,24.945264673881553,21.046467
83.4695560596246,28.1255563636364,val,13.023339530230624,13.019958654730265,6.2052974967426735,8.260207102950234,6.871113450763521,5.5967665
99.5023150477446,5.78238171428572,train,16.698461860896018,16.680367268154097,7.368990563557972,8.888762472265348,6.884076348513689,6.9014497
114.895376755613,11.3654278481013,train,20.226949057754396,20.194727816092016,8.839036010320868,12.150723278865067,11.581032297493943,11.307314
97.6422946830773,18.93672,val,16.272097167037252,16.255709567691135,7.214772642964462,9.256382148737387,7.964843972492152,6.59078
77.7845377731429,3.83238981818182,train,11.72018655011214,11.722022976988896,5.882459816535231,8.138684016062697,6.8919388745438726,5.9187765
104.88464933684,3.41750278481013,test,17.932231853423055,17.909197739985533,7.843694736210836,11.843995373490367,6.909994097259671,8.092258
113.288369265916,5.4162432,val,19.858581447706236,19.827835002354703,8.66940759766436,12.966571193765166,10.188834951390861,10.771486
170.202074375768,14.3589062686567,val,32.9046721876163,32.82169442232934,16.944834184184543,18.631598981223775,33.07066376934033,28.857151
75.3905917717706,1.85472,val,11.171432314202422,11.175465733161568,5.760527801720656,8.138684016062697,6.087293085126852,6.05196
230.587257644781,46.24128,train,46.74651535620089,46.60812039710101,30.567987185147985,27.608929253066457,48.65529911921174,44.692863
208.013876191661,17.6896930909091,test,41.57211347574717,41.454434748465744,24.928242376223338,52.08198674004314,42.95011978958721,38.696617
160.213948274989,81.7776,train,30.615135788941906,30.541324410009835,15.159413385259526,40.54520602432709,30.835412628263995,26.0789
154.978678442824,18.0767481081081,train,29.415076767191174,29.34606994373523,14.27931821505662,24.90676363786243,29.293871332979677,24.585842
113.288369265916,8.08704,val,19.858581447706236,19.827835002354703,8.66940759766436,12.966571193765166,6.9285240784823285,10.771486
94.7838500360231,5.16564744827586,train,15.616867848044558,15.60310352435041,6.98761204217864,9.256382148737387,6.871048229701919,6.1985607
131.280503036571,4.516128,test,23.982843070166183,23.93558473381261,10.78295614648222,15.103731547614636,19.345240330149103,17.066704
117.264602856701,3.93984,test,20.770036854243806,20.735641306652006,9.095983829701922,12.150723278865067,12.722400769657352,12.113398
174.982469327048,17.76192,train,34.00046214166395,33.91309727246879,17.848204306982055,18.899275463713906,34.499348911302846,30.152987
87.7527934971774,5.49692509090909,test,14.005168145377676,13.997856421507343,6.479536698072977,8.260207102950234,6.873891275069041,5.588745
231.776881658775,35.31264,train,47.019207896652894,46.87972118588516,30.882252839944684,27.608929253066457,48.88952235088107,45.021717
71.6498558573022,3.0912,train,10.313959055696406,10.321425454004999,5.586586292848608,8.138684016062697,5.939489877647621,6.2505503
54.1622000205846,6.04032,test,6.305336801464662,6.328852117079996,5.040072263945447,8.416309296418168,7.158361405515588,6.901731
92.8293339347406,8.41033309090909,train,15.168842291445666,15.156871682562528,6.839146142930943,9.256382148737387,6.874687480236655,5.967343
75.3905917717706,6.38864951351351,train,11.171432314202422,11.175465733161568,5.760527801720656,8.138684016062697,6.087293085126852,6.05196
82.3639502109324,4.85289290322581,val,12.76990612263972,12.767539892956114,6.138839538953107,8.260207102950234,6.872356039041063,5.6618714
174.457783080461,15.4730057142857,test,33.88019050639184,33.793307156633134,17.747519627953096,18.899275463713906,34.30749395887185,30.01166
114.094702354545,12.6378333658537,test,20.043413811379303,20.011927371303383,8.754049977569466,12.150723278865067,11.237512860155828,11.040034
57.4476883778063,2.8353024,train,7.058455565222895,7.0789556950723584,5.10941716955513,8.416309296418168,7.111528448151205,6.7808275
119.586899644005,4.61355264,train,21.30236724028513,21.265840455125005,9.355774070066289,10.506132478104696,13.854494086888142,12.940195
71.6498558573022,0.797039999999999,train,10.313959055696406,10.321425454004999,5.586586292848608,8.138684016062697,6.930339256859132,6.2505503
30.2775902642419,15.31008,val,0.8303675376089403,0.8758024364126911,4.991963442380765,8.672512359878672,7.114767478535199,8.351728
35.8249279286511,3.1328172972973,train,2.101960564193945,2.142304514028897,4.932380164561678,8.577869202851476,7.205008440503066,7.9092035
33.1674383492482,2.6304,train,1.4927953354263286,1.5355781387532268,4.955640120631088,8.577869202851476,7.171315409484628,8.112404
104.006938095831,8.83562862385321,test,17.731037774219445,17.708809161259385,7.763398177954286,12.219238428893163,6.905767433657127,7.8638906
70.3587617140205,5.78895026086956,train,10.018006941622852,10.026658213612299,5.531238966064933,8.138684016062697,6.944783180923738,6.321857
38.2984589185375,4.56687860869565,val,2.6689577343790827,2.7070316547324964,4.919501235194559,8.577869202851476,7.224122023173049,7.7196255
106.618397358971,10.45780992,train,18.329651665983192,18.30502644285678,8.005608978817534,9.568990178717561,8.868871201552583,8.601391
42.8189787876665,4.45527771428571,train,3.7051776095461015,3.739102920718242,4.917924973705325,8.577869202851476,7.237721038030533,7.3627877
52.4423246684198,1.59997090909091,train,5.911096963057222,5.936190657019118,5.009879610983532,8.416309296418168,7.175493792561052,6.9552584
27.0811000102923,0.4430592,test,0.09764943707807294,0.14601784556639608,5.045459276796265,7.756973654552722,7.042311537742205,8.689135
123.360281446966,5.779188,train,22.16732377936016,22.127334054793643,9.794621891909799,21.670986955492676,15.718790911049693,14.290262
30.2775902642419,8.7198912,train,0.8303675376089403,0.8758024364126911,4.991963442380765,8.672512359878672,7.114767478535199,8.351728
57.4476883778063,4.78019368421053,val,7.058455565222895,7.0789556950723584,5.10941716955513,8.416309296418168,7.111528448151205,6.7808275
38.2984589185375,5.53700571428571,train,2.6689577343790827,2.7070316547324964,4.919501235194559,8.577869202851476,7.224122023173049,7.7196255
64.9381965576721,5.14512,train,8.775473447189109,8.789099325424372,5.325046791791166,8.502870693797894,7.005932161309846,6.553981
30.2775902642419,3.850848,train,0.8303675376089403,0.8758024364126911,4.991963442380765,8.672512359878672,7.114767478535199,8.351728
142.658546477408,7.10445954098361,test,26.590984411259484,26.533284122022152,12.361332351876555,15.667719617539685,24.78344359680507,20.842627
108.324400041169,2.80694634146341,train,18.720711530237793,18.694520660107152,8.169213979366432,9.568990178717561,9.335020316523302,9.149516
118.81784408086,12.2303027848101,val,21.12607984796975,21.09025884689255,9.268872254209612,10.506132478104696,13.4689507925737,12.663833
74.1646467884524,4.31252756756757,train,10.89041406976312,10.895572573172897,5.701295658196301,8.138684016062697,6.909236431810277,6.11551
91.8364782879097,12.2357952,val,14.941254141364992,14.930194704243371,6.765861345983282,9.256382148737387,7.170933400409528,5.869474
63.5108091408147,2.63847724137931,test,8.448279395679291,8.463215227794693,5.277768176835679,8.502870693797894,7.025199479339319,6.5967183
38.2984589185375,9.41719341176471,train,2.6689577343790827,2.7070316547324964,4.919501235194559,8.577869202851476,7.224122023173049,7.7196255
54.1622000205846,5.2416,train,6.305336801464662,6.328852117079996,5.040072263945447,8.416309296418168,7.158361405515588,6.901731
50.664098947737,8.23901970731707,train,5.50348171356165,5.530207335656763,4.983064149621754,8.416309296418168,7.193208510513679,7.018324
84.5607076793511,3.29383384615385,train,13.273459655330116,13.269077399068516,6.272627716690977,8.260207102950234,6.667568681823763,5.543985
23.4529205713402,2.17939591836735,train,-0.7340229709980521,-0.6823248794273624,5.123031848621139,7.940271385465172,6.958236507176085,9.128229
40.6216500154385,6.241536,test,3.201493119271378,3.237434981323208,4.915136705996687,8.577869202851476,7.234381634973814,7.5377455
50.664098947737,3.34368,val,5.50348171356165,5.530207335656763,4.983064149621754,8.416309296418168,7.193208510513679,7.018324
27.0811000102923,5.0049792,val,0.09764943707807294,0.14601784556639608,5.045459276796265,7.756973654552722,7.042311537742205,8.689135
127.741293266218,6.78189176470588,train,23.171564807356177,23.12755450409898,10.330077120754538,16.789710745897803,17.78708375766488,15.838097
94.7838500360231,5.07331459459459,train,15.616867848044558,15.60310352435041,6.98761204217864,9.256382148737387,6.871048229701919,6.1985607
50.664098947737,5.55984,train,5.50348171356165,5.530207335656763,4.983064149621754,8.416309296418168,7.193208510513679,7.018324
30.2775902642419,4.05058909090909,train,0.8303675376089403,0.8758024364126911,4.991963442380765,8.672512359878672,7.114767478535199,8.351728
92.8293339347406,7.00580571428571,train,15.168842291445666,15.156871682562528,6.839146142930943,9.256382148737387,7.256514444579922,5.967343
27.0811000102923,2.51173161290323,train,0.09764943707807294,0.14601784556639608,5.045459276796265,7.756973654552722,7.042311537742205,8.689135
64.9381965576721,4.955904,train,8.775473447189109,8.789099325424372,5.325046791791166,8.502870693797894,7.005932161309846,6.553981
100.419406462608,1.79240727272727,test,16.90868289275481,16.889746659233975,7.446886681355508,8.888762472265348,8.298356953156597,7.065523
76.5969178370751,0.264714893617021,test,11.447953396066707,11.45087973541222,5.820933516328921,8.138684016062697,6.134708373398399,5.986246
135.405500051462,43.8078494117647,train,24.92839889462455,24.877354931620914,11.333640625798694,19.819547607339512,21.56955296746526,18.468641
27.0811000102923,0.74461090909091,train,0.09764943707807294,0.14601784556639608,5.045459276796265,7.756973654552722,7.042311537742205,8.689135
44.9089238221147,5.527008,train,4.184246974441761,4.216254283833293,4.926836231286742,8.577869202851476,7.239076704382411,7.2119718
138.749349246747,10.864089113924,val,25.694895469361015,25.64078276119666,11.798042541684424,17.33967769863663,22.928393975692593,19.578384
30.2775902642419,2.5754112,train,0.8303675376089403,0.8758024364126911,4.991963442380765,8.672512359878672,7.114767478535199,8.351728
83.4695560596246,5.01175741935484,test,13.023339530230624,13.019958654730265,6.2052974967426735,8.260207102950234,6.871113450763521,5.5967665
38.2984589185375,4.79985230769231,val,2.6689577343790827,2.7070316547324964,4.919501235194559,8.577869202851476,7.224122023173049,7.7196255
40.6216500154385,2.94535836734694,val,3.201493119271378,3.237434981323208,4.915136705996687,8.577869202851476,7.234381634973814,7.5377455
87.7527934971774,4.43497521951219,train,14.005168145377676,13.997856421507343,6.479536698072977,8.260207102950234,6.873891275069041,5.588745
55.8291179001753,3.84121756097561,train,6.687437419780483,6.709422957622485,5.0733382066098045,8.416309296418168,7.1346560907034435,6.8436265
35.8249279286511,4.55904,test,2.101960564193945,2.142304514028897,4.932380164561678,8.577869202851476,7.205008440503066,7.9092035
33.1674383492482,3.96689795121951,train,1.4927953354263286,1.5355781387532268,4.955640120631088,8.577869202851476,7.171315409484628,8.112404
140.064538357428,17.337888,test,25.99637077210169,25.941051077622127,11.98510497984887,15.667719617539685,23.702403653718747,20.007784
30.2775902642419,4.62318545454545,train,0.8303675376089403,0.8758024364126911,4.991963442380765,8.672512359878672,7.114767478535199,8.351728
35.8249279286511,7.62048,test,2.101960564193945,2.142304514028897,4.932380164561678,8.577869202851476,7.205008440503066,7.9092035
63.5108091408147,1.63916047058824,test,8.448279395679291,8.463215227794693,5.277768176835679,8.502870693797894,7.025199479339319,6.5967183
132.669753396993,18.3471281632653,test,24.301295123630908,24.252761832854574,10.965676652252185,14.931239581946574,20.14241280233862,17.54263
69.0435287010191,18.0255085714286,val,9.716521575336774,9.726379873931835,5.477326320368633,8.138684016062697,6.959540928408133,6.3888025
42.8189787876665,8.391168,train,3.7051776095461015,3.739102920718242,4.917924973705325,8.577869202851476,7.237721038030533,7.3627877
70.3587617140205,1.75578906122449,test,10.018006941622852,10.026658213612299,5.531238966064933,8.138684016062697,5.878449316688593,6.321857
33.1674383492482,5.99418514285714,val,1.4927953354263286,1.5355781387532268,4.955640120631088,8.577869202851476,7.171315409484628,8.112404
33.1674383492482,6.85865739130435,train,1.4927953354263286,1.5355781387532268,4.955640120631088,8.577869202851476,7.171315409484628,8.112404
27.0811000102923,7.83524571428571,test,0.09764943707807294,0.14601784556639608,5.045459276796265,7.756973654552722,7.042311537742205,8.689135
122.614895278807,8.12541978947368,train,21.996462023526362,21.957156360968273,9.706292591508742,17.634430539321098,15.25580988797064,14.024561
35.8249279286511,8.57711765853659,train,2.101960564193945,2.142304514028897,4.932380164561678,8.577869202851476,7.205008440503066,7.9092035
46.9058411426803,0.765636923076923,train,4.641991985312389,4.672166667092457,4.9410689381501385,8.416309296418168,7.228260172477704,7.1455817
173.403647852246,21.6243490909091,train,33.63855549400098,33.552639554012096,17.54637648058403,18.631598981223775,34.086486038931355,29.726635
54.1622000205846,4.84704,train,6.305336801464662,6.328852117079996,5.040072263945447,8.416309296418168,7.158361405515588,6.901731
23.4529205713402,9.08928,train,-0.7340229709980521,-0.6823248794273624,5.123031848621139,7.940271385465172,6.958236507176085,9.128229
27.0811000102923,9.2085984,test,0.09764943707807294,0.14601784556639608,5.045459276796265,7.756973654552722,7.042311537742205,8.689135
242.598896773745,35.8533415384615,train,49.49989318864132,49.35047480794057,33.81634403876308,25.060501367933668,51.27292016879351,48.08431
54.1622000205846,1.59533419354839,train,6.305336801464662,6.328852117079996,5.040072263945447,8.416309296418168,7.158361405515588,6.901731
40.6216500154385,2.0599296,train,3.201493119271378,3.237434981323208,4.915136705996687,8.577869202851476,7.234381634973814,7.5377455
62.0505953499169,0.562834285714285,train,8.113560691652708,8.1298366033419,5.232421848989475,8.502870693797894,7.045759783739391,6.6325645
50.664098947737,4.82279225806452,train,5.50348171356165,5.530207335656763,4.983064149621754,8.416309296418168,7.193208510513679,7.018324
40.6216500154385,5.70597517241379,val,3.201493119271378,3.237434981323208,4.915136705996687,8.577869202851476,7.234381634973814,7.5377455
48.8211473415386,5.30496,val,5.0810296198643545,5.109446570871952,4.959984490008921,8.416309296418168,7.211566968814589,7.0836153
54.1622000205846,5.48516571428571,test,6.305336801464662,6.328852117079996,5.040072263945447,8.416309296418168,7.158361405515588,6.901731
123.360281446966,10.6297287804878,train,22.16732377936016,22.127334054793643,9.794621891909799,21.670986955492676,15.718790911049693,14.290262
40.6216500154385,3.44583529411765,train,3.201493119271378,3.237434981323208,4.915136705996687,8.577869202851476,7.234381634973814,7.5377455
59.0218891123912,0.627017142857143,train,7.4193030199192265,7.438358461146644,5.148084170893156,8.502870693797894,7.089035228652735,6.713283
30.2775902642419,1.80576,train,0.8303675376089403,0.8758024364126911,4.991963442380765,8.672512359878672,7.114767478535199,8.351728
33.1674383492482,1.83433846153846,train,1.4927953354263286,1.5355781387532268,4.955640120631088,8.577869202851476,7.171315409484628,8.112404
57.4476883778063,1.74738731707317,train,7.058455565222895,7.0789556950723584,5.10941716955513,8.416309296418168,7.111528448151205,6.7808275
139.408494758524,17.6122697142857,train,25.845988639992754,25.791271015314123,11.89148379500429,16.248217817277673,23.21995414375138,19.7941
184.668481247306,6.83876571428571,train,36.22074616948527,36.124492172679645,19.7741738136681,18.899275463713906,36.864405211449856,32.708527
52.4423246684198,5.33315368421053,train,5.911096963057222,5.936190657019118,5.009879610983532,8.416309296418168,7.175493792561052,6.9552584
44.9089238221147,1.95140571428571,train,4.184246974441761,4.216254283833293,4.926836231286742,8.577869202851476,7.239076704382411,7.2119718
80.1069741374945,5.075136,train,12.252548930816696,12.252253992031315,6.008681310758234,8.138684016062697,6.882184090700446,5.7915354
176.547172322631,5.7456,train,34.35913246934662,34.270331627873624,18.150698376658426,18.899275463713906,34.950053551832106,30.572416
127.021618281629,25.4869835294118,train,23.006596718667012,22.963246881536502,10.240206341079599,16.789710745897803,17.331782302832814,15.585684
54.1622000205846,1.15035428571429,test,6.305336801464662,6.328852117079996,5.040072263945447,8.416309296418168,7.158361405515588,6.901731
27.0811000102923,3.80627576470588,train,0.09764943707807294,0.14601784556639608,5.045459276796265,7.756973654552722,7.042311537742205,8.689135
46.9058411426803,2.77016589473684,train,4.641991985312389,4.672166667092457,4.9410689381501385,8.416309296418168,7.228260172477704,7.1455817
134.726771466344,12.5712,test,24.77281677794229,24.722395703394266,11.241343160102474,16.69958658658095,21.070129040945794,18.240337
100.419406462608,2.322432,train,16.90868289275481,16.889746659233975,7.446886681355508,8.888762472265348,8.298356953156597,7.065523
138.087057402038,10.0330338461538,train,25.543081077982016,25.489576173810832,11.70478416353815,19.19647475500658,22.743896297821053,19.360615
38.2984589185375,1.631232,test,2.6689577343790827,2.7070316547324964,4.919501235194559,8.577869202851476,7.224122023173049,7.7196255
86.7018239261228,1.029888,train,13.764258783346188,13.7579115640324,6.409776946078324,8.260207102950234,6.8763938156729925,5.552474
30.2775902642419,1.029888,test,0.8303675376089403,0.8758024364126911,4.991963442380765,8.672512359878672,7.114767478535199,8.351728
33.1674383492482,1.45152,train,1.4927953354263286,1.5355781387532268,4.955640120631088,8.577869202851476,7.171315409484628,8.112404
111.658235800351,8.515584,train,19.48491276686957,19.45566234119227,8.501184405286622,10.752660072344868,10.213334565560379,10.234683
30.2775902642419,2.1109248,train,0.8303675376089403,0.8758024364126911,4.991963442380765,8.672512359878672,7.114767478535199,8.351728
42.8189787876665,1.35234782608696,train,3.7051776095461015,3.739102920718242,4.917924973705325,8.577869202851476,7.237721038030533,7.3627877
42.8189787876665,2.045952,train,3.7051776095461015,3.739102920718242,4.917924973705325,8.577869202851476,7.237721038030533,7.3627877
27.0811000102923,0.8957952,train,0.09764943707807294,0.14601784556639608,5.045459276796265,7.756973654552722,7.042311537742205,8.689135
207.130586103057,10.1112685714286,train,41.369640580627284,41.25277247368985,24.72039548294967,52.08198674004314,42.64314034613349,38.468987
67.7027500257308,0.784197818181818,val,9.409180483657966,9.420269252836807,5.4249292641951,8.138684016062697,6.974592170669738,6.4497514
87.7527934971774,0.165888000000002,test,14.005168145377676,13.997856421507343,6.479536698072977,8.260207102950234,6.873891275069041,5.588745
124.101190699834,10.9723452631579,test,22.337159310613984,22.296489632631058,9.883220364361335,21.670986955492676,16.115224428598186,14.553776
124.101190699834,91.9296,train,22.337159310613984,22.296489632631058,9.883220364361335,21.670986955492676,16.219426932882833,14.553776
207.572700984108,201.8304,train,41.47098472690142,41.35371087860949,24.824305821376768,52.08198674004314,42.89048910469361,38.582886
352.0543001338,30.0504774193548,test,74.58989780971717,74.34002910372962,69.72451318046312,78.17389551089181,90.25176417291313,86.43188
138.749349246747,16.8813257142857,train,25.694895469361015,25.64078276119666,11.798042541684424,17.33967769863663,23.077121712895703,19.578384
44.9089238221147,3.23462749090909,train,4.184246974441761,4.216254283833293,4.926836231286742,8.577869202851476,7.239076704382411,7.2119718
76.5969178370751,4.32810372413793,test,11.447953396066707,11.45087973541222,5.820933516328921,8.138684016062697,6.134708373398399,5.986246
144.573511980488,23.5589236363636,test,27.0299439495422,26.97048624219856,12.645256993621274,26.457791118580875,25.93070578714071,21.448479
33.1674383492482,1.923264,train,1.4927953354263286,1.5355781387532268,4.955640120631088,8.577869202851476,7.171315409484628,8.112404
92.8293339347406,3.3716736,train,15.168842291445666,15.156871682562528,6.839146142930943,9.256382148737387,7.256514444579922,5.967343
71.6498558573022,3.95180307692308,test,10.313959055696406,10.321425454004999,5.586586292848608,8.138684016062697,6.930339256859132,6.2505503
75.3905917717706,0.246363428571428,test,11.171432314202422,11.175465733161568,5.760527801720656,8.138684016062697,6.902871872630013,6.05196
469.644368446553,112.59648,test,101.54457767741114,101.18679323359879,114.3190612282313,78.17389551089181,151.06873378033964,136.03773
131.280503036571,12.49506,train,23.982843070166183,23.93558473381261,10.78295614648222,15.103731547614636,19.492387515391826,17.066704
246.720562893932,89.258112,test,50.44468548602884,50.29148453553449,34.968708639821756,28.015830532523374,52.46211865471271,49.286034
195.284589366155,22.3529142857143,train,38.65423226138311,38.54823556132956,22.02960506473046,19.13205076594197,39.751641659428145,35.437004
153.19383567415,17.3738057142857,val,29.005944719441878,28.938575896771603,13.988103243525742,29.995245190375762,28.924820073469512,24.065825
114.094702354545,6.580224,val,20.043413811379303,20.011927371303383,8.754049977569466,12.150723278865067,11.237512860155828,11.040034
72.918093356958,6.464448,train,10.604671836885592,10.61097433770287,5.643294419690875,8.138684016062697,6.916151134880291,6.176456
33.1674383492482,6.13499586206897,val,1.4927953354263286,1.5355781387532268,4.955640120631088,8.577869202851476,7.171315409484628,8.112404
54.1622000205846,5.57650285714286,train,6.305336801464662,6.328852117079996,5.040072263945447,8.416309296418168,7.158361405515588,6.901731
38.2984589185375,5.54289230769231,train,2.6689577343790827,2.7070316547324964,4.919501235194559,8.577869202851476,7.224122023173049,7.7196255
46.9058411426803,8.13017088,train,4.641991985312389,4.672166667092457,4.9410689381501385,8.416309296418168,7.228260172477704,7.1455817
144.573511980488,10.9594472727273,train,27.0299439495422,26.97048624219856,12.645256993621274,26.457791118580875,25.749648732025392,21.448479
40.6216500154385,4.75632,train,3.201493119271378,3.237434981323208,4.915136705996687,8.577869202851476,7.234381634973814,7.5377455
42.8189787876665,5.07138206896552,train,3.7051776095461015,3.739102920718242,4.917924973705325,8.577869202851476,7.237721038030533,7.3627877
78.9542957097545,0.939218823529412,train,11.988325272680095,11.989088179551146,5.945057611502648,8.138684016062697,6.887203571363507,5.855558
42.8189787876665,0.939218823529412,train,3.7051776095461015,3.739102920718242,4.917924973705325,8.577869202851476,7.237721038030533,7.3627877
52.4423246684198,0.598917446808511,train,5.911096963057222,5.936190657019118,5.009879610983532,8.416309296418168,7.175493792561052,6.9552584
74.1646467884524,4.2624,train,10.89041406976312,10.895572573172897,5.701295658196301,8.138684016062697,6.909236431810277,6.11551
232.56658371389,24.4924061538462,val,47.200227998026335,47.06001655530494,31.09178621991235,27.608929253066457,48.85733533346691,45.240837
99.5023150477446,2.39698285714286,val,16.698461860896018,16.680367268154097,7.368990563557972,8.888762472265348,8.010436459145929,6.9014497
40.6216500154385,2.04397714285714,train,3.201493119271378,3.237434981323208,4.915136705996687,8.577869202851476,7.234381634973814,7.5377455
60.5551805284838,0.750445714285714,train,7.770773002526397,7.788421298772589,5.189143121309158,8.502870693797894,7.067126881141752,6.661085
226.171775315312,39.713947826087,train,45.73437279722434,45.600030051379164,29.416156767674806,27.608929253066457,46.982827813300794,43.48592
42.8189787876665,2.47396430769231,train,3.7051776095461015,3.739102920718242,4.917924973705325,8.577869202851476,7.237721038030533,7.3627877
50.664098947737,0.0837415384615394,train,5.50348171356165,5.530207335656763,4.983064149621754,8.416309296418168,7.193208510513679,7.018324
40.6216500154385,0.633644307692308,test,3.201493119271378,3.237434981323208,4.915136705996687,8.577869202851476,7.234381634973814,7.5377455
40.6216500154385,1.097712,val,3.201493119271378,3.237434981323208,4.915136705996687,8.577869202851476,7.234381634973814,7.5377455
38.2984589185375,2.15335384615385,train,2.6689577343790827,2.7070316547324964,4.919501235194559,8.577869202851476,7.224122023173049,7.7196255
57.4476883778063,7.66833230769231,train,7.058455565222895,7.0789556950723584,5.10941716955513,8.416309296418168,7.111528448151205,6.7808275
140.717523428041,18.6528,train,26.14605181055422,26.090132853171806,12.078903216348635,15.667719617539685,23.933669067893067,20.219458
86.7018239261228,0.0876567272727266,train,13.764258783346188,13.7579115640324,6.409776946078324,8.260207102950234,6.8023310650896125,5.552474
137.421573733937,18.76608,val,25.39053503826775,25.3376408673165,11.611711670040705,19.19647475500658,22.301689029889133,19.140778
385.608618929027,169.0543872,train,82.28141406003812,82.0007516048679,82.26560605039413,78.17389551089181,104.25054178668157,100.10423
54.1622000205846,0.0414719999999976,test,6.305336801464662,6.328852117079996,5.040072263945447,8.416309296418168,7.158361405515588,6.901731
30.2775902642419,1.6236288,test,0.8303675376089403,0.8758024364126911,4.991963442380765,8.672512359878672,7.114767478535199,8.351728
40.6216500154385,0.466559999999996,train,3.201493119271378,3.237434981323208,4.915136705996687,8.577869202851476,7.234381634973814,7.5377455
27.0811000102923,1.76256,test,0.09764943707807294,0.14601784556639608,5.045459276796265,7.756973654552722,7.042311537742205,8.689135
260.809412096135,19.3591296,train,53.67421350143532,53.508082814794264,39.047208343887064,40.611023988760884,56.01289893695174,53.54781
42.8189787876665,1.74621046153846,train,3.7051776095461015,3.739102920718242,4.917924973705325,8.577869202851476,7.237721038030533,7.3627877
50.664098947737,5.58747677922078,test,5.50348171356165,5.530207335656763,4.983064149621754,8.416309296418168,7.193208510513679,7.018324
30.2775902642419,2.2891452631579,val,0.8303675376089403,0.8758024364126911,4.991963442380765,8.672512359878672,7.114767478535199,8.351728
78.9542957097545,5.0690448,val,11.988325272680095,11.989088179551146,5.945057611502648,8.138684016062697,6.88720314785012,5.855558
174.457783080461,13.5756,train,33.88019050639184,33.793307156633134,17.747519627953096,18.899275463713906,34.13911689456416,30.01166
54.1622000205846,4.93813028571428,train,6.305336801464662,6.328852117079996,5.040072263945447,8.416309296418168,7.158361405515588,6.901731
278.816989517049,51.725952,train,57.80201520729426,57.61935845657569,44.55660072569526,44.68385549315809,61.534232799320755,59.341755
99.5023150477446,1.534464,train,16.698461860896018,16.680367268154097,7.368990563557972,8.888762472265348,6.884076348513689,6.9014497
72.918093356958,19.001088,train,10.604671836885592,10.61097433770287,5.643294419690875,8.138684016062697,6.916151134880291,6.176456
38.2984589185375,0.31104,val,2.6689577343790827,2.7070316547324964,4.919501235194559,8.577869202851476,7.224122023173049,7.7196255
38.2984589185375,2.025216,train,2.6689577343790827,2.7070316547324964,4.919501235194559,8.577869202851476,7.224122023173049,7.7196255
42.8189787876665,1.53224228571429,train,3.7051776095461015,3.739102920718242,4.917924973705325,8.577869202851476,7.237721038030533,7.3627877
27.0811000102923,1.907712,test,0.09764943707807294,0.14601784556639608,5.045459276796265,7.756973654552722,7.042311537742205,8.689135
205.35260826595,26.67168,train,40.962082152447714,40.84684574615371,24.305025980396266,52.08198674004314,42.249283060518295,38.011738
113.288369265916,3.3944832,val,19.858581447706236,19.827835002354703,8.66940759766436,12.966571193765166,10.188834739634167,10.771486
70.3587617140205,0.29376,test,10.018006941622852,10.026658213612299,5.531238966064933,8.138684016062697,6.944783180923738,6.321857
30.2775902642419,2.33815122580645,test,0.8303675376089403,0.8758024364126911,4.991963442380765,8.672512359878672,7.114767478535199,8.351728
35.8249279286511,0.4032,train,2.101960564193945,2.142304514028897,4.932380164561678,8.577869202851476,7.205008440503066,7.9092035
35.8249279286511,1.56065684210526,train,2.101960564193945,2.142304514028897,4.932380164561678,8.577869202851476,7.205008440503066,7.9092035
40.6216500154385,1.44781714285714,train,3.201493119271378,3.237434981323208,4.915136705996687,8.577869202851476,7.234381634973814,7.5377455
88.791324243983,1.75145142857143,train,14.243226207717166,14.234961394751782,6.550049885568924,8.260207102950234,6.875814449359537,5.636224
185.164236451396,11.5834293975904,test,36.334386062808974,36.23767709740441,19.87615904271425,20.8247311547193,37.00854714569822,32.837143
104.88464933684,8.97197070422535,train,17.932231853423055,17.909197739985533,7.843694736210836,11.843995373490367,6.909994097259671,8.092258
30.2775902642419,0.169162105263158,test,0.8303675376089403,0.8758024364126911,4.991963442380765,8.672512359878672,7.114767478535199,8.351728
578.135502600832,235.37952,train,126.41354689880647,125.95619706688183,151.86262739604996,78.17389551089181,148.98450581902412,183.806
38.2984589185375,2.91246545454545,test,2.6689577343790827,2.7070316547324964,4.919501235194559,8.577869202851476,7.224122023173049,7.7196255
38.2984589185375,0.29218909090909,train,2.6689577343790827,2.7070316547324964,4.919501235194559,8.577869202851476,7.224122023173049,7.7196255
27.0811000102923,1.38672,train,0.09764943707807294,0.14601784556639608,5.045459276796265,7.756973654552722,7.042311537742205,8.689135
82.3639502109324,3.15648,train,12.76990612263972,12.767539892956114,6.138839538953107,8.260207102950234,6.872356039041063,5.6618714
221.668357034601,65.4368914285714,train,44.70207304769081,44.571863216414606,28.26539617057243,56.51751674136557,46.38436612825149,42.27424
42.8189787876665,1.1232,val,3.7051776095461015,3.739102920718242,4.917924973705325,8.577869202851476,7.237721038030533,7.3627877
67.7027500257308,2.57980235294118,train,9.409180483657966,9.420269252836807,5.4249292641951,8.138684016062697,6.974592170669738,6.4497514
150.781183543541,15.9123665454545,train,28.452902555713308,28.387747892270298,13.601623098494045,30.625595418795122,28.116505811094047,23.35119
300.953764313192,69.6011815384615,train,62.87633556865557,62.67336327241972,51.74167188119428,44.68385549315809,67.30297301807052,66.96224
48.8211473415386,2.3976,test,5.0810296198643545,5.109446570871952,4.959984490008921,8.416309296418168,7.211566968814589,7.0836153
77.7845377731429,4.747248,train,11.72018655011214,11.722022976988896,5.882459816535231,8.138684016062697,6.8919388745438726,5.9187765
52.4423246684198,1.2636,val,5.911096963057222,5.936190657019118,5.009879610983532,8.416309296418168,7.175493792561052,6.9552584
94.7838500360231,11.73528,train,15.616867848044558,15.60310352435041,6.98761204217864,9.256382148737387,6.871048229701919,6.1985607
82.3639502109324,10.4245527272727,train,12.76990612263972,12.767539892956114,6.138839538953107,8.260207102950234,6.872356039041063,5.6618714
46.9058411426803,3.86208,train,4.641991985312389,4.672166667092457,4.9410689381501385,8.416309296418168,7.228260172477704,7.1455817
38.2984589185375,3.0875904,train,2.6689577343790827,2.7070316547324964,4.919501235194559,8.577869202851476,7.224122023173049,7.7196255
48.8211473415386,4.204224,train,5.0810296198643545,5.109446570871952,4.959984490008921,8.416309296418168,7.211566968814589,7.0836153
71.6498558573022,10.6912376470588,test,10.313959055696406,10.321425454004999,5.586586292848608,8.138684016062697,6.930339256859132,6.2505503
27.0811000102923,1.65888,test,0.09764943707807294,0.14601784556639608,5.045459276796265,7.756973654552722,7.042311537742205,8.689135
134.726771466344,28.651968,val,24.77281677794229,24.722395703394266,11.241343160102474,16.69958658658095,21.070129040945794,18.240337
33.1674383492482,3.43557818181818,val,1.4927953354263286,1.5355781387532268,4.955640120631088,8.577869202851476,7.171315409484628,8.112404
217.493437983772,9.72409263157895,test,43.7450738035937,43.618695413834565,27.22056038848261,56.51751674136557,45.255936731210234,41.166515
54.1622000205846,5.79951797468355,train,6.305336801464662,6.328852117079996,5.040072263945447,8.416309296418168,7.158361405515588,6.901731
60.5551805284838,4.1553852631579,train,7.770773002526397,7.788421298772589,5.189143121309158,8.502870693797894,5.52368570480322,6.661085
57.4476883778063,1.51743865263158,train,7.058455565222895,7.0789556950723584,5.10941716955513,8.416309296418168,7.111528448151205,6.7808275
33.1674383492482,0.809431578947368,train,1.4927953354263286,1.5355781387532268,4.955640120631088,8.577869202851476,7.171315409484628,8.112404
57.4476883778063,7.40212363636364,train,7.058455565222895,7.0789556950723584,5.10941716955513,8.416309296418168,7.111528448151205,6.7808275
104.006938095831,8.2689347368421,train,17.731037774219445,17.708809161259385,7.763398177954286,12.219238428893163,8.563863001158783,7.8638906
306.3876713483,93.249792,train,64.12192736619228,63.91396821949041,53.56835993586215,44.68385549315809,68.64627616715455,68.92385
150.781183543541,17.2182857142857,val,28.452902555713308,28.387747892270298,13.601623098494045,30.625595418795122,28.116505811094047,23.35119
182.169469159838,31.166208,train,35.647908073804935,35.55394749120615,19.265114562369277,18.899275463713906,36.106036729833434,32.057518
106.618397358971,5.08182260869566,train,18.329651665983192,18.30502644285678,8.005608978817534,9.568990178717561,6.9125631294653855,8.601391
42.8189787876665,1.264896,train,3.7051776095461015,3.739102920718242,4.917924973705325,8.577869202851476,7.237721038030533,7.3627877
63.5108091408147,0.476434285714286,val,8.448279395679291,8.463215227794693,5.277768176835679,8.502870693797894,7.025199479339319,6.5967183
113.288369265916,38.092032,train,19.858581447706236,19.827835002354703,8.66940759766436,12.966571193765166,10.188834739634167,10.771486
57.4476883778063,6.6212496,test,7.058455565222895,7.0789556950723584,5.10941716955513,8.416309296418168,7.111528448151205,6.7808275
35.8249279286511,4.22318262857143,train,2.101960564193945,2.142304514028897,4.932380164561678,8.577869202851476,7.205008440503066,7.9092035
35.8249279286511,5.54688,test,2.101960564193945,2.142304514028897,4.932380164561678,8.577869202851476,7.205008440503066,7.9092035
38.2984589185375,2.026944,val,2.6689577343790827,2.7070316547324964,4.919501235194559,8.577869202851476,7.224122023173049,7.7196255
127.021618281629,11.1735138461538,train,23.006596718667012,22.963246881536502,10.240206341079599,16.789710745897803,17.443025717176813,15.585684
88.791324243983,5.57737411764706,train,14.243226207717166,14.234961394751782,6.550049885568924,8.260207102950234,6.875814449359537,5.636224
131.976956215761,15.2379105882353,train,24.142488121464005,24.094590630292593,10.874208237685338,15.103731547614636,19.816044916026733,17.305767
35.8249279286511,3.38220972972973,test,2.101960564193945,2.142304514028897,4.932380164561678,8.577869202851476,7.205008440503066,7.9092035
330.566953410879,56.04552,train,69.66444313116365,69.43429397214783,61.95988598718435,78.17389551089181,76.08833133048222,78.00211
50.664098947737,7.59480685714286,train,5.50348171356165,5.530207335656763,4.983064149621754,8.416309296418168,7.193208510513679,7.018324
27.0811000102923,1.47131345454545,train,0.09764943707807294,0.14601784556639608,5.045459276796265,7.756973654552722,7.042311537742205,8.689135
62.0505953499169,5.9776704,test,8.113560691652708,8.1298366033419,5.232421848989475,8.502870693797894,7.045759783739391,6.6325645
27.0811000102923,3.73248,train,0.09764943707807294,0.14601784556639608,5.045459276796265,7.756973654552722,7.042311537742205,8.689135
35.8249279286511,0.0491115789473703,val,2.101960564193945,2.142304514028897,4.932380164561678,8.577869202851476,7.205008440503066,7.9092035
30.2775902642419,0.754036363636364,test,0.8303675376089403,0.8758024364126911,4.991963442380765,8.672512359878672,7.114767478535199,8.351728
42.8189787876665,2.73517714285714,train,3.7051776095461015,3.739102920718242,4.917924973705325,8.577869202851476,7.237721038030533,7.3627877
46.9058411426803,0.89856,train,4.641991985312389,4.672166667092457,4.9410689381501385,8.416309296418168,7.228260172477704,7.1455817
23.4529205713402,1.047168,train,-0.7340229709980521,-0.6823248794273624,5.123031848621139,7.940271385465172,6.958236507176085,9.128229
35.8249279286511,3.07741090909091,train,2.101960564193945,2.142304514028897,4.932380164561678,8.577869202851476,7.205008440503066,7.9092035
173.931514059148,57.58776,train,33.759556058284815,33.67315568051978,17.646910002499013,18.899275463713906,34.100888882197424,29.869549
54.1622000205846,1.67773090909091,train,6.305336801464662,6.328852117079996,5.040072263945447,8.416309296418168,7.158361405515588,6.901731
201.294747253007,14.46498,test,40.031915633107296,39.92040324085195,23.372172059040167,53.86700957181731,41.15792971943105,36.972202
69.0435287010191,0.368827534883721,train,9.716521575336774,9.726379873931835,5.477326320368633,8.138684016062697,6.959540928408133,6.3888025
57.4476883778063,5.48777579617834,val,7.058455565222895,7.0789556950723584,5.10941716955513,8.416309296418168,7.111528448151205,6.7808275
59.0218891123912,9.70395428571429,val,7.4193030199192265,7.438358461146644,5.148084170893156,8.502870693797894,7.089035228652735,6.713283
46.9058411426803,3.25539249230769,train,4.641991985312389,4.672166667092457,4.9410689381501385,8.416309296418168,7.228260172477704,7.1455817
50.664098947737,0.630144,train,5.50348171356165,5.530207335656763,4.983064149621754,8.416309296418168,7.193208510513679,7.018324
23.4529205713402,2.72453008695652,val,-0.7340229709980521,-0.6823248794273624,5.123031848621139,7.940271385465172,6.958236507176085,9.128229
42.8189787876665,4.1596416,val,3.7051776095461015,3.739102920718242,4.917924973705325,8.577869202851476,7.237721038030533,7.3627877
104.88464933684,7.47565714285714,test,17.932231853423055,17.909197739985533,7.843694736210836,11.843995373490367,8.691518194520214,8.092258
40.6216500154385,5.20897745454546,train,3.201493119271378,3.237434981323208,4.915136705996687,8.577869202851476,7.234381634973814,7.5377455
54.1622000205846,6.711552,train,6.305336801464662,6.328852117079996,5.040072263945447,8.416309296418168,7.158361405515588,6.901731
167.487353700526,10.5240896703297,train,32.282388113958504,32.201901724761896,16.44584597162111,18.631598981223775,32.45844636948034,28.113224
35.8249279286511,8.377344,test,2.101960564193945,2.142304514028897,4.932380164561678,8.577869202851476,7.205008440503066,7.9092035
46.9058411426803,8.802432,test,4.641991985312389,4.672166667092457,4.9410689381501385,8.416309296418168,7.228260172477704,7.1455817
27.0811000102923,4.292352,train,0.09764943707807294,0.14601784556639608,5.045459276796265,7.756973654552722,7.042311537742205,8.689135
40.6216500154385,5.11494912,train,3.201493119271378,3.237434981323208,4.915136705996687,8.577869202851476,7.234381634973814,7.5377455
30.2775902642419,6.1699968,test,0.8303675376089403,0.8758024364126911,4.991963442380765,8.672512359878672,7.114767478535199,8.351728
44.9089238221147,10.564992,test,4.184246974441761,4.216254283833293,4.926836231286742,8.577869202851476,7.239076704382411,7.2119718
114.094702354545,130.61952,test,20.043413811379303,20.011927371303383,8.754049977569466,12.150723278865067,11.237512860155828,11.040034
42.8189787876665,9.725184,train,3.7051776095461015,3.739102920718242,4.917924973705325,8.577869202851476,7.237721038030533,7.3627877
57.4476883778063,1.3447296,val,7.058455565222895,7.0789556950723584,5.10941716955513,8.416309296418168,7.111528448151205,6.7808275
183.672956575819,24.6625476923077,train,35.99254621003841,35.897205834433855,19.570374268002183,18.899275463713906,36.608511646793055,32.44975
42.8189787876665,2.57271069767442,train,3.7051776095461015,3.739102920718242,4.917924973705325,8.577869202851476,7.237721038030533,7.3627877
46.9058411426803,7.24896,test,4.641991985312389,4.672166667092457,4.9410689381501385,8.416309296418168,7.228260172477704,7.1455817
35.8249279286511,7.69377103448276,train,2.101960564193945,2.142304514028897,4.932380164561678,8.577869202851476,7.205008440503066,7.9092035
133.358951558794,10.2698941935484,test,24.459277137616475,24.410111350157337,11.057357678302012,16.69958658658095,20.355746659706156,17.777294
33.1674383492482,2.35995428571429,train,1.4927953354263286,1.5355781387532268,4.955640120631088,8.577869202851476,7.171315409484628,8.112404
38.2984589185375,0.467662978723404,test,2.6689577343790827,2.7070316547324964,4.919501235194559,8.577869202851476,7.224122023173049,7.7196255
30.2775902642419,3.76901485714286,train,0.8303675376089403,0.8758024364126911,4.991963442380765,8.672512359878672,7.114767478535199,8.351728
30.2775902642419,5.14368,val,0.8303675376089403,0.8758024364126911,4.991963442380765,8.672512359878672,7.114767478535199,8.351728
64.9381965576721,2.46329379310345,train,8.775473447189109,8.789099325424372,5.325046791791166,8.502870693797894,7.005932161309846,6.553981
71.6498558573022,0.12096,train,10.313959055696406,10.321425454004999,5.586586292848608,8.138684016062697,6.930339256859132,6.2505503
76.5969178370751,14.4608914285714,train,11.447953396066707,11.45087973541222,5.820933516328921,8.138684016062697,6.896609380176023,5.986246
33.1674383492482,3.34777263157895,val,1.4927953354263286,1.5355781387532268,4.955640120631088,8.577869202851476,7.171315409484628,8.112404
67.7027500257308,7.32402,train,9.409180483657966,9.420269252836807,5.4249292641951,8.138684016062697,6.974592170669738,6.4497514
59.0218891123912,0.56465723076923,train,7.4193030199192265,7.438358461146644,5.148084170893156,8.502870693797894,7.089035228652735,6.713283
33.1674383492482,0.798891428571428,train,1.4927953354263286,1.5355781387532268,4.955640120631088,8.577869202851476,7.171315409484628,8.112404
48.8211473415386,9.56567630769231,train,5.0810296198643545,5.109446570871952,4.959984490008921,8.416309296418168,7.211566968814589,7.0836153
106.618397358971,3.35799771428571,train,18.329651665983192,18.30502644285678,8.005608978817534,9.568990178717561,8.868871413309275,8.601391
33.1674383492482,3.45193411764706,train,1.4927953354263286,1.5355781387532268,4.955640120631088,8.577869202851476,7.171315409484628,8.112404
256.556799762994,48.8660210526316,train,52.69940495096872,52.53717700717149,37.7938882560299,40.611023988760884,54.637151274314235,52.23611
150.781183543541,13.402368,train,28.452902555713308,28.387747892270298,13.601623098494045,30.625595418795122,28.165513086187435,23.35119
30.2775902642419,1.689984,train,0.8303675376089403,0.8758024364126911,4.991963442380765,8.672512359878672,7.114767478535199,8.351728
23.4529205713402,5.16703418181818,train,-0.7340229709980521,-0.6823248794273624,5.123031848621139,7.940271385465172,3.5058142444807086,9.128229
50.664098947737,2.602368,val,5.50348171356165,5.530207335656763,4.983064149621754,8.416309296418168,7.193208510513679,7.018324
78.9542957097545,3.44971636363636,train,11.988325272680095,11.989088179551146,5.945057611502648,8.138684016062697,6.887203571363507,5.855558
140.064538357428,0.0754036363636374,train,25.99637077210169,25.941051077622127,11.98510497984887,15.667719617539685,23.702403653718747,20.007784
420.193615072284,126.62784,train,90.2091881709221,89.89678608476079,95.48027344589424,78.17389551089181,135.59615668456888,114.64511
129.168614586553,11.66976,train,23.498743707836432,23.45342351135774,10.51053633884915,15.103731547614636,18.515536524161767,16.336218
63.5108091408147,6.21282461538462,train,8.448279395679291,8.463215227794693,5.277768176835679,8.502870693797894,7.025199479339319,6.5967183
63.5108091408147,9.99936,train,8.448279395679291,8.463215227794693,5.277768176835679,8.502870693797894,7.025199479339319,6.5967183
44.9089238221147,3.37874823529412,train,4.184246974441761,4.216254283833293,4.926836231286742,8.577869202851476,7.239076704382411,7.2119718
27.0811000102923,1.03114472727273,train,0.09764943707807294,0.14601784556639608,5.045459276796265,7.756973654552722,7.042311537742205,8.689135
27.0811000102923,3.00672,train,0.09764943707807294,0.14601784556639608,5.045459276796265,7.756973654552722,7.042311537742205,8.689135
104.88464933684,8.7105024,train,17.932231853423055,17.909197739985533,7.843694736210836,11.843995373490367,8.691518194520214,8.092258
33.1674383492482,3.01029517241379,train,1.4927953354263286,1.5355781387532268,4.955640120631088,8.577869202851476,7.171315409484628,8.112404
38.2984589185375,0.589494857142858,train,2.6689577343790827,2.7070316547324964,4.919501235194559,8.577869202851476,7.224122023173049,7.7196255
38.2984589185375,2.9808,val,2.6689577343790827,2.7070316547324964,4.919501235194559,8.577869202851476,7.224122023173049,7.7196255
80.1069741374945,3.26592,train,12.252548930816696,12.252253992031315,6.008681310758234,8.138684016062697,6.882184090700446,5.7915354
55.8291179001753,4.55887058823529,train,6.687437419780483,6.709422957622485,5.0733382066098045,8.416309296418168,7.1346560907034435,6.8436265
55.8291179001753,0.396549278350516,train,6.687437419780483,6.709422957622485,5.0733382066098045,8.416309296418168,7.1346560907034435,6.8436265
23.4529205713402,1.495584,train,-0.7340229709980521,-0.6823248794273624,5.123031848621139,7.940271385465172,3.5058142444807086,9.128229
128.456936363,5.64644571428571,test,23.33560868325545,23.290941614049252,10.420188560181344,15.103731547614636,18.15203413704845,16.088272
30.2775902642419,3.024,train,0.8303675376089403,0.8758024364126911,4.991963442380765,8.672512359878672,7.114767478535199,8.351728
62.0505953499169,2.23904680851064,val,8.113560691652708,8.1298366033419,5.232421848989475,8.502870693797894,5.426659211348382,6.6325645
149.560263178116,15.7831554098361,train,28.17303608343225,28.109001893205644,13.409192255930407,30.625595418795122,27.836399139074054,22.984312
60.5551805284838,1.19536941176471,train,7.770773002526397,7.788421298772589,5.189143121309158,8.502870693797894,7.067126881141752,6.661085
48.8211473415386,3.2040464516129,test,5.0810296198643545,5.109446570871952,4.959984490008921,8.416309296418168,7.211566968814589,7.0836153
27.0811000102923,2.27108571428571,val,0.09764943707807294,0.14601784556639608,5.045459276796265,7.756973654552722,7.042311537742205,8.689135
69.0435287010191,11.7587420689655,train,9.716521575336774,9.726379873931835,5.477326320368633,8.138684016062697,6.959540928408133,6.3888025
72.918093356958,10.12608,train,10.604671836885592,10.61097433770287,5.643294419690875,8.138684016062697,6.916151134880291,6.176456
92.8293339347406,11.9587474285714,train,15.168842291445666,15.156871682562528,6.839146142930943,9.256382148737387,6.874687480236655,5.967343
54.1622000205846,9.9072,train,6.305336801464662,6.328852117079996,5.040072263945447,8.416309296418168,7.158361405515588,6.901731
104.006938095831,10.2775557446808,test,17.731037774219445,17.708809161259385,7.763398177954286,12.219238428893163,8.563863001158783,7.8638906
102.228910701358,6.42511058823529,test,17.323467986211995,17.302871119375574,7.604183049206284,8.888762472265348,8.501578157868664,7.4300237
44.9089238221147,10.6733045106383,val,4.184246974441761,4.216254283833293,4.926836231286742,8.577869202851476,7.239076704382411,7.2119718
44.9089238221147,6.28805189189189,train,4.184246974441761,4.216254283833293,4.926836231286742,8.577869202851476,7.239076704382411,7.2119718
150.781183543541,28.3717270588235,test,28.452902555713308,28.387747892270298,13.601623098494045,30.625595418795122,28.165513086187435,23.35119
54.1622000205846,2.225664,val,6.305336801464662,6.328852117079996,5.040072263945447,8.416309296418168,7.158361405515588,6.901731
80.1069741374945,17.8800872727273,test,12.252548930816696,12.252253992031315,6.008681310758234,8.138684016062697,6.882184090700446,5.7915354
114.895376755613,6.88249756097561,train,20.226949057754396,20.194727816092016,8.839036010320868,12.150723278865067,11.486708401779254,11.307314
128.456936363,3.44278588235294,train,23.33560868325545,23.290941614049252,10.420188560181344,15.103731547614636,18.15203413704845,16.088272
38.2984589185375,0.794348307692307,test,2.6689577343790827,2.7070316547324964,4.919501235194559,8.577869202851476,7.224122023173049,7.7196255
178.098128958286,29.53908,train,34.71465177639869,34.6244275780719,18.453831459421338,18.899275463713906,35.01518991075709,30.985332
46.9058411426803,11.4657882352941,test,4.641991985312389,4.672166667092457,4.9410689381501385,8.416309296418168,7.228260172477704,7.1455817
33.1674383492482,11.7626632258065,train,1.4927953354263286,1.5355781387532268,4.955640120631088,8.577869202851476,7.171315409484628,8.112404
27.0811000102923,10.86912,train,0.09764943707807294,0.14601784556639608,5.045459276796265,7.756973654552722,7.042311537742205,8.689135
38.2984589185375,9.69133552941177,train,2.6689577343790827,2.7070316547324964,4.919501235194559,8.577869202851476,7.224122023173049,7.7196255
62.0505953499169,12.9965929411765,test,8.113560691652708,8.1298366033419,5.232421848989475,8.502870693797894,7.045759783739391,6.6325645
52.4423246684198,13.75704,train,5.911096963057222,5.936190657019118,5.009879610983532,8.416309296418168,7.175493792561052,6.9552584
42.8189787876665,13.1969828571429,val,3.7051776095461015,3.739102920718242,4.917924973705325,8.577869202851476,7.237721038030533,7.3627877
35.8249279286511,12.90816,train,2.101960564193945,2.142304514028897,4.932380164561678,8.577869202851476,7.205008440503066,7.9092035
44.9089238221147,12.6123991578947,train,4.184246974441761,4.216254283833293,4.926836231286742,8.577869202851476,7.239076704382411,7.2119718
27.0811000102923,11.8096457142857,train,0.09764943707807294,0.14601784556639608,5.045459276796265,7.756973654552722,7.042311537742205,8.689135
23.4529205713402,9.58735058823529,train,-0.7340229709980521,-0.6823248794273624,5.123031848621139,7.940271385465172,6.958236507176085,9.128229
35.8249279286511,7.87227428571428,train,2.101960564193945,2.142304514028897,4.932380164561678,8.577869202851476,7.205008440503066,7.9092035
27.0811000102923,9.07425391304348,test,0.09764943707807294,0.14601784556639608,5.045459276796265,7.756973654552722,7.042311537742205,8.689135
74.1646467884524,6.48681325714286,test,10.89041406976312,10.895572573172897,5.701295658196301,8.138684016062697,6.909236431810277,6.11551
46.9058411426803,10.8626478545455,train,4.641991985312389,4.672166667092457,4.9410689381501385,8.416309296418168,7.228260172477704,7.1455817
35.8249279286511,9.626563584,train,2.101960564193945,2.142304514028897,4.932380164561678,8.577869202851476,7.205008440503066,7.9092035
77.7845377731429,10.3383771428571,train,11.72018655011214,11.722022976988896,5.882459816535231,8.138684016062697,6.8919388745438726,5.9187765
42.8189787876665,11.1374147368421,train,3.7051776095461015,3.739102920718242,4.917924973705325,8.577869202851476,7.237721038030533,7.3627877
127.741293266218,15.91488,train,23.171564807356177,23.12755450409898,10.330077120754538,16.789710745897803,17.78708375766488,15.838097
38.2984589185375,12.680064,train,2.6689577343790827,2.7070316547324964,4.919501235194559,8.577869202851476,7.224122023173049,7.7196255
44.9089238221147,12.16512,train,4.184246974441761,4.216254283833293,4.926836231286742,8.577869202851476,7.239076704382411,7.2119718
50.664098947737,11.6417828571429,train,5.50348171356165,5.530207335656763,4.983064149621754,8.416309296418168,7.193208510513679,7.018324
35.8249279286511,11.2771938461538,val,2.101960564193945,2.142304514028897,4.932380164561678,8.577869202851476,7.205008440503066,7.9092035
40.6216500154385,9.02016,train,3.201493119271378,3.237434981323208,4.915136705996687,8.577869202851476,7.234381634973814,7.5377455
55.8291179001753,9.02930823529412,test,6.687437419780483,6.709422957622485,5.0733382066098045,8.416309296418168,7.1346560907034435,6.8436265
30.2775902642419,9.36082285714286,train,0.8303675376089403,0.8758024364126911,4.991963442380765,8.672512359878672,7.114767478535199,8.351728
89.8178476442293,4.24007391549296,train,14.478531876192017,14.46932499361377,6.621290947788836,8.260207102950234,7.072425457126865,5.704317
192.447374305955,14.79744,val,38.00386931185162,37.90047640445661,21.41221766189257,19.13205076594197,38.70000370972289,34.711575
30.2775902642419,6.20980363636363,train,0.8303675376089403,0.8758024364126911,4.991963442380765,8.672512359878672,7.114767478535199,8.351728
35.8249279286511,4.83129949090909,train,2.101960564193945,2.142304514028897,4.932380164561678,8.577869202851476,7.205008440503066,7.9092035
70.3587617140205,6.445332,train,10.018006941622852,10.026658213612299,5.531238966064933,8.138684016062697,6.944783180923738,6.321857
38.2984589185375,4.96872261818182,val,2.6689577343790827,2.7070316547324964,4.919501235194559,8.577869202851476,7.224122023173049,7.7196255
50.664098947737,4.47817846153846,train,5.50348171356165,5.530207335656763,4.983064149621754,8.416309296418168,7.193208510513679,7.018324
40.6216500154385,4.60297728,train,3.201493119271378,3.237434981323208,4.915136705996687,8.577869202851476,7.234381634973814,7.5377455
63.5108091408147,13.7005714285714,val,8.448279395679291,8.463215227794693,5.277768176835679,8.502870693797894,7.025199479339319,6.5967183
27.0811000102923,4.63768615384615,test,0.09764943707807294,0.14601784556639608,5.045459276796265,7.756973654552722,7.042311537742205,8.689135
33.1674383492482,5.930496,train,1.4927953354263286,1.5355781387532268,4.955640120631088,8.577869202851476,7.171315409484628,8.112404
101.328197895474,4.26285430985916,test,17.117001354431814,17.09723109726073,7.525288653111787,8.888762472265348,8.353539900459634,7.2399197
181.160212257255,13.17384,train,35.4165603324206,35.3235259734805,19.061910996811704,18.899275463713906,35.95632474751887,31.793173
82.3639502109324,6.55157264516129,train,12.76990612263972,12.767539892956114,6.138839538953107,8.260207102950234,6.872356039041063,5.6618714
42.8189787876665,4.8970656,train,3.7051776095461015,3.739102920718242,4.917924973705325,8.577869202851476,7.237721038030533,7.3627877
40.6216500154385,4.69131906976744,test,3.201493119271378,3.237434981323208,4.915136705996687,8.577869202851476,7.234381634973814,7.5377455
30.2775902642419,7.16210526315789,train,0.8303675376089403,0.8758024364126911,4.991963442380765,8.672512359878672,7.114767478535199,8.351728
30.2775902642419,4.69815915789474,train,0.8303675376089403,0.8758024364126911,4.991963442380765,8.672512359878672,7.114767478535199,8.351728
52.4423246684198,4.73225142857143,train,5.911096963057222,5.936190657019118,5.009879610983532,8.416309296418168,7.175493792561052,6.9552584
50.664098947737,4.26957584516129,train,5.50348171356165,5.530207335656763,4.983064149621754,8.416309296418168,7.193208510513679,7.018324
55.8291179001753,14.15232,val,6.687437419780483,6.709422957622485,5.0733382066098045,8.416309296418168,7.1346560907034435,6.8436265
27.0811000102923,4.12603645360825,test,0.09764943707807294,0.14601784556639608,5.045459276796265,7.756973654552722,7.042311537742205,8.689135
27.0811000102923,5.74303135135135,train,0.09764943707807294,0.14601784556639608,5.045459276796265,7.756973654552722,7.042311537742205,8.689135
33.1674383492482,5.364144,val,1.4927953354263286,1.5355781387532268,4.955640120631088,8.577869202851476,7.171315409484628,8.112404
27.0811000102923,7.317504,train,0.09764943707807294,0.14601784556639608,5.045459276796265,7.756973654552722,7.042311537742205,8.689135
30.2775902642419,7.57940676923077,train,0.8303675376089403,0.8758024364126911,4.991963442380765,8.672512359878672,7.114767478535199,8.351728
44.9089238221147,7.75346086956522,train,4.184246974441761,4.216254283833293,4.926836231286742,8.577869202851476,7.239076704382411,7.2119718
46.9058411426803,7.444224,train,4.641991985312389,4.672166667092457,4.9410689381501385,8.416309296418168,7.228260172477704,7.1455817
50.664098947737,3.19384975609756,train,5.50348171356165,5.530207335656763,4.983064149621754,8.416309296418168,7.193208510513679,7.018324
35.8249279286511,4.43085283018868,train,2.101960564193945,2.142304514028897,4.932380164561678,8.577869202851476,7.205008440503066,7.9092035
30.2775902642419,4.39226181818182,train,0.8303675376089403,0.8758024364126911,4.991963442380765,8.672512359878672,7.114767478535199,8.351728
35.8249279286511,7.36766030769231,train,2.101960564193945,2.142304514028897,4.932380164561678,8.577869202851476,7.205008440503066,7.9092035
35.8249279286511,5.54960842105263,train,2.101960564193945,2.142304514028897,4.932380164561678,8.577869202851476,7.205008440503066,7.9092035
40.6216500154385,6.06118736842105,train,3.201493119271378,3.237434981323208,4.915136705996687,8.577869202851476,7.234381634973814,7.5377455
62.0505953499169,15.8668101818182,train,8.113560691652708,8.1298366033419,5.232421848989475,8.502870693797894,7.045759783739391,6.6325645
44.9089238221147,4.93344,train,4.184246974441761,4.216254283833293,4.926836231286742,8.577869202851476,7.239076704382411,7.2119718
38.2984589185375,5.16178285714286,test,2.6689577343790827,2.7070316547324964,4.919501235194559,8.577869202851476,7.224122023173049,7.7196255
60.5551805284838,7.7112,train,7.770773002526397,7.788421298772589,5.189143121309158,8.502870693797894,7.067126881141752,6.661085
60.5551805284838,5.5258848,train,7.770773002526397,7.788421298772589,5.189143121309158,8.502870693797894,7.067126881141752,6.661085
30.2775902642419,4.97213217391304,train,0.8303675376089403,0.8758024364126911,4.991963442380765,8.672512359878672,7.114767478535199,8.351728
27.0811000102923,4.65588,train,0.09764943707807294,0.14601784556639608,5.045459276796265,7.756973654552722,7.042311537742205,8.689135
33.1674383492482,4.82311384615385,train,1.4927953354263286,1.5355781387532268,4.955640120631088,8.577869202851476,7.171315409484628,8.112404
42.8189787876665,4.44253090909091,train,3.7051776095461015,3.739102920718242,4.917924973705325,8.577869202851476,7.237721038030533,7.3627877
33.1674383492482,5.0112,test,1.4927953354263286,1.5355781387532268,4.955640120631088,8.577869202851476,7.171315409484628,8.112404
42.8189787876665,4.015008,train,3.7051776095461015,3.739102920718242,4.917924973705325,8.577869202851476,7.237721038030533,7.3627877
48.8211473415386,3.50486068965517,train,5.0810296198643545,5.109446570871952,4.959984490008921,8.416309296418168,7.211566968814589,7.0836153
35.8249279286511,3.66394348051948,test,2.101960564193945,2.142304514028897,4.932380164561678,8.577869202851476,7.205008440503066,7.9092035
30.2775902642419,5.18876367567568,train,0.8303675376089403,0.8758024364126911,4.991963442380765,8.672512359878672,7.114767478535199,8.351728
40.6216500154385,4.42224543396226,test,3.201493119271378,3.237434981323208,4.915136705996687,8.577869202851476,7.234381634973814,7.5377455
44.9089238221147,3.7979712,train,4.184246974441761,4.216254283833293,4.926836231286742,8.577869202851476,7.239076704382411,7.2119718
23.4529205713402,4.37122285714286,val,-0.7340229709980521,-0.6823248794273624,5.123031848621139,7.940271385465172,6.958236507176085,9.128229
75.3905917717706,6.96541090909091,test,11.171432314202422,11.175465733161568,5.760527801720656,8.138684016062697,6.087293085126852,6.05196
27.0811000102923,5.453568,train,0.09764943707807294,0.14601784556639608,5.045459276796265,7.756973654552722,7.042311537742205,8.689135
118.81784408086,2.75616,train,21.12607984796975,21.09025884689255,9.268872254209612,10.506132478104696,13.4689507925737,12.663833
38.2984589185375,3.905334,train,2.6689577343790827,2.7070316547324964,4.919501235194559,8.577869202851476,7.224122023173049,7.7196255
23.4529205713402,3.02267076923077,val,-0.7340229709980521,-0.6823248794273624,5.123031848621139,7.940271385465172,6.958236507176085,9.128229
33.1674383492482,4.19904,train,1.4927953354263286,1.5355781387532268,4.955640120631088,8.577869202851476,7.171315409484628,8.112404
35.8249279286511,5.08634790697674,train,2.101960564193945,2.142304514028897,4.932380164561678,8.577869202851476,7.205008440503066,7.9092035
27.0811000102923,4.70016,train,0.09764943707807294,0.14601784556639608,5.045459276796265,7.756973654552722,7.042311537742205,8.689135
30.2775902642419,3.3315244137931,train,0.8303675376089403,0.8758024364126911,4.991963442380765,8.672512359878672,7.114767478535199,8.351728
44.9089238221147,3.39751384615385,val,4.184246974441761,4.216254283833293,4.926836231286742,8.577869202851476,7.239076704382411,7.2119718
40.6216500154385,3.02806588235294,train,3.201493119271378,3.237434981323208,4.915136705996687,8.577869202851476,7.234381634973814,7.5377455
40.6216500154385,3.51072,train,3.201493119271378,3.237434981323208,4.915136705996687,8.577869202851476,7.234381634973814,7.5377455
23.4529205713402,3.77340631578947,val,-0.7340229709980521,-0.6823248794273624,5.123031848621139,7.940271385465172,3.5058142444807086,9.128229
124.837702748642,11.232,train,22.505986889160134,22.464641293199577,9.97208292348948,16.789710745897803,16.347585471904747,14.8150835
33.1674383492482,4.41304615384615,train,1.4927953354263286,1.5355781387532268,4.955640120631088,8.577869202851476,7.171315409484628,8.112404
30.2775902642419,4.36690285714286,train,0.8303675376089403,0.8758024364126911,4.991963442380765,8.672512359878672,7.114767478535199,8.351728
300.649000929387,9.57231627906976,val,62.806475932006585,62.6037833257641,51.63991835770467,44.68385549315809,67.33975092060007,66.85389
57.4476883778063,6.76512,train,7.058455565222895,7.0789556950723584,5.10941716955513,8.416309296418168,7.111528448151205,6.7808275
42.8189787876665,6.99099428571428,test,3.7051776095461015,3.739102920718242,4.917924973705325,8.577869202851476,7.237721038030533,7.3627877
55.8291179001753,3.77770212765957,train,6.687437419780483,6.709422957622485,5.0733382066098045,8.416309296418168,7.1346560907034435,6.8436265
30.2775902642419,5.3144064,val,0.8303675376089403,0.8758024364126911,4.991963442380765,8.672512359878672,7.114767478535199,8.351728
63.5108091408147,3.79728,train,8.448279395679291,8.463215227794693,5.277768176835679,8.502870693797894,7.025199479339319,6.5967183
38.2984589185375,5.15808,val,2.6689577343790827,2.7070316547324964,4.919501235194559,8.577869202851476,7.224122023173049,7.7196255
30.2775902642419,3.14928,train,0.8303675376089403,0.8758024364126911,4.991963442380765,8.672512359878672,7.114767478535199,8.351728
338.242830717405,59.62248,train,71.42395240324616,71.18675887411582,64.70409794429796,78.17389551089181,79.40173066523823,80.97865
91.8364782879097,7.91361163636364,train,14.941254141364992,14.930194704243371,6.765861345983282,9.256382148737387,7.170933400409528,5.869474
52.4423246684198,8.01691957894737,train,5.911096963057222,5.936190657019118,5.009879610983532,8.416309296418168,7.175493792561052,6.9552584
38.2984589185375,9.131616,test,2.6689577343790827,2.7070316547324964,4.919501235194559,8.577869202851476,7.224122023173049,7.7196255
126.297842485302,5.83034112,train,22.84068861804331,22.79800301047063,10.150580657038986,16.789710745897803,16.918006335598893,15.331044
63.5108091408147,9.4083984,train,8.448279395679291,8.463215227794693,5.277768176835679,8.502870693797894,7.025199479339319,6.5967183
44.9089238221147,8.8464327804878,train,4.184246974441761,4.216254283833293,4.926836231286742,8.577869202851476,7.239076704382411,7.2119718
42.8189787876665,10.34208,test,3.7051776095461015,3.739102920718242,4.917924973705325,8.577869202851476,7.237721038030533,7.3627877
38.2984589185375,9.84997028571429,train,2.6689577343790827,2.7070316547324964,4.919501235194559,8.577869202851476,7.224122023173049,7.7196255
91.8364782879097,6.835968,train,14.941254141364992,14.930194704243371,6.765861345983282,9.256382148737387,7.170933400409528,5.869474
35.8249279286511,10.4050285714286,train,2.101960564193945,2.142304514028897,4.932380164561678,8.577869202851476,7.205008440503066,7.9092035
33.1674383492482,9.72895418181818,test,1.4927953354263286,1.5355781387532268,4.955640120631088,8.577869202851476,7.171315409484628,8.112404
33.1674383492482,9.26602971428571,val,1.4927953354263286,1.5355781387532268,4.955640120631088,8.577869202851476,7.171315409484628,8.112404
30.2775902642419,9.55646836363636,val,0.8303675376089403,0.8758024364126911,4.991963442380765,8.672512359878672,7.114767478535199,8.351728
23.4529205713402,8.56835446153846,train,-0.7340229709980521,-0.6823248794273624,5.123031848621139,7.940271385465172,6.958236507176085,9.128229
23.4529205713402,8.798976,val,-0.7340229709980521,-0.6823248794273624,5.123031848621139,7.940271385465172,6.958236507176085,9.128229
33.1674383492482,9.03845647058824,train,1.4927953354263286,1.5355781387532268,4.955640120631088,8.577869202851476,7.171315409484628,8.112404
52.4423246684198,9.87626057142857,val,5.911096963057222,5.936190657019118,5.009879610983532,8.416309296418168,7.175493792561052,6.9552584
38.2984589185375,9.309888,train,2.6689577343790827,2.7070316547324964,4.919501235194559,8.577869202851476,7.224122023173049,7.7196255
40.6216500154385,8.94882816,train,3.201493119271378,3.237434981323208,4.915136705996687,8.577869202851476,7.234381634973814,7.5377455
48.8211473415386,7.80328421052632,train,5.0810296198643545,5.109446570871952,4.959984490008921,8.416309296418168,7.211566968814589,7.0836153
33.1674383492482,9.69408,test,1.4927953354263286,1.5355781387532268,4.955640120631088,8.577869202851476,7.171315409484628,8.112404
35.8249279286511,7.39584,train,2.101960564193945,2.142304514028897,4.932380164561678,8.577869202851476,7.205008440503066,7.9092035
214.094893938333,8.5688064,train,42.96603975696468,42.842780307380146,26.385848017006765,52.08198674004314,44.7184880787498,40.274563
44.9089238221147,14.0015127272727,val,4.184246974441761,4.216254283833293,4.926836231286742,8.577869202851476,7.239076704382411,7.2119718
54.1622000205846,11.77092,train,6.305336801464662,6.328852117079996,5.040072263945447,8.416309296418168,7.158361405515588,6.901731
30.2775902642419,11.356416,train,0.8303675376089403,0.8758024364126911,4.991963442380765,8.672512359878672,7.114767478535199,8.351728
40.6216500154385,15.9033156923077,train,3.201493119271378,3.237434981323208,4.915136705996687,8.577869202851476,7.234381634973814,7.5377455
27.0811000102923,11.200032,train,0.09764943707807294,0.14601784556639608,5.045459276796265,7.756973654552722,7.042311537742205,8.689135
50.664098947737,11.8440261818182,train,5.50348171356165,5.530207335656763,4.983064149621754,8.416309296418168,7.193208510513679,7.018324
66.3348766984964,8.42200615384616,train,9.095628598161174,9.107972703453662,5.374136719118937,8.453185378244498,6.9899479190566165,6.504825
59.0218891123912,10.47936,train,7.4193030199192265,7.438358461146644,5.148084170893156,8.502870693797894,7.089035228652735,6.713283
46.9058411426803,9.88389415384615,test,4.641991985312389,4.672166667092457,4.9410689381501385,8.416309296418168,7.228260172477704,7.1455817
30.2775902642419,10.885248,train,0.8303675376089403,0.8758024364126911,4.991963442380765,8.672512359878672,7.114767478535199,8.351728
33.1674383492482,8.62488,train,1.4927953354263286,1.5355781387532268,4.955640120631088,8.577869202851476,7.171315409484628,8.112404
46.9058411426803,12.4361431578947,val,4.641991985312389,4.672166667092457,4.9410689381501385,8.416309296418168,7.228260172477704,7.1455817
40.6216500154385,13.3599085714286,train,3.201493119271378,3.237434981323208,4.915136705996687,8.577869202851476,7.234381634973814,7.5377455
30.2775902642419,13.09608,train,0.8303675376089403,0.8758024364126911,4.991963442380765,8.672512359878672,7.114767478535199,8.351728
42.8189787876665,12.369024,train,3.7051776095461015,3.739102920718242,4.917924973705325,8.577869202851476,7.237721038030533,7.3627877
38.2984589185375,13.2668928,val,2.6689577343790827,2.7070316547324964,4.919501235194559,8.577869202851476,7.224122023173049,7.7196255
38.2984589185375,13.0896,val,2.6689577343790827,2.7070316547324964,4.919501235194559,8.577869202851476,7.224122023173049,7.7196255
30.2775902642419,11.0562938181818,val,0.8303675376089403,0.8758024364126911,4.991963442380765,8.672512359878672,7.114767478535199,8.351728
44.9089238221147,11.958048,train,4.184246974441761,4.216254283833293,4.926836231286742,8.577869202851476,7.239076704382411,7.2119718
50.664098947737,11.0304,train,5.50348171356165,5.530207335656763,4.983064149621754,8.416309296418168,7.193208510513679,7.018324
23.4529205713402,8.76802909090909,train,-0.7340229709980521,-0.6823248794273624,5.123031848621139,7.940271385465172,6.958236507176085,9.128229
33.1674383492482,11.2964072727273,train,1.4927953354263286,1.5355781387532268,4.955640120631088,8.577869202851476,7.171315409484628,8.112404
63.5108091408147,9.89773714285715,train,8.448279395679291,8.463215227794693,5.277768176835679,8.502870693797894,7.025199479339319,6.5967183
23.4529205713402,9.83607652173913,train,-0.7340229709980521,-0.6823248794273624,5.123031848621139,7.940271385465172,6.958236507176085,9.128229
44.9089238221147,11.1822650181818,test,4.184246974441761,4.216254283833293,4.926836231286742,8.577869202851476,7.239076704382411,7.2119718
123.360281446966,23.37408,test,22.16732377936016,22.127334054793643,9.794621891909799,21.670986955492676,15.85252034516458,14.290262
88.791324243983,15.314688,train,14.243226207717166,14.234961394751782,6.550049885568924,8.260207102950234,6.875814449359537,5.636224
92.8293339347406,22.0158,test,15.168842291445666,15.156871682562528,6.839146142930943,9.256382148737387,6.874687480236655,5.967343
70.3587617140205,16.7072914285714,train,10.018006941622852,10.026658213612299,5.531238966064933,8.138684016062697,6.944783180923738,6.321857
81.2433000308769,11.97792,train,12.51302416585125,12.511686388593597,6.073288479914737,8.260207102950234,6.424444045785871,5.726878
191.970428407124,0.6048,val,37.89454099695511,37.79158579632661,21.309473144794268,19.13205076594197,38.66473520890471,34.58947
59.0218891123912,9.64674782608696,train,7.4193030199192265,7.438358461146644,5.148084170893156,8.502870693797894,7.089035228652735,6.713283
33.1674383492482,14.46048,train,1.4927953354263286,1.5355781387532268,4.955640120631088,8.577869202851476,7.171315409484628,8.112404
77.7845377731429,16.36416,val,11.72018655011214,11.722022976988896,5.882459816535231,8.138684016062697,6.8919388745438726,5.9187765
59.0218891123912,10.7091406451613,val,7.4193030199192265,7.438358461146644,5.148084170893156,8.502870693797894,7.089035228652735,6.713283
42.8189787876665,12.4416,train,3.7051776095461015,3.739102920718242,4.917924973705325,8.577869202851476,7.237721038030533,7.3627877
62.0505953499169,26.47728,test,8.113560691652708,8.1298366033419,5.232421848989475,8.502870693797894,7.045759783739391,6.6325645
40.6216500154385,14.6982177391304,test,3.201493119271378,3.237434981323208,4.915136705996687,8.577869202851476,7.234381634973814,7.5377455
38.2984589185375,15.0471234782609,train,2.6689577343790827,2.7070316547324964,4.919501235194559,8.577869202851476,7.224122023173049,7.7196255
40.6216500154385,15.7883904,train,3.201493119271378,3.237434981323208,4.915136705996687,8.577869202851476,7.234381634973814,7.5377455
59.0218891123912,14.9833550769231,train,7.4193030199192265,7.438358461146644,5.148084170893156,8.502870693797894,7.089035228652735,6.713283
30.2775902642419,14.950656,val,0.8303675376089403,0.8758024364126911,4.991963442380765,8.672512359878672,7.114767478535199,8.351728
81.2433000308769,14.69664,train,12.51302416585125,12.511686388593597,6.073288479914737,8.260207102950234,6.424444045785871,5.726878
67.7027500257308,13.5228342857143,train,9.409180483657966,9.420269252836807,5.4249292641951,8.138684016062697,5.784780860879504,6.4497514
35.8249279286511,9.165312,test,2.101960564193945,2.142304514028897,4.932380164561678,8.577869202851476,7.205008440503066,7.9092035
174.457783080461,31.5387870967742,train,33.88019050639184,33.793307156633134,17.747519627953096,18.899275463713906,34.19709757130191,30.01166
64.9381965576721,18.8826306206897,train,8.775473447189109,8.789099325424372,5.325046791791166,8.502870693797894,7.005932161309846,6.553981
55.8291179001753,18.13752,train,6.687437419780483,6.709422957622485,5.0733382066098045,8.416309296418168,7.1346560907034435,6.8436265
106.618397358971,8.8776,test,18.329651665983192,18.30502644285678,8.005608978817534,9.568990178717561,6.9125631294653855,8.601391
50.664098947737,15.3366646153846,train,5.50348171356165,5.530207335656763,4.983064149621754,8.416309296418168,7.193208510513679,7.018324
48.8211473415386,15.98616,train,5.0810296198643545,5.109446570871952,4.959984490008921,8.416309296418168,7.211566968814589,7.0836153
30.2775902642419,15.9522048,val,0.8303675376089403,0.8758024364126911,4.991963442380765,8.672512359878672,7.114767478535199,8.351728
48.8211473415386,16.1424,train,5.0810296198643545,5.109446570871952,4.959984490008921,8.416309296418168,7.211566968814589,7.0836153
52.4423246684198,17.0315416216216,train,5.911096963057222,5.936190657019118,5.009879610983532,8.416309296418168,7.175493792561052,6.9552584
33.1674383492482,15.88248,train,1.4927953354263286,1.5355781387532268,4.955640120631088,8.577869202851476,7.171315409484628,8.112404
38.2984589185375,20.2176,train,2.6689577343790827,2.7070316547324964,4.919501235194559,8.577869202851476,7.224122023173049,7.7196255
64.9381965576721,20.176128,train,8.775473447189109,8.789099325424372,5.325046791791166,8.502870693797894,7.005932161309846,6.553981
35.8249279286511,18.5764937142857,val,2.101960564193945,2.142304514028897,4.932380164561678,8.577869202851476,7.205008440503066,7.9092035
60.5551805284838,17.9303563636364,train,7.770773002526397,7.788421298772589,5.189143121309158,8.502870693797894,7.067126881141752,6.661085
30.2775902642419,18.47808,train,0.8303675376089403,0.8758024364126911,4.991963442380765,8.672512359878672,7.114767478535199,8.351728
33.1674383492482,16.2665513513514,train,1.4927953354263286,1.5355781387532268,4.955640120631088,8.577869202851476,7.171315409484628,8.112404
60.5551805284838,16.22592,train,7.770773002526397,7.788421298772589,5.189143121309158,8.502870693797894,7.067126881141752,6.661085
81.2433000308769,20.6377768421053,val,12.51302416585125,12.511686388593597,6.073288479914737,8.260207102950234,6.429475808337157,5.726878
40.6216500154385,18.4184470588235,train,3.201493119271378,3.237434981323208,4.915136705996687,8.577869202851476,7.234381634973814,7.5377455
40.6216500154385,19.2605538461539,test,3.201493119271378,3.237434981323208,4.915136705996687,8.577869202851476,7.234381634973814,7.5377455
167.487353700526,28.7507781818182,train,32.282388113958504,32.201901724761896,16.44584597162111,18.631598981223775,32.45844636948034,28.113224
66.3348766984964,18.4270183783784,test,9.095628598161174,9.107972703453662,5.374136719118937,8.453185378244498,6.9899479190566165,6.504825
46.9058411426803,17.87816448,train,4.641991985312389,4.672166667092457,4.9410689381501385,8.416309296418168,7.228260172477704,7.1455817
70.3587617140205,20.408147027027,val,10.018006941622852,10.026658213612299,5.531238966064933,8.138684016062697,6.944783180923738,6.321857
40.6216500154385,16.6505142857143,test,3.201493119271378,3.237434981323208,4.915136705996687,8.577869202851476,7.234381634973814,7.5377455
54.1622000205846,15.6962504347826,train,6.305336801464662,6.328852117079996,5.040072263945447,8.416309296418168,7.158361405515588,6.901731
50.664098947737,14.0125090909091,train,5.50348171356165,5.530207335656763,4.983064149621754,8.416309296418168,7.193208510513679,7.018324
87.7527934971774,12.51936,train,14.005168145377676,13.997856421507343,6.479536698072977,8.260207102950234,6.873891275069041,5.588745
33.1674383492482,18.3274685217391,train,1.4927953354263286,1.5355781387532268,4.955640120631088,8.577869202851476,7.171315409484628,8.112404
40.6216500154385,16.53696,train,3.201493119271378,3.237434981323208,4.915136705996687,8.577869202851476,7.234381634973814,7.5377455
40.6216500154385,18.6624,train,3.201493119271378,3.237434981323208,4.915136705996687,8.577869202851476,7.234381634973814,7.5377455
50.664098947737,15.899328,train,5.50348171356165,5.530207335656763,4.983064149621754,8.416309296418168,7.193208510513679,7.018324
30.2775902642419,17.2182857142857,test,0.8303675376089403,0.8758024364126911,4.991963442380765,8.672512359878672,7.114767478535199,8.351728
66.3348766984964,15.3310543448276,val,9.095628598161174,9.107972703453662,5.374136719118937,8.453185378244498,6.9899479190566165,6.504825
30.2775902642419,17.62518528,train,0.8303675376089403,0.8758024364126911,4.991963442380765,8.672512359878672,7.114767478535199,8.351728
38.2984589185375,18.4113852631579,test,2.6689577343790827,2.7070316547324964,4.919501235194559,8.577869202851476,7.224122023173049,7.7196255
48.8211473415386,19.3504581818182,train,5.0810296198643545,5.109446570871952,4.959984490008921,8.416309296418168,7.211566968814589,7.0836153
92.8293339347406,8.24256,test,15.168842291445666,15.156871682562528,6.839146142930943,9.256382148737387,7.256514444579922,5.967343
52.4423246684198,18.2639725714286,train,5.911096963057222,5.936190657019118,5.009879610983532,8.416309296418168,7.175493792561052,6.9552584
44.9089238221147,19.3840128,train,4.184246974441761,4.216254283833293,4.926836231286742,8.577869202851476,7.239076704382411,7.2119718
35.8249279286511,17.9446153846154,train,2.101960564193945,2.142304514028897,4.932380164561678,8.577869202851476,7.205008440503066,7.9092035
63.5108091408147,16.9596553846154,train,8.448279395679291,8.463215227794693,5.277768176835679,8.502870693797894,7.025199479339319,6.5967183
72.918093356958,18.211392,test,10.604671836885592,10.61097433770287,5.643294419690875,8.138684016062697,6.916151134880291,6.176456
27.0811000102923,17.1835158857143,train,0.09764943707807294,0.14601784556639608,5.045459276796265,7.756973654552722,7.042311537742205,8.689135
30.2775902642419,20.404224,train,0.8303675376089403,0.8758024364126911,4.991963442380765,8.672512359878672,7.114767478535199,8.351728
42.8189787876665,19.85472,train,3.7051776095461015,3.739102920718242,4.917924973705325,8.577869202851476,7.237721038030533,7.3627877
60.5551805284838,15.9054545454545,train,7.770773002526397,7.788421298772589,5.189143121309158,8.502870693797894,7.067126881141752,6.661085
30.2775902642419,15.5877517241379,val,0.8303675376089403,0.8758024364126911,4.991963442380765,8.672512359878672,7.114767478535199,8.351728
99.5023150477446,18.36432,test,16.698461860896018,16.680367268154097,7.368990563557972,8.888762472265348,6.884076348513689,6.9014497
27.0811000102923,13.69728,train,0.09764943707807294,0.14601784556639608,5.045459276796265,7.756973654552722,7.042311537742205,8.689135
150.171964148936,148.83264,train,28.31325374024454,28.248658174703323,13.50533855995073,30.625595418795122,28.01925697311102,23.168571
30.2775902642419,16.6074624,val,0.8303675376089403,0.8758024364126911,4.991963442380765,8.672512359878672,7.114767478535199,8.351728
38.2984589185375,16.008192,test,2.6689577343790827,2.7070316547324964,4.919501235194559,8.577869202851476,7.224122023173049,7.7196255
35.8249279286511,16.837632,train,2.101960564193945,2.142304514028897,4.932380164561678,8.577869202851476,7.205008440503066,7.9092035
46.9058411426803,15.3643392,train,4.641991985312389,4.672166667092457,4.9410689381501385,8.416309296418168,7.228260172477704,7.1455817
60.5551805284838,16.48512,train,7.770773002526397,7.788421298772589,5.189143121309158,8.502870693797894,7.067126881141752,6.661085
63.5108091408147,17.62342272,train,8.448279395679291,8.463215227794693,5.277768176835679,8.502870693797894,7.025199479339319,6.5967183
40.6216500154385,17.0180352,train,3.201493119271378,3.237434981323208,4.915136705996687,8.577869202851476,7.234381634973814,7.5377455
57.4476883778063,16.0071552,test,7.058455565222895,7.0789556950723584,5.10941716955513,8.416309296418168,7.111528448151205,6.7808275
30.2775902642419,13.2845184,train,0.8303675376089403,0.8758024364126911,4.991963442380765,8.672512359878672,7.114767478535199,8.351728
38.2984589185375,14.090112,train,2.6689577343790827,2.7070316547324964,4.919501235194559,8.577869202851476,7.224122023173049,7.7196255
33.1674383492482,14.2694784,test,1.4927953354263286,1.5355781387532268,4.955640120631088,8.577869202851476,7.171315409484628,8.112404
38.2984589185375,13.5696384,test,2.6689577343790827,2.7070316547324964,4.919501235194559,8.577869202851476,7.224122023173049,7.7196255
33.1674383492482,13.250304,train,1.4927953354263286,1.5355781387532268,4.955640120631088,8.577869202851476,7.171315409484628,8.112404
46.9058411426803,12.928896,train,4.641991985312389,4.672166667092457,4.9410689381501385,8.416309296418168,7.228260172477704,7.1455817
35.8249279286511,13.9968,train,2.101960564193945,2.142304514028897,4.932380164561678,8.577869202851476,7.205008440503066,7.9092035
30.2775902642419,13.0192457142857,test,0.8303675376089403,0.8758024364126911,4.991963442380765,8.672512359878672,7.114767478535199,8.351728
30.2775902642419,16.31232,train,0.8303675376089403,0.8758024364126911,4.991963442380765,8.672512359878672,7.114767478535199,8.351728
42.8189787876665,13.9375542857143,train,3.7051776095461015,3.739102920718242,4.917924973705325,8.577869202851476,7.237721038030533,7.3627877
66.3348766984964,13.001472,train,9.095628598161174,9.107972703453662,5.374136719118937,8.453185378244498,6.9899479190566165,6.504825
30.2775902642419,12.731904,train,0.8303675376089403,0.8758024364126911,4.991963442380765,8.672512359878672,7.114767478535199,8.351728
27.0811000102923,15.531264,test,0.09764943707807294,0.14601784556639608,5.045459276796265,7.756973654552722,7.042311537742205,8.689135
30.2775902642419,15.6956708571429,train,0.8303675376089403,0.8758024364126911,4.991963442380765,8.672512359878672,7.114767478535199,8.351728
42.8189787876665,14.56704,train,3.7051776095461015,3.739102920718242,4.917924973705325,8.577869202851476,7.237721038030533,7.3627877
35.8249279286511,15.443136,val,2.101960564193945,2.142304514028897,4.932380164561678,8.577869202851476,7.205008440503066,7.9092035
42.8189787876665,14.4384768,train,3.7051776095461015,3.739102920718242,4.917924973705325,8.577869202851476,7.237721038030533,7.3627877
50.664098947737,14.950656,train,5.50348171356165,5.530207335656763,4.983064149621754,8.416309296418168,7.193208510513679,7.018324
46.9058411426803,13.8783085714286,train,4.641991985312389,4.672166667092457,4.9410689381501385,8.416309296418168,7.228260172477704,7.1455817
38.2984589185375,15.427584,train,2.6689577343790827,2.7070316547324964,4.919501235194559,8.577869202851476,7.224122023173049,7.7196255
75.3905917717706,7.67720054634146,train,11.171432314202422,11.175465733161568,5.760527801720656,8.138684016062697,6.087293085126852,6.05196
194.343453337188,11.723334939759,test,38.4384995831327,38.33336659028179,21.823638332581467,19.13205076594197,39.58529915343174,35.196526
66.3348766984964,10.8186624,train,9.095628598161174,9.107972703453662,5.374136719118937,8.453185378244498,6.9899479190566165,6.504825
42.8189787876665,8.09856,test,3.7051776095461015,3.739102920718242,4.917924973705325,8.577869202851476,7.237721038030533,7.3627877
54.1622000205846,8.64,train,6.305336801464662,6.328852117079996,5.040072263945447,8.416309296418168,7.158361405515588,6.901731
44.9089238221147,8.24792275862069,train,4.184246974441761,4.216254283833293,4.926836231286742,8.577869202851476,7.239076704382411,7.2119718
38.2984589185375,8.462016,train,2.6689577343790827,2.7070316547324964,4.919501235194559,8.577869202851476,7.224122023173049,7.7196255
78.9542957097545,3.29509506976744,train,11.988325272680095,11.989088179551146,5.945057611502648,8.138684016062697,6.887203571363507,5.855558
75.3905917717706,8.46712024615385,test,11.171432314202422,11.175465733161568,5.760527801720656,8.138684016062697,6.087293085126852,6.05196
42.8189787876665,6.90695424,train,3.7051776095461015,3.739102920718242,4.917924973705325,8.577869202851476,7.237721038030533,7.3627877
71.6498558573022,6.91793530434783,test,10.313959055696406,10.321425454004999,5.586586292848608,8.138684016062697,6.930339256859132,6.2505503
52.4423246684198,6.63755294117647,test,5.911096963057222,5.936190657019118,5.009879610983532,8.416309296418168,7.175493792561052,6.9552584
40.6216500154385,6.36644571428571,train,3.201493119271378,3.237434981323208,4.915136705996687,8.577869202851476,7.234381634973814,7.5377455
46.9058411426803,5.96094171428571,train,4.641991985312389,4.672166667092457,4.9410689381501385,8.416309296418168,7.228260172477704,7.1455817
40.6216500154385,6.55088818604651,test,3.201493119271378,3.237434981323208,4.915136705996687,8.577869202851476,7.234381634973814,7.5377455
57.4476883778063,9.56818285714286,train,7.058455565222895,7.0789556950723584,5.10941716955513,8.416309296418168,7.111528448151205,6.7808275
44.9089238221147,6.096384,val,4.184246974441761,4.216254283833293,4.926836231286742,8.577869202851476,7.239076704382411,7.2119718
30.2775902642419,5.75649391304348,train,0.8303675376089403,0.8758024364126911,4.991963442380765,8.672512359878672,7.114767478535199,8.351728
48.8211473415386,6.23561142857143,train,5.0810296198643545,5.109446570871952,4.959984490008921,8.416309296418168,7.211566968814589,7.0836153
33.1674383492482,7.57340928,test,1.4927953354263286,1.5355781387532268,4.955640120631088,8.577869202851476,7.171315409484628,8.112404
142.658546477408,12.531456,train,26.590984411259484,26.533284122022152,12.361332351876555,15.667719617539685,24.78344359680507,20.842627
27.0811000102923,5.79388235294118,train,0.09764943707807294,0.14601784556639608,5.045459276796265,7.756973654552722,7.042311537742205,8.689135
54.1622000205846,5.98381714285714,test,6.305336801464662,6.328852117079996,5.040072263945447,8.416309296418168,7.158361405515588,6.901731
38.2984589185375,3.747708,test,2.6689577343790827,2.7070316547324964,4.919501235194559,8.577869202851476,7.224122023173049,7.7196255
40.6216500154385,6.44701090909091,val,3.201493119271378,3.237434981323208,4.915136705996687,8.577869202851476,7.234381634973814,7.5377455
33.1674383492482,6.1592832,train,1.4927953354263286,1.5355781387532268,4.955640120631088,8.577869202851476,7.171315409484628,8.112404
30.2775902642419,5.77386514285714,train,0.8303675376089403,0.8758024364126911,4.991963442380765,8.672512359878672,7.114767478535199,8.351728
48.8211473415386,6.43897878260869,train,5.0810296198643545,5.109446570871952,4.959984490008921,8.416309296418168,7.211566968814589,7.0836153
35.8249279286511,4.83934806486486,train,2.101960564193945,2.142304514028897,4.932380164561678,8.577869202851476,7.205008440503066,7.9092035
42.8189787876665,4.52694034285714,train,3.7051776095461015,3.739102920718242,4.917924973705325,8.577869202851476,7.237721038030533,7.3627877
38.2984589185375,6.10553223529412,train,2.6689577343790827,2.7070316547324964,4.919501235194559,8.577869202851476,7.224122023173049,7.7196255
35.8249279286511,3.6706064516129,train,2.101960564193945,2.142304514028897,4.932380164561678,8.577869202851476,7.205008440503066,7.9092035
50.664098947737,4.54276173913044,train,5.50348171356165,5.530207335656763,4.983064149621754,8.416309296418168,7.193208510513679,7.018324
33.1674383492482,5.298048,train,1.4927953354263286,1.5355781387532268,4.955640120631088,8.577869202851476,7.171315409484628,8.112404
38.2984589185375,3.43951753846154,train,2.6689577343790827,2.7070316547324964,4.919501235194559,8.577869202851476,7.224122023173049,7.7196255
48.8211473415386,6.71351563636364,val,5.0810296198643545,5.109446570871952,4.959984490008921,8.416309296418168,7.211566968814589,7.0836153
23.4529205713402,4.95236945454545,val,-0.7340229709980521,-0.6823248794273624,5.123031848621139,7.940271385465172,6.958236507176085,9.128229
30.2775902642419,7.08486912,train,0.8303675376089403,0.8758024364126911,4.991963442380765,8.672512359878672,7.114767478535199,8.351728
27.0811000102923,3.9045888,train,0.09764943707807294,0.14601784556639608,5.045459276796265,7.756973654552722,7.042311537742205,8.689135
33.1674383492482,5.3923968,val,1.4927953354263286,1.5355781387532268,4.955640120631088,8.577869202851476,7.171315409484628,8.112404
38.2984589185375,5.66685257142857,train,2.6689577343790827,2.7070316547324964,4.919501235194559,8.577869202851476,7.224122023173049,7.7196255
35.8249279286511,5.539968,train,2.101960564193945,2.142304514028897,4.932380164561678,8.577869202851476,7.205008440503066,7.9092035
50.664098947737,5.038848,test,5.50348171356165,5.530207335656763,4.983064149621754,8.416309296418168,7.193208510513679,7.018324
60.5551805284838,4.99356734693878,train,7.770773002526397,7.788421298772589,5.189143121309158,8.502870693797894,7.067126881141752,6.661085
48.8211473415386,3.84558545454545,val,5.0810296198643545,5.109446570871952,4.959984490008921,8.416309296418168,7.211566968814589,7.0836153
46.9058411426803,0.84539076923077,train,4.641991985312389,4.672166667092457,4.9410689381501385,8.416309296418168,7.228260172477704,7.1455817
57.4476883778063,1.97537684210527,test,7.058455565222895,7.0789556950723584,5.10941716955513,8.416309296418168,7.111528448151205,6.7808275
33.1674383492482,2.48073365853659,train,1.4927953354263286,1.5355781387532268,4.955640120631088,8.577869202851476,7.171315409484628,8.112404
72.918093356958,1.838592,train,10.604671836885592,10.61097433770287,5.643294419690875,8.138684016062697,6.916151134880291,6.176456
50.664098947737,4.09156682926829,test,5.50348171356165,5.530207335656763,4.983064149621754,8.416309296418168,7.193208510513679,7.018324
23.4529205713402,2.56946086956522,test,-0.7340229709980521,-0.6823248794273624,5.123031848621139,7.940271385465172,6.958236507176085,9.128229
40.6216500154385,6.07619368421053,train,3.201493119271378,3.237434981323208,4.915136705996687,8.577869202851476,7.234381634973814,7.5377455
35.8249279286511,0.67392,train,2.101960564193945,2.142304514028897,4.932380164561678,8.577869202851476,7.205008440503066,7.9092035
35.8249279286511,3.16668342857143,test,2.101960564193945,2.142304514028897,4.932380164561678,8.577869202851476,7.205008440503066,7.9092035
54.1622000205846,4.44418169491525,train,6.305336801464662,6.328852117079996,5.040072263945447,8.416309296418168,7.158361405515588,6.901731
114.895376755613,2.40669957446809,val,20.226949057754396,20.194727816092016,8.839036010320868,12.150723278865067,11.581032297493943,11.307314
162.486600061754,4.888512,train,31.13608625901106,31.060189203134442,15.553443710925777,32.24788622551752,31.196193518352274,26.719398
57.4476883778063,0.602331428571428,test,7.058455565222895,7.0789556950723584,5.10941716955513,8.416309296418168,7.111528448151205,6.7808275
33.1674383492482,5.75143783783784,val,1.4927953354263286,1.5355781387532268,4.955640120631088,8.577869202851476,7.171315409484628,8.112404
38.2984589185375,8.82875076923077,train,2.6689577343790827,2.7070316547324964,4.919501235194559,8.577869202851476,7.224122023173049,7.7196255
38.2984589185375,5.60196,train,2.6689577343790827,2.7070316547324964,4.919501235194559,8.577869202851476,7.224122023173049,7.7196255
100.419406462608,8.17625302325581,train,16.90868289275481,16.889746659233975,7.446886681355508,8.888762472265348,8.298356953156597,7.065523
27.0811000102923,7.37568,train,0.09764943707807294,0.14601784556639608,5.045459276796265,7.756973654552722,7.042311537742205,8.689135
101.328197895474,1.47701508196721,train,17.117001354431814,17.09723109726073,7.525288653111787,8.888762472265348,8.398497540546256,7.2399197
67.7027500257308,5.83882105263158,train,9.409180483657966,9.420269252836807,5.4249292641951,8.138684016062697,6.974592170669738,6.4497514
63.5108091408147,6.88744421052631,train,8.448279395679291,8.463215227794693,5.277768176835679,8.502870693797894,7.025199479339319,6.5967183
60.5551805284838,6.74506867924528,train,7.770773002526397,7.788421298772589,5.189143121309158,8.502870693797894,7.067126881141752,6.661085
27.0811000102923,6.303744,train,0.09764943707807294,0.14601784556639608,5.045459276796265,7.756973654552722,7.042311537742205,8.689135
40.6216500154385,6.35904,test,3.201493119271378,3.237434981323208,4.915136705996687,8.577869202851476,7.234381634973814,7.5377455
38.2984589185375,7.51488,test,2.6689577343790827,2.7070316547324964,4.919501235194559,8.577869202851476,7.224122023173049,7.7196255
42.8189787876665,4.63019707317073,train,3.7051776095461015,3.739102920718242,4.917924973705325,8.577869202851476,7.237721038030533,7.3627877
35.8249279286511,6.885,train,2.101960564193945,2.142304514028897,4.932380164561678,8.577869202851476,7.205008440503066,7.9092035
38.2984589185375,5.698944,train,2.6689577343790827,2.7070316547324964,4.919501235194559,8.577869202851476,7.224122023173049,7.7196255
106.618397358971,3.1283712,val,18.329651665983192,18.30502644285678,8.005608978817534,9.568990178717561,8.868871413309275,8.601391
74.1646467884524,13.8964525714286,train,10.89041406976312,10.895572573172897,5.701295658196301,8.138684016062697,6.909236431810277,6.11551
35.8249279286511,6.74797292307693,test,2.101960564193945,2.142304514028897,4.932380164561678,8.577869202851476,7.205008440503066,7.9092035
44.9089238221147,7.190208,val,4.184246974441761,4.216254283833293,4.926836231286742,8.577869202851476,7.239076704382411,7.2119718
98.5766919987619,6.97297371428571,train,16.486285158207757,16.469040035967144,7.291614328470189,8.888762472265348,6.878332236445422,6.738959
64.9381965576721,7.00290782608696,train,8.775473447189109,8.789099325424372,5.325046791791166,8.502870693797894,7.005932161309846,6.553981
33.1674383492482,7.09314206896552,test,1.4927953354263286,1.5355781387532268,4.955640120631088,8.577869202851476,7.171315409484628,8.112404
54.1622000205846,5.43318951724138,test,6.305336801464662,6.328852117079996,5.040072263945447,8.416309296418168,7.158361405515588,6.901731
38.2984589185375,6.799104,train,2.6689577343790827,2.7070316547324964,4.919501235194559,8.577869202851476,7.224122023173049,7.7196255
46.9058411426803,5.4713232,test,4.641991985312389,4.672166667092457,4.9410689381501385,8.416309296418168,7.228260172477704,7.1455817
30.2775902642419,5.67412363636364,test,0.8303675376089403,0.8758024364126911,4.991963442380765,8.672512359878672,7.114767478535199,8.351728
40.6216500154385,5.43783724137931,train,3.201493119271378,3.237434981323208,4.915136705996687,8.577869202851476,7.234381634973814,7.5377455
30.2775902642419,6.61949672727272,train,0.8303675376089403,0.8758024364126911,4.991963442380765,8.672512359878672,7.114767478535199,8.351728
35.8249279286511,3.77767384615385,train,2.101960564193945,2.142304514028897,4.932380164561678,8.577869202851476,7.205008440503066,7.9092035
52.4423246684198,6.075648,train,5.911096963057222,5.936190657019118,5.009879610983532,8.416309296418168,7.175493792561052,6.9552584
191.492294592688,14.5748945454545,val,37.7849403811296,37.68242397745142,21.20677422620301,19.13205076594197,38.614044044584496,34.466988
138.087057402038,6.334848,train,25.543081077982016,25.489576173810832,11.70478416353815,19.19647475500658,22.743896297821053,19.360615
90.8327707927258,8.1648,train,14.711178467443874,14.701040161132509,6.693235723850634,8.922152314883105,7.107755367386168,5.774017
54.1622000205846,6.09786514285714,train,6.305336801464662,6.328852117079996,5.040072263945447,8.416309296418168,7.158361405515588,6.901731
33.1674383492482,6.70721361702128,test,1.4927953354263286,1.5355781387532268,4.955640120631088,8.577869202851476,7.171315409484628,8.112404
57.4476883778063,6.97220715789474,train,7.058455565222895,7.0789556950723584,5.10941716955513,8.416309296418168,7.111528448151205,6.7808275
72.918093356958,6.7716,val,10.604671836885592,10.61097433770287,5.643294419690875,8.138684016062697,6.916151134880291,6.176456
30.2775902642419,5.91424345945946,test,0.8303675376089403,0.8758024364126911,4.991963442380765,8.672512359878672,7.114767478535199,8.351728
38.2984589185375,5.18976,train,2.6689577343790827,2.7070316547324964,4.919501235194559,8.577869202851476,7.224122023173049,7.7196255
38.2984589185375,6.1077024,val,2.6689577343790827,2.7070316547324964,4.919501235194559,8.577869202851476,7.224122023173049,7.7196255
30.2775902642419,5.936256,val,0.8303675376089403,0.8758024364126911,4.991963442380765,8.672512359878672,7.114767478535199,8.351728
40.6216500154385,5.539968,train,3.201493119271378,3.237434981323208,4.915136705996687,8.577869202851476,7.234381634973814,7.5377455
33.1674383492482,4.78536827586207,train,1.4927953354263286,1.5355781387532268,4.955640120631088,8.577869202851476,7.171315409484628,8.112404
70.3587617140205,5.42906181818182,train,10.018006941622852,10.026658213612299,5.531238966064933,8.138684016062697,6.944783180923738,6.321857
27.0811000102923,5.790528,train,0.09764943707807294,0.14601784556639608,5.045459276796265,7.756973654552722,7.042311537742205,8.689135
42.8189787876665,5.84928,train,3.7051776095461015,3.739102920718242,4.917924973705325,8.577869202851476,7.237721038030533,7.3627877
42.8189787876665,4.78872,test,3.7051776095461015,3.739102920718242,4.917924973705325,8.577869202851476,7.237721038030533,7.3627877
64.9381965576721,7.12739720930233,val,8.775473447189109,8.789099325424372,5.325046791791166,8.502870693797894,7.005932161309846,6.553981
35.8249279286511,6.87733835294118,train,2.101960564193945,2.142304514028897,4.932380164561678,8.577869202851476,7.205008440503066,7.9092035
40.6216500154385,6.31460571428571,val,3.201493119271378,3.237434981323208,4.915136705996687,8.577869202851476,7.234381634973814,7.5377455
40.6216500154385,7.21905808695652,test,3.201493119271378,3.237434981323208,4.915136705996687,8.577869202851476,7.234381634973814,7.5377455
48.8211473415386,32.4375393103448,test,5.0810296198643545,5.109446570871952,4.959984490008921,8.416309296418168,7.211566968814589,7.0836153
59.0218891123912,8.80308,train,7.4193030199192265,7.438358461146644,5.148084170893156,8.502870693797894,7.089035228652735,6.713283
48.8211473415386,9.27511854545455,train,5.0810296198643545,5.109446570871952,4.959984490008921,8.416309296418168,7.211566968814589,7.0836153
44.9089238221147,14.49792,test,4.184246974441761,4.216254283833293,4.926836231286742,8.577869202851476,7.239076704382411,7.2119718
40.6216500154385,10.70334,train,3.201493119271378,3.237434981323208,4.915136705996687,8.577869202851476,7.234381634973814,7.5377455
64.9381965576721,7.973316,train,8.775473447189109,8.789099325424372,5.325046791791166,8.502870693797894,7.005932161309846,6.553981
60.5551805284838,7.71768,train,7.770773002526397,7.788421298772589,5.189143121309158,8.502870693797894,7.067126881141752,6.661085
33.1674383492482,10.4124342857143,val,1.4927953354263286,1.5355781387532268,4.955640120631088,8.577869202851476,7.171315409484628,8.112404
59.0218891123912,11.14128,train,7.4193030199192265,7.438358461146644,5.148084170893156,8.502870693797894,5.277485938062115,6.713283
33.1674383492482,10.312704,train,1.4927953354263286,1.5355781387532268,4.955640120631088,8.577869202851476,7.171315409484628,8.112404
35.8249279286511,12.566016,train,2.101960564193945,2.142304514028897,4.932380164561678,8.577869202851476,7.205008440503066,7.9092035
30.2775902642419,10.2979188,train,0.8303675376089403,0.8758024364126911,4.991963442380765,8.672512359878672,7.114767478535199,8.351728
46.9058411426803,11.9478857142857,train,4.641991985312389,4.672166667092457,4.9410689381501385,8.416309296418168,7.228260172477704,7.1455817
33.1674383492482,9.6714,val,1.4927953354263286,1.5355781387532268,4.955640120631088,8.577869202851476,7.171315409484628,8.112404
38.2984589185375,7.342812,test,2.6689577343790827,2.7070316547324964,4.919501235194559,8.577869202851476,7.224122023173049,7.7196255
27.0811000102923,6.0217344,val,0.09764943707807294,0.14601784556639608,5.045459276796265,7.756973654552722,7.042311537742205,8.689135
30.2775902642419,7.51248,train,0.8303675376089403,0.8758024364126911,4.991963442380765,8.672512359878672,7.114767478535199,8.351728
62.0505953499169,6.98976,train,8.113560691652708,8.1298366033419,5.232421848989475,8.502870693797894,7.045759783739391,6.6325645
33.1674383492482,6.99516,val,1.4927953354263286,1.5355781387532268,4.955640120631088,8.577869202851476,7.171315409484628,8.112404
48.8211473415386,9.98734628571429,train,5.0810296198643545,5.109446570871952,4.959984490008921,8.416309296418168,4.971461940809527,7.0836153
23.4529205713402,10.8601750588235,train,-0.7340229709980521,-0.6823248794273624,5.123031848621139,7.940271385465172,6.958236507176085,9.128229
52.4423246684198,9.96204169014084,val,5.911096963057222,5.936190657019118,5.009879610983532,8.416309296418168,7.175493792561052,6.9552584
42.8189787876665,10.3792086486486,train,3.7051776095461015,3.739102920718242,4.917924973705325,8.577869202851476,7.237721038030533,7.3627877
133.358951558794,9.9696505263158,train,24.459277137616475,24.410111350157337,11.057357678302012,16.69958658658095,20.48592112245032,17.777294
30.2775902642419,9.31234909090909,train,0.8303675376089403,0.8758024364126911,4.991963442380765,8.672512359878672,7.114767478535199,8.351728
23.4529205713402,6.50013784615385,train,-0.7340229709980521,-0.6823248794273624,5.123031848621139,7.940271385465172,6.958236507176085,9.128229
44.9089238221147,5.92763586206897,train,4.184246974441761,4.216254283833293,4.926836231286742,8.577869202851476,7.239076704382411,7.2119718
33.1674383492482,5.20684474576271,train,1.4927953354263286,1.5355781387532268,4.955640120631088,8.577869202851476,7.171315409484628,8.112404
46.9058411426803,5.01962926829268,val,4.641991985312389,4.672166667092457,4.9410689381501385,8.416309296418168,7.228260172477704,7.1455817
60.5551805284838,6.53184,val,7.770773002526397,7.788421298772589,5.189143121309158,8.502870693797894,7.067126881141752,6.661085
40.6216500154385,5.43348,train,3.201493119271378,3.237434981323208,4.915136705996687,8.577869202851476,7.234381634973814,7.5377455
42.8189787876665,7.70564571428571,test,3.7051776095461015,3.739102920718242,4.917924973705325,8.577869202851476,7.237721038030533,7.3627877
57.4476883778063,5.43085714285714,train,7.058455565222895,7.0789556950723584,5.10941716955513,8.416309296418168,7.111528448151205,6.7808275
63.5108091408147,8.03121230769231,test,8.448279395679291,8.463215227794693,5.277768176835679,8.502870693797894,7.025199479339319,6.5967183
35.8249279286511,6.08851862068965,train,2.101960564193945,2.142304514028897,4.932380164561678,8.577869202851476,7.205008440503066,7.9092035
30.2775902642419,6.68961391304348,train,0.8303675376089403,0.8758024364126911,4.991963442380765,8.672512359878672,7.114767478535199,8.351728
35.8249279286511,12.7365696,test,2.101960564193945,2.142304514028897,4.932380164561678,8.577869202851476,7.205008440503066,7.9092035
35.8249279286511,12.9284452173913,train,2.101960564193945,2.142304514028897,4.932380164561678,8.577869202851476,7.205008440503066,7.9092035
66.3348766984964,11.6254902857143,val,9.095628598161174,9.107972703453662,5.374136719118937,8.453185378244498,6.9899479190566165,6.504825
30.2775902642419,11.8274953846154,val,0.8303675376089403,0.8758024364126911,4.991963442380765,8.672512359878672,7.114767478535199,8.351728
35.8249279286511,13.1395301052632,train,2.101960564193945,2.142304514028897,4.932380164561678,8.577869202851476,7.205008440503066,7.9092035
30.2775902642419,11.9523031578947,train,0.8303675376089403,0.8758024364126911,4.991963442380765,8.672512359878672,7.114767478535199,8.351728
66.3348766984964,14.590944,train,9.095628598161174,9.107972703453662,5.374136719118937,8.453185378244498,6.9899479190566165,6.504825
38.2984589185375,12.95232,train,2.6689577343790827,2.7070316547324964,4.919501235194559,8.577869202851476,7.224122023173049,7.7196255
60.5551805284838,11.7616984615385,train,7.770773002526397,7.788421298772589,5.189143121309158,8.502870693797894,7.067126881141752,6.661085
40.6216500154385,11.7416270769231,val,3.201493119271378,3.237434981323208,4.915136705996687,8.577869202851476,7.234381634973814,7.5377455
35.8249279286511,13.81968,test,2.101960564193945,2.142304514028897,4.932380164561678,8.577869202851476,7.205008440503066,7.9092035
40.6216500154385,10.7235943783784,train,3.201493119271378,3.237434981323208,4.915136705996687,8.577869202851476,7.234381634973814,7.5377455
101.328197895474,11.2828916093023,train,17.117001354431814,17.09723109726073,7.525288653111787,8.888762472265348,8.398497540546256,7.2399197
35.8249279286511,12.3661963636364,test,2.101960564193945,2.142304514028897,4.932380164561678,8.577869202851476,7.205008440503066,7.9092035
30.2775902642419,10.7638690909091,train,0.8303675376089403,0.8758024364126911,4.991963442380765,8.672512359878672,7.114767478535199,8.351728
33.1674383492482,11.0138754098361,val,1.4927953354263286,1.5355781387532268,4.955640120631088,8.577869202851476,7.171315409484628,8.112404
48.8211473415386,11.8639542857143,test,5.0810296198643545,5.109446570871952,4.959984490008921,8.416309296418168,7.211566968814589,7.0836153
60.5551805284838,11.4765784615385,train,7.770773002526397,7.788421298772589,5.189143121309158,8.502870693797894,7.067126881141752,6.661085
42.8189787876665,12.8399494736842,val,3.7051776095461015,3.739102920718242,4.917924973705325,8.577869202851476,7.237721038030533,7.3627877
23.4529205713402,11.4375410526316,train,-0.7340229709980521,-0.6823248794273624,5.123031848621139,7.940271385465172,6.958236507176085,9.128229
52.4423246684198,12.1141894736842,test,5.911096963057222,5.936190657019118,5.009879610983532,8.416309296418168,7.175493792561052,6.9552584
27.0811000102923,11.7863874782609,val,0.09764943707807294,0.14601784556639608,5.045459276796265,7.756973654552722,7.042311537742205,8.689135
40.6216500154385,11.9656145454545,train,3.201493119271378,3.237434981323208,4.915136705996687,8.577869202851476,7.234381634973814,7.5377455
57.4476883778063,5.70512842105263,train,7.058455565222895,7.0789556950723584,5.10941716955513,8.416309296418168,7.111528448151205,6.7808275
27.0811000102923,11.847168,train,0.09764943707807294,0.14601784556639608,5.045459276796265,7.756973654552722,7.042311537742205,8.689135
30.2775902642419,11.7010285714286,train,0.8303675376089403,0.8758024364126911,4.991963442380765,8.672512359878672,7.114767478535199,8.351728
27.0811000102923,10.8506482758621,train,0.09764943707807294,0.14601784556639608,5.045459276796265,7.756973654552722,7.042311537742205,8.689135
23.4529205713402,12.3857723076923,test,-0.7340229709980521,-0.6823248794273624,5.123031848621139,7.940271385465172,6.958236507176085,9.128229
63.5108091408147,11.3511724137931,train,8.448279395679291,8.463215227794693,5.277768176835679,8.502870693797894,7.025199479339319,6.5967183
30.2775902642419,12.54528,val,0.8303675376089403,0.8758024364126911,4.991963442380765,8.672512359878672,7.114767478535199,8.351728
23.4529205713402,11.52576,test,-0.7340229709980521,-0.6823248794273624,5.123031848621139,7.940271385465172,6.958236507176085,9.128229
33.1674383492482,11.6617460869565,test,1.4927953354263286,1.5355781387532268,4.955640120631088,8.577869202851476,7.171315409484628,8.112404
33.1674383492482,12.1976470588235,train,1.4927953354263286,1.5355781387532268,4.955640120631088,8.577869202851476,7.171315409484628,8.112404
60.5551805284838,12.037248,train,7.770773002526397,7.788421298772589,5.189143121309158,8.502870693797894,7.067126881141752,6.661085
40.6216500154385,10.70496,train,3.201493119271378,3.237434981323208,4.915136705996687,8.577869202851476,7.234381634973814,7.5377455
195.284589366155,19.4664489795918,test,38.65423226138311,38.54823556132956,22.02960506473046,19.13205076594197,39.751641659428145,35.437004
48.8211473415386,10.3192094117647,train,5.0810296198643545,5.109446570871952,4.959984490008921,8.416309296418168,7.211566968814589,7.0836153
54.1622000205846,12.0804078139535,train,6.305336801464662,6.328852117079996,5.040072263945447,8.416309296418168,7.158361405515588,6.901731
72.918093356958,9.18207123287671,val,10.604671836885592,10.61097433770287,5.643294419690875,8.138684016062697,5.984502997987943,6.176456
42.8189787876665,13.35168,val,3.7051776095461015,3.739102920718242,4.917924973705325,8.577869202851476,7.237721038030533,7.3627877
72.918093356958,12.6656389565217,train,10.604671836885592,10.61097433770287,5.643294419690875,8.138684016062697,6.916151134880291,6.176456
94.7838500360231,11.90784,val,15.616867848044558,15.60310352435041,6.98761204217864,9.256382148737387,6.871048229701919,6.1985607
44.9089238221147,10.170036,val,4.184246974441761,4.216254283833293,4.926836231286742,8.577869202851476,7.239076704382411,7.2119718
52.4423246684198,9.41223410526316,train,5.911096963057222,5.936190657019118,5.009879610983532,8.416309296418168,7.175493792561052,6.9552584
38.2984589185375,7.18272,train,2.6689577343790827,2.7070316547324964,4.919501235194559,8.577869202851476,7.224122023173049,7.7196255
62.0505953499169,11.4884736,train,8.113560691652708,8.1298366033419,5.232421848989475,8.502870693797894,7.045759783739391,6.6325645
35.8249279286511,9.2596608,val,2.101960564193945,2.142304514028897,4.932380164561678,8.577869202851476,7.205008440503066,7.9092035
60.5551805284838,8.587008,test,7.770773002526397,7.788421298772589,5.189143121309158,8.502870693797894,7.067126881141752,6.661085
52.4423246684198,11.1415073684211,train,5.911096963057222,5.936190657019118,5.009879610983532,8.416309296418168,7.175493792561052,6.9552584
69.0435287010191,4.02192,train,9.716521575336774,9.726379873931835,5.477326320368633,8.138684016062697,6.959540928408133,6.3888025
30.2775902642419,11.5973485714286,val,0.8303675376089403,0.8758024364126911,4.991963442380765,8.672512359878672,7.114767478535199,8.351728
86.7018239261228,9.29027368421053,val,13.764258783346188,13.7579115640324,6.409776946078324,8.260207102950234,6.8023310650896125,5.552474
99.5023150477446,3.52636416,train,16.698461860896018,16.680367268154097,7.368990563557972,8.888762472265348,6.884076348513689,6.9014497
50.664098947737,10.9012114285714,val,5.50348171356165,5.530207335656763,4.983064149621754,8.416309296418168,7.193208510513679,7.018324
48.8211473415386,8.66172342857143,test,5.0810296198643545,5.109446570871952,4.959984490008921,8.416309296418168,7.211566968814589,7.0836153
44.9089238221147,10.76976,train,4.184246974441761,4.216254283833293,4.926836231286742,8.577869202851476,7.239076704382411,7.2119718
104.006938095831,8.36643972413793,train,17.731037774219445,17.708809161259385,7.763398177954286,12.219238428893163,6.905767433657127,7.8638906
113.288369265916,8.85632,test,19.858581447706236,19.827835002354703,8.66940759766436,12.966571193765166,6.9285240784823285,10.771486
63.5108091408147,10.681789773913,test,8.448279395679291,8.463215227794693,5.277768176835679,8.502870693797894,7.025199479339319,6.5967183
50.664098947737,11.1695261538462,train,5.50348171356165,5.530207335656763,4.983064149621754,8.416309296418168,7.193208510513679,7.018324
48.8211473415386,8.72482909090909,val,5.0810296198643545,5.109446570871952,4.959984490008921,8.416309296418168,7.211566968814589,7.0836153
44.9089238221147,6.179328,train,4.184246974441761,4.216254283833293,4.926836231286742,8.577869202851476,7.239076704382411,7.2119718
74.1646467884524,9.78152727272727,train,10.89041406976312,10.895572573172897,5.701295658196301,8.138684016062697,6.909236431810277,6.11551
179.635695288459,44.872704,test,35.06710167969264,34.975466413174836,18.757577387705354,18.899275463713906,35.36094793398068,31.392124
67.7027500257308,11.88224,train,9.409180483657966,9.420269252836807,5.4249292641951,8.138684016062697,6.974592170669738,6.4497514
40.6216500154385,11.9341136842105,train,3.201493119271378,3.237434981323208,4.915136705996687,8.577869202851476,7.234381634973814,7.5377455
27.0811000102923,10.6714368,test,0.09764943707807294,0.14601784556639608,5.045459276796265,7.756973654552722,7.042311537742205,8.689135
38.2984589185375,10.0184502857143,train,2.6689577343790827,2.7070316547324964,4.919501235194559,8.577869202851476,7.224122023173049,7.7196255
59.0218891123912,10.8885345882353,train,7.4193030199192265,7.438358461146644,5.148084170893156,8.502870693797894,7.089035228652735,6.713283
60.5551805284838,11.9375006896552,train,7.770773002526397,7.788421298772589,5.189143121309158,8.502870693797894,7.067126881141752,6.661085
71.6498558573022,10.7875052307692,train,10.313959055696406,10.321425454004999,5.586586292848608,8.138684016062697,6.930339256859132,6.2505503
70.3587617140205,11.6346991304348,train,10.018006941622852,10.026658213612299,5.531238966064933,8.138684016062697,6.944783180923738,6.321857
54.1622000205846,11.674368,test,6.305336801464662,6.328852117079996,5.040072263945447,8.416309296418168,7.158361405515588,6.901731
60.5551805284838,9.70280554455446,train,7.770773002526397,7.788421298772589,5.189143121309158,8.502870693797894,7.067126881141752,6.661085
57.4476883778063,11.1242541176471,test,7.058455565222895,7.0789556950723584,5.10941716955513,8.416309296418168,7.111528448151205,6.7808275
59.0218891123912,11.04192,val,7.4193030199192265,7.438358461146644,5.148084170893156,8.502870693797894,7.089035228652735,6.713283
48.8211473415386,10.7419885714286,test,5.0810296198643545,5.109446570871952,4.959984490008921,8.416309296418168,7.211566968814589,7.0836153
40.6216500154385,11.2234929230769,train,3.201493119271378,3.237434981323208,4.915136705996687,8.577869202851476,7.234381634973814,7.5377455
104.88464933684,7.76719698113207,train,17.932231853423055,17.909197739985533,7.843694736210836,11.843995373490367,8.691518194520214,8.092258
124.837702748642,14.3509932972973,val,22.505986889160134,22.464641293199577,9.97208292348948,16.789710745897803,16.347585471904747,14.8150835
69.0435287010191,9.72244528301887,test,9.716521575336774,9.726379873931835,5.477326320368633,8.138684016062697,6.959540928408133,6.3888025
71.6498558573022,9.33729882352941,val,10.313959055696406,10.321425454004999,5.586586292848608,8.138684016062697,6.930339256859132,6.2505503
54.1622000205846,9.794304,train,6.305336801464662,6.328852117079996,5.040072263945447,8.416309296418168,7.158361405515588,6.901731
69.0435287010191,13.1615113846154,train,9.716521575336774,9.726379873931835,5.477326320368633,8.138684016062697,6.959540928408133,6.3888025
55.8291179001753,11.041258212766,train,6.687437419780483,6.709422957622485,5.0733382066098045,8.416309296418168,7.1346560907034435,6.8436265
59.0218891123912,11.7562752,train,7.4193030199192265,7.438358461146644,5.148084170893156,8.502870693797894,7.089035228652735,6.713283
313.778691939527,52.94016,val,65.81614012404347,65.60139802830665,56.089476184959025,44.68385549315809,73.23331578098906,71.64669
62.0505953499169,13.2488228571429,train,8.113560691652708,8.1298366033419,5.232421848989475,8.502870693797894,7.045759783739391,6.6325645
52.4423246684198,13.5984505263158,train,5.911096963057222,5.936190657019118,5.009879610983532,8.416309296418168,7.175493792561052,6.9552584
54.1622000205846,13.84992,train,6.305336801464662,6.328852117079996,5.040072263945447,8.416309296418168,7.158361405515588,6.901731
60.5551805284838,14.3172654545455,val,7.770773002526397,7.788421298772589,5.189143121309158,8.502870693797894,7.067126881141752,6.661085
33.1674383492482,14.59296,train,1.4927953354263286,1.5355781387532268,4.955640120631088,8.577869202851476,7.171315409484628,8.112404
52.4423246684198,14.61888,train,5.911096963057222,5.936190657019118,5.009879610983532,8.416309296418168,7.175493792561052,6.9552584
42.8189787876665,12.7198989473684,val,3.7051776095461015,3.739102920718242,4.917924973705325,8.577869202851476,7.237721038030533,7.3627877
30.2775902642419,12.74112,train,0.8303675376089403,0.8758024364126911,4.991963442380765,8.672512359878672,7.114767478535199,8.351728
46.9058411426803,11.757312,train,4.641991985312389,4.672166667092457,4.9410689381501385,8.416309296418168,7.228260172477704,7.1455817
38.2984589185375,13.9597714285714,train,2.6689577343790827,2.7070316547324964,4.919501235194559,8.577869202851476,7.224122023173049,7.7196255
59.0218891123912,13.7162541176471,train,7.4193030199192265,7.438358461146644,5.148084170893156,8.502870693797894,7.089035228652735,6.713283
35.8249279286511,12.5846174117647,train,2.101960564193945,2.142304514028897,4.932380164561678,8.577869202851476,7.205008440503066,7.9092035
81.2433000308769,14.41152,train,12.51302416585125,12.511686388593597,6.073288479914737,8.260207102950234,6.424444045785871,5.726878
30.2775902642419,13.6136347826087,test,0.8303675376089403,0.8758024364126911,4.991963442380765,8.672512359878672,7.114767478535199,8.351728
33.1674383492482,14.37264,test,1.4927953354263286,1.5355781387532268,4.955640120631088,8.577869202851476,7.171315409484628,8.112404
33.1674383492482,14.898816,train,1.4927953354263286,1.5355781387532268,4.955640120631088,8.577869202851476,7.171315409484628,8.112404
52.4423246684198,13.72416,test,5.911096963057222,5.936190657019118,5.009879610983532,8.416309296418168,7.175493792561052,6.9552584
257.982126284742,13.7140363636364,train,53.026126592106536,52.86259058577101,38.21185102693083,40.611023988760884,55.162534877405,52.673306
50.664098947737,14.6613394285714,train,5.50348171356165,5.530207335656763,4.983064149621754,8.416309296418168,7.193208510513679,7.018324
38.2984589185375,15.2810292705882,train,2.6689577343790827,2.7070316547324964,4.919501235194559,8.577869202851476,7.224122023173049,7.7196255
48.8211473415386,13.94208,train,5.0810296198643545,5.109446570871952,4.959984490008921,8.416309296418168,7.211566968814589,7.0836153
257.982126284742,26.54208,test,53.026126592106536,52.86259058577101,38.21185102693083,40.611023988760884,55.06262298724434,52.673306
89.8178476442293,6.61284,train,14.478531876192017,14.46932499361377,6.621290947788836,8.260207102950234,7.072425457126865,5.704317
57.4476883778063,14.1861286956522,train,7.058455565222895,7.0789556950723584,5.10941716955513,8.416309296418168,7.111528448151205,6.7808275
38.2984589185375,12.8266626976744,train,2.6689577343790827,2.7070316547324964,4.919501235194559,8.577869202851476,7.224122023173049,7.7196255
48.8211473415386,12.1796715789474,val,5.0810296198643545,5.109446570871952,4.959984490008921,8.416309296418168,7.211566968814589,7.0836153
113.288369265916,23.22432,test,19.858581447706236,19.827835002354703,8.66940759766436,12.966571193765166,6.9285240784823285,10.771486
46.9058411426803,10.585728,train,4.641991985312389,4.672166667092457,4.9410689381501385,8.416309296418168,7.228260172477704,7.1455817
50.664098947737,11.3689107692308,train,5.50348171356165,5.530207335656763,4.983064149621754,8.416309296418168,7.193208510513679,7.018324
44.9089238221147,15.6439741935484,train,4.184246974441761,4.216254283833293,4.926836231286742,8.577869202851476,7.239076704382411,7.2119718
154.386023581936,49.641984,train,29.27922497055151,29.210762043255386,14.182121275962103,24.90676363786243,29.250344321114433,24.413977
42.8189787876665,15.13728,train,3.7051776095461015,3.739102920718242,4.917924973705325,8.577869202851476,7.237721038030533,7.3627877
30.2775902642419,15.9408,train,0.8303675376089403,0.8758024364126911,4.991963442380765,8.672512359878672,7.114767478535199,8.351728
23.4529205713402,16.754688,train,-0.7340229709980521,-0.6823248794273624,5.123031848621139,7.940271385465172,6.958236507176085,9.128229
38.2984589185375,15.7355136,train,2.6689577343790827,2.7070316547324964,4.919501235194559,8.577869202851476,7.224122023173049,7.7196255
54.1622000205846,18.144,train,6.305336801464662,6.328852117079996,5.040072263945447,8.416309296418168,7.158361405515588,6.901731
27.0811000102923,17.86752,test,0.09764943707807294,0.14601784556639608,5.045459276796265,7.756973654552722,7.042311537742205,8.689135
38.2984589185375,15.3002057142857,train,2.6689577343790827,2.7070316547324964,4.919501235194559,8.577869202851476,7.224122023173049,7.7196255
50.664098947737,16.222464,test,5.50348171356165,5.530207335656763,4.983064149621754,8.416309296418168,7.193208510513679,7.018324
42.8189787876665,16.6192941176471,train,3.7051776095461015,3.739102920718242,4.917924973705325,8.577869202851476,7.237721038030533,7.3627877
267.747043544403,19.80288,train,55.26449776107827,55.09200021346639,41.13177557738388,41.769127183750406,57.60595640063421,55.73455
166.939112119249,47.07072,train,32.15671698776971,32.07673373540769,16.346313170976458,23.291781406690212,32.260857045788974,27.961468
30.2775902642419,15.44832,train,0.8303675376089403,0.8758024364126911,4.991963442380765,8.672512359878672,7.114767478535199,8.351728
44.9089238221147,16.889472,train,4.184246974441761,4.216254283833293,4.926836231286742,8.577869202851476,7.239076704382411,7.2119718
38.2984589185375,13.5329684210526,test,2.6689577343790827,2.7070316547324964,4.919501235194559,8.577869202851476,7.224122023173049,7.7196255
92.8293339347406,11.6776421052632,train,15.168842291445666,15.156871682562528,6.839146142930943,9.256382148737387,7.256514444579922,5.967343
60.5551805284838,11.57976,train,7.770773002526397,7.788421298772589,5.189143121309158,8.502870693797894,7.067126881141752,6.661085
52.4423246684198,10.741248,train,5.911096963057222,5.936190657019118,5.009879610983532,8.416309296418168,7.175493792561052,6.9552584
66.3348766984964,14.815872,test,9.095628598161174,9.107972703453662,5.374136719118937,8.453185378244498,6.9899479190566165,6.504825
46.9058411426803,15.552,train,4.641991985312389,4.672166667092457,4.9410689381501385,8.416309296418168,7.228260172477704,7.1455817
33.1674383492482,13.9144016842105,train,1.4927953354263286,1.5355781387532268,4.955640120631088,8.577869202851476,7.171315409484628,8.112404
44.9089238221147,15.833088,train,4.184246974441761,4.216254283833293,4.926836231286742,8.577869202851476,7.239076704382411,7.2119718
52.4423246684198,17.0746148571429,val,5.911096963057222,5.936190657019118,5.009879610983532,8.416309296418168,7.175493792561052,6.9552584
62.0505953499169,16.6480457142857,test,8.113560691652708,8.1298366033419,5.232421848989475,8.502870693797894,7.045759783739391,6.6325645
66.3348766984964,19.19808,train,9.095628598161174,9.107972703453662,5.374136719118937,8.453185378244498,6.9899479190566165,6.504825
27.0811000102923,16.454016,test,0.09764943707807294,0.14601784556639608,5.045459276796265,7.756973654552722,7.042311537742205,8.689135
75.3905917717706,6.723648,train,11.171432314202422,11.175465733161568,5.760527801720656,8.138684016062697,6.902871872630013,6.05196
42.8189787876665,10.865664,train,3.7051776095461015,3.739102920718242,4.917924973705325,8.577869202851476,7.237721038030533,7.3627877
60.5551805284838,11.0789485714286,train,7.770773002526397,7.788421298772589,5.189143121309158,8.502870693797894,7.067126881141752,6.661085
33.1674383492482,15.250752,val,1.4927953354263286,1.5355781387532268,4.955640120631088,8.577869202851476,7.171315409484628,8.112404
46.9058411426803,9.90144,val,4.641991985312389,4.672166667092457,4.9410689381501385,8.416309296418168,7.228260172477704,7.1455817
30.2775902642419,13.198464,train,0.8303675376089403,0.8758024364126911,4.991963442380765,8.672512359878672,7.114767478535199,8.351728
44.9089238221147,10.4777788235294,train,4.184246974441761,4.216254283833293,4.926836231286742,8.577869202851476,7.239076704382411,7.2119718
35.8249279286511,11.68128,train,2.101960564193945,2.142304514028897,4.932380164561678,8.577869202851476,7.205008440503066,7.9092035
46.9058411426803,14.053824,train,4.641991985312389,4.672166667092457,4.9410689381501385,8.416309296418168,7.228260172477704,7.1455817
166.939112119249,20.04912,test,32.15671698776971,32.07673373540769,16.346313170976458,23.291781406690212,32.160396282278725,27.961468
71.6498558573022,12.4095534545455,train,10.313959055696406,10.321425454004999,5.586586292848608,8.138684016062697,6.930339256859132,6.2505503
46.9058411426803,11.6372360930233,train,4.641991985312389,4.672166667092457,4.9410689381501385,8.416309296418168,7.228260172477704,7.1455817
69.0435287010191,10.27512,train,9.716521575336774,9.726379873931835,5.477326320368633,8.138684016062697,6.959540928408133,6.3888025
35.8249279286511,11.0459076923077,train,2.101960564193945,2.142304514028897,4.932380164561678,8.577869202851476,7.205008440503066,7.9092035
71.6498558573022,13.6767443478261,train,10.313959055696406,10.321425454004999,5.586586292848608,8.138684016062697,6.930339256859132,6.2505503
33.1674383492482,11.7433469387755,train,1.4927953354263286,1.5355781387532268,4.955640120631088,8.577869202851476,7.171315409484628,8.112404
42.8189787876665,13.913856,train,3.7051776095461015,3.739102920718242,4.917924973705325,8.577869202851476,7.237721038030533,7.3627877
46.9058411426803,12.0448246153846,test,4.641991985312389,4.672166667092457,4.9410689381501385,8.416309296418168,7.228260172477704,7.1455817
27.0811000102923,12.1237809230769,test,0.09764943707807294,0.14601784556639608,5.045459276796265,7.756973654552722,7.042311537742205,8.689135
38.2984589185375,11.9917701818182,train,2.6689577343790827,2.7070316547324964,4.919501235194559,8.577869202851476,7.224122023173049,7.7196255
52.4423246684198,12.9674057142857,train,5.911096963057222,5.936190657019118,5.009879610983532,8.416309296418168,7.175493792561052,6.9552584
40.6216500154385,11.6988258461538,test,3.201493119271378,3.237434981323208,4.915136705996687,8.577869202851476,7.234381634973814,7.5377455
30.2775902642419,11.41344,train,0.8303675376089403,0.8758024364126911,4.991963442380765,8.672512359878672,7.114767478535199,8.351728
59.0218891123912,13.3148683636364,train,7.4193030199192265,7.438358461146644,5.148084170893156,8.502870693797894,7.089035228652735,6.713283
33.1674383492482,12.1591613793103,test,1.4927953354263286,1.5355781387532268,4.955640120631088,8.577869202851476,7.171315409484628,8.112404
40.6216500154385,13.1255242105263,train,3.201493119271378,3.237434981323208,4.915136705996687,8.577869202851476,7.234381634973814,7.5377455
48.8211473415386,12.1135941818182,test,5.0810296198643545,5.109446570871952,4.959984490008921,8.416309296418168,7.211566968814589,7.0836153
38.2984589185375,12.4203927272727,val,2.6689577343790827,2.7070316547324964,4.919501235194559,8.577869202851476,7.224122023173049,7.7196255
46.9058411426803,12.7412352,train,4.641991985312389,4.672166667092457,4.9410689381501385,8.416309296418168,7.228260172477704,7.1455817
38.2984589185375,13.706496,train,2.6689577343790827,2.7070316547324964,4.919501235194559,8.577869202851476,7.224122023173049,7.7196255
33.1674383492482,11.4048,test,1.4927953354263286,1.5355781387532268,4.955640120631088,8.577869202851476,7.171315409484628,8.112404
54.1622000205846,10.1928165517241,train,6.305336801464662,6.328852117079996,5.040072263945447,8.416309296418168,7.158361405515588,6.901731
33.1674383492482,11.446272,train,1.4927953354263286,1.5355781387532268,4.955640120631088,8.577869202851476,7.171315409484628,8.112404
54.1622000205846,11.61216,val,6.305336801464662,6.328852117079996,5.040072263945447,8.416309296418168,7.158361405515588,6.901731
75.3905917717706,11.706148173913,test,11.171432314202422,11.175465733161568,5.760527801720656,8.138684016062697,6.902871872630013,6.05196
50.664098947737,15.0065530434783,test,5.50348171356165,5.530207335656763,4.983064149621754,8.416309296418168,7.193208510513679,7.018324
44.9089238221147,12.41352,train,4.184246974441761,4.216254283833293,4.926836231286742,8.577869202851476,7.239076704382411,7.2119718
59.0218891123912,12.7094801860465,test,7.4193030199192265,7.438358461146644,5.148084170893156,8.502870693797894,7.089035228652735,6.713283
55.8291179001753,12.3268114285714,train,6.687437419780483,6.709422957622485,5.0733382066098045,8.416309296418168,7.1346560907034435,6.8436265
38.2984589185375,14.3460378947368,train,2.6689577343790827,2.7070316547324964,4.919501235194559,8.577869202851476,7.224122023173049,7.7196255
112.476255789782,12.4683054545455,train,19.6724240699657,19.642422924163974,8.585116457371,12.966571193765166,10.342341825409898,10.50323
64.9381965576721,14.2795636363636,train,8.775473447189109,8.789099325424372,5.325046791791166,8.502870693797894,7.005932161309846,6.553981
40.6216500154385,13.4113129411765,train,3.201493119271378,3.237434981323208,4.915136705996687,8.577869202851476,7.234381634973814,7.5377455
33.1674383492482,13.0365818181818,val,1.4927953354263286,1.5355781387532268,4.955640120631088,8.577869202851476,7.171315409484628,8.112404
46.9058411426803,12.5397343255814,test,4.641991985312389,4.672166667092457,4.9410689381501385,8.416309296418168,7.228260172477704,7.1455817
48.8211473415386,12.96864,train,5.0810296198643545,5.109446570871952,4.959984490008921,8.416309296418168,7.211566968814589,7.0836153
38.2984589185375,20.98944,val,2.6689577343790827,2.7070316547324964,4.919501235194559,8.577869202851476,7.224122023173049,7.7196255
27.0811000102923,12.8890610526316,test,0.09764943707807294,0.14601784556639608,5.045459276796265,7.756973654552722,7.042311537742205,8.689135
46.9058411426803,12.2820923076923,val,4.641991985312389,4.672166667092457,4.9410689381501385,8.416309296418168,7.228260172477704,7.1455817
195.284589366155,6.70126829268293,val,38.65423226138311,38.54823556132956,22.02960506473046,19.13205076594197,39.751641659428145,35.437004
57.4476883778063,7.52837358139535,test,7.058455565222895,7.0789556950723584,5.10941716955513,8.416309296418168,7.111528448151205,6.7808275
46.9058411426803,7.8336,val,4.641991985312389,4.672166667092457,4.9410689381501385,8.416309296418168,7.228260172477704,7.1455817
46.9058411426803,6.59108571428571,train,4.641991985312389,4.672166667092457,4.9410689381501385,8.416309296418168,7.228260172477704,7.1455817
23.4529205713402,4.13879351351351,train,-0.7340229709980521,-0.6823248794273624,5.123031848621139,7.940271385465172,6.958236507176085,9.128229
64.9381965576721,5.67648,train,8.775473447189109,8.789099325424372,5.325046791791166,8.502870693797894,7.005932161309846,6.553981
46.9058411426803,10.2070231578947,train,4.641991985312389,4.672166667092457,4.9410689381501385,8.416309296418168,7.228260172477704,7.1455817
46.9058411426803,4.58709942857143,train,4.641991985312389,4.672166667092457,4.9410689381501385,8.416309296418168,7.228260172477704,7.1455817
38.2984589185375,6.37466112,train,2.6689577343790827,2.7070316547324964,4.919501235194559,8.577869202851476,7.224122023173049,7.7196255
52.4423246684198,4.698,train,5.911096963057222,5.936190657019118,5.009879610983532,8.416309296418168,7.175493792561052,6.9552584
55.8291179001753,4.002048,train,6.687437419780483,6.709422957622485,5.0733382066098045,8.416309296418168,7.1346560907034435,6.8436265
46.9058411426803,7.4594304,val,4.641991985312389,4.672166667092457,4.9410689381501385,8.416309296418168,7.228260172477704,7.1455817
48.8211473415386,7.46853517241379,val,5.0810296198643545,5.109446570871952,4.959984490008921,8.416309296418168,7.211566968814589,7.0836153
48.8211473415386,6.87168,val,5.0810296198643545,5.109446570871952,4.959984490008921,8.416309296418168,7.211566968814589,7.0836153
33.1674383492482,7.4592,train,1.4927953354263286,1.5355781387532268,4.955640120631088,8.577869202851476,7.171315409484628,8.112404
55.8291179001753,6.15699692307693,train,6.687437419780483,6.709422957622485,5.0733382066098045,8.416309296418168,7.1346560907034435,6.8436265
40.6216500154385,6.88176,test,3.201493119271378,3.237434981323208,4.915136705996687,8.577869202851476,7.234382058487201,7.5377455
