ESD(um),Area,Eccentricity,EquivDiameter,FilledArea,intensity,MajorAxisLength,MeanIntensity,MinorAxisLength,Orientation,Perimeter,Solidity,AspectRatio,Circularity,SettlingVelocity(mpd)
46.9058411426803,12,0.7374382114214,3.90882009522336,12,0.182352941176471,4.99510201554308,50.25,3.37376483881891,-31.0879518078734,10.106,0.923076923076923,1.48057207724406,0.859245326725582,2.91705081081081
64.9381965576721,23,0.549489915741102,5.41151637980601,23,0.0980392156862745,6.24018071609759,26.0869565217391,5.21367316358215,-41.6020279919905,16.747,0.884615384615385,1.19688759159006,0.730683994426115,5.5648512
59.0218891123912,19,0.48846235804836,4.91849075936594,19,0.113725490196078,5.44939775580992,29,4.75506256134621,-21.7396151694281,13.29,0.904761904761905,1.14602020173361,0.88430920333738,1.5444864
33.1674383492482,6,0.74535599249993,2.76395319577068,6,0.117647058823529,3.46410161513775,32.3333333333333,2.3094010767585,90,5.516,1,1.5,1,-0.398041043478261
141.367492352956,109,0.585868180110471,11.7806243627463,109,0.172549019607843,13.173863907861,47.1376146788991,10.6761831552716,54.9290285114111,35.107,0.964601769911504,1.23394884822261,0.936279343375799,10.7629159550562
54.1622000205846,16,0.438219142290111,4.51351666838205,16,0.154901960784314,5.077120675643,39.6875,4.56366216011057,71.3480258610083,13.563,0.888888888888889,1.11251019412006,0.720539953645755,-0.722304
104.88464933684,60,0.446258184470024,8.74038744473663,60,0.170588235294118,9.33733438703032,47.95,8.35602031075021,63.3528171774504,24.612,0.983606557377049,1.11743797164035,0.978864762478408,2.732544
152.594248889389,127,0.747851557167621,12.716187407449,127,0.152941176470588,15.7424045681285,43.4409448818898,10.4508469433681,-10.6038712951392,39.308,0.962121212121212,1.50632811421263,0.885658980634157,14.3047450746269
52.4423246684198,15,0.475270820628803,4.37019372236832,15,0.133333333333333,4.76095228569523,35.2,4.18887415264134,45,10.751,1,1.1365708570388,0.976640026261239,3.66903402985075
86.7018239261228,41,0.643013564674503,7.22515199384357,41,0.109803921568627,8.59446300531305,30.0243902439024,6.58211063921618,86.1672785193757,22.95,0.854166666666667,1.30573055914729,0.756819897403079,19.6630325581395
256.913872725999,360,0.550635853859523,21.4094893938333,360,0.190196078431373,23.6629993037243,53.2944444444444,19.7525836972629,-87.8708870148185,72.795,0.918367346938776,1.19796982847379,0.784531078968239,70.7416615384615
63.5108091408147,22,0.526810031433486,5.29256742840123,22,0.147058823529412,5.8672176049847,36.3636363636364,4.98703553385957,90,13.588,1,1.17649404443765,0.98778360099765,10.4594823529412
57.4476883778063,18,0.60303648698601,4.78730736481719,18,0.113725490196078,5.53455624931933,29.6666666666667,4.41499081689236,-22.5898050028735,12.62,1,1.253582731847,0.910504655063803,11.03328
151.992296843211,126,0.655608694790409,12.6660247369343,126,0.162745098039216,14.7384597874935,44.4126984126984,11.1290229827573,-17.207311567332,38.87,0.926470588235294,1.32432647594748,0.897102604121971,14.3171247761194
54.1622000205846,16,0.609984238427377,4.51351666838205,16,0.127450980392157,5.22343933241261,33,4.13912408696231,-63.9993662212523,11.33,0.941176470588235,1.2619673202999,0.960057373958077,3.72346434782609
89.8178476442293,44,0.446509417840959,7.48482063701911,44,0.119607843137255,8.08974089446421,30.9318181818182,7.23852972958656,86.653562321083,21.842,0.977777777777778,1.1175944835038,0.885834845636628,19.75104
249.675405497285,340,0.450423240699076,20.8062837914404,340,0.211764705882353,22.1088696442762,58.0970588235294,19.7391339184513,-88.5434156183648,64.896,0.955056179775281,1.12005266976834,0.922977052600563,70.7655876923077
55.8291179001753,17,0.471362556619427,4.65242649168128,17,0.145098039215686,5.09064320221188,36.7647058823529,4.48963948943543,-11.3099324740202,12.157,0.944444444444444,1.13386458182014,0.912758368119037,10.4579576470588
66.3348766984964,24,0.507385924312526,5.52790639154137,24,0.0882352941176471,6.11010092660779,22.2916666666667,5.26518966631044,-36.2538377374448,15.25,0.96,1.16047119170342,0.891625389919128,6.334848
63.5108091408147,22,0.384395775364917,5.29256742840123,22,0.113725490196078,5.63899775492998,28.7727272727273,5.20574451401901,-22.3574743612081,13.935,1,1.08322599000858,0.948047521431427,11.016
173.931514059148,165,0.639488153346601,14.4942928382623,165,0.227450980392157,16.7797048424573,62.1515151515151,12.9002530346059,0.278410025307689,44.659,0.970588235294118,1.3007267995011,0.90745948797218,16.3181776271186
59.0218891123912,19,0.346868678437771,4.91849075936594,19,0.133333333333333,5.36381466651744,32.6842105263158,5.03079529221679,-43.5321632767894,13.679,0.95,1.06619616878784,0.843880356768337,2.77524837209302
78.9542957097545,34,0.597970543342973,6.57952464247954,34,0.186274509803922,7.76429141237554,47,6.22321992955606,53.0712394299156,21.18,0.829268292682927,1.24763249576002,0.722278620815311,9.0459072
46.9058411426803,12,0.571051554197848,3.90882009522336,12,0.107843137254902,4.51422459329779,27.6666666666667,3.70579106701613,55.2780226097917,9.734,1,1.21815410304084,0.90961298884306,5.5728
30.2775902642419,5,0.765092055676006,2.52313252202016,5,0.12156862745098,3.3065591380366,32.2,2.12916258968951,18.434948822922,4.962,1,1.55298573911107,0.95680770565741,7.5852288
181.665541585452,180,0.431077926816592,15.138795132121,180,0.133333333333333,16.0795949845867,37.4166666666667,14.5088549529325,-57.0683330480887,48.025,0.942408376963351,1.10826078534452,0.863991311954031,9.60968930232558
35.8249279286511,7,0.353093931801899,2.98541066072092,7,0.23921568627451,3.23669437485075,59.2857142857143,3.0282120182066,0,6.368,1,1.06884668424492,0.972711556537156,3.20436
46.9058411426803,11,0.709493445106631,3.74241031850956,11,0.092156862745098,4.77597181526795,27.5454545454545,3.36568481391204,-86.0282640947048,10.197,0.916666666666667,1.41901933167553,0.776931141427238,1.64815448275862
30.2775902642419,5,0.765092055676006,2.52313252202016,5,0.156862745098039,3.3065591380366,40,2.12916258968951,-71.565051177078,4.962,1,1.55298573911107,0.95680770565741,4.7609856
46.9058411426803,12,0.846995351187326,3.90882009522336,12,0.0862745098039216,5.57674186247541,21.8333333333333,2.9645976266946,-31.8450810942653,10.495,1,1.88111257064361,0.810922545183902,-1.80313986976744
30.2775902642419,5,0.765092055676006,2.52313252202016,5,0.141176470588235,3.3065591380366,37.2,2.12916258968951,-18.434948822922,4.962,1,1.55298573911107,0.95680770565741,5.54913391304348
40.6216500154385,9,0.759113363612185,3.38513750128654,9,0.0980392156862745,4.43077101395282,24.6666666666667,2.88424782324025,6.04737853850605,8.237,1,1.53619636227207,0.873524867514907,1.03646006557377
44.9089238221147,11,0.47839528325838,3.74241031850956,11,0.0980392156862745,4.16333199893227,27.9090909090909,3.65600754711653,-18.434948822922,8.907,0.916666666666667,1.13876460736955,0.952203789976801,6.31872
129.876393115344,92,0.620550243248505,10.823032759612,92,0.190196078431373,12.337388539899,51.3152173913044,9.67456911804624,-87.6672849518013,32.295,0.948453608247423,1.27523907156606,0.920648348935288,8.02705983471074
67.7027500257308,25,0.542902810384448,5.64189583547756,25,0.12156862745098,6.44878756190553,30.32,5.41566299247647,-83.359184277154,15.92,0.925925925925926,1.19076603748503,0.864632396405436,1.58112
177.582648487966,172,0.857096675016859,14.7985540406638,172,0.241176470588235,20.861502582657,62.4302325581395,10.7469198285155,86.1128356361236,48,0.950276243093923,1.94116108759868,0.826399058054077,14.2521313432836
46.9058411426803,12,0.866025403784439,3.90882009522336,12,0.117647058823529,5.8878405775519,28.5,2.94392028877595,-78.6900675259798,10.66,0.923076923076923,2,0.791649058272084,4.23492923076923
48.8211473415386,13,0.505789614981344,4.06842894512822,13,0.149019607843137,4.47037145070718,43.8461538461538,3.85639661754271,-45,9.461,1,1.15920946262931,1,1.50390568421053
157.908591419509,136,0.385074897032771,13.1590492849591,136,0.113725490196078,14.0615129294602,31.8088235294118,12.9771639342759,48.5037981936479,48.141,0.855345911949686,1.08355824128262,0.649843569412843,37.003392
27.0811000102923,4,0,2.25675833419103,4,0.0980392156862745,2.3094010767585,24.25,2.3094010767585,0,3.556,1,1,1,4.95812571428571
27.0811000102923,4,0.7319250547114,2.25675833419103,4,0.1,3.05505046330389,25.75,2.08166599946613,90,4.59,1,1.46759877141069,0.840875939413586,0.98496
153.19383567415,127,0.344902318138428,12.716187407449,127,0.101960784313725,13.631208440438,26.2834645669291,12.7947781856135,59.96015101439,49.564,0.835526315789474,1.06537278276266,0.574513426434303,125.9712
48.8211473415386,13,0.792615146394554,4.06842894512822,13,0.0980392156862745,5.68430825563215,23.9230769230769,3.46584925456182,8.96395988100361,11.421,0.866666666666667,1.64009102477563,0.77032822930553,-5.54688
214.094893938333,249,0.436118607560924,17.8055229251785,249,0.276470588235294,19.0589032891063,73.8192771084337,17.15090110518,41.4233433573499,62.357,0.889285714285714,1.11124792640487,0.729365596202517,26.83584
27.0811000102923,4,0.870424023370417,2.25675833419103,4,0.0862745098039216,3.43590880093359,21.75,1.69150742780922,58.282525588539,4.408,1,2.03127030035195,0.881907054258295,4.1256
30.2775902642419,5,0.765092055676006,2.52313252202016,5,0.168627450980392,3.3065591380366,42.4,2.12916258968951,18.434948822922,4.962,1,1.55298573911107,0.95680770565741,3.78432
123.360281446966,83,0.447756600171919,10.2800234539138,83,0.12156862745098,11.0336797253366,34.1927710843374,9.86582521928488,-47.8780816373216,32.13,0.922222222222222,1.11837372749812,0.838374028146089,9.21567085714286
33.1674383492482,5,0.923686818283977,2.52313252202016,5,0.0862745098039216,4.49262203211671,23.2,1.72134074000651,-69.0063937520917,6.368,1,2.60995509355093,0.694793968955111,4.70403138461538
85.637957575333,40,0.431397674244946,7.13649646461108,40,0.158823529411765,7.630623597155,40.9,6.88405768316972,65.5730664910757,19.584,0.975609756097561,1.10844852677666,0.973283631620289,7.15833191489362
40.6216500154385,9,0.867926073205492,3.38513750128654,9,0.156862745098039,5.12076383191241,36.8888888888889,2.5434495871688,71.565051177078,9.18,1,2.01331445991525,0.744935513912543,2.38464
67.7027500257308,25,0.854201153120303,5.64189583547756,25,0.188235294117647,9.463572164807,62.88,4.92051506939637,86.3539705177087,25.671,0.625,1.92328893039402,0.378429683107218,6.60589714285714
46.9058411426803,10,0.802871409275076,3.56824823230554,10,0.0901960784313725,6.04607988122964,24.7,3.60438409946233,70.670095872955,13.009,0.769230769230769,1.67742385783234,0.481762438958536,1.25156571428571
185.164236451396,187,0.722275489892887,15.4303530376163,187,0.145098039215686,18.6945451120518,39.0588235294118,12.9292495311541,22.873051534528,48.488,0.944444444444444,1.44591107681894,0.881564460011191,7.67232
198.543436821771,215,0.913152953770832,16.5452864018143,215,0.294117647058824,26.8557196912996,73.5813953488372,10.9468500126092,80.6911023099258,62.548,0.86,2.45328287684271,0.626116554077655,21.6879709090909
57.4476883778063,11,0.783564970694274,3.74241031850956,11,0.096078431372549,5.3513438662858,19,3.32484268497951,23.1094376175657,11.438,0.846153846153846,1.60950287677108,0.650297027431375,2.43146322580645
35.8249279286511,5,0.576018432884783,2.52313252202016,5,0.0980392156862745,3.40196021924615,34.4,2.78088714861523,0,6.368,1,1.22333630868127,0.694793968955111,3.08529462857143
110.003948261701,66,0.54860318272417,9.16699568847508,66,0.235294117647059,10.2599148756457,62.7575757575758,8.57813896718165,-76.0876254310398,27.887,0.956521739130435,1.19605370289502,0.861449143629419,13.01184
27.0811000102923,4,0,2.25675833419103,4,0.101960784313725,2.3094010767585,25.5,2.3094010767585,0,3.556,1,1,1,7.37609142857143
146.463442024616,117,0.553444776882894,12.2052868353847,117,0.235294117647059,13.4256056512177,63.4615384615385,11.1819972954422,70.7862204827335,35.661,0.983193277310924,1.20064468775091,0.976504472088481,13.8294308571429
90.8327707927258,43,0.872809201143272,7.39927702033192,43,0.207843137254902,11.7442914193686,63.2325581395349,5.73193733621215,78.5165670650338,26.878,0.86,2.04892180959006,0.599609810450745,8.49166725663717
76.5969178370751,32,0.866025403784439,6.38307648642292,32,0.0862745098039216,9.23760430703401,22,4.61880215351701,90,19.236,1,2,0.803032485488691,4.18707692307692
38.2984589185375,4,0.968245836551854,2.25675833419103,4,0.0803921568627451,4.61880215351701,30.25,1.15470053837925,0,5.88,1,4.00000000000001,0.617594511485095,2.72256
46.9058411426803,12,0.571051554197848,3.90882009522336,12,0.103921568627451,4.51422459329779,27.1666666666667,3.70579106701613,-55.2780226097917,9.734,1,1.21815410304084,0.90961298884306,8.41967404137931
30.2775902642419,5,0.765092055676006,2.52313252202016,5,0.0901960784313725,3.3065591380366,23,2.12916258968951,18.434948822922,4.962,1,1.55298573911107,0.95680770565741,8.36352
59.0218891123912,19,0.619000533211531,4.91849075936594,19,0.0980392156862745,5.66365710799869,26.5789473684211,4.44818285707316,12.8205029121526,12.711,1,1.27325186261009,0.950085881898495,7.05217301694915
54.1622000205846,16,0.270033921939704,4.51351666838205,16,0.111764705882353,5.0091829080552,27.0625,4.82309581703643,-86.0733433490109,12.736,0.888888888888889,1.03858249930708,0.797554803786984,7.09097142857143
114.895376755613,72,0.664323995617917,9.57461472963438,72,0.22156862745098,11.5278944596503,55.5972222222222,8.61646399611236,-23.9248143641489,34.09,0.818181818181818,1.33789156025622,0.652708294465066,10.7559560930233
115.690509957628,73,0.836102303550241,9.64087582980233,73,0.137254901960784,13.2371342402186,38.7123287671233,7.26154170072921,75.5344904431348,30.699,0.948051948051948,1.82290962246892,0.80104479642002,3.69588705882353
63.5108091408147,22,0.526810031433486,5.29256742840123,22,0.133333333333333,5.8672176049847,32.2727272727273,4.98703553385957,90,13.588,1,1.17649404443765,0.98778360099765,4.99119157894737
57.4476883778063,18,0.419579443250393,4.78730736481719,18,0.0980392156862745,5.2033214181089,20.7222222222222,4.72315173049013,87.0265684730132,12.645,0.9,1.10166298163132,0.907623147548868,2.69543314285714
48.8211473415386,13,0.632147034816534,4.06842894512822,13,0.0980392156862745,4.87760630182316,24.7692307692308,3.77940570126447,22.9034647275512,10.751,0.928571428571429,1.2905749441483,0.846421356093074,9.789696
89.8178476442293,44,0.347912068665977,7.48482063701911,44,0.0980392156862745,7.86359139644108,26.5454545454545,7.37233057950532,-61.0026916040418,20.907,0.956521739130435,1.06663575536092,0.956055728951872,6.68574
33.1674383492482,6,0.632455532033676,2.76395319577068,6,0.156862745098039,3.33333333333333,38.8333333333333,2.58198889747161,45,5.905,1,1.2909944487358,0.92127872757792,5.98951384615385
27.0811000102923,4,0,2.25675833419103,4,0.12156862745098,2.3094010767585,31,2.3094010767585,0,3.556,1,1,1,3.7761347368421
143.938020939328,113,0.364334819999755,11.9948350782774,113,0.231372549019608,13.170058577655,60.2300884955752,12.2648544729086,-41.5585510557288,47.984,0.768707482993197,1.07380471629287,0.543264837687376,20.6030191304348
66.3348766984964,24,0.8137237985785,5.52790639154137,24,0.156862745098039,7.62879607589907,36,4.4342509563012,-85.6049387964973,16.772,0.96,1.72042497167607,0.760539662358781,6.04950260869565
271.824644320692,403,0.499067970323599,22.652053693391,403,0.16078431372549,24.483194125677,43.7320099255583,21.2162263090876,-73.6047979454619,73.721,0.939393939393939,1.15398439708338,0.857205306812236,27.4416564705882
103.121756567797,58,0.572148397094868,8.59347971398312,58,0.113725490196078,9.735650657324,29.4655172413793,7.98469500957096,82.0827977658866,26.208,0.920634920634921,1.21928898294227,0.846123391654015,-1.30933028571429
33.1674383492482,6,0.74535599249993,2.76395319577068,6,0.0901960784313725,3.46410161513775,25,2.3094010767585,90,5.516,1,1.5,1,-2.09376
119.586899644005,78,0.488945116579827,9.96557497033376,78,0.152941176470588,10.787926813392,40.5769230769231,9.41046551642869,73.6611847533983,29.326,0.939759036144578,1.14637546830798,0.929831574611627,0.918819310344828
94.7838500360231,49,0.199160898932879,7.89865416966859,49,0.113725490196078,8.23763623389342,30.0408163265306,8.07261005009725,-78.1771886824488,23.876,0.924528301886792,1.02044272952268,0.843553525918232,3.64310068965517
48.8211473415386,13,0.647467353462031,4.06842894512822,13,0.145098039215686,4.84635734208482,35.2307692307692,3.69337591385248,-78.6900675259798,10.495,0.928571428571429,1.31217548798863,0.878499423949227,-2.10667034482759
329.455800843729,592,0.736884881887157,27.4546500703108,592,0.298039215686275,34.864579339683,74.8057432432432,23.5690918222826,-26.8381119836573,102.634,0.882265275707899,1.47925001109807,0.664906588072466,20.3499574468085
109.167404195214,65,0.616347491674981,9.09728368293446,65,0.113725490196078,10.6228243161898,31.2769230769231,8.36520111776522,74.6830523114,28.582,0.928571428571429,1.2698827161047,0.811630747451361,3.1374
46.9058411426803,11,0.822540924970707,3.74241031850956,11,0.113725490196078,5.54894263720132,32.8181818181818,3.15571654364188,-30.578669932294,11.438,0.916666666666667,1.75837802935162,0.650297027431375,-1.911168
120.351040963123,79,0.250845543970831,10.0292534135935,79,0.149019607843137,10.297467605068,39.5822784810127,9.96822795165461,44.3835379715195,29.69,0.94047619047619,1.03302890493779,0.920986053593651,1.2672
82.3639502109324,37,0.505718010495557,6.8636625175777,37,0.109803921568627,7.55575791009757,28.7837837837838,6.51834360767246,39.4619632759265,19.402,0.925,1.15915305557136,0.914882522671333,4.89147428571428
27.0811000102923,4,0,2.25675833419103,4,0.119607843137255,2.3094010767585,30.25,2.3094010767585,0,3.556,1,1,1,-0.786537931034483
55.8291179001753,16,0.779602800840181,4.51351666838205,16,0.0980392156862745,6.29127063015762,26,3.94006097983049,-72.2052040983497,13.679,0.941176470588235,1.59674448247455,0.710636089910178,0.859934117647059
126.297842485302,87,0.604201174098031,10.5248202071085,87,0.117647058823529,12.154146324387,33.3103448275862,9.68481047408212,-82.0698749628523,35.868,0.887755102040816,1.2549699714737,0.71843302193913,6.559488
50.664098947737,14,0.768529136794314,4.22200824564475,14,0.133333333333333,5.44926675726006,33.2857142857143,3.4865214676343,-59.4754976037334,10.958,1,1.56295230298913,0.884962296491316,-0.926640000000001
35.8249279286511,7,0.856222400720973,2.98541066072092,7,0.0862745098039216,4.31282648363321,22.8571428571429,2.22803805452514,8.34962211699681,6.922,1,1.93570593413962,0.868563960642361,6.1236
94.7838500360231,49,0.547526416276196,7.89865416966859,49,0.145098039215686,8.76926831099222,37.3061224489796,7.33802198395753,21.281675876595,22.933,0.924528301886792,1.1950452492734,0.905671870629523,3.22272
38.2984589185375,8,0.580947501931112,3.19153824321146,8,0.105882352941176,3.65148371670111,28.5,2.97209241668783,-45,6.831,1,1.22859023366791,1,1.56168
40.6216500154385,9,0.691146709274766,3.38513750128654,9,0.133333333333333,4.46292135199477,41.2222222222222,3.22541790474199,42.6181791546369,10.032,0.818181818181818,1.38367228179437,0.651694285547607,1.81167157894737
140.717523428041,108,0.52653842463119,11.7264602856701,108,0.129411764705882,12.876750045309,36.3240740740741,10.9471862034983,75.7018655518524,36.356,0.939130434782609,1.17626116939475,0.869946141954948,14.1164113170732
30.2775902642419,5,0.765092055676006,2.52313252202016,5,0.0980392156862745,3.3065591380366,28.6,2.12916258968951,-71.565051177078,4.962,1,1.55298573911107,0.95680770565741,2.09860517647059
27.0811000102923,4,0,2.25675833419103,4,0.113725490196078,2.3094010767585,28,2.3094010767585,0,3.556,1,1,1,2.66392117894737
55.8291179001753,17,0.610958500409594,4.65242649168128,17,0.133333333333333,5.30899411292551,31.6470588235294,4.20293221204544,74.8283755578802,11.421,1,1.26316434457595,1,2.94287494736842
60.5551805284838,20,0.482654724360448,5.04626504404032,20,0.217647058823529,5.55190039063532,54.55,4.86241387781111,69.8724496027283,13.563,1,1.14179922362647,0.900674942057194,4.27441536
57.4476883778063,18,0.599962791891243,4.78730736481719,18,0.149019607843137,5.72892187058192,35.6666666666667,4.58329736048135,-34.7219773902083,14.787,0.9,1.24995640038076,0.70370391829154,31.872
260.457679755252,370,0.254780870637338,21.704806646271,370,0.149019607843137,22.311347362064,40.972972972973,21.5750464572375,67.0690267202022,77.021,0.893719806763285,1.03412743079306,0.723549217707462,4.37307428571429
186.64360140105,190,0.713284635875564,15.5536334500875,190,0.219607843137255,18.7867057062469,58.4526315789474,13.1671224789742,-4.36251200988622,49.224,0.95,1.42678901455092,0.870705762720962,18.9917364705882
128.456936363,90,0.628310189286026,10.7047446969166,90,0.209803921568627,12.2411236272161,54.6,9.52314029011374,59.5244216973794,31.377,0.947368421052632,1.28540830590556,0.949174826584009,12.0330698507463
27.0811000102923,4,0,2.25675833419103,4,0.101960784313725,2.3094010767585,26,2.3094010767585,0,3.556,1,1,1,3.30624
38.2984589185375,8,0.782272678051271,3.19153824321146,8,0.0980392156862745,4.27914326017336,25,2.66563306281633,70.670095872955,7.774,1,1.60530093952703,0.843733339521361,1.0368
57.4476883778063,18,0.667544363593906,4.78730736481719,18,0.101960784313725,5.83042406420065,26.2222222222222,4.34115899322168,-38.9787124285575,13.1,1,1.34305702078738,0.857482254523677,9.42396631578947
50.664098947737,14,0.668139199264773,4.22200824564475,14,0.109803921568627,5.1136738128224,28.9285714285714,3.80475892484537,-90,10.594,0.933333333333333,1.34402045276239,0.932487661720857,8.22198857142857
71.6498558573022,28,0.652271356319683,5.97082132144185,28,0.13921568627451,7.40857086883964,41.7857142857143,5.61558958515165,-15.3444793686968,19.766,0.875,1.31928638240032,0.67051576252696,5.50837028571428
117.264602856701,75,0.703138284275374,9.7720502380584,75,0.274509803921569,12.0322843110174,70.48,8.55559341619789,-47.0441061646829,33.999,0.862068965517241,1.40636466995232,0.683240290071005,14.5421568
40.6216500154385,9,0.872742868460952,3.38513750128654,9,0.109803921568627,5.32108549690268,29.1111111111111,2.59764846153471,-59.2214643121817,9.461,0.9,2.04842401722015,0.712086209891738,1.966464
33.1674383492482,6,0.908344026174849,2.76395319577068,6,0.149019607843137,4.92035251917964,40.5,2.05780842923898,-28.8621778427112,7.774,0.857142857142857,2.39106442041317,0.632800004641021,5.4432
48.8211473415386,13,0.403254990651144,4.06842894512822,13,0.137254901960784,4.44914281574235,37.2307692307692,4.07135565673514,30.9637565320735,10.015,0.928571428571429,1.09279149031902,0.943770415331972,2.42568
176.547172322631,170,0.504259828232279,14.7122643602193,170,0.154901960784314,15.9788945007454,42.3058823529412,13.7986060164266,-52.250858165141,45.428,0.92896174863388,1.15800788005131,0.905586340475114,22.8713142857143
104.006938095831,59,0.528026140969569,8.66724484131922,59,0.201960784313725,9.91681090926945,56.8135593220339,8.42163465366088,-35.6428105248355,32.999,0.808219178082192,1.17753990966096,0.567637835694164,7.18998260869565
40.6216500154385,9,0.783578640167861,3.38513750128654,9,0.0980392156862745,4.67723670663315,22.2222222222222,2.90593262902712,90,8.998,0.9,1.60954753730786,0.767439494089305,0.933120000000001
46.9058411426803,12,0.821944765117556,3.90882009522336,12,0.1,5.41878682226,26.75,3.08636327476049,-85.1633222837983,10.015,1,1.75571905827596,0.871172691075666,3.34738285714286
143.938020939328,113,0.304429615673904,11.9948350782774,113,0.215686274509804,12.373599126302,56.6194690265487,11.7862841840209,-68.0223742615366,35.413,0.949579831932773,1.04983037343333,0.955291843296906,11.083392
54.1622000205846,16,0.929586163183709,4.51351666838205,16,0.117647058823529,7.83156008298049,28.875,2.88675134594813,90,14.696,0.888888888888889,2.71293199325011,0.631913105870388,2.2685184
54.1622000205846,16,0.911583024876569,4.51351666838205,16,0.0980392156862745,7.59404800103837,28.5625,3.1220348531994,-21.7601821145516,14.051,0.888888888888889,2.43240333888526,0.680216401758551,2.62970181818182
27.0811000102923,4,0.7319250547114,2.25675833419103,4,0.0862745098039216,3.05505046330389,23,2.08166599946613,0,4.59,1,1.46759877141069,0.840875939413586,0.780068571428572
33.1674383492482,6,0.74535599249993,2.76395319577068,6,0.131372549019608,3.46410161513775,32.3333333333333,2.3094010767585,0,5.516,1,1.5,1,2.122272
59.0218891123912,19,0.656685445537273,4.91849075936594,19,0.109803921568627,5.87133864370526,32.2105263157895,4.42795568856232,-76.717474411461,13.381,0.95,1.32597050572825,0.874595166974789,1.58765634782609
172.874169828878,163,0.347814944686258,14.4061808190732,163,0.133333333333333,15.0881381902668,36.9938650306748,14.1460832062546,-7.44658191399729,45.304,0.936781609195402,1.06659475773447,0.872748120255023,19.2865536
98.5766919987619,53,0.27043508820146,8.21472433323015,53,0.219607843137255,8.69751227353086,53.9245283018868,8.37342740704715,61.9595592684188,26.597,0.898305084745763,1.03870396800848,0.753086581314386,9.38988679245283
42.8189787876665,10,0.587407799848354,3.56824823230554,10,0.172549019607843,4.08574758561188,41.9,3.3065591380366,90,8.328,1,1.23564933063255,0.955243026453948,1.70215513043478
38.2984589185375,8,0.580947501931112,3.19153824321146,8,0.0980392156862745,3.65148371670111,25,2.97209241668783,-45,6.831,1,1.22859023366791,1,1.83168
97.6422946830773,52,0.594276945987147,8.13685789025644,52,0.266666666666667,9.13908292740761,67.4615384615385,7.35020317524401,77.5682788871665,22.652,0.981132075471698,1.24337827261547,0.982176488651903,7.47054276923077
135.405500051462,100,0.64879211954532,11.2837916709551,100,0.290196078431373,13.2878332076966,68.21,10.1115852026822,55.0792305003679,38.589,0.862068965517241,1.31411968957863,0.721607035625604,22.65408
30.2775902642419,5,0.765092055676006,2.52313252202016,5,0.156862745098039,3.3065591380366,48.8,2.12916258968951,18.434948822922,4.962,1,1.55298573911107,0.95680770565741,0.996923076923077
23.4529205713402,3,0.730296743340221,1.95441004761168,3,0.0901960784313725,2.58198889747161,23.3333333333333,1.76383420737639,45,3.093,1,1.4638501094228,0.969873184255889,1.55881674418605
33.1674383492482,6,0.755928946018454,2.76395319577068,6,0.092156862745098,3.94405318873308,25.8333333333333,2.58198889747161,0,7.402,1,1.52752523165195,0.678240745764927,0.326916
83.4695560596246,38,0.436605283407192,6.95579633830205,38,0.119607843137255,7.47393130305645,31.8421052631579,6.72394599002874,-8.04902079637801e-15,19.212,1,1.11153946122409,0.955649848921454,8.93184
33.1674383492482,6,0.74535599249993,2.76395319577068,6,0.184313725490196,3.46410161513775,48.8333333333333,2.3094010767585,90,5.516,1,1.5,1,0.7399296
44.9089238221147,11,0.726101471182093,3.74241031850956,11,0.0941176470588235,4.73929324420703,24.1818181818182,3.2586790809431,-14.7137282015949,9.643,0.916666666666667,1.45436022587269,0.845724202624386,30.81950208
76.5969178370751,32,0.54193863273564,6.38307648642292,32,0.109803921568627,7.07203811454936,29.0625,5.94346856414904,12.9963287899159,17.235,0.96969696969697,1.18988399420632,0.968493510747599,6.17426742857143
33.1674383492482,6,0.456435464587638,2.76395319577068,6,0.0901960784313725,3.2659863237109,24.1666666666667,2.90593262902712,-63.434948822922,6.277,0.857142857142857,1.12390297389803,0.849941598934415,1.17623172413793
30.2775902642419,5,0.765092055676006,2.52313252202016,5,0.0941176470588235,3.3065591380366,24.6,2.12916258968951,-18.434948822922,4.962,1,1.55298573911107,0.95680770565741,0.613948235294118
74.1646467884524,30,0.468893830832981,6.18038723237103,30,0.115686274509804,6.70300938547729,30.2666666666667,5.9204634447335,38.1819475738413,17.028,0.967741935483871,1.13217646693519,0.926695094815117,4.69870265060241
82.3639502109324,37,0.5981613127233,6.8636625175777,37,0.113725490196078,7.99620170780906,29.027027027027,6.40796189764588,72.0099856869252,21.428,0.925,1.24785412827543,0.770221567792418,6.10230857142857
130.580335361391,93,0.538215237605885,10.8816946134492,93,0.12156862745098,12.1438116161869,33.7741935483871,10.2348946150247,-81.1615040206561,34.644,0.902912621359223,1.18651066503019,0.818540808000208,111.633737142857
57.4476883778063,18,0.602439488242792,4.78730736481719,18,0.0901960784313725,5.87445141253286,23.8888888888889,4.68877892017575,-80.5682062221879,15.937,0.857142857142857,1.25287447169991,0.62142639817785,3.4176
57.4476883778063,18,0.650867752336776,4.78730736481719,18,0.192156862745098,5.91011155376334,58.1111111111111,4.48690425762963,76.9312606648777,14.994,0.857142857142857,1.31719136723581,0.687731416863509,3.80675820895522
103.121756567797,58,0.314152352830556,8.59347971398312,58,0.176470588235294,8.90919532815195,46.5344827586207,8.45814577109295,90,25.092,0.966666666666667,1.05332723853029,0.914335471540058,8.14048329896907
42.8189787876665,10,0.676387462923434,3.56824823230554,10,0.0941176470588235,4.61880215351701,26,3.40196021924615,-39.8055710922652,9.643,0.909090909090909,1.35768846660426,0.768840184203987,1.58540243478261
54.1622000205846,16,0.647503631622839,4.51351666838205,16,0.101960784313725,6.28376876555026,26.625,4.78862368199483,-37.5621589991806,17.343,0.727272727272727,1.31222856145016,0.479154070881701,5.356224
23.4529205713402,3,0.730296743340221,1.95441004761168,3,0.0980392156862745,2.58198889747161,25.6666666666667,1.76383420737639,-45,3.093,1,1.4638501094228,0.969873184255889,0.608244082758621
66.3348766984964,24,0.673879384202039,5.52790639154137,24,0.115686274509804,6.73848952636746,30.1666666666667,4.9786748585824,-4.02684673634358,16.102,0.888888888888889,1.3534704952165,0.814420684538037,2.8944
27.0811000102923,4,0.7319250547114,2.25675833419103,4,0.0862745098039216,3.05505046330389,22.25,2.08166599946613,0,4.59,1,1.46759877141069,0.840875939413586,5.148288
92.8293339347406,47,0.310462460268645,7.73577782789505,47,0.235294117647059,8.04265399179206,58.936170212766,7.64523139965743,-83.6922777967508,22.007,0.94,1.0519830691001,0.933856936810481,6.84288
109.167404195214,65,0.167702755131254,9.09728368293446,65,0.231372549019608,9.39154311127061,61.1846153846154,9.25853637992614,-39.276416194195,28.656,0.902777777777778,1.0143658485409,0.8078574562619,8.02368
109.167404195214,65,0.65583053971079,9.09728368293446,65,0.245098039215686,10.8840216014894,62.1846153846154,8.21643652700941,-67.8703872700869,30.451,0.89041095890411,1.3246644778075,0.723829323805115,10.005715862069
27.0811000102923,4,0,2.25675833419103,4,0.2,2.3094010767585,51,2.3094010767585,0,3.556,1,1,1,-0.138975319148936
27.0811000102923,4,0,2.25675833419103,4,0.0823529411764706,2.3094010767585,21.75,2.3094010767585,0,3.556,1,1,1,2.8944
74.1646467884524,30,0.738736855471315,6.18038723237103,30,0.125490196078431,8.18104149692317,32.6666666666667,5.51397255696421,-75.5011386202124,20.229,0.882352941176471,1.48369282081218,0.69022656031374,1.38857142857143
230.189350087485,289,0.674674515489124,19.1824458406237,289,0.254901960784314,22.5932599010391,67.1626297577855,16.6764323717606,-75.0675368998583,60.488,0.947540983606557,1.35480175839635,0.89699375793574,34.55232
38.2984589185375,8,0.866025403784439,3.19153824321146,8,0.0823529411764706,4.61880215351701,21,2.3094010767585,90,7.476,1,2,0.891759474057926,-2.63643428571428
42.8189787876665,10,0.587407799848354,3.56824823230554,10,0.12156862745098,4.08574758561188,29.9,3.3065591380366,0,8.328,1,1.23564933063255,0.955243026453948,-2.00324571428571
164.170443999381,147,0.892013298158504,13.6808703332818,147,0.235294117647059,21.111592113554,60.2040816326531,9.5426329050531,77.3764150438236,50.556,0.875,2.21234457236376,0.640645185430112,11.5121828571429
70.3587617140205,27,0.469825579368065,5.86323014283504,27,0.16078431372549,6.37389455209232,40.0740740740741,5.6266144881451,1.54324463189054,16.102,0.964285714285714,1.13281166952555,0.916223270105292,0.326788860759493
77.7845377731429,33,0.564506409575148,6.48204481442857,33,0.16078431372549,7.21282548826703,40.7272727272727,5.95367305585139,-61.4225291513889,17.417,1,1.21149169942715,0.981153688401086,2.40224603773585
30.2775902642419,5,0.765092055676006,2.52313252202016,5,0.0941176470588235,3.3065591380366,26,2.12916258968951,-18.434948822922,4.962,1,1.55298573911107,0.95680770565741,-3.3924096
33.1674383492482,6,0.74535599249993,2.76395319577068,6,0.203921568627451,3.46410161513775,51.1666666666667,2.3094010767585,90,5.516,1,1.5,1,-0.876567272727274
42.8189787876665,10,0.650027085026159,3.56824823230554,10,0.115686274509804,4.35124503255486,31.6,3.3065591380366,18.434948822922,8.998,0.909090909090909,1.31594350831378,0.852710548988117,-2.56398171428571
44.9089238221147,10,0.861063073818794,3.56824823230554,10,0.149019607843137,5.72335068545157,53.6,2.91031331612384,-74.0973355375015,10.776,0.909090909090909,1.96657543837044,0.648756349781969,2.41139612903226
163.611088219937,145,0.582779894021962,13.5874844613195,145,0.133333333333333,15.3998828042806,34.1310344827586,12.5144075044388,-68.7206675396822,47.579,0.90625,1.23057226631132,0.708286929060306,27.4919225806452
30.2775902642419,3,0.942809041582063,1.95441004761168,3,0.0823529411764706,3.46410161513775,22.3333333333333,1.15470053837925,0,3.92,1,3,0.756006962533367,0.573696
35.8249279286511,7,0.688972486206282,2.98541066072092,7,0.0980392156862745,3.76358333265239,25.8571428571429,2.72779813678576,-59.5273020495386,6.831,0.875,1.37971475304515,0.884487590623178,0.186014117647059
35.8249279286511,7,0.688972486206282,2.98541066072092,7,0.113725490196078,3.76358333265239,29.4285714285714,2.72779813678576,-59.5273020495386,6.831,0.875,1.37971475304515,0.884487590623178,0.558042352941177
42.8189787876665,10,0.231455024943138,3.56824823230554,10,0.141176470588235,3.86436713231718,36.4,3.75943258129912,-26.5650511770779,8.907,0.909090909090909,1.02791233750009,0.865639809069819,1.07339294117647
27.0811000102923,4,0.7319250547114,2.25675833419103,4,0.103921568627451,3.05505046330389,26.5,2.08166599946613,90,4.59,1,1.46759877141069,0.840875939413586,0.805513846153846
182.672006581247,182,0.746890814602017,15.2226672151039,182,0.294117647058824,18.7343700988001,72.7307692307692,12.4573575346452,-87.3845746035443,46.503,0.973262032085562,1.50387993976234,0.927977291847112,27.1138011428571
35.8249279286511,7,0.688972486206282,2.98541066072092,7,0.180392156862745,3.76358333265239,44.4285714285714,2.72779813678576,-30.4726979504614,6.831,1,1.37971475304515,0.884487590623178,0.41184
30.2775902642419,5,0.765092055676006,2.52313252202016,5,0.109803921568627,3.3065591380366,26.6,2.12916258968951,71.565051177078,4.962,1,1.55298573911107,0.95680770565741,-0.34114064516129
135.405500051462,100,0.143562787786706,11.2837916709551,100,0.168627450980392,11.5717783232705,43.83,11.451908710069,-71.873974006133,34.743,0.917431192660551,1.0104672169711,0.875557394343661,7.796736
40.6216500154385,9,0.536748159092064,3.38513750128654,9,0.156862745098039,3.95410096228573,41,3.33624304852277,7.6275593515289,8.146,0.9,1.18519571409419,0.887666268723232,1.09314782608696
27.0811000102923,4,0,2.25675833419103,4,0.12156862745098,2.3094010767585,32.5,2.3094010767585,0,3.556,1,1,1,1.44250434782609
27.0811000102923,4,0,2.25675833419103,4,0.133333333333333,2.3094010767585,34,2.3094010767585,0,3.556,1,1,1,0.570240000000001
156.743198433647,134,0.738279949657413,13.0619332028039,134,0.22156862745098,16.330640618138,61.2388059701493,11.0149258911252,-79.2915020896527,47.008,0.842767295597484,1.48259196471723,0.669545110516424,11.7870419277108
40.6216500154385,9,0.907935861168361,3.38513750128654,9,0.145098039215686,5.39917918412766,28,2.26284534954427,-4.73116110401281,8.882,1,2.38601333724156,0.782318976012059,2.0119296
132.669753396993,96,0.422652126109918,11.0558127830827,96,0.0980392156862745,11.8380837081309,25.6354166666667,10.7287605014308,-2.77384895996989,36.513,0.905660377358491,1.1033971451364,0.767174415382191,50.9232505263158
52.4423246684198,15,0.918945592343449,4.37019372236832,15,0.0862745098039216,7.40691059416524,21.0666666666667,2.92116945855564,-6.65550958443361,13.381,0.9375,2.53559771155062,0.690469868664307,7.52516129032258
35.8249279286511,7,0.910848940185039,2.98541066072092,7,0.0941176470588235,5.12568472263781,24.4285714285714,2.11557449498836,-4.30782409208206,8.328,1,2.42283348318869,0.668670118517764,3.01560685714286
46.9058411426803,12,0.773768908869994,3.90882009522336,12,0.147058823529412,5.02934427355694,36.1666666666667,3.18592853380055,-9.41687645632942,9.643,1,1.57861176740124,0.922608221044785,-1.04004
27.0811000102923,4,0.870424023370417,2.25675833419103,4,0.0941176470588235,3.43590880093359,24,1.69150742780922,-58.282525588539,4.408,1,2.03127030035195,0.881907054258295,1.02786206896552
157.326974005259,135,0.288252084780307,13.1105811671049,135,0.254901960784314,13.4697061961562,66.5407407407407,12.8979785916988,81.7830104934701,39.242,0.950704225352113,1.04432691529085,0.944382864884624,15.8919344262295
33.1674383492482,6,0.632455532033676,2.76395319577068,6,0.092156862745098,3.33333333333333,23.5,2.58198889747161,-45,5.905,1,1.2909944487358,0.92127872757792,0.605709473684212
83.4695560596246,38,0.47132653888353,6.95579633830205,38,0.176470588235294,7.53163286287249,44.1842105263158,6.64258974875992,-59.4318828362102,19.402,1,1.13383983472388,0.939609077338126,2.06222864516129
77.7845377731429,33,0.564506409575148,6.48204481442857,33,0.101960784313725,7.21282548826703,26.5151515151515,5.95367305585139,-61.4225291513889,17.417,0.970588235294118,1.21149169942715,0.981153688401086,0.744056470588235
42.8189787876665,10,0.0939336436627704,3.56824823230554,10,0.147058823529412,4.25832517937902,44.9,4.23949682548924,90,12.844,0.714285714285714,1.00444117655109,0.491759071303358,5.6016
250.408668178874,342,0.819409178384244,20.8673890149061,342,0.290196078431373,28.8094097653927,71.7309941520468,16.5138139849656,-89.6091392566433,73.994,0.886010362694301,1.74456426550651,0.722314492683376,36.5232738461538
82.3639502109324,37,0.531368233714212,6.8636625175777,37,0.168627450980392,7.81513820163091,39.4054054054054,6.62052365140019,-53.0260359818412,22.652,0.840909090909091,1.18044109697849,0.698856347694623,4.15090285714286
30.2775902642419,4,0.866025403784439,2.25675833419103,4,0.0823529411764706,3.65148371670111,22.5,1.82574185835055,-18.434948822922,5.053,0.8,2.00000000000001,0.748540176585029,3.41662628571429
27.0811000102923,4,0,2.25675833419103,4,0.103921568627451,2.3094010767585,27.25,2.3094010767585,0,3.556,1,1,1,2.84721230769231
23.4529205713402,3,0.730296743340221,1.95441004761168,3,0.109803921568627,2.58198889747161,29.3333333333333,1.76383420737639,-45,3.093,1,1.4638501094228,0.969873184255889,2.96228571428571
109.167404195214,65,0.530269234612511,9.09728368293446,65,0.137254901960784,9.99721472872178,36.1230769230769,8.47593166495181,33.3723184224645,26.018,0.970149253731343,1.1794826956971,0.960639223291667,7.80668081632653
137.421573733937,103,0.625162307799434,11.4517978111614,103,0.156862745098039,13.0971179929532,42.5631067961165,10.2222321199846,-44.9716434190224,34.28,0.962616822429907,1.28123856308723,0.924277869666016,4.31186823529412
44.9089238221147,11,0.68469019539811,3.74241031850956,11,0.133333333333333,4.49690773447605,35.9090909090909,3.27750029068392,74.9293072239623,8.791,1,1.37205410698459,0.970807043706446,3.35682782608696
38.2984589185375,8,0.547722557505166,3.19153824321146,8,0.123529411764706,3.65148371670111,34.375,3.05505046330389,0,7.22,1,1.1952286093344,0.936368556122002,2.52329638554217
27.0811000102923,4,0,2.25675833419103,4,0.115686274509804,2.3094010767585,29.25,2.3094010767585,0,3.556,1,1,1,2.29620705882353
27.0811000102923,4,0,2.25675833419103,4,0.0980392156862745,2.3094010767585,25.25,2.3094010767585,0,3.556,1,1,1,3.65595428571428
38.2984589185375,8,0.580947501931112,3.19153824321146,8,0.0862745098039216,3.65148371670111,22,2.97209241668783,-45,6.831,1,1.22859023366791,1,4.24489846153846
27.0811000102923,4,0,2.25675833419103,4,0.203921568627451,2.3094010767585,52.25,2.3094010767585,0,3.556,1,1,1,4.15662545454545
38.2984589185375,8,0.580947501931112,3.19153824321146,8,0.186274509803922,3.65148371670111,45.875,2.97209241668783,-45,6.831,1,1.22859023366791,1,4.67712
46.9058411426803,12,0.732519215246639,3.90882009522336,12,0.0823529411764706,4.99035943387617,21.8333333333333,3.39716899273021,-1.90703741714518,10.106,1,1.46897591628657,0.859245326725582,3.09312
42.8189787876665,10,0.871779222061323,3.56824823230554,10,0.0901960784313725,5.408076231424,23.8,2.64941090466796,11.4368325953133,9.734,0.909090909090909,2.04123725085285,0.758010824035883,3.112182
113.288369265916,70,0.565134682885483,9.4406974388263,70,0.2,10.984099743123,55.8285714285714,9.06186757735883,-24.925015248293,34.28,0.833333333333333,1.21212317983623,0.628150008510885,10.9153339534884
55.8291179001753,17,0.716672830301582,4.65242649168128,17,0.164705882352941,5.80323799373159,41.8823529411765,4.04723348906193,-80.6665428628899,12.455,1,1.43387773633902,0.878211917576716,4.94343771428571
27.0811000102923,4,0,2.25675833419103,4,0.13921568627451,2.3094010767585,35.5,2.3094010767585,0,3.556,1,1,1,4.53835636363636
30.2775902642419,5,0.765092055676006,2.52313252202016,5,0.0862745098039216,3.3065591380366,22,2.12916258968951,-18.434948822922,4.962,1,1.55298573911107,0.95680770565741,3.72078276923077
30.2775902642419,5,0.765092055676006,2.52313252202016,5,0.117647058823529,3.3065591380366,28.2,2.12916258968951,-18.434948822922,4.962,1,1.55298573911107,0.95680770565741,2.32095085714286
27.0811000102923,4,0,2.25675833419103,4,0.0882352941176471,2.3094010767585,22.5,2.3094010767585,0,3.556,1,1,1,1.93591296
40.6216500154385,9,0.66581188486039,3.38513750128654,9,0.109803921568627,4.05369123455442,27,3.02453869019341,69.6993526774978,7.683,1,1.34026760765133,0.965226527421804,1.67388310588235
80.1069741374945,35,0.38556798796583,6.67558117812455,35,0.109803921568627,7.0675828590702,30.1142857142857,6.52111330898954,52.335875397951,18.459,0.945945945945946,1.08380003907114,0.942641540346604,7.18811234042553
107.474783785953,63,0.628310465017131,8.95623198216277,63,0.133333333333333,10.2477940173467,35.8888888888889,7.97240148274778,-14.2145244165431,25.464,0.984375,1.28540867385102,0.967494519480729,7.3337055319149
131.976956215761,95,0.388126356131161,10.9980796846468,95,0.298039215686275,11.7904699164913,73.0736842105263,10.8661698164441,2.0535214983153,37.828,0.871559633027523,1.08506218066355,0.711230180725462,19.4156669387755
52.4423246684198,15,0.4618802153517,4.37019372236832,15,0.180392156862745,4.76095228569523,48.3333333333333,4.2226900325635,-75.9637565320735,10.867,1,1.12746904200424,0.960532600136046,6.02446978723404
38.2984589185375,8,0.547722557505166,3.19153824321146,8,0.164705882352941,3.65148371670111,46,3.05505046330389,0,7.22,1,1.1952286093344,0.936368556122002,3.46752
182.672006581247,182,0.710271143326273,15.2226672151039,182,0.235294117647059,18.5869844489999,63.1538461538462,13.0839024036706,64.6615295108354,50.448,0.91,1.42059944163031,0.796379991666274,18.0774883018868
35.8249279286511,7,0.3530939318019,2.98541066072092,7,0.211764705882353,3.23669437485075,58.1428571428571,3.0282120182066,90,6.368,1,1.06884668424492,0.972711556537156,3.07321820689655
128.456936363,90,0.560571804432285,10.7047446969166,90,0.0980392156862745,12.4116089035617,25.7333333333333,10.2781255907679,-7.96723848753631,39.83,0.789473684210526,1.20757513555878,0.612476560706785,12.1416685714286
57.4476883778063,18,0.608391295874457,4.78730736481719,18,0.123529411764706,5.63498770360265,30.1666666666667,4.47213595499958,-45,13.563,0.9,1.2600215557631,0.810607447851474,1.51488
106.618397358971,62,0.619455576863464,8.88486644658095,62,0.133333333333333,10.2720663935403,36.6774193548387,8.06389786308131,-24.4757452334514,26.787,0.953846153846154,1.27383389124614,0.869819146110379,11.342592
40.6216500154385,8,0.767144629171017,3.19153824321146,8,0.174509803921569,4.58453833790926,50.625,2.94086295071818,52.0181217339632,9.089,0.8,1.5589092095535,0.672055047155384,0.714096
66.3348766984964,24,0.507209416415055,5.52790639154137,24,0.154901960784314,6.34776964469291,39.4583333333333,5.47065286415959,15.4818782660367,16.4,0.923076923076923,1.16033128080191,0.789771019739735,1.24888658823529
35.8249279286511,7,0.692995696294582,2.98541066072092,7,0.164705882352941,3.82702156039222,37.8571428571429,2.75905950962527,10.9007047431759,7.22,1,1.38707467056845,0.819322486606751,1.71869538461539
87.7527934971774,42,0.587986219733465,7.31273279143145,42,0.115686274509804,8.66507600084756,29.3809523809524,7.00892821190095,-82.9624559708725,23.967,0.84,1.23629116162647,0.718199686152844,7.84613647058824
263.953912431523,380,0.478861976470466,21.9961593692936,380,0.16078431372549,23.5633750288945,45.1921052631579,20.6860560736236,35.4434874767878,70.578,0.954773869346734,1.13909461257527,0.878673658528577,26.51616
78.9542957097545,34,0.402082653966943,6.57952464247954,34,0.0980392156862745,7.01210079338366,24.2058823529412,6.42030314869154,-78.4138039145339,17.971,0.971428571428571,1.092175965992,0.958529854579039,1.41146181818182
46.9058411426803,12,0.472903607729549,3.90882009522336,12,0.156862745098039,4.32462625520298,42,3.81048946659497,19.8053441200133,9.552,0.923076923076923,1.1349267051163,0.935883941216262,5.22364235294117
38.2984589185375,8,0.580947501931112,3.19153824321146,8,0.150980392156863,3.65148371670111,45.125,2.97209241668783,45,6.831,1,1.22859023366791,1,0.260872258064516
59.0218891123912,19,0.619000533211531,4.91849075936594,19,0.12156862745098,5.66365710799869,31.2631578947368,4.44818285707316,-77.1794970878474,12.711,1,1.27325186261009,0.950085881898495,2.81035636363636
151.992296843211,126,0.697273614397089,12.6660247369343,126,0.133333333333333,15.0984416606225,36.8333333333333,10.8226395134022,-76.3311576975458,39.217,0.947368421052632,1.39507942049861,0.882464745432216,21.5136
81.2433000308769,36,0.540955796456336,6.77027500257308,36,0.16078431372549,7.50183635668304,40.1666666666667,6.30942715550588,-69.247435169199,18.616,1,1.18898850431083,0.95563199467102,3.52759930434782
46.9058411426803,12,0.616682297869389,3.90882009522336,12,0.096078431372549,4.96258871765951,25.8333333333333,3.90661005326196,42.6181791546369,11.81,0.8,1.27030562303392,0.674553184898099,4.612608
30.2775902642419,5,0.765092055676006,2.52313252202016,5,0.227450980392157,3.3065591380366,62.6,2.12916258968951,18.434948822922,4.962,1,1.55298573911107,0.95680770565741,2.0304
102.228910701358,57,0.638136811422474,8.51907589177983,57,0.12156862745098,9.90713617369266,31.5438596491228,7.62773190117844,64.519534864081,26.87,0.904761904761905,1.29883119937161,0.795255412126568,10.365408
46.9058411426803,12,0.773768908869994,3.90882009522336,12,0.12156862745098,5.02934427355694,29.9166666666667,3.18592853380055,9.41687645632942,9.643,1,1.57861176740124,0.922608221044785,4.41716676923077
33.1674383492482,6,0.74535599249993,2.76395319577068,6,0.150980392156863,3.46410161513775,39.5,2.3094010767585,0,5.516,1,1.5,1,4.2354144
84.5607076793511,39,0.680989657169905,7.04672563994593,39,0.166666666666667,8.54904153828562,44.3589743589744,6.26040356109242,-47.6712731249479,21.825,0.886363636363636,1.36557355366302,0.786241421521899,3.47226352941176
30.2775902642419,5,0.765092055676006,2.52313252202016,5,0.137254901960784,3.3065591380366,34.2,2.12916258968951,-18.434948822922,4.962,1,1.55298573911107,0.95680770565741,5.03319272727273
33.1674383492482,6,0.74535599249993,2.76395319577068,6,0.16078431372549,3.46410161513775,45.5,2.3094010767585,0,5.516,1,1.5,1,2.0736
153.19383567415,128,0.941434599958033,12.7661529728458,128,0.254901960784314,24.0496585165548,69.78125,8.10943979438578,-84.7427935728385,54.211,0.795031055900621,2.96563747019918,0.489005476912943,11.0277818181818
30.2775902642419,5,0.765092055676006,2.52313252202016,5,0.133333333333333,3.3065591380366,31.6,2.12916258968951,-71.565051177078,4.962,1,1.55298573911107,0.95680770565741,5.13937252173913
30.2775902642419,5,0.765092055676006,2.52313252202016,5,0.113725490196078,3.3065591380366,35,2.12916258968951,-71.565051177078,4.962,1,1.55298573911107,0.95680770565741,4.14576
44.9089238221147,11,0.68469019539811,3.74241031850956,11,0.133333333333333,4.49690773447605,34.8181818181818,3.27750029068392,-15.0706927760377,8.791,1,1.37205410698459,0.970807043706446,1.04737959183673
74.1646467884524,30,0.671456760698804,6.18038723237103,30,0.109803921568627,7.38077902241933,27.7666666666667,5.46948006060227,78.6757116804215,17.21,1,1.34944801711309,0.910194728343747,4.5729792
81.2433000308769,36,0.770923807317831,6.77027500257308,36,0.109803921568627,9.34675502014295,31.6111111111111,5.95320415652236,89.5095252026568,21.916,0.857142857142857,1.57003770984447,0.72049948546939,9.43488
38.2984589185375,8,0.547722557505166,3.19153824321146,8,0.103921568627451,3.65148371670111,26.875,3.05505046330389,90,7.22,1,1.1952286093344,0.936368556122002,9.317376
158.488074436329,137,0.550406512993455,13.2073395363607,137,0.196078431372549,14.5448491262299,52.4744525547445,12.1434480251084,-75.0423897406112,39.209,0.978571428571429,1.19775282079326,0.959867852572173,16.6549406896552
38.2984589185375,8,0.580947501931112,3.19153824321146,8,0.196078431372549,3.65148371670111,60.75,2.97209241668783,45,6.831,1,1.22859023366791,1,6.91828363636363
46.9058411426803,12,0.695678424638771,3.90882009522336,12,0.137254901960784,5.06475743516853,34.4166666666667,3.63828544946573,67.8626121495296,11.512,0.857142857142857,1.39207258625413,0.702268001920779,0.45504
78.9542957097545,34,0.368757718289334,6.57952464247954,34,0.17843137254902,6.91653986070723,42.8529411764706,6.42910050732864,18.434948822922,18.153,0.971428571428571,1.07581765953463,0.942215202884336,2.889216
44.9089238221147,11,0.615531157963199,3.74241031850956,11,0.101960784313725,4.49915817041636,25.1818181818182,3.54584302456002,-23.1985905136482,9.461,1,1.26885430044513,0.87032758986768,1.40753454545454
30.2775902642419,5,0.765092055676006,2.52313252202016,5,0.105882352941176,3.3065591380366,31.8,2.12916258968951,71.565051177078,4.962,1,1.55298573911107,0.95680770565741,2.00266105263158
44.9089238221147,11,0.805757197219926,3.74241031850956,11,0.129411764705882,5.19953599147207,34.6363636363636,3.07940445694858,-60.4078528758646,10.015,0.916666666666667,1.68848751898747,0.79857496681936,0.808045714285714
40.6216500154385,9,0.66581188486039,3.38513750128654,9,0.156862745098039,4.05369123455442,49.8888888888889,3.02453869019341,69.6993526774978,7.683,1,1.34026760765133,0.965226527421804,2.15950628571429
83.4695560596246,38,0.40620314226475,6.95579633830205,38,0.119607843137255,7.47022405693144,30.9736842105263,6.82616226206718,90,20.303,0.95,1.09435196090244,0.8687765260572,6.69757664233577
114.895376755613,72,0.558908002633666,9.57461472963438,72,0.12156862745098,10.9779045972731,32.5555555555556,9.1032041997613,-14.3247243110683,32.204,0.867469879518072,1.20593851970946,0.724222184986263,7.71907381132075
40.6216500154385,9,0.897813857222651,3.38513750128654,9,0.105882352941176,6.37314423120052,25.7777777777778,2.80657438326679,-40.8371748347866,11.901,0.818181818181818,2.27079113569843,0.499812350106423,6.26986285714286
104.006938095831,59,0.672240388977742,8.66724484131922,59,0.231372549019608,10.2038956093232,60.864406779661,7.55428001783413,71.5023644286464,25.927,0.921875,1.35074362947016,0.877432796935024,7.62788571428572
62.0505953499169,21,0.404176242159817,5.17088294582641,21,0.129411764705882,5.55036037248057,34.1428571428571,5.0768098843477,-21.3313470704381,13.679,1,1.09327717580934,0.932709868007109,8.92445538461538
82.3639502109324,37,0.853415952089458,6.8636625175777,37,0.133333333333333,10.1066585206527,37.3513513513514,5.26789846646936,-36.2692907385935,22.652,0.86046511627907,1.91853707602424,0.698856347694623,11.54304
30.2775902642419,5,0.765092055676006,2.52313252202016,5,0.101960784313725,3.3065591380366,25.8,2.12916258968951,-18.434948822922,4.962,1,1.55298573911107,0.95680770565741,6.225984
40.6216500154385,9,0.66581188486039,3.38513750128654,9,0.105882352941176,4.05369123455442,26.4444444444444,3.02453869019341,20.3006473225022,7.683,1,1.34026760765133,0.965226527421804,11.202624
268.089212429763,392,0.472689246642898,22.3407677024802,392,0.198039215686275,23.8855111583038,55.4566326530612,21.0486095260876,78.1754347849269,72.844,0.933333333333333,1.13477857664185,0.853165766214706,152.036352
30.2775902642419,5,0.847117449603021,2.52313252202016,5,0.0862745098039216,4.00666112035113,22,2.12916258968951,-45,6.277,0.833333333333333,1.88180138978274,0.70828466577868,7.0848
38.2984589185375,8,0.580947501931112,3.19153824321146,8,0.092156862745098,3.65148371670111,24.25,2.97209241668783,-45,6.831,1,1.22859023366791,1,2.45376
203.559101353541,226,0.537658595789466,16.9632584461284,226,0.196078431372549,18.5556738808183,54.6061946902655,15.6454509420198,-83.9333014424736,53.103,0.949579831932773,1.18601080592585,0.897752765429628,31.7368055172414
86.7018239261228,41,0.374369660060877,7.22515199384357,41,0.137254901960784,7.59590822634891,35.8780487804878,7.0435303364848,-47.6338485640221,19.749,0.976190476190476,1.07842344158054,0.983285526775786,-2.06727552
60.5551805284838,20,0.808951349007533,5.04626504404032,20,0.109803921568627,6.98577936897086,28.95,4.10676920154126,-84.3661449527989,15.73,0.833333333333333,1.70104016713409,0.705704281599815,0.421632
42.8189787876665,10,0.657535505639407,3.56824823230554,10,0.103921568627451,4.25832517937902,26.6,3.20832251080426,1.29818558427082e-15,8.146,1,1.32727466301745,0.986295854136924,-2.17362070588235
104.006938095831,59,0.698564891662503,8.66724484131922,59,0.0941176470588235,10.9340968504629,22.4915254237288,7.82385701246707,61.2716015952952,32.709,0.797297297297297,1.39753280677801,0.576858367676101,-0.28512
142.658546477408,111,0.498709947463344,11.8882122064507,111,0.137254901960784,13.1165177088698,34.7117117117117,11.3689900976837,55.4847983311619,37.348,0.902439024390244,1.15371001260192,0.85083633401197,8.12443278688525
90.8327707927258,45,0.336632330658531,7.56939756606048,45,0.109803921568627,7.9804507157724,28.4666666666667,7.5146810354456,-85.4647717319658,21.618,0.9375,1.06198129742697,0.922434180157914,-2.02176
48.8211473415386,13,0.825351406852194,4.06842894512822,13,0.113725490196078,6.06364320714554,29.0769230769231,3.42365052687989,-21.7341961039945,13.125,0.8125,1.77110460297815,0.617390629761728,-2.07640216216216
85.637957575333,40,0.555835208483099,7.13649646461108,40,0.170588235294118,7.93131723833778,45.95,6.59324453751813,3.24985852826413,20.047,0.930232558139535,1.20294601439481,0.934805098256289,-3.20308634482759
192.447374305955,81,0.368971836919648,10.1554125038596,81,0.147058823529412,10.7104441091339,34.6049382716049,9.95472133765863,-58.7346757125305,31.278,0.941860465116279,1.07591601470715,0.859178558598359,8.40439095652174
134.044606214881,98,0.48062139019726,11.1703838512401,98,0.12156862745098,12.1407566482322,32.6224489795918,10.6465719525995,86.9384154102899,36.447,0.890909090909091,1.14034420678178,0.785770668661057,7.52122046511628
120.351040963123,79,0.629870375069161,10.0292534135935,79,0.133333333333333,11.6057875094455,34.126582278481,9.0142183010558,70.5065377022608,31.204,0.951807228915663,1.28749794178894,0.841579069347036,2.94734955789474
72.918093356958,29,0.331521423537537,6.0765077797465,29,0.145098039215686,6.36441255155861,39.2413793103448,6.00449032661737,-78.6900675259798,16.4,0.966666666666667,1.05994217749769,0.954306648852179,-4.90085934545455
135.405500051462,100,0.468463714932094,11.2837916709551,100,0.137254901960784,12.1191069005115,38.29,10.7070217427929,5.14708111293511,33.916,0.943396226415094,1.13188402822373,0.915072402539006,7.55244
78.9542957097545,34,0.43393740068452,6.57952464247954,34,0.156862745098039,7.33927605943571,39.8823529411765,6.61226956611526,69.4364575760006,20.808,0.894736842105263,1.10994810269775,0.744890642894982,4.03593365853659
110.834178517301,67,0.646753815168737,9.23618154310838,67,0.207843137254902,10.7984374811342,60.044776119403,8.23595561344333,-87.8500999817899,29.5,0.930555555555556,1.31113352086408,0.790209024519663,3.50043428571428
181.160212257255,179,0.895684361774891,15.0966843547712,179,0.137254901960784,22.9867776785192,38.3631284916201,10.2219986425683,-60.1802907565268,53.93,0.913265306122449,2.24875569663974,0.690594174453977,5.08224
38.2984589185375,8,0.547722557505166,3.19153824321146,8,0.133333333333333,3.65148371670111,35,3.05505046330389,90,7.22,1,1.1952286093344,0.936368556122002,2.65879384615385
40.6216500154385,9,0,3.38513750128654,9,0.152941176470588,3.46410161513775,37.7777777777778,3.46410161513775,0,7.476,1,1,1,3.825792
75.3905917717706,31,0.262422585688097,6.28254931431422,31,0.109803921568627,6.51168929351408,27.9354838709677,6.28347443706132,-22.9620226763865,17.326,0.939393939393939,1.03631985118085,0.929903811396285,-4.65184653061224
204.905703256856,229,0.444978437230421,17.0754752714047,229,0.0980392156862745,18.4312071163693,27.0043668122271,16.5059068769038,57.070513964645,62.499,0.874045801526718,1.11664310563629,0.667882953883779,12.7287936
385.370809088999,810,0.770677766603594,32.1142340907499,810,0.192156862745098,40.4693631100633,53.6506172839506,25.7880924303107,-80.7655274565356,111.185,0.942956926658906,1.56930425231827,0.77875412953668,24.00192
35.8249279286511,7,0.3530939318019,2.98541066072092,7,0.0980392156862745,3.23669437485075,26.2857142857143,3.0282120182066,90,6.368,1,1.06884668424492,0.972711556537156,0.397518545454545
35.8249279286511,7,0.90339271825538,2.98541066072092,7,0.0980392156862745,5.25617029316267,27.5714285714286,2.2539203274454,-50.0039899007207,8.626,0.875,2.33201246253457,0.635232414561681,2.61713454545455
40.6216500154385,9,0.66581188486039,3.38513750128654,9,0.0980392156862745,4.05369123455442,24.8888888888889,3.02453869019341,-69.6993526774978,7.683,1,1.34026760765133,0.965226527421804,0.6912
312.900987585458,534,0.722431483448746,26.0750822987882,534,0.301960784313725,31.7374785332025,74.4213483146067,21.9446419807154,-82.3549992707538,83.959,0.956989247311828,1.44625182589412,0.884522532980021,20.3543693617021
57.4476883778063,18,0.933012785354316,4.78730736481719,18,0.125490196078431,8.2745182728385,46.5,2.97752929218088,-36.3229876818693,15.085,0.947368421052632,2.77898803365856,0.680881279868874,3.37796129032258
30.2775902642419,5,0.901281139438573,2.52313252202016,5,0.0980392156862745,4.16333199893227,26.4,1.80369990112916,45,5.814,1,2.30821767874241,0.783413778480016,4.39699729655172
38.2984589185375,6,0.5,2.76395319577068,6,0.119607843137255,4,37.3333333333333,3.46410161513775,90,8.998,0.6,1.15470053837925,0.51162632939287,4.651776
190.050675886846,197,0.821562697084432,15.8375563239039,197,0.235294117647059,21.4389268054905,59.989847715736,12.2227218486353,-71.1444749198229,57.503,0.871681415929204,1.754022309514,0.673119114962855,21.9512260465116
57.4476883778063,18,0.730732943124235,4.78730736481719,18,0.141176470588235,6.15043778187107,42.6111111111111,4.198678984489,-20.4677771088866,13.96,0.857142857142857,1.46485068389185,0.773409057384974,3.9244176
35.8249279286511,7,0.3530939318019,2.98541066072092,7,0.133333333333333,3.23669437485075,37,3.0282120182066,90,6.368,1,1.06884668424492,0.972711556537156,2.35872
38.2984589185375,8,0.580947501931112,3.19153824321146,8,0.147058823529412,3.65148371670111,39,2.97209241668783,-45,6.831,1,1.22859023366791,1,2.92189090909091
50.664098947737,14,0.511342558555662,4.22200824564475,14,0.150980392156863,4.73591043286666,36.8571428571429,4.06993238896868,8.08224957612845,10.685,1,1.16363368730721,0.92025368081874,12.530376
62.0505953499169,21,0.663769768532231,5.17088294582641,21,0.133333333333333,6.55975696811479,31.0952380952381,4.90628467739042,82.3435908195968,16.102,0.875,1.33701107853445,0.712618098970782,13.976064
74.1646467884524,30,0.444001142245072,6.18038723237103,30,0.233333333333333,6.59292550137393,55.2666666666667,5.90743411116686,44.9999999999999,16.102,1,1.116038770354,1,7.530084
50.664098947737,14,0.9161461282377,4.22200824564475,14,0.0823529411764706,7.01991948668064,20.7857142857143,2.81389575359253,-42.054686791898,12.273,0.933333333333333,2.49473331686799,0.740412589530058,4.30025142857143
104.88464933684,60,0.445189152710082,8.74038744473663,60,0.156862745098039,9.56934107166232,40.8833333333333,8.56873777225982,-75.9769621271078,28.185,0.909090909090909,1.11677370996716,0.768307008108626,5.72508
60.5551805284838,20,0.662910850494272,5.04626504404032,20,0.152941176470588,6.67382012888693,39.55,4.99667805185909,84.103914933749,20.618,0.666666666666667,1.33565141872685,0.445206891672515,16.58009088
44.9089238221147,11,0.848964551560678,3.74241031850956,11,0.168627450980392,5.3234767213015,42.8181818181818,2.81319020400894,24.3372497604148,9.643,1,1.89232733489377,0.845724202624386,7.17696
169.121415358702,156,0.468221818685135,14.0934512798919,156,0.133333333333333,15.1036038976635,36.9487179487179,13.3457099384064,-59.5289481583289,43.617,0.951219512195122,1.13171977866822,0.896626560944545,11.8220487804878
46.9058411426803,12,0.773521475781045,3.90882009522336,12,0.0862745098039216,5.3420500730753,20.25,3.38563155360358,-25.670095872955,10.958,0.923076923076923,1.5778592526967,0.758539111278271,0.496368
38.2984589185375,8,0.580947501931112,3.19153824321146,8,0.145098039215686,3.65148371670111,36.625,2.97209241668783,-45,6.831,1,1.22859023366791,1,9.77593263157895
23.4529205713402,3,0.730296743340221,1.95441004761168,3,0.0980392156862745,2.58198889747161,24,1.76383420737639,45,3.093,1,1.4638501094228,0.969873184255889,2.85558646153846
27.0811000102923,4,0,2.25675833419103,4,0.198039215686275,2.3094010767585,51.25,2.3094010767585,0,3.556,1,1,1,8.25353788235294
81.2433000308769,36,0.292053653131529,6.77027500257308,36,0.12156862745098,7.04203207213911,31.7777777777778,6.73501310903808,-39.3614320953469,19.013,0.947368421052632,1.04558550341781,0.921689895326062,2.04701538461538
33.1674383492482,6,0.632455532033676,2.76395319577068,6,0.107843137254902,3.33333333333333,29.3333333333333,2.58198889747161,-45,5.905,1,1.2909944487358,0.92127872757792,10.009152
27.0811000102923,4,0.7319250547114,2.25675833419103,4,0.1,3.05505046330389,29.25,2.08166599946613,90,4.59,1,1.46759877141069,0.840875939413586,5.133696
30.2775902642419,5,0.765092055676006,2.52313252202016,5,0.0862745098039216,3.3065591380366,21.8,2.12916258968951,-18.434948822922,4.962,1,1.55298573911107,0.95680770565741,3.65472
27.0811000102923,4,0.7319250547114,2.25675833419103,4,0.096078431372549,3.05505046330389,25,2.08166599946613,0,4.59,1,1.46759877141069,0.840875939413586,2.46857142857143
38.2984589185375,8,0.70787943661486,3.19153824321146,8,0.0980392156862745,4.05665366514705,25.5,2.86534949137373,-82.9818782660368,7.683,1,1.41576225774894,0.857979135486048,2.346624
30.2775902642419,5,0.765092055676006,2.52313252202016,5,0.133333333333333,3.3065591380366,35.6,2.12916258968951,-18.434948822922,4.962,1,1.55298573911107,0.95680770565741,11.7602742857143
30.2775902642419,5,0.765092055676006,2.52313252202016,5,0.125490196078431,3.3065591380366,37.4,2.12916258968951,18.434948822922,4.962,1,1.55298573911107,0.95680770565741,2.17728
80.1069741374945,35,0.614000837171532,6.67558117812455,35,0.137254901960784,7.64583971572127,36.2857142857143,6.03490236922894,-55.5601999673194,18.616,0.972222222222222,1.26693677013008,0.929086661485714,4.3213824
126.297842485302,87,0.723065042050988,10.5248202071085,87,0.12156862745098,12.8046162811185,33.5977011494253,8.84517224672971,-19.8325942139424,33.453,0.90625,1.44763899717755,0.816385499310221,19.153152
60.5551805284838,20,0.420197661152245,5.04626504404032,20,0.13921568627451,5.44728846547882,35.9,4.94304714124072,41.4917491276385,13.199,0.952380952380952,1.10201021957309,0.941248402346217,9.08472436363636
33.1674383492482,6,0.74535599249993,2.76395319577068,6,0.109803921568627,3.46410161513775,28.3333333333333,2.3094010767585,0,5.516,1,1.5,1,13.8978327272727
100.419406462608,55,0.649259697814438,8.368283871884,55,0.129411764705882,9.95993898443979,38.2,7.5751988399516,-51.7737997231943,25.282,0.948275862068966,1.3148089172143,0.855489360011594,7.68823367441861
38.2984589185375,8,0.580947501931112,3.19153824321146,8,0.12156862745098,3.65148371670111,33.5,2.97209241668783,45,6.831,1,1.22859023366791,1,12.0854592
52.4423246684198,15,0.735177951882218,4.37019372236832,15,0.149019607843137,6.15481340373246,39.5333333333333,4.17218897631976,-34.8384315851685,15.085,0.789473684210526,1.47520005413598,0.567401066557395,3.97182638297872
35.8249279286511,7,0.3530939318019,2.98541066072092,7,0.188235294117647,3.23669437485075,42.5714285714286,3.0282120182066,90,6.368,1,1.06884668424492,0.972711556537156,9.77184
50.664098947737,14,0.745495551972498,4.22200824564475,14,0.127450980392157,5.48707094188664,35.3571428571429,3.65719095426834,8.51026280575993,11.421,0.933333333333333,1.5003512287163,0.829584246944417,8.73874285714286
67.7027500257308,25,0.526154954388906,5.64189583547756,25,0.0980392156862745,6.31247889718065,34.44,5.36806080808662,-1.86281409667449,16.954,0.925925925925926,1.17593282245822,0.777943819948319,8.44194461538462
42.8189787876665,10,0.71044757543185,3.56824823230554,10,0.0901960784313725,4.73658911693677,23.6,3.3333751970012,-78.3475547303984,10.214,0.909090909090909,1.42095888911574,0.704504116150932,6.99018638961039
38.2984589185375,8,0.580947501931112,3.19153824321146,8,0.162745098039216,3.65148371670111,46.625,2.97209241668783,-45,6.831,1,1.22859023366791,1,13.7076642253521
110.003948261701,66,0.294662360871278,9.16699568847508,66,0.131372549019608,9.47938790754818,34.7727272727273,9.05851664031364,-89.7032810558782,27.06,0.956521739130435,1.04646138920378,0.909272608220874,8.87945142857143
54.1622000205846,16,0.609590282261749,4.51351666838205,16,0.141176470588235,5.31734712809208,36.75,4.21514960422968,1.02270424444361,11.884,0.941176470588235,1.26148479350683,0.890567054661313,13.9405735384615
72.918093356958,29,0.532122197702408,6.0765077797465,29,0.192156862745098,7.27505136218732,46.7931034482759,6.15955002675314,-10.0226247127105,19.931,0.828571428571429,1.18110110813114,0.684565588778788,15.3890742857143
35.8249279286511,7,0.3530939318019,2.98541066072092,7,0.117647058823529,3.23669437485075,35.4285714285714,3.0282120182066,90,6.368,1,1.06884668424492,0.972711556537156,3.32590628571428
128.456936363,90,0.846300165503835,10.7047446969166,90,0.403921568627451,14.9241511027463,92.7222222222222,7.95018970412234,-89.4976747813065,34.354,0.927835051546392,1.87720691683719,0.80443679789432,31.64832
88.791324243983,43,0.489918872403974,7.39927702033192,43,0.12156862745098,8.14114260581725,30.046511627907,7.09718785297417,85.5250285407402,22.288,0.914893617021277,1.14709414129508,0.835602080674166,6.628608
23.4529205713402,3,0.730296743340221,1.95441004761168,3,0.109803921568627,2.58198889747161,29.6666666666667,1.76383420737639,45,3.093,1,1.4638501094228,0.969873184255889,5.724
30.2775902642419,5,0.765092055676006,2.52313252202016,5,0.113725490196078,3.3065591380366,33,2.12916258968951,18.434948822922,4.962,1,1.55298573911107,0.95680770565741,9.24555130434783
27.0811000102923,4,0,2.25675833419103,4,0.107843137254902,2.3094010767585,27.5,2.3094010767585,0,3.556,1,1,1,0.495072
33.1674383492482,6,0.74535599249993,2.76395319577068,6,0.164705882352941,3.46410161513775,43,2.3094010767585,0,5.516,1,1.5,1,8.21428363636364
144.573511980488,114,0.701583765480615,12.0477926650407,114,0.143137254901961,14.4062743438987,38.359649122807,10.2657236889848,83.7101313612363,37.348,0.942148760330578,1.4033374343941,0.873831910606889,5.57350054054054
82.3639502109324,37,0.439927996128001,6.8636625175777,37,0.117647058823529,7.33773280466496,30.8378378378378,6.58952656792312,71.603608205959,18.914,0.973684210526316,1.11354476365328,0.955815620593937,5.5074816
30.2775902642419,5,0.765092055676006,2.52313252202016,5,0.145098039215686,3.3065591380366,34.2,2.12916258968951,18.434948822922,4.962,1,1.55298573911107,0.95680770565741,3.07163269565217
269.453542932688,396,0.632473546084021,22.4544619110573,396,0.427450980392157,25.6586720600691,100.166666666667,19.8747445076491,-77.5712159109797,75.201,0.936170212765957,1.29101896380072,0.810791468377815,52.72704
80.1069741374945,35,0.704651653197697,6.67558117812455,35,0.141176470588235,8.71075646554869,33.8,6.18074699065797,-32.7303501454506,23.595,0.813953488372093,1.4093371689077,0.615270070522803,-0.0472319999999996
129.168614586553,91,0.414843408542157,10.7640512155461,91,0.258823529411765,11.4084739671014,65.6153846153846,10.3804885655051,-56.1742065460805,31.741,0.947916666666667,1.0990305412996,0.939796327187098,4.07996352
70.3587617140205,27,0.652602932415929,5.86323014283504,27,0.258823529411765,7.04091515099626,64.3333333333333,5.334901979549,80.9143689892602,17.301,0.931034482758621,1.31978341457578,0.811898386918386,-0.69336
63.5108091408147,22,0.488212206935057,5.29256742840123,22,0.141176470588235,5.85793992527757,35.0909090909091,5.11237033727486,-72.7695918643141,14.233,0.956521739130435,1.14583638093795,0.915805573145428,-2.03278978723404
129.168614586553,91,0.565481174434273,10.7640512155461,91,0.113725490196078,12.013802015481,29.6703296703297,9.90851779842319,72.4310871641662,32.692,0.928571428571429,1.21247216383795,0.890575106425938,-1.79312701195219
67.7027500257308,25,0.688062138460889,5.64189583547756,25,0.149019607843137,6.80345010515498,40.68,4.93693562175296,-7.43120252678392e-16,15.366,0.925925925925926,1.37807146505574,0.917170353498436,-4.15152
121.110361056968,80,0.296169856937562,10.0925300880806,80,0.190196078431373,10.3794669098819,50.325,9.91379510244857,0,28.648,0.987654320987654,1.04697210327842,0.994786596498124,5.3233731147541
156.157240500618,133,0.610371962985914,13.0131033750515,133,0.133333333333333,14.771317236038,36.1127819548872,11.7005809601271,26.7564440000931,39.391,0.977941176470588,1.26244306042369,0.923884735002849,-5.25357473684211
147.709961879968,119,0.725334244435967,12.3091634899974,119,0.16078431372549,15.1517079983949,40.8319327731092,10.4303881766138,-86.5128804851964,40.623,0.9296875,1.45265044232648,0.780748294676342,-5.44648101265823
67.7027500257308,25,0.48952752993223,5.64189583547756,25,0.168627450980392,6.12314277718153,41.8,5.33930605949091,79.1296104727641,14.605,1,1.1468049797028,0.997516093219679,2.433024
121.110361056968,80,0.716803505371795,10.0925300880806,80,0.125490196078431,12.305484717076,32.5375,8.58030958325378,87.9288590603801,31.443,0.930232558139535,1.43415393088994,0.840493813991334,7.0463422556391
66.3348766984964,24,0.700295314025723,5.52790639154137,24,0.096078431372549,6.79605073765869,24.0416666666667,4.85138295678573,33.4468365708642,15.92,0.96,1.40084812891403,0.830047100549218,0.307898181818181
161.35427546472,142,0.718678986355165,13.44618962206,142,0.231372549019608,16.2170888191348,64.9929577464789,11.2764231790002,72.688578222225,40.739,0.965986394557823,1.43814120503525,0.926730036556032,270.84672
101.328197895474,56,0.675011334307397,8.4440164912895,56,0.109803921568627,10.285364819023,27.9107142857143,7.58861785042184,-31.5683033159518,28.102,0.861538461538462,1.35536734379782,0.720901546423432,3.09744
115.690509957628,73,0.554479471966759,9.64087582980233,73,0.211764705882353,11.2978038112262,53.3287671232877,9.40200297506595,-8.94715393220635,39.648,0.78494623655914,1.20163797450266,0.501021565796493,9.33817846153846
114.895376755613,72,0.50308451984923,9.57461472963438,72,0.223529411764706,10.6866120916429,61.2083333333333,9.23576788483258,70.4273998797969,30.335,0.9,1.15708972171041,0.80734631037167,10.4238276923077
77.7845377731429,33,0.558010815077398,6.48204481442857,33,0.16078431372549,7.3669014639302,36.4848484848485,6.1133029244649,-4.50185184674336,18.732,0.942857142857143,1.20506075929078,0.866729470555599,4.49088
46.9058411426803,12,0.835238749439044,3.90882009522336,12,0.12156862745098,6.22355369505525,30.3333333333333,3.42225420581355,47.8318531290103,13.952,0.705882352941177,1.8185538889785,0.516088770427485,0.49248
334.152682340117,608,0.857607311078768,27.8231853532082,608,0.505882352941176,40.1758039844033,100.84375,20.6626194835157,-3.12253426549236,118.629,0.845618915159944,1.9443712844083,0.515262580059253,71.20441728
38.2984589185375,8,0.580947501931112,3.19153824321146,8,0.127450980392157,3.65148371670111,36.625,2.97209241668783,-45,6.831,1,1.22859023366791,1,17.2948608
23.4529205713402,3,0.730296743340221,1.95441004761168,3,0.0862745098039216,2.58198889747161,23,1.76383420737639,45,3.093,1,1.4638501094228,0.969873184255889,2.9113344
111.658235800351,68,0.764552454294665,9.30485298336256,68,0.0980392156862745,15.5297894210133,23.1911764705882,10.0099045729013,71.4975485427731,57.082,0.492753623188406,1.55144230476036,0.235605517623475,12.22272
52.4423246684198,15,0.863111642884747,4.37019372236832,15,0.192156862745098,6.58586526373557,53.0666666666667,3.32594862910972,31.9430436848546,13.679,0.882352941176471,1.98014641780515,0.666221334290792,12.51072
84.5607076793511,39,0.659147418165923,7.04672563994593,39,0.0980392156862745,8.45603651282194,26.2564102564103,6.35905573340735,79.1497316303413,21.734,0.886363636363636,1.32976291879281,0.792004406862689,2.6496
35.8249279286511,7,0.353093931801899,2.98541066072092,7,0.105882352941176,3.23669437485075,29.4285714285714,3.0282120182066,0,6.368,1,1.06884668424492,0.972711556537156,8.425728
110.834178517301,67,0.723047169309447,9.23618154310838,67,0.184313725490196,11.2253757774891,47.1044776119403,7.75447456373916,-82.6886500876447,27.523,0.971014492753623,1.44759979354117,0.895385932543974,6.69312
130.580335361391,92,0.452285048150032,10.823032759612,92,0.12156862745098,12.849282695096,44.0869565217391,11.4599339749616,-8.68858641084622,53.972,0.676470588235294,1.12123531629152,0.354420416740584,8.51358315789473
42.8189787876665,10,0.657191767332214,3.56824823230554,10,0.113725490196078,4.3991499016342,29.5,3.31574227128986,-47.7461622785637,9.089,1,1.32674663520301,0.840068808944231,7.60030354285714
52.4423246684198,15,0.475270820628803,4.37019372236832,15,0.133333333333333,4.76095228569523,33.5333333333333,4.18887415264134,-45,10.751,1,1.1365708570388,0.976640026261239,5.95372032
38.2984589185375,8,0.76533286778399,3.19153824321146,8,0.117647058823529,4.26009462802185,36,2.7419446433081,-65.5929625828548,7.501,1,1.55367638016285,0.887574816669867,9.12278562711865
23.4529205713402,3,0.730296743340221,1.95441004761168,3,0.109803921568627,2.58198889747161,30.3333333333333,1.76383420737639,45,3.093,1,1.4638501094228,0.969873184255889,5.29632
42.8189787876665,10,0.840822419068787,3.56824823230554,10,0.0980392156862745,5.33097623812347,24.8,2.88571637816844,-87.2582047777678,10.106,0.833333333333333,1.84736666377,0.716037772271318,-2.089152
44.9089238221147,11,0.47839528325838,3.74241031850956,11,0.145098039215686,4.16333199893227,35.3636363636364,3.65600754711653,-71.565051177078,8.907,0.916666666666667,1.13876460736955,0.952203789976801,6.6558052173913
153.19383567415,128,0.422442134707125,12.7661529728458,128,0.182352941176471,13.5252750215801,48.703125,12.2591726146094,71.3173835369241,38.754,0.941176470588235,1.10327796555062,0.916395941301776,24.2993178947368
38.2984589185375,8,0.580947501931112,3.19153824321146,8,0.12156862745098,3.65148371670111,31.5,2.97209241668783,45,6.831,1,1.22859023366791,1,-2.99551135135135
46.9058411426803,12,0.773768908869994,3.90882009522336,12,0.0941176470588235,5.02934427355694,21.4166666666667,3.18592853380055,80.5831235436706,9.643,1,1.57861176740124,0.922608221044785,3.11585684210526
27.0811000102923,4,0,2.25675833419103,4,0.0941176470588235,2.3094010767585,23.75,2.3094010767585,0,3.556,1,1,1,3.00079542857143
180.14530112165,177,0.466961593316282,15.0121084268041,177,0.12156862745098,16.3275440372667,33.864406779661,14.4380814229092,62.8232004852972,49.464,0.907692307692308,1.13086659917013,0.803746870496695,11.1936925301205
64.9381965576721,23,0.413276405718035,5.41151637980601,23,0.149019607843137,6.19118208827849,38.0869565217391,5.6377252628449,60.8904575464917,18.079,0.884615384615385,1.09817023704243,0.641833945438709,4.28309485714286
33.1674383492482,6,0.74535599249993,2.76395319577068,6,0.0980392156862745,3.46410161513775,24.8333333333333,2.3094010767585,90,5.516,1,1.5,1,2.26614857142857
42.8189787876665,10,0.657535505639407,3.56824823230554,10,0.101960784313725,4.25832517937902,26.6,3.20832251080426,0,8.146,1,1.32727466301745,0.986295854136924,2.51381508196721
46.9058411426803,12,0.661437827766148,3.90882009522336,12,0.111764705882353,4.61880215351701,29.5,3.46410161513775,90,9.436,1,1.33333333333334,0.953226395020662,3.60264073846154
107.474783785953,63,0.840881706427476,8.95623198216277,63,0.105882352941176,12.9869299987034,27.5714285714286,7.02877266509141,76.5026669037361,36.555,0.777777777777778,1.84768104155699,0.502393430610529,9.94896
80.1069741374945,35,0.464926868113139,6.67558117812455,35,0.180392156862745,7.16947481160712,45.0285714285714,6.34748798461617,76.3560060272423,17.971,0.972222222222222,1.12949797289623,0.986721909125481,12.3264
40.6216500154385,9,0.66581188486039,3.38513750128654,9,0.133333333333333,4.05369123455442,41.7777777777778,3.02453869019341,-20.3006473225022,7.683,1,1.34026760765133,0.965226527421804,3.20506434782609
30.2775902642419,5,0.765092055676006,2.52313252202016,5,0.125490196078431,3.3065591380366,32.2,2.12916258968951,71.565051177078,4.962,1,1.55298573911107,0.95680770565741,3.5856
38.2984589185375,8,0.894059341018905,3.19153824321146,8,0.111764705882353,5.03322295684717,35,2.25462487641145,90,8.328,1,2.23239928269498,0.764194421163159,2.05632
44.9089238221147,11,0.47839528325838,3.74241031850956,11,0.12156862745098,4.16333199893227,32.1818181818182,3.65600754711653,71.565051177078,8.907,1,1.13876460736955,0.952203789976801,7.5168
23.4529205713402,3,0.730296743340221,1.95441004761168,3,0.0980392156862745,2.58198889747161,24.6666666666667,1.76383420737639,45,3.093,1,1.4638501094228,0.969873184255889,10.969344
30.2775902642419,5,0.765092055676006,2.52313252202016,5,0.141176470588235,3.3065591380366,37.8,2.12916258968951,18.434948822922,4.962,1,1.55298573911107,0.95680770565741,11.88864
124.101190699834,84,0.470803717108863,10.3417658916528,84,0.307843137254902,11.251666276477,80.1428571428571,9.92664736949264,-57.1993702191419,32.502,0.91304347826087,1.13348100901182,0.830856853425353,35.95104
66.3348766984964,24,0.60211128401219,5.52790639154137,24,0.156862745098039,6.3259696606292,41.875,5.0507311976165,-20.5981225053056,14.696,0.96,1.25248591008258,0.947869658805581,3.49549714285714
44.9089238221147,11,0.852822026763712,3.74241031850956,11,0.117647058823529,5.52843154945717,29.4545454545455,2.88695622209811,72.5877554215216,10.106,0.916666666666667,1.91496895835828,0.78764154949845,6.6528
97.6422946830773,52,0.501857412433553,8.13685789025644,52,0.0980392156862745,8.88710158482608,26.4615384615385,7.68690177845104,44.0709746203392,24.149,0.962962962962963,1.15613570212899,0.877379076958935,12.2934857142857
84.5607076793511,38,0.695280917439686,6.95579633830205,38,0.172549019607843,9.63060890782918,42.3684210526316,6.92188547759229,31.888447850879,29.128,0.716981132075472,1.3913273975719,0.458570902488054,7.5911635862069
55.8291179001753,16,0.709719682533083,4.51351666838205,16,0.125490196078431,6.45540799901905,41.5,4.54773286736012,-7.94926409903652,17.715,0.695652173913043,1.41947827352628,0.462214034909425,-2.73684250746269
50.664098947737,14,0.196396101212394,4.22200824564475,14,0.150980392156863,4.36435780471985,37.7142857142857,4.27936036926876,90,10.106,1,1.01986218222272,1,0.255107368421052
30.2775902642419,5,0.765092055676006,2.52313252202016,5,0.196078431372549,3.3065591380366,49.4,2.12916258968951,-18.434948822922,4.962,1,1.55298573911107,0.95680770565741,1.19448
102.228910701358,20,0.625413752367158,5.04626504404032,20,0.0941176470588235,6.2450586496954,28.05,4.87297743977245,54.1699655167777,15.457,0.909090909090909,1.28156937455204,0.726573735030056,7.97842285714286
86.7018239261228,41,0.45136830422039,7.22515199384357,41,0.145098039215686,7.77428732417794,36.9512195121951,6.93729003200799,-78.6798470876847,20.047,0.953488372093023,1.12065190994007,0.958175225712696,-2.39268680597015
64.9381965576721,23,0.339758313659291,5.41151637980601,23,0.0980392156862745,5.70811248933094,25.3478260869565,5.36855274272547,-31.0992706100329,14.605,0.958333333333333,1.06324977379902,0.917714805762104,3.78058447058824
109.167404195214,65,0.652203378955011,9.09728368293446,65,0.266666666666667,10.6927058594279,66,8.10554184876858,-59.6477689442557,27.912,0.955882352941177,1.31918458493338,0.847031413240594,12.7142926027397
40.6216500154385,9,0,3.38513750128654,9,0.0862745098039216,3.46410161513775,24.3333333333333,3.46410161513775,0,7.476,1,1,1,4.88801032258065
35.8249279286511,7,0.688972486206282,2.98541066072092,7,0.0901960784313725,3.76358333265239,23.5714285714286,2.72779813678576,59.5273020495386,6.831,0.875,1.37971475304515,0.884487590623178,7.30697142857143
33.1674383492482,6,0.74535599249993,2.76395319577068,6,0.154901960784314,3.46410161513775,35.5,2.3094010767585,90,5.516,1,1.5,1,10.9954041081081
35.8249279286511,7,0.856222400720973,2.98541066072092,7,0.0901960784313725,4.31282648363321,22.8571428571429,2.22803805452514,-81.6503778830032,6.922,1,1.93570593413962,0.868563960642361,-1.0143827027027
42.8189787876665,10,0.660268030623003,3.56824823230554,10,0.113725490196078,4.71879571005261,29,3.54395735209324,-40.7346171950259,11.529,0.833333333333333,1.33150465461032,0.583867829714564,-1.38390260869565
91.8364782879097,46,0.167024468526202,7.65303985732581,46,0.133333333333333,7.80932181731402,35.4347826086956,7.69962232807292,-1.56059216370477e-14,21.172,1,1.01424738572451,0.977843657259451,5.32368
204.008956269824,227,0.391095739470165,17.0007463558187,227,0.156862745098039,17.8475018409007,42.4229074889868,16.425948319935,-76.5344144249244,54.807,0.934156378600823,1.08654316288335,0.849473695127764,11.57904
50.664098947737,14,0.798803627800099,4.22200824564475,14,0.125490196078431,5.57034906530657,32.6428571428571,3.35107664669114,7.16135998910177,10.751,1,1.66225653800152,0.911530691177157,3.9298064516129
35.8249279286511,7,0.353093931801899,2.98541066072092,7,0.109803921568627,3.23669437485075,31.2857142857143,3.0282120182066,0,6.368,1,1.06884668424492,0.972711556537156,6.56194064516129
40.6216500154385,9,0.66581188486039,3.38513750128654,9,0.156862745098039,4.05369123455442,44.7777777777778,3.02453869019341,-20.3006473225022,7.683,1,1.34026760765133,0.965226527421804,8.75791058823529
38.2984589185375,8,0.580947501931112,3.19153824321146,8,0.12156862745098,3.65148371670111,30.5,2.97209241668783,-45,6.831,1,1.22859023366791,1,7.5810816
30.2775902642419,5,0.765092055676006,2.52313252202016,5,0.0941176470588235,3.3065591380366,27.2,2.12916258968951,71.565051177078,4.962,1,1.55298573911107,0.95680770565741,4.5468
33.1674383492482,6,0.74535599249993,2.76395319577068,6,0.101960784313725,3.46410161513775,26.3333333333333,2.3094010767585,90,5.516,1,1.5,1,5.174784
23.4529205713402,3,0.730296743340221,1.95441004761168,3,0.12156862745098,2.58198889747161,32,1.76383420737639,45,3.093,1,1.4638501094228,0.969873184255889,6.85522285714286
30.2775902642419,5,0.765092055676006,2.52313252202016,5,0.101960784313725,3.3065591380366,28.8,2.12916258968951,18.434948822922,4.962,1,1.55298573911107,0.95680770565741,2.592
44.9089238221147,11,0.786006320427803,3.74241031850956,11,0.109803921568627,6.27941559699796,36.3636363636364,3.882050639887,16.0686244905209,15.656,0.647058823529412,1.61755118093481,0.391199310705251,5.29606263829787
27.0811000102923,4,0,2.25675833419103,4,0.0823529411764706,2.3094010767585,21,2.3094010767585,0,3.556,1,1,1,3.66336
223.316471600701,272,0.685186735351253,18.6097059667251,272,0.407843137254902,22.1201732438853,92.0588235294118,16.1116141105596,-28.9588174043093,66.245,0.891803278688525,1.37293340642932,0.709949807168794,46.977408
42.8189787876665,10,0.657535505639407,3.56824823230554,10,0.0980392156862745,4.25832517937902,25.2,3.20832251080426,90,8.146,1,1.32727466301745,0.986295854136924,-2.270592
27.0811000102923,4,0,2.25675833419103,4,0.168627450980392,2.3094010767585,43.75,2.3094010767585,0,3.556,1,1,1,8.584704
54.1622000205846,16,0.632983080859772,4.51351666838205,16,0.12156862745098,5.27732525148406,30.9375,4.08552381668684,85.1633222837983,11.33,1,1.29171325104738,0.960057373958077,3.727296
23.4529205713402,3,0.730296743340221,1.95441004761168,3,0.0980392156862745,2.58198889747161,26.3333333333333,1.76383420737639,45,3.093,1,1.4638501094228,0.969873184255889,6.5375424
142.014486544877,110,0.303384412226741,11.8345405454064,110,0.141176470588235,12.2424309974103,37.9909090909091,11.6654237781482,14.0194442201414,36.654,0.94017094017094,1.04946303111105,0.872835889926374,12.7938279452055
60.5551805284838,20,0.473759379598215,5.04626504404032,20,0.0862745098039216,5.57911009571262,22.95,4.91326746743796,-3.94906845142889,13.497,0.952380952380952,1.13551931228809,0.907834495297159,10.1704211320755
35.8249279286511,7,0.3530939318019,2.98541066072092,7,0.113725490196078,3.23669437485075,29.4285714285714,3.0282120182066,90,6.368,1,1.06884668424492,0.972711556537156,8.05536
30.2775902642419,5,0,2.52313252202016,5,0.0862745098039216,2.78088714861523,23,2.78088714861523,0,5.624,1,1,0.817743873391467,4.549824
62.0505953499169,21,0.285508959661661,5.17088294582641,21,0.105882352941176,5.6223091803237,28.2857142857143,5.38828640762099,-28.8262782502789,14.605,0.954545454545455,1.04343176197385,0.83791351830453,6.08367483870968
93.8116822853606,48,0.735685129869791,7.81764019044672,48,0.131372549019608,9.65726242792015,34.4375,6.54109268466615,87.410992576666,23.603,0.923076923076923,1.47639895862644,0.843294225138801,9.40812387096774
42.8189787876665,10,0.587407799848354,3.56824823230554,10,0.154901960784314,4.08574758561188,38.9,3.3065591380366,0,8.328,1,1.23564933063255,0.955243026453948,13.295232
44.9089238221147,10,0.73251955590082,3.56824823230554,10,0.0862745098039216,4.63704813152459,22.7,3.15665191185074,-80.2799825859119,9.734,0.909090909090909,1.46897670728791,0.758010824035883,3.18690868965517
33.1674383492482,5,0.889463640050389,2.52313252202016,5,0.092156862745098,4.25308721534519,26,1.94368613858668,-5.15242323438302,6.55,0.833333333333333,2.18815534612896,0.668943694239983,2.02677677419355
52.4423246684198,15,0.664972256357595,4.37019372236832,15,0.117647058823529,5.48679360679381,34.0666666666667,4.09791089388537,-18.373735476432,13.952,0.882352941176471,1.33892457617388,0.645110963034357,9.07701677419355
57.4476883778063,18,0.570423794156919,4.78730736481719,18,0.111764705882353,5.38401841759365,27.5,4.42216638714053,0,12.066,1,1.21750697424008,0.978050832064206,13.4203392
35.8249279286511,7,0.353093931801899,2.98541066072092,7,0.101960784313725,3.23669437485075,26.1428571428571,3.0282120182066,0,6.368,1,1.06884668424492,0.972711556537156,2.958336
158.488074436329,137,0.777072388156131,13.2073395363607,137,0.298039215686275,16.9858322590865,74.0656934306569,10.6910736707739,-6.34252346048191,41.847,0.931972789115646,1.58878638218728,0.850600465163112,23.3988058536585
50.664098947737,14,0.776885809450014,4.22200824564475,14,0.0941176470588235,5.73515417076876,24.0714285714286,3.61109116841841,74.3969043060883,12.364,0.875,1.58820531060717,0.731747350762581,3.56190171428571
50.664098947737,14,0.824762122153737,4.22200824564475,14,0.111764705882353,5.72380160050161,32.5714285714286,3.23669437485075,0,11.14,1,1.76840966047823,0.862550668662209,4.81050514285714
30.2775902642419,5,0.765092055676006,2.52313252202016,5,0.145098039215686,3.3065591380366,38.8,2.12916258968951,-18.434948822922,4.962,1,1.55298573911107,0.95680770565741,5.837184
70.3587617140205,26,0.799089811068482,5.75362739175159,26,0.0941176470588235,8.78734957440509,28.9615384615385,5.2830571249427,-57.6305710984249,22.76,0.742857142857143,1.66330769601519,0.487001471924324,9.714816
69.0435287010191,26,0.687832175072366,5.75362739175159,26,0.254901960784314,7.2732772746025,72.0384615384615,5.27945198189709,85.4291798882376,19.377,0.838709677419355,1.37765762422731,0.64431867952682,18.9368470588235
40.6216500154385,9,0.66581188486039,3.38513750128654,9,0.125490196078431,4.05369123455442,34.4444444444444,3.02453869019341,-69.6993526774978,7.683,1,1.34026760765133,0.965226527421804,4.1856
23.4529205713402,3,0.730296743340221,1.95441004761168,3,0.0823529411764706,2.58198889747161,21,1.76383420737639,-45,3.093,1,1.4638501094228,0.969873184255889,4.12444097560976
203.108250077192,225,0.396952554412394,16.9256875064327,225,0.419607843137255,17.8400252886832,91.8355555555556,16.3742732997285,10.9218931141823,56.171,0.914634146341463,1.08951554442291,0.803708507971128,59.7789257142857
60.5551805284838,20,0.521749356033386,5.04626504404032,20,0.0862745098039216,5.78522372510455,23.95,4.93536757670127,59.2951920303953,14.142,0.909090909090909,1.17219713328248,0.841340539041536,8.2944
69.0435287010191,26,0.731087668781795,5.75362739175159,26,0.113725490196078,7.37600407968846,28.8846153846154,5.03252612914054,-5.25253193495867,17.789,0.838709677419355,1.46566632550165,0.745796190569146,5.84496
35.8249279286511,7,0.3530939318019,2.98541066072092,7,0.0901960784313725,3.23669437485075,23.1428571428571,3.0282120182066,0,6.368,1,1.06884668424492,0.972711556537156,3.17705142857143
95.7461472963438,50,0.372017799002245,7.97884560802865,50,0.145098039215686,8.39068309622752,39.8,7.78844681854787,-35.4135868744707,22.652,0.961538461538462,1.07732431018794,0.944400469857599,3.91391999999999
63.5108091408147,22,0.632018247971433,5.29256742840123,22,0.101960784313725,6.20087891482271,26.1363636363636,4.80539284639925,-29.2326040474058,14.514,0.88,1.29039999705105,0.886886295814312,3.76210285714286
33.1674383492482,6,0.74535599249993,2.76395319577068,6,0.109803921568627,3.46410161513775,26.8333333333333,2.3094010767585,0,5.516,1,1.5,1,8.54784
35.8249279286511,4,0.946293340047108,2.25675833419103,4,0.0823529411764706,4.82054554554521,21.75,1.55852728881817,72.3912035159037,6.55,0.8,3.09301324406108,0.535154955391986,2.16246857142857
35.8249279286511,7,0.856222400720973,2.98541066072092,7,0.141176470588235,4.31282648363321,27.5714285714286,2.22803805452514,8.34962211699681,6.922,1,1.93570593413962,0.868563960642361,7.62788571428571
121.110361056968,80,0.485828865289143,10.0925300880806,80,0.109803921568627,11.0653542354615,30.0375,9.6717166165279,-64.3093915912761,32.568,0.888888888888889,1.14409413284008,0.788369943927333,26.239464
91.8364782879097,46,0.45866802569171,7.65303985732581,46,0.109803921568627,8.28724807318747,30.4130434782609,7.36411243896046,-67.097132476738,22.561,0.938775510204082,1.12535599393392,0.875011637167595,2.15898352941176
46.9058411426803,12,0.693586330201989,3.90882009522336,12,0.237254901960784,4.8833462798072,59.0833333333333,3.5178333294395,15.7673959525942,10.313,0.923076923076923,1.38816874550031,0.833009592532742,12.7282447058824
27.0811000102923,4,0,2.25675833419103,4,0.111764705882353,2.3094010767585,28.5,2.3094010767585,0,3.556,1,1,1,12.6111472941176
40.6216500154385,9,0,3.38513750128654,9,0.12156862745098,3.46410161513775,31,3.46410161513775,0,7.476,1,1,1,6.92804571428571
59.0218891123912,19,0.557573389750089,4.91849075936594,19,0.105882352941176,5.62575530991329,27.2105263157895,4.67009503403969,-80.5376777919744,13.679,0.95,1.20463401042333,0.843880356768337,8.1316224
27.0811000102923,4,0,2.25675833419103,4,0.096078431372549,2.3094010767585,25,2.3094010767585,0,3.556,1,1,1,11.386656
33.1674383492482,5,0.743786467142022,2.52313252202016,5,0.0862745098039216,3.52984968658715,22.2,2.35941260841915,-34.0992952568241,5.814,1,1.49607138403495,0.783413778480016,8.59324235294118
27.0811000102923,4,0,2.25675833419103,4,0.133333333333333,2.3094010767585,34.75,2.3094010767585,0,3.556,1,1,1,8.840448
83.4695560596246,38,0.589863484484829,6.95579633830205,38,0.16078431372549,7.85591171949635,37.9473684210526,6.34367215797825,-46.2865138030747,19.286,0.974358974358974,1.23838551612668,0.949353906018042,13.92768
27.0811000102923,4,0.926288770965505,2.25675833419103,4,0.092156862745098,4.35577130154731,23.25,1.64131746937741,-50.3098276380776,5.905,1,2.65382619926635,0.61418581838528,10.60992
119.586899644005,78,0.692855356951469,9.96557497033376,78,0.109803921568627,12.4397476235815,29.5641025641026,8.97001084601942,62.2703492390964,35.223,0.857142857142857,1.38681522655035,0.665952546705172,22.032
30.2775902642419,5,0.765092055676006,2.52313252202016,5,0.12156862745098,3.3065591380366,33,2.12916258968951,-18.434948822922,4.962,1,1.55298573911107,0.95680770565741,11.5012224
42.8189787876665,10,0.657535505639407,3.56824823230554,10,0.0980392156862745,4.25832517937902,25.9,3.20832251080426,0,8.146,1,1.32727466301745,0.986295854136924,2.66976
66.3348766984964,24,0.659553933801396,5.52790639154137,24,0.092156862745098,6.79197844621568,25.1666666666667,5.10523978188939,-84.8972325852202,16.4,0.923076923076923,1.33039362231524,0.789771019739735,7.11072
35.8249279286511,7,0.3530939318019,2.98541066072092,7,0.0941176470588235,3.23669437485075,24.7142857142857,3.0282120182066,90,6.368,1,1.06884668424492,0.972711556537156,4.94208
35.8249279286511,5,0.576018432884783,2.52313252202016,5,0.0823529411764706,3.40196021924615,24,2.78088714861523,0,6.368,1,1.22333630868127,0.694793968955111,5.99616
54.1622000205846,16,0.647503631622839,4.51351666838205,16,0.101960784313725,6.28376876555026,26.625,4.78862368199483,-37.5621589991806,17.343,0.727272727272727,1.31222856145016,0.479154070881701,3.151872
35.8249279286511,7,0.3530939318019,2.98541066072092,7,0.0980392156862745,3.23669437485075,26.4285714285714,3.0282120182066,0,6.368,1,1.06884668424492,0.972711556537156,0.0403200000000002
187.623364570721,192,0.709401522030493,15.6352803808934,192,0.203921568627451,18.7721871474691,53.5052083333333,13.2307232724256,75.8249577523883,49.712,0.927536231884058,1.41883302680758,0.86369830288719,24.4551876923077
35.8249279286511,7,0.779483762953957,2.98541066072092,7,0.105882352941176,3.87912606750787,27.7142857142857,2.42997158517582,45,6.186,1,1.59636684279466,1,7.7262336
27.0811000102923,4,0,2.25675833419103,4,0.0901960784313725,2.3094010767585,23.25,2.3094010767585,0,3.556,1,1,1,4.70781257142857
62.0505953499169,21,0.458849593445812,5.17088294582641,21,0.125490196078431,5.66258396918323,32.6666666666667,5.03128488551437,57.7316725309358,14.233,0.954545454545455,1.12547472425711,0.874178047093363,1.4112
42.8189787876665,10,0.630126037812605,3.56824823230554,10,0.17843137254902,4.25832517937902,45.6,3.3065591380366,-26.565051177078,8.791,1,1.28784183243357,0.882551857914951,10.0865828571429
134.726771466344,99,0.483963064885929,11.2272309555287,99,0.133333333333333,12.1800022168735,38.040404040404,10.6585789582505,-62.6111250128855,34.809,0.933962264150943,1.14274166045796,0.863789526254626,12.0131576470588
57.4476883778063,16,0.854066894929391,4.51351666838205,16,0.092156862745098,7.17195220791948,27.5625,3.73058550283808,5.57073550690849,15.937,0.842105263157895,1.92247361773731,0.552379020602533,7.75714909090909
33.1674383492482,6,0.833333333333333,2.76395319577068,6,0.0980392156862745,4,26.8333333333333,2.21108319357027,0,6.368,1,1.80906806746658,0.833752762746134,7.13754947368421
57.4476883778063,18,0.419579443250393,4.78730736481719,18,0.0941176470588235,5.2033214181089,24.3333333333333,4.72315173049013,87.0265684730132,12.645,0.947368421052632,1.10166298163132,0.907623147548868,0.784826181818182
33.1674383492482,5,0.743786467142022,2.52313252202016,5,0.129411764705882,3.52984968658715,46,2.35941260841915,55.9007047431759,5.814,1,1.49607138403495,0.783413778480016,9.81072
27.0811000102923,4,0,2.25675833419103,4,0.103921568627451,2.3094010767585,26.5,2.3094010767585,0,3.556,1,1,1,10.2152084210526
50.664098947737,14,0.590914564060048,4.22200824564475,14,0.127450980392157,4.90062246075927,36.7857142857143,3.95349946256517,-20.7241333225898,10.776,0.933333333333333,1.23956573338689,0.908258889694757,1.65888
38.2984589185375,8,0.920256814514005,3.19153824321146,8,0.0941176470588235,6.34451355480061,24.875,2.48270304700703,34.918698004607,11.049,0.8,2.55548627229064,0.499227825591977,1.58675478260869
88.791324243983,43,0.658779629994312,7.39927702033192,43,0.231372549019608,9.04453693176104,67.8604651162791,6.80453038971079,79.4571807468281,23.694,0.877551020408163,1.32919340700387,0.750336265973115,8.51447547169811
84.5607076793511,39,0.672610215723854,7.04672563994593,39,0.182352941176471,8.51925162067183,46.6923076923077,6.30422028289709,82.5366562689213,21.825,0.847826086956522,1.35135690670327,0.786241421521899,6.42978635294118
40.6216500154385,9,0.667389883096677,3.38513750128654,9,0.0941176470588235,4.1798509183313,28.2222222222222,3.11277049068599,-78.0187555127109,8.146,0.9,1.34280729364347,0.887666268723232,-3.49584564705882
38.2984589185375,8,0.717405907733603,3.19153824321146,8,0.247058823529412,4.13664260866049,62.75,2.88181446225832,72.703855656245,7.865,1,1.43542988725889,0.829839423823584,-0.661722352941176
38.2984589185375,8,0.580947501931112,3.19153824321146,8,0.0941176470588235,3.65148371670111,24.375,2.97209241668783,-45,6.831,1,1.22859023366791,1,-1.07079344262295
90.8327707927258,45,0.668796081145712,7.56939756606048,45,0.27843137254902,8.9489055027343,68.8444444444444,6.653027079118,86.5158716293107,22.627,0.978260869565217,1.34508779181471,0.851610440664328,9.59746909090909
71.6498558573022,28,0.655931900358233,5.97082132144185,28,0.113725490196078,7.13309763428168,29.9285714285714,5.38420527460877,-1.60324792730172,16.656,0.96551724137931,1.32481903465317,0.897724601851148,1.17548883116883
42.8189787876665,10,0.469668218313862,3.56824823230554,10,0.164705882352941,4.25832517937902,40.9,3.75943258129912,36.869897645844,10.495,0.833333333333333,1.13270422790971,0.675768787653252,3.20818909090909
66.3348766984964,24,0.838069607330194,5.52790639154137,24,0.107843137254902,8.29200427544576,46.3333333333333,4.52381336023178,7.1939715271736,18.732,0.827586206896552,1.83296781170055,0.630348705858618,10.6484417560976
44.9089238221147,11,0.68469019539811,3.74241031850956,11,0.176470588235294,4.49690773447605,52.2727272727273,3.27750029068392,74.9293072239623,8.791,1,1.37205410698459,0.970807043706446,2.861568
50.664098947737,14,0.718118484524192,4.22200824564475,14,0.149019607843137,5.27354213436107,45.5714285714286,3.66996797284994,82.0720993386807,10.867,0.933333333333333,1.43694500152977,0.89649709346031,7.46496
97.6422946830773,52,0.761574105995205,8.13685789025644,52,0.309803921568627,10.2379352798518,78.8846153846154,6.63497893782398,-84.1027752415624,24.248,0.928571428571429,1.54302453342971,0.871047945969003,10.2592209836066
70.3587617140205,27,0.616191359329895,5.86323014283504,27,0.12156862745098,7.58871954150238,33.5555555555556,5.97684876669584,-4.85407208807306,23.339,0.710526315789474,1.26968572197915,0.483858335179804,2.69384051612903
35.8249279286511,7,0.3530939318019,2.98541066072092,7,0.0980392156862745,3.23669437485075,23.8571428571429,3.0282120182066,90,6.368,1,1.06884668424492,0.972711556537156,2.41743673469388
50.664098947737,14,0.196396101212395,4.22200824564475,14,0.127450980392157,4.36435780471985,33.7142857142857,4.27936036926876,0,10.106,1,1.01986218222272,1,1.94809263157895
52.4423246684198,15,0.573736650357177,4.37019372236832,15,0.125490196078431,5.12650715176532,34.2,4.19881358648013,-13.7037877189092,12.364,0.9375,1.22094183182418,0.784015018674194,2.739744
88.791324243983,43,0.398673296511057,7.39927702033192,43,0.172549019607843,7.80180857585365,44.4651162790698,7.1549841683691,56.3099324740202,20.394,0.977272727272727,1.09040193412923,0.975501725579032,2.56608
38.2984589185375,8,0.580947501931112,3.19153824321146,8,0.152941176470588,3.65148371670111,41.875,2.97209241668783,45,6.831,1,1.22859023366791,1,1.84508081632653
75.3905917717706,31,0.548210875645195,6.28254931431422,31,0.109803921568627,6.95403886462477,29.258064516129,5.81594186275442,43.6867971808546,16.747,1,1.19568575971482,0.984834949009111,3.72384
145.836186713916,116,0.524734609686841,12.153015559493,116,0.141176470588235,13.2902885726564,38.0086206896552,11.3135691265683,29.2920568699877,37.853,0.943089430894309,1.17472111797559,0.867390582376288,2.63170723404255
117.264602856701,75,0.700532522924857,9.7720502380584,75,0.0941176470588235,11.9590569389691,33.3333333333333,8.53422790997433,59.9231310617253,31.377,0.903614457831325,1.40130508173938,0.790979022153341,0.294776470588235
66.3348766984964,24,0.523732818495034,5.52790639154137,24,0.127450980392157,6.10832759708956,33.375,5.20357788982956,-88.599860415981,14.514,1,1.17387069558973,0.967512322706522,-2.4022656
48.8211473415386,12,0.744623011054853,3.90882009522336,12,0.0862745098039216,5.37598596134576,20.25,3.58839138350196,-54.7200174140881,11.719,0.857142857142857,1.49816042532664,0.682839837679869,0.548894117647059
33.1674383492482,5,0.743786467142022,2.52313252202016,5,0.101960784313725,3.52984968658715,28.2,2.35941260841915,34.0992952568241,5.814,0.833333333333333,1.49607138403495,0.783413778480016,-1.96992
23.4529205713402,3,0.730296743340221,1.95441004761168,3,0.0862745098039216,2.58198889747161,21.6666666666667,1.76383420737639,45,3.093,1,1.4638501094228,0.969873184255889,-1.44049021276596
74.1646467884524,30,0.508243045686453,6.18038723237103,30,0.109803921568627,6.84851149697762,28.1,5.89803180431017,69.6719951593872,17.326,0.9375,1.16115201209543,0.899906914254469,3.54765913043478
40.6216500154385,9,0.66581188486039,3.38513750128654,9,0.145098039215686,4.05369123455442,40.8888888888889,3.02453869019341,-20.3006473225022,7.683,1,1.34026760765133,0.965226527421804,-0.3402
138.087057402038,104,0.432368742361001,11.5072547835032,104,0.129411764705882,12.3100985658015,35.4807692307692,11.0999775186107,22.8289798040214,36.058,0.920353982300885,1.10902013496531,0.850511314065955,11.459984516129
30.2775902642419,5,0.765092055676006,2.52313252202016,5,0.176470588235294,3.3065591380366,47.2,2.12916258968951,18.434948822922,4.962,1,1.55298573911107,0.95680770565741,4.03850322580645
48.8211473415386,13,0.81127214565619,4.06842894512822,13,0.101960784313725,6.28673720728243,27,3.67565856120543,-29.1962488768755,14.531,0.8125,1.71037029217989,0.523061411977785,2.66615755932203
66.3348766984964,24,0.567955166735713,5.52790639154137,24,0.105882352941176,6.42264337621306,26.5416666666667,5.28621759923208,-2.63511562780329,16.218,0.888888888888889,1.2149790007029,0.804690132132123,5.37463741935484
23.4529205713402,3,0.730296743340221,1.95441004761168,3,0.113725490196078,2.58198889747161,29.6666666666667,1.76383420737639,45,3.093,1,1.4638501094228,0.969873184255889,2.89694117647059
38.2984589185375,8,0.782272678051271,3.19153824321146,8,0.188235294117647,4.27914326017336,45.75,2.66563306281633,19.329904127045,7.774,0.888888888888889,1.60530093952703,0.843733339521361,5.13216
42.8189787876665,10,0.657535505639407,3.56824823230554,10,0.115686274509804,4.25832517937902,33.1,3.20832251080426,90,8.146,1,1.32727466301745,0.986295854136924,0.5358528
105.755076289291,10,0.767326326006719,3.56824823230554,10,0.109803921568627,4.68588428673803,32.4,3.0048552574073,18.2222208782936,8.7,0.909090909090909,1.5594376052513,0.896168406326896,5.019264
27.0811000102923,4,0,2.25675833419103,4,0.137254901960784,2.3094010767585,37.25,2.3094010767585,0,3.556,1,1,1,2.19252705882353
46.9058411426803,12,0.414606192095518,3.90882009522336,12,0.141176470588235,4.8247848899127,41.6666666666667,4.39055877100235,45.7955701355973,12.736,0.75,1.09889996730672,0.598166102840238,1.868544
77.7845377731429,33,0.357442180724223,6.48204481442857,33,0.0980392156862745,6.78219458971128,26.7878787878788,6.33413073130103,81.869897645844,17.508,0.970588235294118,1.07073801874598,0.972525116048225,3.66904421052632
55.8291179001753,17,0.533860307914921,4.65242649168128,17,0.0980392156862745,5.30615111911599,26.1764705882353,4.48673646767899,-13.9897371942401,12.554,0.894736842105263,1.18263043914877,0.867168208021607,5.42722767567568
71.6498558573022,28,0.403205195356238,5.97082132144185,28,0.137254901960784,6.39816019291817,35.2142857142857,5.85501778140658,68.3076440242373,16.491,1,1.09276528813224,0.912877670051885,7.95660387096774
82.3639502109324,37,0.409981578787215,6.8636625175777,37,0.129411764705882,7.28220191886545,31.8648648648649,6.64205124073176,43.7976454884958,18.55,0.973684210526316,1.09637846125125,0.988163271139443,14.5697684210526
78.9542957097545,34,0.810268899013802,6.57952464247954,34,0.133333333333333,9.33013216221089,34.7352941176471,5.46800123688411,-75.5784937833849,27.276,0.772727272727273,1.70631493264394,0.461784234497291,5.59653726315789
83.4695560596246,38,0.475391652667664,6.95579633830205,38,0.252941176470588,7.50450851059613,60.2368421052632,6.60227354105946,38.1512472625441,18.732,1,1.13665519368831,0.998052117609478,9.193824
44.9089238221147,11,0.863049606148065,3.74241031850956,11,0.0941176470588235,5.80775580996734,33.1818181818182,2.93360880249235,45,11.049,0.916666666666667,1.9797308369927,0.686438260188968,5.144472
35.8249279286511,7,0.692995696294582,2.98541066072092,7,0.12156862745098,3.82702156039222,40.5714285714286,2.75905950962527,10.9007047431759,7.22,1,1.38707467056845,0.819322486606751,9.14725161290323
135.405500051462,100,0.730555144877347,11.2837916709551,100,0.274509803921569,14.2301130655405,68.16,9.71708540708585,-55.6084312702445,42.352,0.847457627118644,1.46444252256584,0.607168727198328,25.2714816
38.2984589185375,8,0.580947501931112,3.19153824321146,8,0.117647058823529,3.65148371670111,30.5,2.97209241668783,45,6.831,1,1.22859023366791,1,5.4960768
27.0811000102923,4,0,2.25675833419103,4,0.207843137254902,2.3094010767585,58.25,2.3094010767585,0,3.556,1,1,1,4.624128
48.8211473415386,13,0.643993070909219,4.06842894512822,13,0.137254901960784,5.11545520235358,39.9230769230769,3.91348345936426,-66.4394518016693,11.512,0.928571428571429,1.30713602228552,0.760790335414178,0.264384000000001
166.389064125986,151,0.217834127842427,13.8657553438321,151,0.32156862745098,14.2381173136203,79.8741721854305,13.8962003966664,-50.1688718532645,45.933,0.904191616766467,1.02460506521163,0.787904180004164,22.70592
69.0435287010191,26,0.635766993077322,5.75362739175159,26,0.12156862745098,7.06953483708545,35.3461538461538,5.45683985932808,67.2863908620152,19.493,0.8125,1.29553643121863,0.637731466050964,1.75497365853659
30.2775902642419,5,0.765092055676006,2.52313252202016,5,0.109803921568627,3.3065591380366,29.4,2.12916258968951,-18.434948822922,4.962,1,1.55298573911107,0.95680770565741,3.1062528
27.0811000102923,4,0.7319250547114,2.25675833419103,4,0.0862745098039216,3.05505046330389,22,2.08166599946613,90,4.59,1,1.46759877141069,0.840875939413586,1.66202181818182
82.3639502109324,37,0.299739011026763,6.8636625175777,37,0.149019607843137,7.14863898283606,37.7027027027027,6.81995342258721,16.1572928541705,18.823,0.973684210526316,1.04819469282008,0.963751975406189,7.907328
33.1674383492482,6,0.74535599249993,2.76395319577068,6,0.096078431372549,3.46410161513775,24.5,2.3094010767585,0,5.516,1,1.5,1,2.13696
48.8211473415386,13,0.838350015210558,4.06842894512822,13,0.0980392156862745,5.88279651372069,25.4615384615385,3.20690254230282,-50.6112290347224,11.421,0.928571428571429,1.83441699151118,0.77032822930553,2.6500608
192.447374305955,202,0.778335017314596,16.0372811921629,202,0.376470588235294,20.7881433354337,85.9851485148515,13.0518188792357,70.110482212698,59.943,0.893805309734513,1.59273918277443,0.637844224204309,34.7367876923077
78.9542957097545,34,0.432778370965972,6.57952464247954,34,0.145098039215686,7.08685737088616,39.9117647058824,6.38880440250979,4.57177681131483,19.096,0.944444444444444,1.10926190949,0.863999000095891,5.93209107692308
74.1646467884524,30,0.533960163896273,6.18038723237103,30,0.103921568627451,6.84450761539567,26.8666666666667,5.78709713764754,-72.0760216424902,16.681,0.967741935483871,1.18271863295144,0.959423177381945,1.72268307692308
30.2775902642419,5,0.765092055676006,2.52313252202016,5,0.125490196078431,3.3065591380366,33.8,2.12916258968951,-18.434948822922,4.962,1,1.55298573911107,0.95680770565741,1.56716307692308
69.0435287010191,26,0.534866781756732,5.75362739175159,26,0.125490196078431,6.30831766756176,32.8076923076923,5.33012724146961,0,14.696,1,1.18352102713076,1,4.82111999999998
30.2775902642419,5,0.765092055676006,2.52313252202016,5,0.145098039215686,3.3065591380366,35.4,2.12916258968951,71.565051177078,4.962,1,1.55298573911107,0.95680770565741,2.73396184615385
72.918093356958,29,0.699897745024625,6.0765077797465,29,0.113725490196078,7.86664373518985,33.0344827586207,5.61869568096818,-60.9074022742613,20.237,0.828571428571429,1.40008361047849,0.666762450556308,0.801526153846155
122.614895278807,82,0.450852511057397,10.2179079399006,82,0.227450980392157,10.9155418964305,56.8170731707317,9.74319590197632,80.7487028300434,30.054,0.953488372093023,1.12032458407373,0.935110348200847,11.3408
33.1674383492482,6,0.894482618677882,2.76395319577068,6,0.0862745098039216,4.51354114838608,22.5,2.01801653766021,-12.9331783970473,6.922,0.857142857142857,2.23662247764298,0.74448339483631,2.398464
96.6988687448568,13,0.787291448959024,4.06842894512822,13,0.243137254901961,5.33012724146961,52.6923076923077,3.28645537846402,90,10.106,1,1.62184683120838,0.930849103952713,9.14938434782609
134.726771466344,99,0.845203292460359,11.2272309555287,99,0.096078431372549,19.919576796436,26.020202020202,10.645917035535,-67.4395669185532,68.602,0.510309278350515,1.87110013444088,0.241701205859484,6.279936
46.9058411426803,12,0.472903607729549,3.90882009522336,12,0.103921568627451,4.32462625520298,25.4166666666667,3.81048946659498,-19.8053441200133,9.552,1,1.13492670511629,0.935883941216262,7.78368
69.0435287010191,26,0.79336296789491,5.75362739175159,26,0.156862745098039,7.82389312305733,35.3846153846154,4.76278619049943,46.9725931145188,17.508,0.928571428571429,1.6427134895671,0.766231909613753,8.57738541176471
57.4476883778063,18,0.708239690230453,4.78730736481719,18,0.137254901960784,5.80930373214935,37.7777777777778,4.10120608872605,-77.7641897331476,12.364,1,1.41648666428121,0.940818022409032,6.30020050632911
35.8249279286511,7,0.838373447974913,2.98541066072092,7,0.176470588235294,4.60299252564282,43,2.5090741332522,-26.0625081744509,8.237,0.875,1.83453827236126,0.679408230289372,5.97814468085106
80.1069741374945,35,0.541384665309128,6.67558117812455,35,0.109803921568627,7.3574143520675,27.6,6.18593024237711,-81.5283958062253,17.971,0.972222222222222,1.18937881026609,0.986721909125481,7.50360436363636
77.7845377731429,33,0.357442180724223,6.48204481442857,33,0.16078431372549,6.78219458971128,41.2121212121212,6.33413073130103,-81.869897645844,17.508,0.970588235294118,1.07073801874598,0.972525116048225,6.59486117647059
156.157240500618,133,0.642598277207411,13.0131033750515,133,0.356862745098039,15.0767188201283,87.9172932330827,11.5518312920547,77.7782510855488,42.807,0.910958904109589,1.30513668689899,0.791620581341881,32.078592
69.0435287010191,26,0.38322965143257,5.75362739175159,26,0.292156862745098,6.30723332946345,69.5,5.82569556638878,28.2837199307996,17.624,0.896551724137931,1.08265755695387,0.757695226286235,18.7182276923077
130.580335361391,93,0.488485448655955,10.8816946134492,93,0.311764705882353,11.8792136093436,74.8924731182796,10.3654696626501,58.5218390024921,36.166,0.894230769230769,1.14603717882152,0.756379794787836,25.9056
95.7461472963438,50,0.407457121750607,7.97884560802865,50,0.180392156862745,8.45281305366504,44.32,7.71931461636696,-6.89816267688263,22.677,0.925925925925926,1.09502118695135,0.942572439852914,12.7208670967742
157.908591419509,136,0.644014224237381,13.1590492849591,136,0.311764705882353,15.1268505777248,77.6323529411765,11.5722451397217,29.0062764220548,39.49,0.964539007092199,1.30716644826352,0.94034161709122,29.2277264516129
27.0811000102923,4,0,2.25675833419103,4,0.0882352941176471,2.3094010767585,22.75,2.3094010767585,0,3.556,1,1,1,9.1037729032258
23.4529205713402,3,0.730296743340221,1.95441004761168,3,0.0901960784313725,2.58198889747161,23.3333333333333,1.76383420737639,-45,3.093,1,1.4638501094228,0.969873184255889,5.34692571428572
38.2984589185375,4,0.968245836551854,2.25675833419103,4,0.0803921568627451,4.61880215351701,25,1.15470053837925,0,5.88,1,4.00000000000001,0.617594511485095,5.28274285714286
38.2984589185375,8,0.70787943661486,3.19153824321146,8,0.1,4.05665366514705,24.75,2.86534949137373,-7.01812173396324,7.683,1,1.41576225774894,0.857979135486048,4.23468
280.782821073515,430,0.535030781069795,23.3985684227929,430,0.137254901960784,25.7084632454399,35.9720930232558,21.7193469522948,-22.9748497593976,83.654,0.912951167728238,1.18366649337602,0.71727050703286,14.41152
60.5551805284838,20,0.420197661152245,5.04626504404032,20,0.154901960784314,5.44728846547882,41.7,4.94304714124072,41.4917491276385,13.199,0.952380952380952,1.10201021957309,0.941248402346217,-1.44936
60.5551805284838,20,0.765363946915279,5.04626504404032,20,0.111764705882353,6.67792833348321,40.4,4.29789946829015,-84.259004322626,15.639,0.909090909090909,1.55376559706733,0.712559728100812,-5.602176
44.9089238221147,11,0.47839528325838,3.74241031850956,11,0.129411764705882,4.16333199893227,34.7272727272727,3.65600754711653,-18.434948822922,8.907,0.916666666666667,1.13876460736955,0.952203789976801,-4.40168727272728
23.4529205713402,3,0.730296743340221,1.95441004761168,3,0.133333333333333,2.58198889747161,29.6666666666667,1.76383420737639,45,3.093,1,1.4638501094228,0.969873184255889,-3.08736
66.3348766984964,24,0.902336222569484,5.52790639154137,24,0.0862745098039216,9.15002440736338,21.875,3.94396134900333,7.24462731052679,18.459,0.888888888888889,2.32000864046897,0.646382770523385,-5.2731648
94.7838500360231,49,0.374009465639662,7.89865416966859,49,0.113725490196078,8.28025965844143,30.3061224489796,7.67931887174386,32.0201443959717,22.007,0.98,1.07825443854256,0.973595529866246,3.57130472727273
52.4423246684198,15,0.475270820628803,4.37019372236832,15,0.266666666666667,4.76095228569523,72.6666666666667,4.18887415264134,45,10.751,1,1.1365708570388,0.976640026261239,6.20100654545455
40.6216500154385,9,0,3.38513750128654,9,0.137254901960784,3.46410161513775,33.6666666666667,3.46410161513775,0,7.476,1,1,1,4.76187428571429
55.8291179001753,17,0.882186793135681,4.65242649168128,17,0.0823529411764706,7.30674398225898,21.5882352941176,3.44074304149654,15.2985761713019,15.548,0.85,2.12359478581723,0.611588222693561,-3.39363490909091
93.8116822853606,48,0.574126586935628,7.81764019044672,48,0.12156862745098,8.89679029712835,31.2083333333333,7.28439429099639,84.2268957214513,26.134,0.857142857142857,1.22134935887873,0.703784519876319,5.76743563636364
133.358951558794,97,0.66877126409221,11.1132459632328,97,0.0862745098039216,13.5144997127522,23.0618556701031,10.0476010653944,88.1762692353129,40.648,0.829059829059829,1.34504740233949,0.635681815116116,8.76384
42.8189787876665,10,0.657535505639407,3.56824823230554,10,0.0980392156862745,4.25832517937902,25.3,3.20832251080426,0,8.146,1,1.32727466301745,0.986295854136924,3.47617694117647
85.637957575333,40,0.603352303865745,7.13649646461108,40,0.092156862745098,8.30975119492379,23.7,6.62681686370834,53.4173010478215,21.8,0.909090909090909,1.25395817718036,0.808018847875077,-0.148114285714286
67.7027500257308,25,0.403774997385934,5.64189583547756,25,0.137254901960784,6.1388381093928,36.24,5.61616713901334,18.434948822922,15.275,0.961538461538462,1.09306542299083,0.92625658416518,-7.77787292903226
104.006938095831,59,0.695771260199852,8.66724484131922,59,0.12156862745098,11.618257604836,32.0847457627119,8.34496954658699,-20.9489717376473,38.606,0.746835443037975,1.39224685482378,0.42540148456603,-7.83632290909091
97.6422946830773,52,0.489560568302209,8.13685789025644,52,0.149019607843137,8.87655659833054,38.3846153846154,7.74008479164674,-70.1569788808208,24.736,0.912280701754386,1.1468293742609,0.84081930000471,-5.71066434782609
86.7018239261228,41,0.383881975762765,7.22515199384357,41,0.152941176470588,7.61675323385856,36.8048780487805,7.03317411628041,-77.3451165741869,19.865,1,1.08297521260383,0.973395007753763,-1.57621621621622
70.3587617140205,27,0.776929030868478,5.86323014283504,27,0.109803921568627,8.54128858038271,30,5.37749436336762,-30.772258303559,23.893,0.72972972972973,1.58833984812097,0.464230818062909,0.167862857142857
33.1674383492482,6,0.877058019307029,2.76395319577068,6,0.103921568627451,4.16333199893227,26.6666666666667,2,71.565051177078,6.368,1,2.08166599946613,0.833752762746134,0.718998260869566
67.7027500257308,24,0.455223999910096,5.52790639154137,24,0.0901960784313725,6.52402560432734,24.3333333333333,5.80884200763257,-30.183512190062,18.36,0.8,1.1231198224629,0.652348767050006,-9.81769846153846
30.2775902642419,3,0.942809041582063,1.95441004761168,3,0.0823529411764706,3.46410161513775,22.6666666666667,1.15470053837925,0,3.92,1,3,0.756006962533367,-4.64377263157895
128.456936363,6,0.632455532033676,2.76395319577068,6,0.109803921568627,3.33333333333333,24.3333333333333,2.58198889747161,45,5.905,1,1.2909944487358,0.92127872757792,3.86443636363636
69.0435287010191,26,0.467741199054707,5.75362739175159,26,0.115686274509804,6.22332572162789,30.6923076923077,5.50058271971345,-45,14.994,1,1.13139389747276,0.993389824358402,0.681325714285715
57.4476883778063,18,0.801914611575014,4.78730736481719,18,0.0901960784313725,6.49736531498206,23.2777777777778,3.88177724514841,48.3427407681586,13.497,1,1.67381199503467,0.817051045767443,-5.40731076923077
46.9058411426803,12,0.798167190450659,3.90882009522336,12,0.0901960784313725,5.49957415303454,23.1666666666667,3.31314146355036,52.1783879767283,10.776,0.923076923076923,1.65992735702302,0.778507619738363,2.58829714285714
63.5108091408147,22,0.439753744806047,5.29256742840123,22,0.109803921568627,5.68406016373011,30,5.1049589675732,0,13.77,1,1.11343895217089,0.966637248352517,-3.74235428571428
33.1674383492482,6,0.74535599249993,2.76395319577068,6,0.125490196078431,3.46410161513775,34.8333333333333,2.3094010767585,90,5.516,1,1.5,1,6.12654545454545
33.1674383492482,6,0.74535599249993,2.76395319577068,6,0.123529411764706,3.46410161513775,32.1666666666667,2.3094010767585,0,5.516,1,1.5,1,6.2709587027027
52.4423246684198,15,0.475270820628803,4.37019372236832,15,0.125490196078431,4.76095228569523,31.5333333333333,4.18887415264134,45,10.751,1,1.1365708570388,0.976640026261239,-5.923584
27.0811000102923,4,0,2.25675833419103,4,0.172549019607843,2.3094010767585,44.25,2.3094010767585,0,3.556,1,1,1,6.33287314285714
85.637957575333,40,0.49345370099571,7.13649646461108,40,0.115686274509804,7.73848318744588,31.475,6.73071650155346,-61.1692956563215,19.658,0.952380952380952,1.14972650915543,0.966975965660405,2.02316108108108
117.264602856701,75,0.831735293583539,9.7720502380584,75,0.149019607843137,13.5496044227829,36.64,7.52236650023657,77.996475938762,35.223,0.862068965517241,1.80124225831815,0.640338987216511,6.66859034482759
62.0505953499169,21,0.553598895135553,5.17088294582641,21,0.266666666666667,5.97691931844627,75.2857142857143,4.97747944987579,-83.4884601646975,16.193,0.84,1.20079236461648,0.705925882474603,0.679752
77.7845377731429,33,0.502057602231226,6.48204481442857,33,0.133333333333333,7.09068304267613,32.3333333333333,6.13226507594667,-27.1230563727816,17.698,0.970588235294118,1.15629102050542,0.954872426533051,1.5404524137931
233.74613439301,298,0.405272654212722,19.4788445327509,298,0.309803921568627,20.9662372163144,77.5604026845638,19.1672473237794,-32.9835000153775,70.297,0.87905604719764,1.09385749879187,0.694348396387681,7.59942
55.8291179001753,14,0.842920193110983,4.22200824564475,14,0.0862745098039216,6.70271756035202,24.6428571428571,3.60632085306678,-85.8831443771168,14.713,0.777777777777778,1.85860266832667,0.551871551293938,-0.607613023255814
44.9089238221147,11,0.848964551560678,3.74241031850956,11,0.105882352941176,5.3234767213015,27.8181818181818,2.81319020400894,24.3372497604148,9.643,1,1.89232733489377,0.845724202624386,1.64363294117647
33.1674383492482,6,0.456435464587639,2.76395319577068,6,0.117647058823529,3.2659863237109,29.6666666666667,2.90593262902712,-26.565051177078,6.277,0.857142857142857,1.12390297389803,0.849941598934415,2.80923428571429
40.6216500154385,9,0.66581188486039,3.38513750128654,9,0.101960784313725,4.05369123455442,28.4444444444444,3.02453869019341,-69.6993526774978,7.683,1,1.34026760765133,0.965226527421804,1.340928
38.2984589185375,8,0.70787943661486,3.19153824321146,8,0.0862745098039216,4.05665366514705,22.625,2.86534949137373,82.9818782660368,7.683,0.888888888888889,1.41576225774894,0.857979135486048,0.799133538461538
54.1622000205846,16,0.684169250916662,4.51351666838205,16,0.145098039215686,5.42614457216939,45.375,3.95741351751158,69.6148043058871,11.33,1,1.37113408749393,0.960057373958077,8.02184123076923
127.741293266218,89,0.614019035207279,10.6451077721848,89,0.254901960784314,12.1619230705117,63.7078651685393,9.59929905498831,13.3864765238993,31.749,0.967391304347826,1.26695949369259,0.918720014654783,12.0132378947368
48.8211473415386,13,0.505789614981344,4.06842894512822,13,0.137254901960784,4.47037145070718,39.0769230769231,3.85639661754271,45,9.461,1,1.15920946262931,1,2.02957849180328
60.5551805284838,20,0.268543077764787,5.04626504404032,20,0.268627450980392,5.26624470883507,69.6,5.07280330126581,-45,12.827,1,1.03813303928441,0.985613343937918,5.35070117647059
27.0811000102923,4,0,2.25675833419103,4,0.0901960784313725,2.3094010767585,23,2.3094010767585,0,3.556,1,1,1,1.26808615384615
38.2984589185375,8,0.782272678051271,3.19153824321146,8,0.123529411764706,4.27914326017336,31.75,2.66563306281633,-19.329904127045,7.774,0.888888888888889,1.60530093952703,0.843733339521361,-0.197485714285714
42.8189787876665,10,0.849207775608447,3.56824823230554,10,0.133333333333333,5.26624470883507,38.7,2.78088714861523,-10.304846468766,9.643,1,1.893728305896,0.768840184203987,6.77376000000001
142.658546477408,111,0.641140420325033,11.8882122064507,111,0.0862745098039216,19.6266708037866,22.036036036036,15.0619701032469,-88.9608432794452,82.016,0.509174311926605,1.30306133057293,0.192347298624089,13.25484
50.664098947737,14,0.759173525248725,4.22200824564475,14,0.141176470588235,6.28852960122736,47.5,4.0931302425379,18.4965129611517,16.218,0.7,1.53636195982081,0.469402577077072,9.05835789473684
62.0505953499169,21,0.438759692884286,5.17088294582641,21,0.2,5.64849851986327,52.2857142857143,5.0757658251209,19.3827599522293,14.051,0.91304347826087,1.11283670572583,0.892784027308098,11.9829394285714
62.0505953499169,21,0.533168363637298,5.17088294582641,21,0.145098039215686,5.73523268513445,35.1904761904762,4.85205937690641,-51.0473785385061,13.29,1,1.18202030099457,0.977394382636051,6.1565346
520.210943556737,1475,0.722441977456839,43.3362242065961,1475,0.258823529411765,60.864377178737,73.6013559322034,42.0835506908957,-6.7088054145958,246.254,0.62420651713923,1.44627476007875,0.29800553857108,-27.9936
50.664098947737,14,0.847347184515868,4.22200824564475,14,0.137254901960784,6.08066286885181,33.4285714285714,3.22907101494912,-29.0346589481411,11.421,0.933333333333333,1.88309976482435,0.829584246944417,5.25312
59.0218891123912,18,0.865222189759073,4.78730736481719,18,0.0901960784313725,7.88622484519096,28.4444444444444,3.9540635028942,-31.3641502336448,16.772,0.75,1.99446084753535,0.570404746769085,8.208
484.630642221504,1281,0.894442395722321,40.385886851792,1281,0.196078431372549,75.0299395890217,64.8790007806401,33.552127337972,76.563929408961,250.952,0.584664536741214,2.23622004152649,0.249328294411677,-49.7692276363636
555.657715360903,1683,0.830189893901644,46.291059112849,1683,0.329411764705882,67.5083457490283,80.7272727272727,37.6346004005095,-40.9232126686565,233.901,0.765,1.79378404528282,0.376392709495745,53.44704
52.4423246684198,15,0.4618802153517,4.37019372236832,15,0.125490196078431,4.76095228569523,32.8,4.2226900325635,75.9637565320735,10.867,0.9375,1.12746904200424,0.960532600136046,0.876342857142857
50.664098947737,14,0.884202622170557,4.22200824564475,14,0.129411764705882,6.67887950094872,29.4285714285714,3.11972830006536,-29.7366280969094,12.736,0.875,2.14085293927961,0.697860453313611,0.555428571428571
217.493437983772,258,0.781511009702695,18.1244531653143,258,0.276470588235294,23.3026972546626,69.7054263565891,14.5383535852923,67.2319527382857,58.04,0.952029520295203,1.60284292976866,0.866139836536663,24.201504
50.664098947737,14,0.756835350769043,4.22200824564475,14,0.113725490196078,5.7082094844078,34.2857142857143,3.73091756042144,80.8221492005561,12.182,0.875,1.52997470245979,0.749232663230803,9.02625882352941
64.9381965576721,23,0.924928066265477,5.41151637980601,23,0.247058823529412,9.7702711250747,60.3478260869565,3.71409210324047,56.3735943464639,19.286,0.766666666666667,2.63059473311131,0.574608943116183,6.37632000000001
62.0505953499169,21,0.766881356681033,5.17088294582641,21,0.258823529411765,6.6626781478756,75.8571428571429,4.27603284122938,-73.685013188737,14.787,0.954545454545455,1.5581447559603,0.820987904673463,16.27776
27.0811000102923,4,0,2.25675833419103,4,0.109803921568627,2.3094010767585,27.25,2.3094010767585,0,3.556,1,1,1,8.70230674285714
44.9089238221147,11,0.68469019539811,3.74241031850956,11,0.105882352941176,4.49690773447605,27,3.27750029068392,74.9293072239623,8.791,1,1.37205410698459,0.970807043706446,8.626176
44.9089238221147,11,0.848964551560678,3.74241031850956,11,0.117647058823529,5.3234767213015,29.6363636363636,2.81319020400894,65.6627502395852,9.643,1,1.89232733489377,0.845724202624386,7.01980251428571
62.0505953499169,21,0.577885651741386,5.17088294582641,21,0.109803921568627,6.04765381963931,28.2380952380952,4.93559759711161,14.5768944231221,15.25,0.875,1.22531338923953,0.780172216179237,8.50645028571429
33.1674383492482,6,0.74535599249993,2.76395319577068,6,0.135294117647059,3.46410161513775,35,2.3094010767585,0,5.516,1,1.5,1,8.010432
180.14530112165,177,0.621956823163837,15.0121084268041,177,0.207843137254902,17.706316429935,63.9604519774011,13.8649583009693,82.6157167599098,55.932,0.834905660377358,1.27705515195795,0.637376962902876,17.6105192727273
55.8291179001753,17,0.471362556619427,4.65242649168128,17,0.105882352941176,5.09064320221188,27.4705882352941,4.48963948943543,78.6900675259798,12.157,0.944444444444444,1.13386458182014,0.912758368119037,6.38724342857143
44.9089238221147,11,0.47839528325838,3.74241031850956,11,0.180392156862745,4.16333199893227,58,3.65600754711653,-18.434948822922,8.907,0.916666666666667,1.13876460736955,0.952203789976801,11.9937024
38.2984589185375,8,0.547722557505166,3.19153824321146,8,0.103921568627451,3.65148371670111,26.875,3.05505046330389,0,7.22,1,1.1952286093344,0.936368556122002,6.03926574545455
96.6988687448568,51,0.260867930162558,8.0582390620714,51,0.125490196078431,8.25571697341291,34.6862745098039,7.96985863578245,-23.198590513648,22.098,1,1.0358674288584,1,10.761984
38.2984589185375,8,0.580947501931112,3.19153824321146,8,0.113725490196078,3.65148371670111,29,2.97209241668783,45,6.831,1,1.22859023366791,1,5.71076129032258
54.1622000205846,16,0.665719023448946,4.51351666838205,16,0.0784313725490196,5.41602560309064,17.875,4.04145188432738,90,11.992,1,1.34011878852098,0.877901450638556,5.03588571428571
27.0811000102923,4,0.870424023370417,2.25675833419103,4,0.133333333333333,3.43590880093359,34,1.69150742780922,-31.717474411461,4.408,1,2.03127030035195,0.881907054258295,7.2088094117647
38.2984589185375,8,0.580947501931112,3.19153824321146,8,0.103921568627451,3.65148371670111,27.125,2.97209241668783,-45,6.831,1,1.22859023366791,1,5.774976
96.6988687448568,51,0.612982257656274,8.0582390620714,51,0.192156862745098,9.14859144789396,46.6862745098039,7.22827166048165,-79.8360961276466,22.47,0.962264150943396,1.26566790480649,0.977027681342957,11.4024436363636
33.1674383492482,6,0.74535599249993,2.76395319577068,6,0.190196078431373,3.46410161513775,52.3333333333333,2.3094010767585,0,5.516,1,1.5,1,4.81944774193548
44.9089238221147,11,0.786338456323699,3.74241031850956,11,0.109803921568627,4.9898866532733,29.3636363636364,3.08273175028809,87.5364450261755,9.461,1,1.61865743031549,0.87032758986768,1.36669090909091
30.2775902642419,5,0.765092055676006,2.52313252202016,5,0.0862745098039216,3.3065591380366,23.2,2.12916258968951,18.434948822922,4.962,1,1.55298573911107,0.95680770565741,5.821632
82.3639502109324,37,0.609130689937692,6.8636625175777,37,0.0941176470588235,7.91161345545186,19.7567567567568,6.27446217417057,10.4670034739194,19.931,0.948717948717949,1.26092296611824,0.873411268441902,2.14121739130435
251.504553800608,345,0.661563708898662,20.9587128167173,345,0.380392156862745,24.6209430735429,91.936231884058,18.4629735062579,-33.1504067626003,67.609,0.942622950819672,1.33353075901874,0.866101508064069,15.805251147541
134.726771466344,99,0.64516255002758,11.2272309555287,99,0.12156862745098,13.1874083072736,32.7070707070707,10.0757778851329,-87.8465324281854,36.306,0.908256880733945,1.30882284798398,0.7994734557595,9.20210823529412
42.8189787876665,10,0.630126037812604,3.56824823230554,10,0.127450980392157,4.25832517937902,30.7,3.3065591380366,26.565051177078,8.791,1,1.28784183243357,0.882551857914951,8.7257479245283
38.2984589185375,8,0.580947501931112,3.19153824321146,8,0.0823529411764706,3.65148371670111,20.625,2.97209241668783,-45,6.831,1,1.22859023366791,1,8.6592
66.3348766984964,22,0.506594892300652,5.29256742840123,22,0.0862745098039216,6.97499156335754,22.2272727272727,6.01372760343668,-72.1870738969633,21.172,0.733333333333333,1.1598449453167,0.467664357819738,5.84325307317073
33.1674383492482,6,0.74535599249993,2.76395319577068,6,0.125490196078431,3.46410161513775,33,2.3094010767585,0,5.516,1,1.5,1,6.60096
27.0811000102923,4,0,2.25675833419103,4,0.13921568627451,2.3094010767585,35.5,2.3094010767585,0,3.556,1,1,1,4.135968
115.690509957628,71,0.854380675556678,9.50789186287878,71,0.101960784313725,15.6518269152506,35.3239436619718,8.13343478985298,89.6735569389269,46.57,0.702970297029703,1.92438094355626,0.361037953086816,-4.29873230769231
33.1674383492482,5,0.889463640050389,2.52313252202016,5,0.0941176470588235,4.25308721534519,30.2,1.94368613858668,84.847576765617,6.55,1,2.18815534612896,0.668943694239983,2.006208
77.7845377731429,33,0.561835239716902,6.48204481442857,33,0.137254901960784,7.30854425921325,34.7272727272727,6.04598705813803,76.4718632920057,18.641,0.942857142857143,1.2088256539312,0.873986378270231,3.21408000000001
86.7018239261228,41,0.488700109283938,7.22515199384357,41,0.172549019607843,7.87541859719998,42.3414634146341,6.87092340106357,89.4845409072848,20.328,0.953488372093023,1.1461950799773,0.935368234385524,-1.27008
82.3639502109324,37,0.278921945106611,6.8636625175777,37,0.27843137254902,7.20258443342329,69.3243243243243,6.91674105482918,54.112537555677,20.99,0.925,1.04132630907073,0.798435092512095,8.62472930232558
46.9058411426803,12,0.571051554197848,3.90882009522336,12,0.143137254901961,4.51422459329779,36.0833333333333,3.70579106701613,-34.7219773902083,9.734,1,1.21815410304084,0.90961298884306,8.08704
30.2775902642419,3,0.942809041582063,1.95441004761168,3,0.0823529411764706,3.46410161513775,21.3333333333333,1.15470053837925,0,3.92,1,3,0.756006962533367,2.19770181818182
121.864950046315,81,0.766960335690048,10.1554125038596,81,0.156862745098039,12.9134040022272,41.3827160493827,8.28646044673938,64.634681080079,31.534,0.952941176470588,1.55837393845384,0.846539247701372,47.9710989473684
50.664098947737,14,0.651304894522229,4.22200824564475,14,0.0980392156862745,5.08260442728005,27.0714285714286,3.85676227281259,59.2371018050372,10.958,1,1.31784229043848,0.884962296491316,7.952256
23.4529205713402,3,0.730296743340221,1.95441004761168,3,0.149019607843137,2.58198889747161,39,1.76383420737639,-45,3.093,1,1.4638501094228,0.969873184255889,-0.614674285714284
38.2984589185375,8,0.580947501931112,3.19153824321146,8,0.096078431372549,3.65148371670111,24.25,2.97209241668783,45,6.831,1,1.22859023366791,1,12.793464
38.2984589185375,8,0.920807131143691,3.19153824321146,8,0.096078431372549,5.44569777843147,24,2.12392146103691,8.67701231813066,8.882,1,2.56398265111595,0.695394645344052,4.47020307692308
207.572700984108,235,0.542417452814278,17.297725082009,235,0.113725490196078,19.121713772546,31.2893617021277,16.0643258273432,-59.9573433382859,57.379,0.936254980079681,1.19032158448871,0.806253070900423,56.94624
88.791324243983,43,0.063367123473396,7.39927702033192,43,0.156862745098039,7.48538627940723,39.046511627907,7.47034278147663,78.6900675259787,20.394,1,1.00201376273762,0.975501725579032,1.04976
46.9058411426803,12,0.571051554197848,3.90882009522336,12,0.12156862745098,4.51422459329779,32.6666666666667,3.70579106701613,34.7219773902083,9.734,1,1.21815410304084,0.90961298884306,1.08864
33.1674383492482,6,0.74535599249993,2.76395319577068,6,0.109803921568627,3.46410161513775,26.6666666666667,2.3094010767585,0,5.516,1,1.5,1,-1.8792
59.0218891123912,19,0.343536660081082,4.91849075936594,19,0.133333333333333,5.26299583397865,31.3157894736842,4.9426860507528,-51.2644038545758,13.679,0.95,1.06480480045401,0.843880356768337,-2.97432
137.421573733937,103,0.568807638384596,11.4517978111614,103,0.145098039215686,12.7971258968281,39.1067961165049,10.5252596796698,-7.14350761304352,34.437,0.971698113207547,1.21584894684799,0.916570902288376,11.0317903448276
46.9058411426803,12,0.782340092326444,3.90882009522336,12,0.125490196078431,5.2171369250871,35.6666666666667,3.24950151295095,-68.0404620933303,10.313,0.923076923076923,1.60551915556712,0.833009592532742,-0.0272842105263158
44.9089238221147,11,0.490430914305132,3.74241031850956,11,0.168627450980392,4.23073608162005,44.9090909090909,3.68700219085054,-39.6901723619224,9.552,0.916666666666667,1.14747316725735,0.857893612781573,-4.20067705263158
78.9542957097545,34,0.368757718289333,6.57952464247954,34,0.176470588235294,6.91653986070723,43.9117647058824,6.42910050732864,-71.5650511770779,18.153,0.971428571428571,1.07581765953463,0.942215202884336,0.791670857142857
30.2775902642419,5,0.765092055676006,2.52313252202016,5,0.125490196078431,3.3065591380366,31,2.12916258968951,71.565051177078,4.962,1,1.55298573911107,0.95680770565741,-2.48832
82.3639502109324,37,0.452103268104608,6.8636625175777,37,0.125490196078431,7.37843896804898,31.8378378378378,6.58131375520293,16.1940574267005,19.079,1,1.1211194667958,0.941673420149202,-1.07106711864407
110.834178517301,67,0.467580093774963,9.23618154310838,67,0.156862745098039,9.97913294764465,39.5522388059701,8.82106164407138,69.0461340458054,27.01,0.985294117647059,1.13128479884863,0.926113366449065,8.15996745762711
69.0435287010191,26,0.71383311208391,5.75362739175159,26,0.127450980392157,7.21788759119931,35,5.05480107503627,-88.4667572494371,16.565,0.928571428571429,1.42792712988167,0.841317907229592,5.906304
50.664098947737,14,0.660613165612352,4.22200824564475,14,0.225490196078431,5.07676874868021,56.5714285714286,3.81126472451274,7.57285307221509,11.049,1,1.33204306592197,0.873648694785959,1.98664258064516
27.0811000102923,4,0,2.25675833419103,4,0.092156862745098,2.3094010767585,23.5,2.3094010767585,0,3.556,1,1,1,-0.824617674418604
70.3587617140205,27,0.400940435068763,5.86323014283504,27,0.133333333333333,6.21557219160637,35.0740740740741,5.69411132289679,-81.999488573077,15.548,0.964285714285714,1.09157897328293,0.971346000748597,-0.881112774193548
93.8116822853606,48,0.373067481097375,7.81764019044672,48,0.154901960784314,8.29085880187769,42.7083333333333,7.69229371186186,-83.198750753218,22.379,0.941176470588235,1.07781360312501,0.926124962494278,8.0098314893617
38.2984589185375,8,0.580947501931112,3.19153824321146,8,0.1,3.65148371670111,25.25,2.97209241668783,-45,6.831,1,1.22859023366791,1,3.657984
30.2775902642419,3,0.942809041582063,1.95441004761168,3,0.0823529411764706,3.46410161513775,25.3333333333333,1.15470053837925,0,3.92,1,3,0.756006962533367,2.428704
130.580335361391,93,0.620057450165125,10.8816946134492,93,0.184313725490196,12.4105125383182,47.4301075268817,9.73674714768343,-8.09759741481631,32.27,0.98936170212766,1.27460561007491,0.931969914758185,8.50829837837838
38.2984589185375,8,0.70787943661486,3.19153824321146,8,0.0980392156862745,4.05665366514705,26.125,2.86534949137373,-82.9818782660368,7.683,0.888888888888889,1.41576225774894,0.857979135486048,-4.68884438709677
93.8116822853606,48,0.339828867588194,7.81764019044672,48,0.137254901960784,8.15766091269306,37.9166666666667,7.67217639628691,76.1038503421122,22.007,0.941176470588235,1.06327859154035,0.953726233338363,5.82977828571429
66.3348766984964,24,0.574717566567462,5.52790639154137,24,0.201960784313725,6.18979878767913,61.875,5.06543316906542,-19.6048839962283,14.142,1,1.2219683057868,1,3.77088
35.8249279286511,7,0.353093931801899,2.98541066072092,7,0.152941176470588,3.23669437485075,35.7142857142857,3.0282120182066,0,6.368,1,1.06884668424492,0.972711556537156,0.43344
71.6498558573022,28,0.611100632795033,5.97082132144185,28,0.127450980392157,6.77530529974568,35.2142857142857,5.36301265725756,-45,15.548,1,1.26333941997637,1,3.11533714285714
27.0811000102923,4,0,2.25675833419103,4,0.1,2.3094010767585,25.75,2.3094010767585,0,3.556,1,1,1,-1.25238857142857
54.1622000205846,16,0.601732619771035,4.51351666838205,16,0.125490196078431,5.40522554298743,32.75,4.31714066207054,-78.1562368316396,12.827,0.888888888888889,1.25203832028837,0.788490675150335,-0.386742857142857
27.0811000102923,4,0,2.25675833419103,4,0.192156862745098,2.3094010767585,49,2.3094010767585,0,3.556,1,1,1,-1.09365677419355
87.7527934971774,42,0.475175825725207,7.31273279143145,42,0.233333333333333,7.85951650101686,62.4523809523809,6.91551677406178,-48.8305615930329,19.931,1,1.13650458205752,0.991439818231348,4.47161806451613
106.618397358971,62,0.405186445096543,8.88486644658095,62,0.125490196078431,9.41854163857675,33.4677419354839,8.6107517070115,-8.47431375966536,25.861,0.925373134328358,1.09381177846616,0.926249331905046,10.6171664516129
38.2984589185375,8,0.888530723879311,3.19153824321146,8,0.107843137254902,5.76034028775758,30.375,2.6429427606181,38.3797400424064,10.404,0.727272727272727,2.17951760953401,0.547903189385298,-3.35074909090909
38.2984589185375,8,0.580947501931112,3.19153824321146,8,0.0980392156862745,3.65148371670111,27,2.97209241668783,-45,6.831,1,1.22859023366791,1,-1.48608
35.8249279286511,7,0.353093931801899,2.98541066072092,7,0.105882352941176,3.23669437485075,27.5714285714286,3.0282120182066,0,6.368,1,1.06884668424492,0.972711556537156,1.20528
116.480215438923,73,0.907688838690716,9.64087582980233,73,0.292156862745098,16.5956276582906,75.3698630136986,6.96425330660729,79.9131048247045,38.589,0.768421052631579,2.3829730091158,0.526773136006691,10.8911127272727
35.8249279286511,7,0.353093931801899,2.98541066072092,7,0.129411764705882,3.23669437485075,33.1428571428571,3.0282120182066,0,6.368,1,1.06884668424492,0.972711556537156,3.4089984
23.4529205713402,3,0.730296743340221,1.95441004761168,3,0.109803921568627,2.58198889747161,29,1.76383420737639,-45,3.093,1,1.4638501094228,0.969873184255889,-2.16
63.5108091408147,22,0.679620412878795,5.29256742840123,22,0.107843137254902,6.61611019482717,29.5909090909091,4.85334004386299,-66.1746551582891,15.548,0.956521739130435,1.36320763330671,0.791467111721079,-3.74308363636364
42.8189787876665,10,0.676387462923434,3.56824823230554,10,0.0941176470588235,4.61880215351701,24.2,3.40196021924615,-39.8055710922652,9.643,0.909090909090909,1.35768846660426,0.768840184203987,3.13339810909091
40.6216500154385,7,0.425570006499581,2.98541066072092,7,0.0745098039215686,4.40661833009072,20.4285714285714,3.98766131762277,-34.0992952568241,11.438,0.636363636363636,1.10506333890906,0.413825381092693,4.8587904
116.480215438923,74,0.67640078974351,9.70668461991024,74,0.188235294117647,11.7651826308054,50.2297297297297,8.66545413637565,64.9498316534965,31.832,0.891566265060241,1.35771102652517,0.760258157824944,8.13566867256637
46.9058411426803,12,0.472903607729549,3.90882009522336,12,0.0980392156862745,4.32462625520298,24.6666666666667,3.81048946659497,-70.1946558799867,9.552,1,1.1349267051163,0.935883941216262,0.845390769230769
50.664098947737,14,0.196396101212394,4.22200824564475,14,0.141176470588235,4.36435780471985,37.7857142857143,4.27936036926876,90,10.106,1,1.01986218222272,1,0.356118260869565
195.753460603764,209,0.541863928266914,16.312788383647,209,0.196078431372549,17.8872203559045,53.1961722488038,15.0336046520956,-63.7753742857016,50.754,0.954337899543379,1.1898158006577,0.904169069485949,4.69465043478261
46.9058411426803,12,0.661437827766148,3.90882009522336,12,0.129411764705882,4.61880215351701,32.75,3.46410161513775,90,9.436,1,1.33333333333334,0.953226395020662,-13.6121806451613
52.4423246684198,15,0.700153476796753,4.37019372236832,15,0.105882352941176,5.52244055682722,26.7333333333333,3.94298043879934,39.2381391480513,12.157,0.9375,1.4005751848236,0.805375030693268,-5.57829818181818
67.7027500257308,25,0.532405638869235,5.64189583547756,25,0.152941176470588,6.24155676126054,44.36,5.28341138495097,32.6680926437682,14.994,1,1.18134975804434,0.95518252342154,-6.26563459459459
30.2775902642419,5,0.765092055676006,2.52313252202016,5,0.109803921568627,3.3065591380366,27,2.12916258968951,-18.434948822922,4.962,1,1.55298573911107,0.95680770565741,-8.722944
38.2984589185375,8,0.580947501931112,3.19153824321146,8,0.092156862745098,3.65148371670111,23.5,2.97209241668783,45,6.831,1,1.22859023366791,1,-13.1314176
30.2775902642419,3,0.942809041582063,1.95441004761168,3,0.0823529411764706,3.46410161513775,22,1.15470053837925,90,3.92,1,3,0.756006962533367,-1.52692363636364
50.664098947737,14,0.829463290476709,4.22200824564475,14,0.109803921568627,5.91161184871543,26.0714285714286,3.30199719657387,-33.7199947961133,11.239,0.933333333333333,1.79031401203165,0.850715470304237,-1.36056147239264
71.6498558573022,28,0.701218746380601,5.97082132144185,28,0.0980392156862745,7.5292018995769,25.4642857142857,5.36791580745748,88.9930166091285,18.178,0.848484848484849,1.40263040063274,0.774123212738656,-8.24150204081633
102.228910701358,57,0.58774934347632,8.51907589177983,57,0.145098039215686,9.60152542487157,38.8070175438597,7.76804772585902,49.591331147925,24.637,0.966101694915254,1.23602811976928,0.928248467904984,-11.0675118987342
76.5969178370751,32,0.723206189817554,6.38307648642292,32,0.0862745098039216,8.08352611263506,22.84375,5.58274325515815,43.0075819830234,20.138,0.888888888888889,1.44794874906101,0.74200885623803,-0.601176774193548
40.6216500154385,9,0,3.38513750128654,9,0.137254901960784,3.46410161513775,37,3.46410161513775,0,7.476,1,1,1,-11.313216
42.8189787876665,10,0.587407799848354,3.56824823230554,10,0.103921568627451,4.08574758561188,28.4,3.3065591380366,90,8.328,1,1.23564933063255,0.955243026453948,-1.310256
30.2775902642419,5,0.765092055676006,2.52313252202016,5,0.113725490196078,3.3065591380366,34.4,2.12916258968951,71.565051177078,4.962,1,1.55298573911107,0.95680770565741,-7.299936
154.386023581936,130,0.691990223347065,12.8655019651614,130,0.223529411764706,15.3161398477089,61.0076923076923,11.0568265974489,76.5253769827581,42.906,0.915492957746479,1.38522022686353,0.770440945416237,0.75976704
48.8211473415386,13,0.817192583151351,4.06842894512822,13,0.207843137254902,5.45138978261585,57,3.14198870585735,75.1275593515289,10.106,1,1.73501253281187,0.930849103952713,-9.43488
44.9089238221147,11,0.781582173964939,3.74241031850956,11,0.0980392156862745,5.03353163418305,23.4545454545455,3.13992859380271,-9.99155326094999,9.643,1,1.60307200747105,0.845724202624386,-3.1200768
33.1674383492482,5,0.889463640050389,2.52313252202016,5,0.111764705882353,4.25308721534519,29.6,1.94368613858668,5.15242323438302,6.55,0.833333333333333,2.18815534612896,0.668943694239983,-12.0538368
77.7845377731429,33,0.366819412921567,6.48204481442857,33,0.0941176470588235,6.86602241643191,25.2121212121212,6.38740688102297,19.8688023002025,18.55,0.916666666666667,1.07493111748226,0.881334809394639,-14.7540215172414
27.0811000102923,4,0,2.25675833419103,4,0.129411764705882,2.3094010767585,33,2.3094010767585,0,3.556,1,1,1,-0.499549090909089
129.168614586553,90,0.699607164212668,10.7047446969166,90,0.101960784313725,13.4937283558939,27.5555555555556,9.64164251390737,32.5246196871333,41.5,0.825688073394495,1.39952589368774,0.567509339200366,26.5797818181818
69.0435287010191,26,0.286267882758966,5.75362739175159,26,0.16078431372549,6.00854092959049,38.3461538461538,5.75708122410196,-10.3048464687661,15.366,0.962962962962963,1.04367833207491,0.953857167638373,-10.7505434482759
42.8189787876665,10,0.587407799848354,3.56824823230554,10,0.103921568627451,4.08574758561188,26.3,3.3065591380366,90,8.328,1,1.23564933063255,0.955243026453948,1.46304
33.1674383492482,6,0.74535599249993,2.76395319577068,6,0.133333333333333,3.46410161513775,36.5,2.3094010767585,0,5.516,1,1.5,1,-5.32470857142857
40.6216500154385,9,0.66581188486039,3.38513750128654,9,0.0980392156862745,4.05369123455442,26.5555555555556,3.02453869019341,20.3006473225022,7.683,1,1.34026760765133,0.965226527421804,2.25504
87.7527934971774,42,0.771038143347086,7.31273279143145,42,0.158823529411765,9.59402153631869,42.6666666666667,6.10936701083875,-78.5684312486017,25.166,0.875,1.57037898022786,0.658647851444752,-9.02125136842105
64.9381965576721,23,0.709198062970253,5.41151637980601,23,0.23921568627451,6.8525050085419,55.6086956521739,4.83107973206813,76.5205847984176,16.284,0.92,1.41842101322729,0.765930114029014,5.2785852631579
72.918093356958,29,0.464326942479775,6.0765077797465,29,0.0980392156862745,6.63750316941278,27.2068965517241,5.87859674364979,22.905750341856,16.863,0.966666666666667,1.1290965274294,0.910643594464426,-2.67203368421053
286.279379305449,447,0.490061948629391,23.8566149421207,447,0.145098039215686,25.7222828515776,38.1163310961969,22.4217952195243,15.64607247318,83.083,0.919753086419753,1.14719997215831,0.755535864195411,24.2690953846154
255.841158760168,357,0.552160479958986,21.3200965633473,357,0.223529411764706,23.4912475995636,61.9131652661064,19.5855422935241,85.0214818971857,68.651,0.952,1.19941777702683,0.870399845881901,30.661632
55.8291179001753,17,0.610958500409594,4.65242649168128,17,0.176470588235294,5.30899411292551,46.5882352941176,4.20293221204544,74.8283755578802,11.421,1,1.26316434457595,1,-5.04278068965517
27.0811000102923,4,0,2.25675833419103,4,0.156862745098039,2.3094010767585,39.5,2.3094010767585,0,3.556,1,1,1,-8.03918769230769
23.4529205713402,3,0.730296743340221,1.95441004761168,3,0.0941176470588235,2.58198889747161,26,1.76383420737639,-45,3.093,1,1.4638501094228,0.969873184255889,-3.87072
138.087057402038,104,0.759665781565211,11.5072547835032,104,0.201960784313725,14.4532558994827,50.1923076923077,9.3991502311527,-5.99444371116415,35.661,0.962962962962963,1.53771942612201,0.868003975189761,2.45880906801008
116.480215438923,74,0.601874096347321,9.70668461991024,74,0.105882352941176,11.2075757078859,28.0675675675676,8.95026899996742,61.8572786305284,31.212,0.936708860759494,1.25220545973833,0.787947460788502,0.463215483870968
54.1622000205846,16,0.632983080859772,4.51351666838205,16,0.203921568627451,5.27732525148406,53.125,4.08552381668684,4.83667771620175,11.33,0.941176470588235,1.29171325104738,0.960057373958077,-6.92352
46.9058411426803,11,0.753374452271702,3.74241031850956,11,0.0862745098039216,5.10368569164655,21.7272727272727,3.35614170241998,31.717474411461,10.867,0.846153846153846,1.5207002993844,0.7043905734331,2.07002482758621
88.791324243983,43,0.399166578483479,7.39927702033192,43,0.101960784313725,8.32444393393031,25.9767441860465,7.63250302676098,-15.5742904930975,24.637,0.895833333333333,1.09065714153578,0.700257616138848,6.67797165354331
59.0218891123912,19,0.508644361881473,4.91849075936594,19,0.12156862745098,5.39655510650488,36.1578947368421,4.64630831723022,45,12.182,1,1.16147158949665,1,2.5560576
44.9089238221147,11,0.724342457709562,3.74241031850956,11,0.101960784313725,4.67806444435336,35.0909090909091,3.22524641413449,41.0282640947048,9.089,1,1.45045179303261,0.924075689838654,-5.280552
89.8178476442293,44,0.505697095729686,7.48482063701911,44,0.0862745098039216,8.45971975233052,23.3409090909091,7.29829415924666,23.469813481702,25.58,0.862745098039216,1.15913658284277,0.670263397388691,0.369718468085106
23.4529205713402,3,0.730296743340221,1.95441004761168,3,0.0980392156862745,2.58198889747161,27.3333333333333,1.76383420737639,-45,3.093,1,1.4638501094228,0.969873184255889,-7.8813
33.1674383492482,6,0.74535599249993,2.76395319577068,6,0.172549019607843,3.46410161513775,45.3333333333333,2.3094010767585,90,5.516,1,1.5,1,-4.42317176470588
40.6216500154385,9,0,3.38513750128654,9,0.125490196078431,3.46410161513775,30.6666666666667,3.46410161513775,0,7.476,1,1,1,-8.325504
52.4423246684198,15,0.763970589633197,4.37019372236832,15,0.145098039215686,5.96000773971836,37.5333333333333,3.84570134742785,23.6119806201927,12.736,0.882352941176471,1.54978434394149,0.747707628550297,-4.28907789473684
140.064538357428,107,0.515106929643314,11.672044863119,107,0.176470588235294,12.772779241917,46.3551401869159,10.9478802205098,-28.50690963803,36.141,0.963963963963964,1.16668971386702,0.8713514428278,6.80979063829787
83.4695560596246,38,0.594174938456163,6.95579633830205,38,0.0980392156862745,7.96031202092756,25.3421052631579,6.40276425107693,-23.3629899208941,20.113,0.926829268292683,1.24326177081854,0.883031076006443,12.9001846153846
50.664098947737,14,0.196396101212394,4.22200824564475,14,0.152941176470588,4.36435780471985,40,4.27936036926876,90,10.106,1,1.01986218222272,1,-9.78294857142857
35.8249279286511,7,0.856222400720973,2.98541066072092,7,0.0862745098039216,4.31282648363321,22.4285714285714,2.22803805452514,-8.34962211699681,6.922,1,1.93570593413962,0.868563960642361,2.58974608695652
250.774495500558,343,0.723079817844427,20.8978746250465,343,0.196078431372549,25.5231138212204,56.3177842565598,17.6304606350699,76.1397163115609,67.03,0.96078431372549,1.44767141083374,0.875349154919858,59.291136
52.4423246684198,15,0.751178844766985,4.37019372236832,15,0.0862745098039216,5.79277876628829,21.2,3.82380594991657,-80.5783873115265,13.1,0.882352941176471,1.51492487907622,0.714568545436397,3.96775384615385
101.328197895474,30,0.524813289017424,6.18038723237103,30,0.113725490196078,7.22369275942057,39.4333333333333,6.1489327552516,-53.634733881061,19.865,0.882352941176471,1.1747880562283,0.712240249575924,0.75828705882353
42.8189787876665,9,0.913743208260138,3.38513750128654,9,0.105882352941176,5.78661246009458,28.8888888888889,2.35105548970894,-66.3546949786807,9.552,0.9,2.46128280911437,0.701912955912196,0.71579076923077
42.8189787876665,9,0.913743208260138,3.38513750128654,9,0.105882352941176,5.78661246009458,28.8888888888889,2.35105548970894,-66.3546949786807,9.552,0.9,2.46128280911437,0.701912955912196,-8.12376
147.088022436023,118,0.574832063469308,12.2573352030019,118,0.323529411764706,13.6921367877956,80.9830508474576,11.203884061744,78.2665237343918,37.737,0.944,1.22208840365885,0.88736031052998,14.7751975384615
46.9058411426803,12,0.803276538696098,3.90882009522336,12,0.180392156862745,5.30391722881827,45.9166666666667,3.15904623912912,17.1368527669374,10.288,1,1.67896156856521,0.836113874855151,4.40335058823529
33.1674383492482,6,0.74535599249993,2.76395319577068,6,0.131372549019608,3.46410161513775,35,2.3094010767585,90,5.516,1,1.5,1,-0.225061463414634
166.939112119249,152,0.567246014167332,13.9115926766041,152,0.133333333333333,15.608873211243,36.9078947368421,12.8546624856557,62.1606791381187,45.784,0.926829268292683,1.21425772389284,0.797960257322455,16.9196936170213
85.637957575333,40,0.769722505068381,7.13649646461108,40,0.152941176470588,9.40519696290339,47.825,6.00407667802965,-45.5247881263576,21.916,0.909090909090909,1.56646849586702,0.800554983854877,7.24986793220339
40.6216500154385,9,0.667389883096677,3.38513750128654,9,0.12156862745098,4.1798509183313,40.4444444444444,3.11277049068599,-11.9812444872891,8.146,0.9,1.34280729364347,0.887666268723232,16.010496
54.1622000205846,16,0.684169250916662,4.51351666838205,16,0.092156862745098,5.42614457216939,24,3.95741351751158,69.6148043058871,11.33,1,1.37113408749393,0.960057373958077,5.25586909090909
436.459628975116,1039,0.715056370526166,36.3716357479264,1039,0.16078431372549,43.7405456986151,42.7593840230991,30.5775631900144,24.1489153480529,127.072,0.927678571428571,1.43047846641028,0.770039083905068,-14.23008
38.2984589185375,8,0.547722557505166,3.19153824321146,8,0.127450980392157,3.65148371670111,33.5,3.05505046330389,90,7.22,1,1.1952286093344,0.936368556122002,9.722304
44.9089238221147,11,0.312268197420687,3.74241031850956,11,0.149019607843137,4.65800061152526,46.2727272727273,4.42507256636893,90,12.918,0.6875,1.05263824302603,0.535961382246114,13.9687454117647
84.5607076793511,39,0.562887500365214,7.04672563994593,39,0.145098039215686,7.88082268057712,37.6666666666667,6.51376412139517,73.5882197919728,19.402,0.951219512195122,1.2098722848578,0.964335632004918,5.2488
33.1674383492482,6,0.632455532033676,2.76395319577068,6,0.103921568627451,3.33333333333333,29.5,2.58198889747161,45,5.905,1,1.2909944487358,0.92127872757792,13.4479058823529
64.9381965576721,23,0.125858163044163,5.41151637980601,23,0.0941176470588235,5.52727099368949,24,5.48331949558032,90,14.026,1,1.0080154910077,0.98066099090024,4.4928
23.4529205713402,3,0.730296743340221,1.95441004761168,3,0.0823529411764706,2.58198889747161,22,1.76383420737639,45,3.093,1,1.4638501094228,0.969873184255889,5.28768
35.8249279286511,6,0.833333333333333,2.76395319577068,6,0.133333333333333,4,40.8333333333333,2.21108319357027,53.130102354156,6.186,1,1.80906806746658,0.866606557577131,16.7369142857143
30.2775902642419,5,0.765092055676006,2.52313252202016,5,0.168627450980392,3.3065591380366,39.4,2.12916258968951,71.565051177078,4.962,1,1.55298573911107,0.95680770565741,12.97728
30.2775902642419,5,0.765092055676006,2.52313252202016,5,0.0980392156862745,3.3065591380366,25.8,2.12916258968951,-71.565051177078,4.962,1,1.55298573911107,0.95680770565741,16.50456
191.01296394206,199,0.573586291946036,15.9177469951717,199,0.180392156862745,17.7576563855235,49.1256281407035,14.5460979835038,77.8254083927676,49.729,0.952153110047847,1.22078487341841,0.894611719364515,17.0498057142857
59.0218891123912,19,0.435664198286473,4.91849075936594,19,0.145098039215686,5.33889138029751,36.8421052631579,4.80558564781539,-72.5039899007207,12.827,1,1.11097622049969,0.936332676741022,12.5248839344262
59.0218891123912,19,0.432519474519885,4.91849075936594,19,0.172549019607843,5.34859981149525,43.5789473684211,4.82242912062134,-31.717474411461,13.307,1,1.10910905639316,0.882482240002037,14.7001427027027
35.8249279286511,7,0.779483762953957,2.98541066072092,7,0.101960784313725,3.87912606750787,26.1428571428571,2.42997158517582,-45,6.186,1,1.59636684279466,1,7.53948
46.9058411426803,12,0.571051554197848,3.90882009522336,12,0.101960784313725,4.51422459329779,26,3.70579106701613,-34.7219773902083,9.734,1,1.21815410304084,0.90961298884306,7.14039652173913
118.043778224782,76,0.592397539916127,9.83698151873187,76,0.150980392156863,11.0649270958085,38.9342105263158,8.91441203959741,-80.519108169488,28.747,0.962025316455696,1.24124025753562,0.939188466338661,13.0147776
52.4423246684198,15,0.61926699007173,4.37019372236832,15,0.235294117647059,5.21192588202724,66.8666666666667,4.0923024950956,-47.3493402586497,11.81,1,1.27359252847839,0.843191481122624,13.2069888
33.1674383492482,6,0.74535599249993,2.76395319577068,6,0.125490196078431,3.46410161513775,32.6666666666667,2.3094010767585,90,5.516,1,1.5,1,9.99046956521739
88.791324243983,43,0.524917556642226,7.39927702033192,43,0.137254901960784,8.37509774102908,46.3255813953488,7.12849020380447,69.3515323510242,26.134,0.86,1.17487679741207,0.630473632389203,7.788096
57.4476883778063,18,0.570423794156919,4.78730736481719,18,0.101960784313725,5.38401841759365,27,4.42216638714053,90,12.066,1,1.21750697424008,0.978050832064206,7.22363586206896
33.1674383492482,6,0.632455532033676,2.76395319577068,6,0.0901960784313725,3.33333333333333,24.1666666666667,2.58198889747161,-45,5.905,1,1.2909944487358,0.92127872757792,9.59740540540541
44.9089238221147,11,0.68469019539811,3.74241031850956,11,0.235294117647059,4.49690773447605,64.2727272727273,3.27750029068392,15.0706927760377,8.791,1,1.37205410698459,0.970807043706446,12.6858578823529
44.9089238221147,11,0.258109284021837,3.74241031850956,11,0.109803921568627,3.98481967958249,29.8181818181818,3.84979696076539,-45,9.271,1,1.03507268570087,0.897175783408548,10.0922672432432
70.3587617140205,27,0.747310996226109,5.86323014283504,27,0.105882352941176,7.81516846298264,30.6296296296296,5.19297964975803,15.5767175457791,19.195,0.870967741935484,1.50494879434908,0.680048332180547,-0.8736
38.2984589185375,8,0.547722557505166,3.19153824321146,8,0.0862745098039216,3.65148371670111,22.25,3.05505046330389,0,7.22,1,1.1952286093344,0.936368556122002,2.89559630769231
30.2775902642419,5,0.901281139438573,2.52313252202016,5,0.0941176470588235,4.16333199893227,23.4,1.80369990112916,45,5.814,1,2.30821767874241,0.783413778480016,3.69024
120.351040963123,79,0.68839015306507,10.0292534135935,79,0.247058823529412,11.949468518787,65.746835443038,8.66743475698082,-67.1776442536268,29.781,0.963414634146341,1.3786626440035,0.915901769726789,2.73053288135593
60.5551805284838,20,0.383661650001982,5.04626504404032,20,0.166666666666667,5.3416601664027,45.1,4.93288286231625,-63.434948822922,12.645,0.952380952380952,1.08286783114378,1,-6.68736
42.8189787876665,10,0.657535505639407,3.56824823230554,10,0.149019607843137,4.25832517937902,49,3.20832251080426,0,8.146,1,1.32727466301745,0.986295854136924,7.70848744186046
94.7838500360231,49,0.684648104140462,7.89865416966859,49,0.125490196078431,9.40009962421576,32.3061224489796,6.85148605729969,-33.1816162673837,23.322,0.924528301886792,1.37197967646752,0.879241823196512,-1.582848
40.6216500154385,9,0,3.38513750128654,9,0.156862745098039,3.46410161513775,41.5555555555556,3.46410161513775,0,7.476,1,1,1,8.98683428571429
66.3348766984964,24,0.532539617280638,5.52790639154137,24,0.272549019607843,6.31864381366994,69.625,5.3481322098232,24.5392676793694,16.102,0.888888888888889,1.18146739193623,0.814420684538037,3.69841371428571
139.408494758524,106,0.309591155206884,11.6173745632104,106,0.192156862745098,12.0056406813789,50.9811320754717,11.4158007752102,-70.671940553555,35.496,0.946428571428571,1.05166872808866,0.892268600695632,6.93303652173913
54.1622000205846,16,0.653818619840043,4.51351666838205,16,0.174509803921569,5.4439498662478,53.125,4.11917182458407,54.3515509196827,12.918,0.941176470588235,1.32161271684691,0.779580192357984,-0.185300425531914
40.6216500154385,9,0.66581188486039,3.38513750128654,9,0.12156862745098,4.05369123455442,31.8888888888889,3.02453869019341,69.6993526774978,7.683,1,1.34026760765133,0.965226527421804,-0.0345600000000002
48.8211473415386,13,0.505789614981344,4.06842894512822,13,0.109803921568627,4.47037145070718,30.0769230769231,3.85639661754271,-45,9.461,1,1.15920946262931,1,-1.83325090909091
46.9058411426803,12,0.625162953246884,3.90882009522336,12,0.107843137254902,4.56647495512171,28.0833333333333,3.56410746748772,57.9331783970473,9.552,0.923076923076923,1.28123941176795,0.935883941216262,-1.92297056603774
235.309671117536,302,0.704655628419664,19.6091392597946,302,0.196078431372549,23.4450261384812,53.3344370860927,16.6354057874162,51.1661865461078,64.847,0.934984520123839,1.40934501015996,0.821002924288254,59.40864
136.752851645112,102,0.790874733171211,11.396070970426,102,0.219607843137255,15.3047558489239,62.4117647058824,9.36617492461867,-69.8020942205958,42.633,0.836065573770492,1.63404548517409,0.611731802934152,10.4164591304348
48.8211473415386,13,0.758264331570203,4.06842894512822,13,0.149019607843137,5.33347506975367,52.0769230769231,3.47714435020893,-55.1615684148315,10.685,0.928571428571429,1.53386645263467,0.854521275045973,-6.29777454545455
57.4476883778063,18,0.570423794156919,4.78730736481719,18,0.111764705882353,5.38401841759365,29.2222222222222,4.42216638714053,90,12.066,1,1.21750697424008,0.978050832064206,-3.59210426966292
59.0218891123912,19,0.508644361881473,4.91849075936594,19,0.129411764705882,5.39655510650488,44.6842105263158,4.64630831723022,-45,12.182,1,1.16147158949665,1,-3.05856
35.8249279286511,7,0.692995696294582,2.98541066072092,7,0.101960784313725,3.82702156039222,28.4285714285714,2.75905950962527,-10.9007047431759,7.22,0.875,1.38707467056845,0.819322486606751,-6.23808
35.8249279286511,7,0.353093931801899,2.98541066072092,7,0.133333333333333,3.23669437485075,34.2857142857143,3.0282120182066,0,6.368,1,1.06884668424492,0.972711556537156,-1.99584
38.2984589185375,8,0.717405907733603,3.19153824321146,8,0.186274509803922,4.13664260866049,47.25,2.88181446225832,-72.703855656245,7.865,1,1.43542988725889,0.829839423823584,-2.13284571428571
166.939112119249,152,0.406715856869366,13.9115926766041,152,0.12156862745098,14.9274728649303,32.7105263157895,13.6370631736302,76.3378710467995,46.735,0.888888888888889,1.09462518981325,0.767820845302461,11.07072
38.2984589185375,8,0.866025403784439,3.19153824321146,8,0.103921568627451,4.61880215351701,25.625,2.3094010767585,0,7.476,1,2,0.891759474057926,-4.88054634146341
96.6988687448568,51,0.601124368599106,8.0582390620714,51,0.223529411764706,9.14163744448827,60.7843137254902,7.30558973007095,-79.1318053311079,23.578,0.944444444444444,1.25132094495532,0.897677571074593,6.72064673684211
69.0435287010191,26,0.663865990977179,5.75362739175159,26,0.0980392156862745,6.96256256665714,25.6923076923077,5.20696323158983,-38.5669190994719,16.772,0.928571428571429,1.33716376647647,0.823917967555346,8.20446072289157
80.1069741374945,35,0.722516069615883,6.67558117812455,35,0.16078431372549,8.78154258320984,38.3428571428571,6.0711557077693,40.9901571316428,23.132,0.921052631578947,1.4464367257081,0.637146033432144,6.2208
46.9058411426803,12,0,3.90882009522336,12,0.101960784313725,4,26.0833333333333,4,0,8.816,1,1,1,5.59071860869565
35.8249279286511,7,0.800313910155302,2.98541066072092,7,0.12156862745098,4.16333199893227,28.1428571428571,2.49625569944403,59.0362434679265,7.402,1,1.66783074340483,0.791280870059082,9.24628114285714
55.8291179001753,17,0.790075819017227,4.65242649168128,17,0.0941176470588235,6.23537485774419,25.7647058823529,3.82234175105301,88.8233515669458,13.588,0.894736842105263,1.63129705919844,0.763287328043639,-2.09828571428571
35.8249279286511,7,0.92011867066248,2.98541066072092,7,0.0823529411764706,5.53378343663325,21.1428571428571,2.16724912448938,-24.5428083899874,9.18,0.875,2.55336748050921,0.579394288598645,-2.84244082758621
33.1674383492482,6,0.456435464587638,2.76395319577068,6,0.135294117647059,3.2659863237109,32,2.90593262902712,-63.434948822922,6.277,0.857142857142857,1.12390297389803,0.849941598934415,-2.87681505882353
30.2775902642419,5,0.765092055676006,2.52313252202016,5,0.0980392156862745,3.3065591380366,30,2.12916258968951,-71.565051177078,4.962,1,1.55298573911107,0.95680770565741,-2.616768
55.8291179001753,17,0.790075819017227,4.65242649168128,17,0.0941176470588235,6.23537485774419,25.7647058823529,3.82234175105301,88.8233515669458,13.588,0.894736842105263,1.63129705919844,0.763287328043639,-1.96194461538462
67.7027500257308,25,0.642181864688643,5.64189583547756,25,0.137254901960784,6.57155129609089,34.24,5.03743786358828,-26.1202950648225,15.639,0.961538461538462,1.30454240311161,0.890699660126015,1.93916745762712
60.5551805284838,19,0.874492340484932,4.91849075936594,19,0.156862745098039,8.02786322005962,51,3.89382935444381,24.6881751947421,16.863,0.791666666666667,2.06168850488989,0.596628561890486,4.24074498876404
69.0435287010191,26,0.654217781607715,5.75362739175159,26,0.117647058823529,6.93325680548308,29.3076923076923,5.24366522767357,11.512746004264,16.838,0.962962962962963,1.32221576024584,0.818483545494033,2.30317714285714
118.81784408086,77,0.800367658309571,9.90148700673831,77,0.219607843137255,13.6542729987511,56.5324675324675,8.18586604743376,55.0670982847697,34.553,0.895348837209302,1.66803034885132,0.680992737310334,8.1643606779661
62.0505953499169,21,0.489648937252659,5.17088294582641,21,0.109803921568627,5.68767706930555,28.8571428571429,4.9591975371921,39.6078510662187,13.472,1,1.14689463903185,0.956097192775476,3.60224780487805
74.1646467884524,30,0.661689985935981,6.18038723237103,30,0.0941176470588235,7.49788145993473,24.7,5.62174313135963,-16.9942401729873,18.823,0.909090909090909,1.33372893153184,0.781420520599613,3.27154120481928
23.4529205713402,3,0.730296743340221,1.95441004761168,3,0.101960784313725,2.58198889747161,26.6666666666667,1.76383420737639,45,3.093,1,1.4638501094228,0.969873184255889,4.23178105263158
38.2984589185375,8,0.547722557505166,3.19153824321146,8,0.103921568627451,3.65148371670111,27.625,3.05505046330389,90,7.22,1,1.1952286093344,0.936368556122002,6.92434285714286
120.351040963123,79,0.61394447154221,10.0292534135935,79,0.274509803921569,11.3906120178048,68.0759493670886,8.99117067368371,21.5292208279742,29.111,0.975308641975309,1.26686639940492,0.954350031687115,13.7470254545455
62.0505953499169,21,0.395615026718155,5.17088294582641,21,0.109803921568627,5.54714340580773,28.7619047619048,5.09458767891675,41.9729040529425,14.233,0.91304347826087,1.08883068766562,0.874178047093363,1.20645818181818
30.2775902642419,5,0.765092055676006,2.52313252202016,5,0.12156862745098,3.3065591380366,33.6,2.12916258968951,-71.565051177078,4.962,1,1.55298573911107,0.95680770565741,-0.969839999999999
254.043236563259,352,0.527367194073672,21.1702697136049,352,0.36078431372549,23.1895387868811,88.0625,19.7027012316633,-50.6766453032356,66.062,0.959128065395095,1.17697256402662,0.923624076347718,37.6236423529412
62.0505953499169,21,0.890592541227334,5.17088294582641,21,0.0901960784313725,8.74441646357542,23.0952380952381,3.97697873389752,-77.6220053447942,19.584,0.75,2.1987586679916,0.510973906600652,3.7870848
149.560263178116,80,0.442783797084713,10.0925300880806,80,0.145098039215686,10.7477710707092,46.6875,9.63675690667219,61.6590908525292,29.417,0.941176470588235,1.11528921760678,0.948349899602258,-54.44496
91.8364782879097,46,0.415225870222638,7.65303985732581,46,0.149019607843137,8.15315999159139,37.9565217391304,7.41707925649963,-60.3976009425538,21.982,0.978723404255319,1.09924131988299,0.915807528064139,1.92024
54.1622000205846,16,0.801783725737273,4.51351666838205,16,0.113725490196078,6.11010092660779,31.875,3.65148371670111,45,11.909,0.941176470588235,1.67332005306815,0.887610933827287,-6.63909517241379
90.8327707927258,45,0.571610394160108,7.56939756606048,45,0.176470588235294,8.57933831713847,40.0444444444444,7.03956304519251,0.97903371461702,22.007,0.957446808510638,1.21873165451619,0.894118343754716,2.05431069767442
123.360281446966,83,0.537792783068452,10.2800234539138,83,0.168627450980392,11.287622526668,42.6867469879518,9.51633556986511,-48.0209476190904,30.608,0.954022988505747,1.18613119974583,0.915695090203258,3.93737142857143
44.9089238221147,11,0.68469019539811,3.74241031850956,11,0.180392156862745,4.49690773447605,45.1818181818182,3.27750029068392,-15.0706927760377,8.791,1,1.37205410698459,0.970807043706446,0.53568
54.1622000205846,11,0.825584125272449,3.74241031850956,11,0.0980392156862745,5.18614098014067,27.7272727272727,2.92643073222728,-13.282525588539,9.552,0.916666666666667,1.77217281209781,0.857893612781573,-1.477248
137.421573733937,103,0.611952400441588,11.4517978111614,103,0.133333333333333,13.1642888921453,35.2912621359223,10.4115649251048,88.0144899693397,36.637,0.911504424778761,1.26439099086853,0.817990501814991,6.13049806451613
50.664098947737,14,0.824762122153737,4.22200824564475,14,0.288235294117647,5.72380160050161,78.9285714285714,3.23669437485075,90,11.14,1,1.76840966047823,0.862550668662209,3.51216
40.6216500154385,9,0.667389883096677,3.38513750128654,9,0.117647058823529,4.1798509183313,31.6666666666667,3.11277049068599,-11.9812444872891,8.146,0.9,1.34280729364347,0.887666268723232,-0.485222400000001
38.2984589185375,8,0.76533286778399,3.19153824321146,8,0.125490196078431,4.26009462802185,34.875,2.7419446433081,-65.5929625828548,7.501,1,1.55367638016285,0.887574816669867,-0.6912
35.8249279286511,6,0.833333333333333,2.76395319577068,6,0.0941176470588235,4,25.3333333333333,2.21108319357027,53.130102354156,6.186,0.857142857142857,1.80906806746658,0.866606557577131,0.364667586206896
35.8249279286511,7,0.856222400720973,2.98541066072092,7,0.0941176470588235,4.31282648363321,23,2.22803805452514,81.6503778830032,6.922,1,1.93570593413962,0.868563960642361,-0.69984
63.5108091408147,22,0.458639928819089,5.29256742840123,22,0.0803921568627451,5.74480241791975,19.9090909090909,5.1049589675732,-71.565051177078,13.96,0.956521739130435,1.12533762845321,0.945277736803858,-0.38969379310345
23.4529205713402,3,0.730296743340221,1.95441004761168,3,0.0941176470588235,2.58198889747161,24,1.76383420737639,45,3.093,1,1.4638501094228,0.969873184255889,-0.8829
147.088022436023,118,0.604197496239758,12.2573352030019,118,0.290196078431373,13.8261150485651,71.2627118644068,11.0171269044265,-89.7763992886894,36.976,0.959349593495935,1.25496557936625,0.921344701651968,19.5042816
59.0218891123912,19,0.667712060632636,4.91849075936594,19,0.133333333333333,5.81118709857687,33.4736842105263,4.32596182221201,-4.23202283198134,12.827,1,1.34332833654214,0.936332676741022,-0.1907712
78.9542957097545,34,0.480536851676636,6.57952464247954,34,0.109803921568627,7.2307226808648,28.3823529411765,6.34115965722921,89.2773854328149,19.121,0.971428571428571,1.14028396566572,0.86205961707929,-5.8419172173913
35.8249279286511,7,0.353093931801899,2.98541066072092,7,0.113725490196078,3.23669437485075,28.4285714285714,3.0282120182066,0,6.368,1,1.06884668424492,0.972711556537156,-3.59832436363636
42.8189787876665,10,0.587407799848354,3.56824823230554,10,0.123529411764706,4.08574758561188,34.4,3.3065591380366,0,8.328,1,1.23564933063255,0.955243026453948,-1.79266064516129
30.2775902642419,5,0.765092055676006,2.52313252202016,5,0.125490196078431,3.3065591380366,35.2,2.12916258968951,71.565051177078,4.962,1,1.55298573911107,0.95680770565741,-3.124224
100.419406462608,55,0.570602883042657,8.368283871884,55,0.156862745098039,9.33900497333918,40.6545454545455,7.66943487403143,86.7379785168863,23.851,0.982142857142857,1.21769141100094,0.948600505924588,4.04994816
284.028973089753,439,0.717218288286885,23.6421691081579,439,0.133333333333333,28.51831170384,36.2027334851936,19.8729446771654,78.9363874427642,83.422,0.916492693110647,1.43503200794437,0.736213605139842,5.820048
62.0505953499169,21,0.532961987108789,5.17088294582641,21,0.16078431372549,5.72009864647406,46.2380952380952,4.83999960652466,53.8638147271889,13.29,1,1.1818386594005,0.977394382636051,-1.05193167567568
38.2984589185375,8,0.904614089626695,3.19153824321146,8,0.143137254901961,5.39679202985889,40,2.30028312455625,-2.40677544685327,9.734,0.888888888888889,2.3461425127396,0.606408659228706,-2.43176727272727
48.8211473415386,13,0.505789614981344,4.06842894512822,13,0.152941176470588,4.47037145070718,43.4615384615385,3.85639661754271,-45,9.461,1,1.15920946262931,1,1.29168
40.6216500154385,9,0.846414739030318,3.38513750128654,9,0.145098039215686,5.45690184791497,38.2222222222222,2.90593262902712,0,10.106,0.818181818181818,1.87784871314855,0.644433995044186,0.0759085714285716
52.4423246684198,15,0.475270820628804,4.37019372236832,15,0.117647058823529,4.76095228569523,30.2666666666667,4.18887415264134,-45,10.751,1,1.1365708570388,0.976640026261239,0.355633548387096
223.316471600701,272,0.388039508215206,18.6097059667251,272,0.137254901960784,19.5420767045745,37.7867647058824,18.0108131179095,-20.196289634329,58.454,0.947735191637631,1.08501912582405,0.900906025503393,27.2800376470588
85.637957575333,40,0.611999817871011,7.13649646461108,40,0.194117647058824,8.11708956713665,49.15,6.41946443449515,-78.9052798561632,19.84,1,1.2644496515191,0.951720907936763,0.920922352941176
75.3905917717706,31,0.285039217002365,6.28254931431422,31,0.137254901960784,6.52867949236126,36.2258064516129,6.25784280729095,-11.3099324740203,17.508,0.96875,1.04327956029109,0.91358419992409,2.86644705882353
52.4423246684198,15,0.755526753689985,4.37019372236832,15,0.0901960784313725,5.84873199357086,23.3333333333333,3.83160840330396,-21.3193126709122,13.861,0.882352941176471,1.52644304374308,0.652034871328067,-1.45456941176471
35.8249279286511,7,0.3530939318019,2.98541066072092,7,0.172549019607843,3.23669437485075,43.1428571428571,3.0282120182066,90,6.368,1,1.06884668424492,0.972711556537156,-0.378432
33.1674383492482,6,0.74535599249993,2.76395319577068,6,0.174509803921569,3.46410161513775,42.5,2.3094010767585,0,5.516,1,1.5,1,0.399168000000001
74.1646467884524,30,0.658063226032289,6.18038723237103,30,0.172549019607843,7.20847704042085,44.3,5.42771415790734,4.22509358896882,16.565,0.967741935483871,1.32808707877868,0.97075143141876,3.36141473684211
168.033806551084,153,0.178466750479571,13.9572794750438,153,0.12156862745098,14.3043372785434,33.2549019607843,14.0746946341773,57.3821142630532,47.05,0.916167664670659,1.01631599479313,0.763201721709669,10.222848
27.0811000102923,4,0.7319250547114,2.25675833419103,4,0.0941176470588235,3.05505046330389,24.75,2.08166599946613,0,4.59,1,1.46759877141069,0.840875939413586,-0.753044210526316
46.9058411426803,12,0.661437827766148,3.90882009522336,12,0.105882352941176,4.61880215351701,27.75,3.46410161513775,0,9.436,1,1.33333333333334,0.953226395020662,2.07834745263158
35.8249279286511,7,0.856222400720973,2.98541066072092,7,0.0862745098039216,4.31282648363321,22,2.22803805452514,8.34962211699681,6.922,1,1.93570593413962,0.868563960642361,5.6490048
86.7018239261228,41,0.827911844962408,7.22515199384357,41,0.101960784313725,10.1227163751611,26.3414634146341,5.67740899482931,87.3641225524882,24.422,0.911111111111111,1.78298170598249,0.678144235670246,6.340032
27.0811000102923,4,0,2.25675833419103,4,0.129411764705882,2.3094010767585,33,2.3094010767585,0,3.556,1,1,1,-0.264384000000001
33.1674383492482,4,0.958153497335433,2.25675833419103,4,0.0843137254901961,4.96457871649933,22.5,1.42113505141087,22.5,6.368,0.8,3.49338981652068,0.555835175164089,-0.41472
54.1622000205846,14,0.87283675867393,4.22200824564475,14,0.0980392156862745,7.65875070270205,27.2142857142857,3.73756444947735,-8.93613503005724,16.284,0.7,2.04912873242173,0.46621833027853,-0.4209408
86.7018239261228,41,0.412913979515055,7.22515199384357,41,0.12156862745098,7.64776782014598,32.7560975609756,6.96535771848472,-55.8093080281648,19.84,0.953488372093023,1.09797201080574,0.975513930635182,-3.669624
48.8211473415386,13,0.632147034816534,4.06842894512822,13,0.149019607843137,4.87760630182316,36.8461538461538,3.77940570126447,-67.0965352724488,10.751,0.928571428571429,1.2905749441483,0.846421356093074,-4.87296
119.586899644005,78,0.386740001175316,9.96557497033376,78,0.115686274509804,10.581782763624,31.9102564102564,9.75840148350261,26.0269991707642,31.369,0.939759036144578,1.08437665549152,0.822999614231013,5.8158
87.7527934971774,41,0.880327267538894,7.22515199384357,41,0.1,12.0021947741323,31.1219512195122,5.69344324774139,1.34386993742746,30.608,0.745454545454545,2.10807313814775,0.452331309618477,-4.58496
64.9381965576721,23,0.401966389365615,5.41151637980601,23,0.133333333333333,5.98625184861089,35.2173913043478,5.48133798061028,-61.0978669673566,15.159,0.92,1.09211507660843,0.862993235199989,-3.4598016
40.6216500154385,9,0.761302566431461,3.38513750128654,9,0.0862745098039216,4.40449823807301,22.7777777777778,2.85586253632197,-35.782525588539,8.146,0.9,1.54226549144256,0.887666268723232,-4.81473969230769
46.9058411426803,12,0.677262914485309,3.90882009522336,12,0.092156862745098,5.05879670628422,22.75,3.72196457921517,-65.3888848969287,11.049,1,1.35917379078093,0.748841738387965,-4.49602990654206
138.749349246747,105,0.500346168333294,11.5624457705622,105,0.133333333333333,12.5306604793642,52.6666666666667,10.8493647625727,47.6542849398289,34.371,0.963302752293578,1.15496720348011,0.937659160564559,9.08172
62.0505953499169,21,0.675902079878087,5.17088294582641,21,0.0823529411764706,6.51530084069954,19.6190476190476,4.80172092998127,80.2740365731794,16.102,0.84,1.35686786793854,0.712618098970782,8.8692725106383
50.664098947737,14,0.769507075081608,4.22200824564475,14,0.123529411764706,5.61976033942871,33.1428571428571,3.58899411554237,77.612429715584,11.421,0.933333333333333,1.56583158358828,0.829584246944417,7.36536436363636
38.2984589185375,4,0.968245836551854,2.25675833419103,4,0.0745098039215686,4.61880215351701,25.5,1.15470053837925,0,5.88,1,4.00000000000001,0.617594511485095,7.12952470588235
27.0811000102923,4,0,2.25675833419103,4,0.0862745098039216,2.3094010767585,22,2.3094010767585,0,3.556,1,1,1,7.48149942857143
40.6216500154385,9,0.66581188486039,3.38513750128654,9,0.0862745098039216,4.05369123455442,23.6666666666667,3.02453869019341,69.6993526774978,7.683,1,1.34026760765133,0.965226527421804,6.70764521739131
27.0811000102923,4,0,2.25675833419103,4,0.109803921568627,2.3094010767585,28,2.3094010767585,0,3.556,1,1,1,3.54938553191489
159.640730164388,139,0.717920041335139,13.3033941803657,139,0.274509803921569,16.0871240284416,67.3093525179856,11.1986584422132,-88.6780440101626,40.987,0.958620689655172,1.43652242913324,0.896983614939913,381.5424
60.5551805284838,20,0.680948765458345,5.04626504404032,20,0.0901960784313725,6.25908557850211,23.05,4.583722765139,-37.3392449625676,14.324,0.952380952380952,1.36550264909233,0.823897539215224,7.250688
40.6216500154385,9,0.66581188486039,3.38513750128654,9,0.0941176470588235,4.05369123455442,25,3.02453869019341,69.6993526774978,7.683,1,1.34026760765133,0.965226527421804,3.051648
33.1674383492482,6,0.74535599249993,2.76395319577068,6,0.0901960784313725,3.46410161513775,23,2.3094010767585,0,5.516,1,1.5,1,10.99008
44.9089238221147,11,0.863757745015801,3.74241031850956,11,0.0901960784313725,5.70065526650639,22.7272727272727,2.8726017522829,13.282525588539,10.958,1,1.98449202433856,0.695327518671748,2.45375999999999
27.0811000102923,4,0,2.25675833419103,4,0.117647058823529,2.3094010767585,30,2.3094010767585,0,3.556,1,1,1,5.04575999999999
46.9058411426803,12,0.661437827766148,3.90882009522336,12,0.109803921568627,4.61880215351701,29.5,3.46410161513775,90,9.436,1,1.33333333333334,0.953226395020662,12.75264
88.791324243983,43,0.388637081979054,7.39927702033192,43,0.231372549019608,7.77790278009452,60.7906976744186,7.16648896045619,-8.47955541397424,20.138,0.977272727272727,1.08531567173438,0.997074400569852,8.092608
38.2984589185375,8,0.547722557505166,3.19153824321146,8,0.249019607843137,3.65148371670111,64.25,3.05505046330389,90,7.22,1,1.1952286093344,0.936368556122002,7.57472556521739
38.2984589185375,8,0.580947501931112,3.19153824321146,8,0.129411764705882,3.65148371670111,34,2.97209241668783,-45,6.831,1,1.22859023366791,1,9.9035136
59.0218891123912,19,0.609940642123443,4.91849075936594,19,0.145098039215686,6.33943519909939,42.8947368421053,5.02366706631415,87.4489173738209,16.284,0.826086956521739,1.2619138799241,0.632724876806577,5.25846109090909
44.9089238221147,11,0.716966479613308,3.74241031850956,11,0.0941176470588235,4.81160213977789,23.4545454545455,3.35420463079314,45,10.106,0.846153846153846,1.43449868729092,0.78764154949845,3.74729142857143
33.1674383492482,6,0.74535599249993,2.76395319577068,6,0.186274509803922,3.46410161513775,45.5,2.3094010767585,90,5.516,1,1.5,1,4.105728
40.6216500154385,9,0.760175561368687,3.38513750128654,9,0.137254901960784,4.4645049379061,34.8888888888889,2.90066796992654,60.4818782660368,8.328,1,1.53912994668575,0.859718723808554,5.574528
92.8293339347406,47,0.712942646015441,7.73577782789505,47,0.168627450980392,9.49315263118394,42.1489361702128,6.6568107925678,49.5673244856656,23.603,0.94,1.42608118617144,0.82572559544841,11.45664
121.110361056968,80,0.419951642240605,10.0925300880806,80,0.156862745098039,11.286003366825,47.9875,10.2425726587943,-0.280571362745692,37.117,0.824742268041237,1.10187193616194,0.620272708846716,3.14928
62.0505953499169,21,0.845303643903863,5.17088294582641,21,0.186274509803922,7.42536531860633,47.4761904761905,3.96727026202531,-28.8574818523006,16.309,0.91304347826087,1.87165603253247,0.697530948437725,5.20072258064516
30.2775902642419,5,0.765092055676006,2.52313252202016,5,0.0862745098039216,3.3065591380366,22.4,2.12916258968951,-71.565051177078,4.962,1,1.55298573911107,0.95680770565741,3.21968432432432
30.2775902642419,5,0.765092055676006,2.52313252202016,5,0.133333333333333,3.3065591380366,33.2,2.12916258968951,-18.434948822922,4.962,1,1.55298573911107,0.95680770565741,4.56768
38.2984589185375,8,0.911320565651984,3.19153824321146,8,0.0862745098039216,5.50306559486269,21.375,2.26559831508262,-41.8613507552012,9.089,1,2.42896790584081,0.672055047155384,6.21534315789474
40.6216500154385,9,0.810326199528814,3.38513750128654,9,0.0862745098039216,4.93308301331525,20.2222222222222,2.89068331168116,-4.26538280497407,9.552,0.9,1.70654564385549,0.701912955912196,11.45232
30.2775902642419,5,0.765092055676006,2.52313252202016,5,0.0941176470588235,3.3065591380366,25.4,2.12916258968951,71.565051177078,4.962,1,1.55298573911107,0.95680770565741,6.86304
67.7027500257308,25,0.705662469716784,5.64189583547756,25,0.0980392156862745,7.22190388864815,37.36,5.11706662940746,55.2714125753552,18.914,0.862068965517241,1.41133669183519,0.645821365266173,2.3712
94.7838500360231,49,0.705428208921039,7.89865416966859,49,0.141176470588235,9.72503059154836,35.9795918367347,6.89292058554579,-87.8155804116792,24.802,0.907407407407407,1.41087228132896,0.788572196270363,7.27796571428572
87.7527934971774,42,0.311321582059467,7.31273279143145,42,0.17843137254902,7.56987539076571,45.2380952380952,7.19368756364155,57.8221900670246,19.931,1,1.05229415703644,0.991439818231348,0.560075294117647
42.8189787876665,10,0.587407799848354,3.56824823230554,10,0.172549019607843,4.08574758561188,47.5,3.3065591380366,0,8.328,1,1.23564933063255,0.955243026453948,4.80423876923077
54.1622000205846,16,0.656852301088913,4.51351666838205,16,0.143137254901961,5.41785052873336,37.3125,4.08516368276356,-69.3006390586117,12.182,0.888888888888889,1.32622605835668,0.856265900835204,2.38045577142857
30.2775902642419,5,0.765092055676006,2.52313252202016,5,0.117647058823529,3.3065591380366,39.6,2.12916258968951,-18.434948822922,4.962,1,1.55298573911107,0.95680770565741,4.10184
71.6498558573022,28,0.72288215267626,5.97082132144185,28,0.0980392156862745,7.50043171966902,24.3214285714286,5.1825833593958,-78.6043964246235,17.21,0.96551724137931,1.44723802774365,0.849515079787497,7.8962688
30.2775902642419,5,0.765092055676006,2.52313252202016,5,0.0941176470588235,3.3065591380366,28.2,2.12916258968951,-18.434948822922,4.962,1,1.55298573911107,0.95680770565741,6.16424727272727
63.5108091408147,19,0.384018872277625,4.91849075936594,19,0.0882352941176471,7.08168701708788,24.4736842105263,6.53870039117025,51.9348432192526,25.861,0.633333333333333,1.08304197981771,0.283850601712837,3.44583529411765
123.360281446966,83,0.747675745795127,10.2800234539138,83,0.0980392156862745,13.5867790574645,24.7469879518072,9.0224906746551,-55.1616579883325,41.26,0.754545454545455,1.50587898036081,0.529042862981368,111.20976
59.0218891123912,19,0.752573870633331,4.91849075936594,19,0.166666666666667,6.50839885382399,44.0526315789474,4.28583164093786,57.5723928153395,14.597,1,1.51858481599146,0.758796193276412,3.1736448
54.1622000205846,16,0,4.51351666838205,16,0.113725490196078,4.61880215351701,30.5625,4.61880215351701,0,11.396,1,1,0.951359929497573,1.13332608
27.0811000102923,4,0,2.25675833419103,4,0.190196078431373,2.3094010767585,49.5,2.3094010767585,0,3.556,1,1,1,6.77376
44.9089238221147,11,0.47839528325838,3.74241031850956,11,0.156862745098039,4.16333199893227,42.6363636363636,3.65600754711653,-71.565051177078,8.907,1,1.13876460736955,0.952203789976801,6.511104
40.6216500154385,9,0.759113363612185,3.38513750128654,9,0.105882352941176,4.43077101395282,27.7777777777778,2.88424782324025,83.9526214614939,8.237,1,1.53619636227207,0.873524867514907,3.99168
66.3348766984964,24,0.602372354208141,5.52790639154137,24,0.0941176470588235,6.46584352719482,24,5.16113475180384,-60.9137232883366,15.341,0.96,1.25279494493628,0.882867076769871,-0.0207359999999988
140.717523428041,108,0.420018230073411,11.7264602856701,108,0.245098039215686,12.3772758775873,61.25,11.2325717774801,21.7298100922852,34.652,0.947368421052632,1.1019093510181,0.950161138417653,26.39808
77.7845377731429,33,0.826212263695029,6.48204481442857,33,0.109803921568627,8.79108690299874,29.5454545454545,4.95253739944905,-33.0738413090728,18.641,0.970588235294118,1.77506724209225,0.873986378270231,0.833233170731707
55.8291179001753,17,0.471362556619427,4.65242649168128,17,0.113725490196078,5.09064320221188,29.1176470588235,4.48963948943543,78.6900675259798,12.157,1,1.13386458182014,0.912758368119037,0.810474146341464
33.1674383492482,6,0.74535599249993,2.76395319577068,6,0.196078431372549,3.46410161513775,51.5,2.3094010767585,90,5.516,1,1.5,1,3.442176
97.6422946830773,52,0.462142100480447,8.13685789025644,52,0.147058823529412,8.78833974164815,37.1538461538462,7.79355140867928,-75.3060088595318,24.43,0.912280701754386,1.12764249323627,0.859586330549917,8.00928
38.2984589185375,8,0.782272678051271,3.19153824321146,8,0.092156862745098,4.27914326017336,24.375,2.66563306281633,19.329904127045,7.774,0.888888888888889,1.60530093952703,0.843733339521361,3.64930036363636
38.2984589185375,8,0.580947501931112,3.19153824321146,8,0.111764705882353,3.65148371670111,28.5,2.97209241668783,45,6.831,1,1.22859023366791,1,1.39474285714286
117.264602856701,75,0.577680576874011,9.7720502380584,75,0.317647058823529,10.9556272459668,79.9066666666667,8.94267226297522,-68.426587976499,29.219,0.974025974025974,1.22509546629878,0.899991057052791,6.66412137931035
104.88464933684,60,0.446670838311669,8.74038744473663,60,0.172549019607843,9.31605888007525,46.2666666666667,8.33506263714876,61.0556926727624,24.612,0.983606557377049,1.11769512547563,0.978864762478408,8.37305379310345
52.4423246684198,15,0.828565840296084,4.37019372236832,15,0.0980392156862745,6.31027901083272,25.0666666666667,3.53307246283829,39.7542614938342,13.216,0.9375,1.78605988900759,0.704469743535483,1.8359617699115
62.0505953499169,21,0.708343040112925,5.17088294582641,21,0.105882352941176,6.34305834679291,27.2380952380952,4.47736417409873,-3.61359664415654,13.935,1,1.41669475614405,0.904954452275453,0.69145287804878
82.3639502109324,37,0.597021086072886,6.8636625175777,37,0.192156862745098,7.75078969089501,47.9459459459459,6.21788147301109,-82.8908606540737,18.823,0.973684210526316,1.24653223522152,0.963751975406189,2.17443945205479
46.9058411426803,12,0.663033578765094,3.90882009522336,12,0.13921568627451,4.79583152331272,39.5833333333333,3.590109871423,-90,10.313,0.923076923076923,1.33584533484258,0.833009592532742,-2.654208
46.9058411426803,12,0.564766450543252,3.90882009522336,12,0.115686274509804,4.92518900615451,34.75,4.0645160882241,38.7802189905767,12.844,0.75,1.21175286288668,0.590110885564029,-2.115072
106.618397358971,62,0.476841200749386,8.88486644658095,62,0.264705882352941,9.72312907995486,66.1451612903226,8.54652797107517,-22.1273591631629,27.73,0.911764705882353,1.13767007056688,0.817491947096275,7.14300631578947
27.0811000102923,4,0,2.25675833419103,4,0.103921568627451,2.3094010767585,26.5,2.3094010767585,0,3.556,1,1,1,-2.5060547368421
55.8291179001753,17,0.646331002710425,4.65242649168128,17,0.101960784313725,5.90389554119123,40.2941176470588,4.50500978590645,-70.4319360053845,15.656,0.85,1.31051780612355,0.604580752908115,-6.2208
59.0218891123912,19,0.570369332923837,4.91849075936594,19,0.109803921568627,6.00420829615568,26.6842105263158,4.93178675473481,-43.0497531288091,14.696,0.904761904761905,1.21745091480107,0.750396813221085,-1.11865263157895
42.8189787876665,10,0.657535505639407,3.56824823230554,10,0.196078431372549,4.25832517937902,60.3,3.20832251080426,0,8.146,1,1.32727466301745,0.986295854136924,-0.634043076923078
104.006938095831,59,0.792354641970152,8.66724484131922,59,0.384313725490196,11.2528288556996,94.5762711864407,6.86490923584175,-69.0608100758626,26.233,0.936507936507937,1.63918101013608,0.859247287880065,162.3456
33.1674383492482,6,0.74535599249993,2.76395319577068,6,0.156862745098039,3.46410161513775,42.5,2.3094010767585,90,5.516,1,1.5,1,-2.69035957894737
104.88464933684,60,0.814703148241532,8.74038744473663,60,0.188235294117647,12.3000563877706,49.2666666666667,7.13253512449166,-49.8733227423325,34.578,0.769230769230769,1.72449993909385,0.529940518599634,1.69536
54.1622000205846,16,0.494461135279209,4.51351666838205,16,0.162745098039216,4.97309561429753,43.25,4.32261340831231,75.1275593515289,11.512,1,1.15048354884903,0.936357335894372,6.581952
57.4476883778063,18,0.773504076198951,4.78730736481719,18,0.213725490196078,6.58552346415317,56,4.17384764454552,42.8717337516807,16.4,0.857142857142857,1.57780638513705,0.592328264804801,3.11522232558139
57.4476883778063,18,0.476105876831302,4.78730736481719,18,0.158823529411765,5.26122325679877,46.1111111111111,4.6266564163774,-30.9107049450204,12.455,1,1.13715452009255,0.929871442140052,7.16256
77.7845377731429,33,0.440416685784785,6.48204481442857,33,0.149019607843137,6.93594265919616,39.3636363636364,6.2270441362944,77.1209391390122,17.417,1,1.1138418979191,0.981153688401086,2.17344
23.4529205713402,3,0.730296743340221,1.95441004761168,3,0.113725490196078,2.58198889747161,29.6666666666667,1.76383420737639,-45,3.093,1,1.4638501094228,0.969873184255889,1.86351157894737
151.992296843211,126,0.397994204868694,12.6660247369343,126,0.150980392156863,13.3896830133606,41.7777777777778,12.2835335740889,30.8534781187481,41.5,0.906474820143885,1.09005140358024,0.794513074880512,36.7215709090909
100.419406462608,55,0.448228376948992,8.368283871884,55,0.129411764705882,9.16969687761423,33.0727272727273,8.19696699932962,39.7320487673455,26.787,0.859375,1.11866948816119,0.771613758646304,1.92605538461538
72.918093356958,29,0.678740187600012,6.0765077797465,29,0.0980392156862745,7.29023191635999,25.2413793103448,5.3537894626186,62.1166866441507,16.863,0.966666666666667,1.36169566757566,0.910643594464426,2.67095630769231
63.5108091408147,22,0.574129934936783,5.29256742840123,22,0.105882352941176,6.15890688952436,27.5,5.04269248208426,36.0699529646605,16.491,0.846153846153846,1.22135286087855,0.717261026469338,2.53584
23.4529205713402,3,0.730296743340221,1.95441004761168,3,0.101960784313725,2.58198889747161,25,1.76383420737639,-45,3.093,1,1.4638501094228,0.969873184255889,1.76865882352941
42.8189787876665,10,0.59225774015139,3.56824823230554,10,0.092156862745098,4.16333199893227,23.9,3.35459883344243,-45,8.626,1,1.24108193129607,0.907474877945258,2.446848
117.264602856701,75,0.530163391141139,9.7720502380584,75,0.305882352941176,11.3151560434647,86,9.59406988954002,41.7458841612673,40.268,0.797872340425532,1.17939062084602,0.500149347265307,14.0770683870968
52.4423246684198,15,0.867831385196061,4.37019372236832,15,0.117647058823529,6.6332495807108,30.7333333333333,3.29578855848221,90,13.1,1,2.0126441557178,0.714568545436397,4.05525221052632
96.6988687448568,51,0.382289505353448,8.0582390620714,51,0.133333333333333,8.4893976486289,32.4117647058824,7.84456511004173,-30.6547106847517,22.561,0.980769230769231,1.08220118381856,0.97012159772929,2.80407272727273
96.6988687448568,51,0.616526919754223,8.0582390620714,51,0.196078431372549,9.20390003235553,52.6862745098039,7.2465418479569,-5.02808506570621,23.504,0.962264150943396,1.27010927770334,0.902670545565007,10.6260218181818
69.0435287010191,26,0.601962845657121,5.75362739175159,26,0.111764705882353,6.71585047880256,27.9230769230769,5.36276843479406,31.5690410777987,16.193,0.962962962962963,1.25231036179552,0.874003473539984,1.98288
35.8249279286511,7,0.353093931801899,2.98541066072092,7,0.133333333333333,3.23669437485075,32.4285714285714,3.0282120182066,0,6.368,1,1.06884668424492,0.972711556537156,-0.660334344827586
46.9058411426803,12,0.472903607729549,3.90882009522336,12,0.103921568627451,4.32462625520298,26,3.81048946659497,-70.1946558799867,9.552,1,1.1349267051163,0.935883941216262,48.034944
54.1622000205846,16,0.828387097521386,4.51351666838205,16,0.133333333333333,6.49104607905066,32.4375,3.63599882649978,63.2367824047381,13.679,0.941176470588235,1.78521676952776,0.710636089910178,2.35501714285714
89.8178476442293,44,0.35381882104021,7.48482063701911,44,0.127450980392157,7.89799537234557,35.8409090909091,7.38710548866143,35.7441750227513,21.453,0.977777777777778,1.06915968432674,0.914078033816173,3.34738285714286
46.9058411426803,12,0.472903607729549,3.90882009522336,12,0.103921568627451,4.32462625520298,26,3.81048946659497,-70.1946558799867,9.552,1,1.1349267051163,0.935883941216262,-2.089152
121.110361056968,80,0.426829474608171,10.0925300880806,80,0.217647058823529,10.702116538185,54.5875,9.67826783416191,38.5513140163281,29.508,0.952380952380952,1.10578842428902,0.943070839886666,7.81410461538462
63.5108091408147,22,0.490387349850022,5.29256742840123,22,0.0980392156862745,5.84221855786701,25.3636363636364,5.09152027795698,88.6148921013999,13.96,0.956521739130435,1.14744088973976,0.945277736803858,12.7471104
63.5108091408147,22,0.6077584417755,5.29256742840123,22,0.192156862745098,6.12193825134343,49.5909090909091,4.86156556112744,41.709027672411,14.713,1,1.25925243100572,0.867226723461902,8.85706971428571
59.0218891123912,19,0.285811517054761,4.91849075936594,19,0.109803921568627,5.20848799401024,28.3684210526316,4.99122036197105,-26.5650511770779,12.736,1,1.04352996186956,0.947096329497043,10.783111245283
38.2984589185375,8,0.580947501931112,3.19153824321146,8,0.196078431372549,3.65148371670111,53.75,2.97209241668783,-45,6.831,1,1.22859023366791,1,4.73848094117647
46.9058411426803,12,0,3.90882009522336,12,0.109803921568627,4,30.6666666666667,4,0,8.816,1,1,1,8.6273657704918
166.389064125986,151,0.345276797947201,13.8657553438321,151,0.125490196078431,14.5216601385079,34.9205298013245,13.6285910591843,-72.8103139125798,43.088,0.94375,1.06552908333997,0.887864471752752,187.06464
38.2984589185375,8,0.580947501931112,3.19153824321146,8,0.115686274509804,3.65148371670111,28.875,2.97209241668783,-45,6.831,1,1.22859023366791,1,7.12878545454545
107.474783785953,63,0.314049675798443,8.95623198216277,63,0.133333333333333,9.3540655062823,36.3333333333333,8.88081108024234,21.136844503047,27.06,0.954545454545455,1.05328954999311,0.867942035119925,11.7508867605634
108.324400041169,64,0.639639942080372,9.0270333367641,64,0.125490196078431,10.4033505517106,32.0625,7.99679202648723,53.6764092840088,26.208,0.941176470588235,1.30094049179375,0.933653397687189,10.181376
63.5108091408147,22,0.63969333133045,5.29256742840123,22,0.111764705882353,6.26481439389038,29.5909090909091,4.81532577486642,53.62072969947,15.548,0.956521739130435,1.30101569172943,0.791467111721079,7.69061647058824
111.658235800351,68,0.556955734350117,9.30485298336256,68,0.12156862745098,11.2301953966482,43.8676470588235,9.3271509477319,-55.1783771461791,38.424,0.755555555555556,1.20403277051918,0.494596253579311,8.98923789473684
52.4423246684198,15,0.475270820628804,4.37019372236832,15,0.145098039215686,4.76095228569523,38.8666666666667,4.18887415264134,-45,10.751,1,1.1365708570388,0.976640026261239,8.4009205479452
64.9381965576721,23,0.671408725943615,5.41151637980601,23,0.109803921568627,6.47002910518113,29.7391304347826,4.79485612331209,-6.48354199156063,14.787,0.958333333333333,1.34936876911166,0.899177228928078,10.6642285714286
33.1674383492482,6,0.456435464587639,2.76395319577068,6,0.135294117647059,3.2659863237109,37.6666666666667,2.90593262902712,-26.565051177078,6.277,0.857142857142857,1.12390297389803,0.849941598934415,11.1531658378378
59.0218891123912,19,0.681270104094499,4.91849075936594,19,0.109803921568627,5.98231174618595,28.0526315789474,4.3792444340527,-67.3918952687688,13.588,0.95,1.36606024995269,0.853085837225243,9.81731781818182
156.157240500618,133,0.327963279082399,13.0131033750515,133,0.137254901960784,13.6348687306127,40.9473684210526,12.8807305745141,38.530664635314,41.359,0.917241379310345,1.05854777815093,0.843975646979326,11.117871627907
63.5108091408147,22,0.650881385615659,5.29256742840123,22,0.0980392156862745,6.56898128719478,21.2727272727273,4.98703553385957,5.06128050576473e-15,15.366,0.916666666666667,1.31721164659737,0.807109911078623,-1.35242120930233
129.876393115344,92,0.701915584434164,10.823032759612,92,0.205882352941176,12.9538648712346,51.9565217391304,9.2265216548824,-0.493925368346802,32.568,0.968421052631579,1.40398140878798,0.906625435516433,10.2010206315789
59.0218891123912,19,0.821090263721891,4.91849075936594,19,0.12156862745098,6.84156543079577,39.7368421052632,3.90515439390795,12.9946167919165,14.233,0.95,1.75193212372567,0.790922994989233,-4.66208542372881
74.1646467884524,30,0.333752876847651,6.18038723237103,30,0.105882352941176,6.62806269243215,27.3,6.2480135910606,-1.24929719470934,17.715,0.9375,1.06082718864685,0.866651315455172,1.98422068965517
107.474783785953,63,0.404534635164692,8.95623198216277,63,0.274509803921569,9.67288162003365,73.5238095238095,8.84606960511798,-30.7188480649926,30.079,0.887323943661972,1.09346659610697,0.717357530218388,10.3159484081633
95.7461472963438,50,0.54098763682009,7.97884560802865,50,0.170588235294118,9.23846352488772,42.62,7.76983000882167,-15.8595311522002,27.54,0.833333333333333,1.18901745783352,0.667458193935323,7.56598153846154
38.2984589185375,8,0.778673936352272,3.19153824321146,8,0.119607843137255,4.652476298439,34.25,2.91909762754348,-53.8723358125285,10.032,0.8,1.59380633745854,0.579283809375651,5.39136
42.8189787876665,10,0.849207775608447,3.56824823230554,10,0.129411764705882,5.26624470883507,30.5,2.78088714861523,-10.304846468766,9.643,1,1.893728305896,0.768840184203987,5.85924923076923
60.5551805284838,20,0.717137165600636,5.04626504404032,20,0.141176470588235,6.11010092660779,37.55,4.25832517937902,90,12.736,1,1.43486010795888,0.99694350473373,4.75855448275862
60.5551805284838,20,0.383661650001981,5.04626504404032,20,0.117647058823529,5.3416601664027,31.7,4.93288286231625,-26.565051177078,12.645,1,1.08286783114378,1,10.52352
42.8189787876665,10,0.589220679289243,3.56824823230554,10,0.12156862745098,4.23949682548924,26.2,3.4253953543107,0,8.998,1,1.23766642590731,0.852710548988117,3.4048512
44.9089238221147,10,0.398780396977718,3.56824823230554,10,0.0941176470588235,4.02781511157862,31.8,3.69369355707882,30.1275593515289,9.089,1,1.09045730224682,0.840068808944231,3.55513263157895
153.791084861901,10,0.890964883737444,3.56824823230554,10,0.145098039215686,5.96981041916119,25.4,2.71072503694881,-71.1761896799462,10.958,0.833333333333333,2.20229286917304,0.632115926065226,6.02686523076923
151.992296843211,126,0.734238274940624,12.6660247369343,126,0.145098039215686,15.6179018010581,39.0476190476191,10.6028663804493,-67.286371311358,40.259,0.940298507462687,1.4729886467169,0.840599425937904,6.01397169230769
40.6216500154385,9,0.66581188486039,3.38513750128654,9,0.172549019607843,4.05369123455442,46.5555555555556,3.02453869019341,-69.6993526774978,7.683,1,1.34026760765133,0.965226527421804,-6.91514181818182
77.7845377731429,33,0.341124747038136,6.48204481442857,33,0.125490196078431,6.84533475971261,33.2424242424242,6.43473813277492,17.2304081356859,18.087,0.942857142857143,1.06380937630489,0.92019823650795,-6.53793882352941
35.8249279286511,7,0.3530939318019,2.98541066072092,7,0.113725490196078,3.23669437485075,32.4285714285714,3.0282120182066,0,6.368,1,1.06884668424492,0.972711556537156,-9.3249792
30.2775902642419,5,0.765092055676006,2.52313252202016,5,0.168627450980392,3.3065591380366,48.2,2.12916258968951,-71.565051177078,4.962,1,1.55298573911107,0.95680770565741,-3.64232347826087
147.088022436023,118,0.541940994108006,12.2573352030019,118,0.190196078431373,13.4824858068751,50.9406779661017,11.3309040579719,70.2554265415433,36.976,0.959349593495935,1.1898861501161,0.921344701651968,41.05728
38.2984589185375,8,0.580947501931112,3.19153824321146,8,0.0862745098039216,3.65148371670111,22.75,2.97209241668783,-45,6.831,1,1.22859023366791,1,-2.96445046153846
109.167404195214,65,0.669907236990839,9.09728368293446,65,0.129411764705882,10.7381204216919,33.6769230769231,7.97246176128062,-32.7190292917864,27.126,0.955882352941177,1.34690146446899,0.891594661855087,0.931941818181818
164.727900421865,148,0.476902764463837,13.7273250351554,148,0.109803921568627,14.8998806518656,30.6216216216216,13.0963403738924,34.8564386945382,45.817,0.902439024390244,1.13771330207396,0.775914251764881,16.0423060645161
78.9542957097545,34,0.750180730366316,6.57952464247954,34,0.376470588235294,8.36710765202186,94.9705882352941,5.53260637489868,-8.11923319297459,19.84,0.894736842105263,1.51232657540635,0.808962771746249,9.66574079999999
77.7845377731429,33,0.531519857655572,6.48204481442857,33,0.101960784313725,7.18191097381695,25.6969696969697,6.0834077536622,-51.2894676187465,17.971,1,1.1805736627622,0.930337800032596,-7.7702743880597
46.9058411426803,12,0.919899043870853,3.90882009522336,12,0.0862745098039216,6.61944927280074,23.9166666666667,2.59585186025191,-16.321190596959,11.421,0.923076923076923,2.55001041244255,0.711072211666643,2.83176
60.5551805284838,20,0.512902241430368,5.04626504404032,20,0.0980392156862745,5.56889117726389,25.65,4.78059805071072,-69.0899150599321,13.381,1,1.16489424925318,0.92062649155241,-5.32538181818182
131.976956215761,95,0.395753166553838,10.9980796846468,95,0.419607843137255,11.6680840823968,92.5052631578947,10.7154657516394,14.2797572760783,35.57,0.931372549019608,1.08890125290276,0.796620339769088,9.54364235294118
40.6216500154385,9,0.667389883096677,3.38513750128654,9,0.180392156862745,4.1798509183313,49,3.11277049068599,11.9812444872891,8.146,1,1.34280729364347,0.887666268723232,8.820576
232.172068444737,294,0.586008764444148,19.3476723703948,294,0.137254901960784,21.6486091231286,36.734693877551,17.5419700034965,-57.007690841252,64.26,0.921630094043887,1.23410364507598,0.813236526924076,37.7519616
38.2984589185375,8,0.679366220486758,3.19153824321146,8,0.0823529411764706,4.16333199893227,24.5,3.05505046330389,0,8.146,1,1.3627702877385,0.789036683309539,7.26084
106.618397358971,62,0.498200301193971,8.88486644658095,62,0.12156862745098,9.60907544075401,34.4516129032258,8.33166388192642,-61.9316178931343,25.075,0.984126984126984,1.15332010231457,0.978571169283556,0.422619428571429
35.8249279286511,7,0.771306956320676,2.98541066072092,7,0.149019607843137,4.20719883852856,53.1428571428571,2.67772781148564,14.8724406484711,7.683,0.777777777777778,1.5711824108793,0.750731743550292,2.43401142857143
168.033806551084,154,0.558519223711548,14.0028172125903,154,0.12156862745098,15.6200905017731,32.8831168831169,12.9567335072537,-82.065461960287,45.42,0.900584795321637,1.20555775057258,0.820624996383744,3.41747576470588
93.8116822853606,48,0.380792635514883,7.81764019044672,48,0.209803921568627,8.49110122758573,57.1875,7.85138557825609,-26.8086303935104,27.722,0.827586206896552,1.08147805797505,0.633225134053371,12.4963542486486
33.1674383492482,6,0.74535599249993,2.76395319577068,6,0.0901960784313725,3.46410161513775,23.3333333333333,2.3094010767585,0,5.516,1,1.5,1,1.86225230769231
42.8189787876665,10,0.587407799848354,3.56824823230554,10,0.137254901960784,4.08574758561188,36.7,3.3065591380366,90,8.328,1,1.23564933063255,0.955243026453948,1.505088
38.2984589185375,8,0.547722557505166,3.19153824321146,8,0.0980392156862745,3.65148371670111,25.75,3.05505046330389,0,7.22,1,1.1952286093344,0.936368556122002,3.41184
128.456936363,90,0.326199905051655,10.7047446969166,90,0.174509803921569,11.4026631627655,54.9777777777778,10.7789467272826,9.01569560981634,36.612,0.841121495327103,1.0578643211868,0.715648238912247,6.96803657142857
93.8116822853606,47,0.784539799541905,7.73577782789505,47,0.0980392156862745,10.8369361715305,25.6595744680851,6.71975074810096,80.9695267125249,27.73,0.839285714285714,1.61269912795398,0.619711637314919,3.19299054545454
44.9089238221147,11,0.68469019539811,3.74241031850956,11,0.0901960784313725,4.49690773447605,23.3636363636364,3.27750029068392,74.9293072239623,8.791,1,1.37205410698459,0.970807043706446,0.592245551020408
52.4423246684198,15,0.537216474548994,4.37019372236832,15,0.096078431372549,4.9155036559018,29.2666666666667,4.14595404218705,5.88414446601034,11.049,1,1.18561460302845,0.936052172984956,4.72673132307692
72.918093356958,29,0.421816046469919,6.0765077797465,29,0.176470588235294,6.5046355552606,43,5.89763229353742,-3.92171053747531,16.656,0.966666666666667,1.10292321248789,0.929786194774404,2.3616
27.0811000102923,4,0,2.25675833419103,4,0.164705882352941,2.3094010767585,43.5,2.3094010767585,0,3.556,1,1,1,3.54985100917431
66.3348766984964,24,0.622801348595424,5.52790639154137,24,0.137254901960784,6.73175258267514,31.7916666666667,5.26678865355372,38.7945221296988,17.897,0.857142857142857,1.27815126550274,0.681377417404321,5.13216
78.9542957097545,34,0.689536916041041,6.57952464247954,34,0.247058823529412,7.96371586985241,70.2352941176471,5.76772550114881,-47.831744986222,18.641,0.944444444444444,1.38073767003409,0.900470813975389,4.49985802816902
72.918093356958,29,0.527569288296382,6.0765077797465,29,0.158823529411765,7.02513086741417,42.1724137931034,5.96793300611383,53.2888148010322,19.402,0.805555555555556,1.17714640231673,0.717070085336991,3.04249690140845
57.4476883778063,18,0.570423794156919,4.78730736481719,18,0.156862745098039,5.38401841759365,38.5555555555556,4.42216638714053,90,12.066,1,1.21750697424008,0.978050832064206,2.20120615384615
94.7838500360231,49,0.455218596569067,7.89865416966859,49,0.184313725490196,8.4997509399178,44.1224489795918,7.56800578343814,-42.8045593653233,22.958,0.942307692307692,1.1231163377965,0.903937670933423,7.22213052631579
46.9058411426803,12,0.550455910907024,3.90882009522336,12,0.182352941176471,5.16220500473337,55.6666666666667,4.30974032991873,-62.1730487000308,14.233,0.666666666666667,1.1977995446493,0.499530312624779,3.326208
62.0505953499169,20,0.843352242553769,5.04626504404032,20,0.137254901960784,7.31851442266774,39.8,3.9326852546156,-2.40929962899391,15.548,0.909090909090909,1.86094588019175,0.719515556110072,3.81764571428572
120.351040963123,79,0.926963350499544,10.0292534135935,79,0.141176470588235,18.4771950913612,38.2278481012658,6.93175481458557,-69.2132526684905,43.46,0.766990291262136,2.66558693802644,0.457125487580039,4.565376
71.6498558573022,24,0.766887119512426,5.52790639154137,24,0.0862745098039216,8.90102526269599,20.9583333333333,5.71251786727699,-60.5609592453575,23.595,0.727272727272727,1.55816147441459,0.421899476929922,1.34174117647059
40.6216500154385,9,0,3.38513750128654,9,0.16078431372549,3.46410161513775,42.6666666666667,3.46410161513775,0,7.476,1,1,1,2.62596413793103
33.1674383492482,6,0.632455532033676,2.76395319577068,6,0.164705882352941,3.33333333333333,39.5,2.58198889747161,45,5.905,1,1.2909944487358,0.92127872757792,5.75195904
38.2984589185375,8,0.782272678051271,3.19153824321146,8,0.107843137254902,4.27914326017336,27.75,2.66563306281633,-19.329904127045,7.774,1,1.60530093952703,0.843733339521361,5.04372705882353
50.664098947737,14,0.72870628788243,4.22200824564475,14,0.111764705882353,5.29572309021785,30.7857142857143,3.62665077768706,18.9374918255491,10.958,0.933333333333333,1.46022416131152,0.884962296491316,1.9296
23.4529205713402,3,0.730296743340221,1.95441004761168,3,0.0980392156862745,2.58198889747161,25,1.76383420737639,-45,3.093,1,1.4638501094228,0.969873184255889,0.174959999999999
134.726771466344,99,0.512650757498011,11.2272309555287,99,0.16078431372549,12.1814746242748,43,10.4589803517918,-77.3460778518378,32.659,1,1.16469045877765,0.970654397283805,12.2053670886076
62.0505953499169,21,0.527623373593925,5.17088294582641,21,0.109803921568627,5.90302954537506,27.952380952381,5.01449617525475,19.4637717963961,14.994,0.91304347826087,1.1771929500126,0.802353319674093,0.161034893617022
46.9058411426803,12,0.736196123885767,3.90882009522336,12,0.12156862745098,5.39547135207955,46.8333333333333,3.65148371670111,45,13.307,0.8,1.47761068395343,0.557357204211813,1.82988467532468
38.2984589185375,6,0.821198486411674,2.76395319577068,6,0.0843137254901961,4.63219749128494,23.1666666666667,2.64332950011494,68.7447764609996,8.626,0.75,1.75241016720901,0.544484926767155,5.3699328
33.1674383492482,6,0.74535599249993,2.76395319577068,6,0.162745098039216,3.46410161513775,42.6666666666667,2.3094010767585,90,5.516,1,1.5,1,3.70008
91.8364782879097,46,0.388639069858325,7.65303985732581,46,0.109803921568627,8.19596212377471,25.4347826086957,7.55167816958121,-12.1459978447082,22.288,0.92,1.08531665938688,0.893899900256085,2.64184615384615
99.5023150477446,54,0.624477314305685,8.29185958731205,54,0.250980392156863,9.53225974120019,62.6481481481481,7.44510423287447,-31.5190849945652,23.785,0.947368421052632,1.28033932676318,0.93592451510507,8.82790121739131
81.2433000308769,36,0.736761461007906,6.77027500257308,36,0.158823529411765,8.60855132192669,44.7222222222222,5.82069570229728,29.3477352203956,21.643,0.9,1.47895574038153,0.736459373002603,2.15058791489362
66.3348766984964,24,0.618309113214541,5.52790639154137,24,0.103921568627451,6.34152967467825,26.5,4.98403019059182,35.2914670069269,14.787,1,1.27236983569019,0.938271891055386,1.80696592340426
38.2984589185375,8,0.580947501931112,3.19153824321146,8,0.145098039215686,3.65148371670111,39.375,2.97209241668783,45,6.831,1,1.22859023366791,1,1.103544
52.4423246684198,15,0.77410486694292,4.37019372236832,15,0.207843137254902,5.90776159421803,53.4,3.73995211664152,9.52550436566062,13.952,0.833333333333333,1.57963562365692,0.645110963034357,1.93616372093023
103.121756567797,58,0.712646748630392,8.59347971398312,58,0.12156862745098,10.5638441033585,31.1551724137931,7.41078030064422,-36.7733462458192,26.225,0.983050847457627,1.42546987966168,0.845144052005785,0.770688
57.4476883778063,18,0.606265785261402,4.78730736481719,18,0.16078431372549,5.50831920733121,46.6666666666667,4.3805574654006,-38.4741673289444,12.091,0.947368421052632,1.25744708312541,0.974843077950571,3.2527872
196.22121147519,210,0.593143777262232,16.3517676229325,210,0.580392156862745,18.3589043860462,127.095238095238,14.7806906362679,-66.8886533294577,52.913,0.929203539823009,1.24208704706926,0.839859727920788,72.0177230769231
35.8249279286511,7,0.688972486206282,2.98541066072092,7,0.172549019607843,3.76358333265239,40.1428571428571,2.72779813678576,59.5273020495386,6.831,0.875,1.37971475304515,0.884487590623178,11.8531459459459
151.38795132121,125,0.660122653460894,12.6156626101008,125,0.335294117647059,14.6795500029939,79.048,11.0266588945277,-78.3479519995367,38.754,0.961538461538462,1.33127814539353,0.894917911427515,1.27624211320755
30.2775902642419,5,0.90632181598062,2.52313252202016,5,0.0862745098039216,5.90289491599944,21.8,2.49449359135971,-50.152423234383,11.248,0.625,2.36637004658804,0.30344701416163,22.3129004651163
155.569075546286,132,0.444726915206129,12.9640896288571,132,0.109803921568627,14.0051377437358,31.8030303030303,12.5439287306765,-38.8352591252684,44.684,0.868421052631579,1.11648734973166,0.725208814786458,-10.47888
99.5023150477446,54,0.355917097960833,8.29185958731205,54,0.12156862745098,8.70495448325663,31.9444444444444,8.13493258808,-68.3454059223233,23.785,0.947368421052632,1.07007088122794,0.93592451510507,16.6241454545455
99.5023150477446,54,0.595836425509042,8.29185958731205,54,0.16078431372549,9.37902281000919,40.1666666666667,7.53234778079973,-33.9572253205845,23.694,0.964285714285714,1.24516592740403,0.9422827526174,-3.04226742857143
55.8291179001753,16,0.762441899992886,4.51351666838205,16,0.129411764705882,6.08568318625763,35.8125,3.93778196744916,-14.0264593529529,13.29,0.888888888888889,1.54545966144485,0.744681434389372,6.22678153846154
154.386023581936,130,0.480824804613012,12.8655019651614,130,0.262745098039216,13.9868285421414,67.9923076923077,12.2638847011827,-30.0597245980845,39.515,0.942028985507246,1.14048923998711,0.897802670667816,13.8255026086957
50.664098947737,14,0.196396101212395,4.22200824564475,14,0.12156862745098,4.36435780471985,31.2142857142857,4.27936036926876,0,10.106,1,1.01986218222272,1,-0.90504
113.288369265916,70,0.738263426549942,9.4406974388263,70,0.186274509803922,11.6456586317581,50.5142857142857,7.85514232098298,-80.0436938192124,28.557,0.958904109589041,1.48255221304517,0.875443136415438,12.3489792
66.3348766984964,24,0.790795116990886,5.52790639154137,24,0.211764705882353,7.6683207206574,57.8333333333333,4.69363299145446,-5.88414446601032,18.914,0.857142857142857,1.63377084118397,0.619988510655526,8.16396387096774
60.5551805284838,20,0.383661650001982,5.04626504404032,20,0.113725490196078,5.3416601664027,28.85,4.93288286231625,-63.434948822922,12.645,0.952380952380952,1.08286783114378,1,-1.89216
143.299711714604,112,0.598470899017995,11.9416426428837,112,0.133333333333333,13.5855330657565,37.5625,10.8839757154111,38.2714617694702,37.53,0.910569105691057,1.24821420232683,0.850835355566669,12.9001846153846
52.4423246684198,15,0.475270820628803,4.37019372236832,15,0.145098039215686,4.76095228569523,44.4666666666667,4.18887415264134,45,10.751,1,1.1365708570388,0.976640026261239,4.13723076923077
54.1622000205846,16,0.586269107471624,4.51351666838205,16,0.168627450980392,5.13092891446943,44.625,4.15664950907918,62.0096749949132,11.512,1,1.23439055981559,0.936357335894372,10.2834189473684
99.5023150477446,54,0.67821075769122,8.29185958731205,54,0.198039215686275,9.78115039190722,52.037037037037,7.18784904046068,79.5463846897631,23.785,0.981818181818182,1.36078962382887,0.93592451510507,6.29756307692307
85.637957575333,40,0.718239907579973,7.13649646461108,40,0.149019607843137,9.2776632818153,37.725,6.45535674428012,-32.6178370182296,24.455,0.888888888888889,1.43720380597648,0.660022786234081,13.3505753424658
35.8249279286511,7,0.688972486206282,2.98541066072092,7,0.196078431372549,3.76358333265239,55.5714285714286,2.72779813678576,30.4726979504614,6.831,0.875,1.37971475304515,0.884487590623178,13.622256
63.5108091408147,22,0.646745576505997,5.29256742840123,22,0.164705882352941,6.22258917968555,39.4545454545455,4.7460049477662,-6.84793825220451,14.233,1,1.31112151128589,0.915805573145428,7.40972065573771
67.7027500257308,25,0.534957959829356,5.64189583547756,25,0.117647058823529,6.32021157914397,28.8,5.33981200619659,-9.54208249877716,15.341,0.961538461538462,1.18360188931926,0.919653204968616,7.64677565217391
103.121756567797,58,0.557696093244875,8.59347971398312,58,0.184313725490196,9.64302509629846,47.2931034482759,8.00414688946592,-60.0196992286468,27.333,0.935483870967742,1.20475363951522,0.784805502128971,10.7487
80.1069741374945,35,0.600310586908776,6.67558117812455,35,0.101960784313725,7.950053467738,27.8857142857143,6.35819013815222,-52.1376532646047,21.155,0.921052631578947,1.25036422236476,0.745052992293417,9.59858526315789
59.0218891123912,19,0.45137029622295,4.91849075936594,19,0.12156862745098,5.31796030018897,31.1052631578947,4.74541135215909,90,12.736,0.904761904761905,1.12065317536053,0.947096329497043,6.31152
54.1622000205846,16,0.561951486949017,4.51351666838205,16,0.131372549019608,5.03322295684717,31.75,4.16333199893227,0,10.776,1,1.20894104965398,1,15.858532173913
33.1674383492482,6,0.74535599249993,2.76395319577068,6,0.131372549019608,3.46410161513775,33.6666666666667,2.3094010767585,90,5.516,1,1.5,1,8.868096
93.8116822853606,48,0.556992228445624,7.81764019044672,48,0.184313725490196,8.71267450238188,44.1875,7.236030427581,38.7933206580607,21.916,0.96,1.20406825117436,0.960665980625853,8.30049882352941
46.9058411426803,11,0.950705140701622,3.74241031850956,11,0.0862745098039216,7.41809100605423,34.7272727272727,2.30032281529082,89.2382676041741,12.918,0.916666666666667,3.22480434343577,0.535961382246114,9.040896
62.0505953499169,21,0.587382835065964,5.17088294582641,21,0.0941176470588235,6.13967280562717,24.2380952380952,4.96889377710843,-74.9293072239623,15.366,0.875,1.23562166571411,0.770423096938686,2.3328
35.8249279286511,7,0.856222400720973,2.98541066072092,7,0.145098039215686,4.31282648363321,38.5714285714286,2.22803805452514,81.6503778830032,6.922,1,1.93570593413962,0.868563960642361,7.496064
75.3905917717706,31,0.450436360609058,6.28254931431422,31,0.113725490196078,6.84824894364508,31,6.1141751253779,23.2089614157256,17.789,0.911764705882353,1.12006097359238,0.889218534909366,4.89125647058824
351.793808570102,675,0.680509343180297,29.3161507141752,675,0.172549019607843,34.3794231658828,48.4,25.1911580326922,88.5701967275841,98.391,0.938803894297636,1.36474167329927,0.822815917545625,36.7067076923077
48.8211473415386,13,0.491217355978626,4.06842894512822,13,0.168627450980392,4.51192321135169,54.8461538461538,3.93005219762903,13.7764057883589,10.197,0.928571428571429,1.14805681565087,0.918191348959463,-0.893243076923077
42.8189787876665,10,0.589220679289243,3.56824823230554,10,0.129411764705882,4.23949682548924,42.3,3.4253953543107,90,8.998,0.909090909090909,1.23766642590731,0.852710548988117,-4.28278153846154
100.419406462608,55,0.541565954251362,8.368283871884,55,0.0941176470588235,10.0397059434384,24.7818181818182,8.43996177165685,69.451397395452,33.445,0.753424657534247,1.18954400684063,0.516331502792739,0.96
66.3348766984964,24,0.574717566567462,5.52790639154137,24,0.113725490196078,6.18979878767913,28.9166666666667,5.06543316906542,-19.6048839962283,14.142,1,1.2219683057868,1,-5.215104
48.8211473415386,13,0.710197961544802,4.06842894512822,13,0.125490196078431,5.03299649557468,31.6923076923077,3.54323973976392,19.7940654238415,10.404,0.928571428571429,1.4204504536038,0.89034268275111,-2.89536
57.4476883778063,18,0.465043718917539,4.78730736481719,18,0.111764705882353,5.20611486021154,28.9444444444444,4.60890953205097,25.4062411915564,12.273,0.947368421052632,1.12957627482326,0.951959043681503,-4.20672
30.2775902642419,5,0.901281139438573,2.52313252202016,5,0.0941176470588235,4.16333199893227,23.8,1.80369990112916,-45,5.814,1,2.30821767874241,0.783413778480016,-2.6352
154.978678442824,131,0.800849025324745,12.9148898702353,131,0.172549019607843,16.7736810221209,46.2595419847328,10.0451921981177,-83.969451668607,39.887,0.963235294117647,1.66982181040438,0.889133300735171,13.29552
93.8116822853606,48,0.268775104796639,7.81764019044672,48,0.125490196078431,8.09150837191706,31.2916666666667,7.79376481842851,20.5652643555333,22.859,0.941176470588235,1.03820278907885,0.892245994009911,-8.61284571428572
136.080843393287,101,0.648915936655823,11.3400702827739,101,0.341176470588235,13.6551711177517,79.8514851485149,10.389675000201,-23.3345143012913,45.536,0.7890625,1.31430204674232,0.535640064447837,6.90832340425532
59.0218891123912,19,0.82515498836182,4.91849075936594,19,0.137254901960784,6.99471308268442,36.0526315789474,3.95135821394054,28.1972509144304,14.142,0.904761904761905,1.77020475086435,0.799273512089459,-10.03392
63.5108091408147,22,0.729416875917114,5.29256742840123,22,0.0901960784313725,6.85993554845006,23.6363636363636,4.69267238130616,-22.0987952826805,15.341,0.88,1.46183986245821,0.809294820372382,-4.84704
69.0435287010191,26,0.617302483113586,5.75362739175159,26,0.217647058823529,6.66410207081617,53.2307692307692,5.24282171041315,-56.3099324740202,15.895,0.962962962962963,1.27109072917359,0.901581056761937,-6.93987096774193
86.7018239261228,41,0.572994947544364,7.22515199384357,41,0.109803921568627,8.32225769236169,29.6341463414634,6.82058035742845,-0.863493875243815,22.197,0.872340425531915,1.22016855696125,0.802469881147217,3.08481662337662
69.0435287010191,26,0.534866781756732,5.75362739175159,26,0.158823529411765,6.30831766756176,39.0769230769231,5.33012724146961,90,14.696,1,1.18352102713076,1,4.364928
104.006938095831,59,0.497248169045826,8.66724484131922,59,0.0980392156862745,9.58696972325829,27.8474576271186,8.31773503497998,-47.9486982290388,27.639,0.893939393939394,1.15259378700338,0.782542476807616,0.6728832
95.7461472963438,50,0.48877108007696,7.97884560802865,50,0.141176470588235,8.66712122878715,35.92,7.56130122876835,89.8978324953549,23.115,0.943396226415094,1.14624731465684,0.911387641612143,9.5935104
54.1622000205846,16,0.80046445794188,4.51351666838205,16,0.16078431372549,6.42103131359812,39.5,3.84863917982176,43.3724893058021,14.878,0.8,1.66839004998528,0.619212775803472,1.27951488
44.9089238221147,11,0.68469019539811,3.74241031850956,11,0.149019607843137,4.49690773447605,35,3.27750029068392,-15.0706927760377,8.791,1,1.37205410698459,0.970807043706446,-8.79410360655737
114.094702354545,71,0.60144765924733,9.50789186287878,71,0.12156862745098,10.8499255983258,32.3661971830986,8.66813799666438,-77.613324505423,29.227,0.922077922077922,1.25170199211192,0.851570441251609,8.20512
69.0435287010191,26,0.695401115078274,5.75362739175159,26,0.113725490196078,6.89022000083471,29.3846153846154,4.95146228843018,65.6818704995483,15.548,1,1.39155255548138,0.935370222943094,2.750112
60.5551805284838,20,0.772834716063431,5.04626504404032,20,0.0882352941176471,6.85245735832773,22.6,4.34861987519798,-24.9298072154862,16.491,0.833333333333333,1.5757775006756,0.652055478608489,-0.228380054794521
55.8291179001753,17,0.610958500409594,4.65242649168128,17,0.109803921568627,5.30899411292551,27.7647058823529,4.20293221204544,-74.8283755578802,11.421,1,1.26316434457595,1,2.20092631578947
98.5766919987619,53,0.660807717159826,8.21472433323015,53,0.101960784313725,9.64008688738838,26.188679245283,7.23541768018676,42.0270684100105,24.885,0.963636363636364,1.33234697891547,0.8479009674694,2.13740307692308
46.9058411426803,12,0,3.90882009522336,12,0.0980392156862745,4,23.3333333333333,4,0,8.816,1,1,1,-6.1627392
64.9381965576721,23,0.746432796230763,5.41151637980601,23,0.0980392156862745,6.76653363136745,27.0434782608696,4.50286290579699,83.8387516812237,14.671,1,1.50271810910703,0.910926690570862,4.062336
38.2984589185375,8,0.547722557505166,3.19153824321146,8,0.115686274509804,3.65148371670111,30.25,3.05505046330389,0,7.22,1,1.1952286093344,0.936368556122002,-3.970944
143.938020939328,113,0.572339440295327,11.9948350782774,113,0.172549019607843,13.5100076141578,51.8141592920354,11.0784333171807,34.6012515571774,42.923,0.8828125,1.21948719889898,0.669196771941101,33.4442057142857
75.3905917717706,31,0.501550713722296,6.28254931431422,31,0.0862745098039216,6.83925226517013,23.9677419354839,5.91683031429049,-31.1735924912689,16.954,1,1.15589798961308,0.964650336735915,3.22148571428571
40.6216500154385,9,0.66581188486039,3.38513750128654,9,0.113725490196078,4.05369123455442,35.3333333333333,3.02453869019341,20.3006473225022,7.683,1,1.34026760765133,0.965226527421804,8.0165376
151.38795132121,125,0.686469136931848,12.6156626101008,125,0.0980392156862745,15.2638443126398,26.56,11.0992408508943,70.9933302059792,43.617,0.868055555555556,1.37521516270277,0.718450769987616,178.848
27.0811000102923,4,0.7319250547114,2.25675833419103,4,0.149019607843137,3.05505046330389,42.75,2.08166599946613,90,4.59,1,1.46759877141069,0.840875939413586,1.21453714285714
42.8189787876665,9,0.864023109620651,3.38513750128654,9,0.101960784313725,5.37748951237059,25.2222222222222,2.70730864967244,62.2812623244409,10.404,0.818181818181818,1.98628609007001,0.61639108805846,3.608064
42.8189787876665,10,0.842069540155331,3.56824823230554,10,0.0901960784313725,5.24156177707008,22.8,2.82713579508035,53.8454448100166,9.552,0.909090909090909,1.85401839776894,0.779903284346885,2.467584
38.2984589185375,8,0.547722557505166,3.19153824321146,8,0.133333333333333,3.65148371670111,42.375,3.05505046330389,0,7.22,1,1.1952286093344,0.936368556122002,6.984576
187.623364570721,192,0.493035099413107,15.6352803808934,192,0.133333333333333,17.1199120725185,36.140625,14.8944847712654,74.2680503846594,53.302,0.905660377358491,1.14941284209753,0.75732413036183,26.5955922580645
42.8189787876665,10,0.587407799848354,3.56824823230554,10,0.190196078431373,4.08574758561188,50.7,3.3065591380366,90,8.328,1,1.23564933063255,0.955243026453948,4.0932864
131.280503036571,94,0.697551449158964,10.9400419197143,94,0.431372549019608,13.4203292174094,99.3936170212766,9.61613156475438,85.5928055211797,37.109,0.886792452830189,1.39560582413394,0.729110174859174,11.0348509090909
62.0505953499169,21,0.638937060157016,5.17088294582641,21,0.0862745098039216,6.60068688350484,24.7619047619048,5.07763789461495,36.3369316524189,17.483,0.807692307692308,1.29995226530532,0.620380872481283,0.407314285714286
57.4476883778063,18,0.573185257832411,4.78730736481719,18,0.135294117647059,5.41371641379835,33.9444444444444,4.43613896445524,31.5860629948428,12.182,0.947368421052632,1.22036673268714,0.963299138439604,3.6246528
86.7018239261228,41,0.374369660060877,7.22515199384357,41,0.117647058823529,7.59590822634891,28.2682926829268,7.04353033648481,47.633848564022,19.749,0.976190476190476,1.07842344158054,0.983285526775786,2.25453176470588
42.8189787876665,10,0.719087885044714,3.56824823230554,10,0.0980392156862745,5.70513432201083,28.1,3.96460704666688,57.0642014651339,14.804,0.625,1.43901634004491,0.390206278533532,-2.47943314285714
38.2984589185375,8,0.580947501931112,3.19153824321146,8,0.127450980392157,3.65148371670111,32.875,2.97209241668783,45,6.831,1,1.22859023366791,1,-1.09357714285714
40.6216500154385,9,0.759113363612185,3.38513750128654,9,0.12156862745098,4.43077101395282,31.2222222222222,2.88424782324025,-83.952621461494,8.237,0.9,1.53619636227207,0.873524867514907,-1.560384
216.648800082338,256,0.559828330093314,18.0540666735282,256,0.156862745098039,20.0710958999205,44.42578125,16.6310830232801,83.4233484817047,61.15,0.924187725631769,1.2068423849382,0.778290018251643,332.76096
70.3587617140205,27,0.642762937192538,5.86323014283504,27,0.0980392156862745,6.90124647239391,36.962962962963,5.28680438040087,-42.1192669098489,16.656,0.931034482758621,1.30537201224582,0.865663008927893,0.483840000000002
69.0435287010191,26,0.619389520582883,5.75362739175159,26,0.247058823529412,6.59434860562707,76.3461538461538,5.17711646665196,-71.9145966163164,15.25,0.962962962962963,1.27374932515119,0.965927505745722,-2.26367999999999
52.4423246684198,15,0.695894647535026,4.37019372236832,15,0.137254901960784,5.27676895745313,34.0666666666667,3.78947935923967,58.1473950352919,11.049,1,1.39247861176156,0.936052172984956,-2.35008
40.6216500154385,9,0.66581188486039,3.38513750128654,9,0.101960784313725,4.05369123455442,27.1111111111111,3.02453869019341,20.3006473225022,7.683,1,1.34026760765133,0.965226527421804,-1.26143999999999
30.2775902642419,5,0.765092055676006,2.52313252202016,5,0.0980392156862745,3.3065591380366,25.6,2.12916258968951,-71.565051177078,4.962,1,1.55298573911107,0.95680770565741,-1.65888
30.2775902642419,5,0.765092055676006,2.52313252202016,5,0.156862745098039,3.3065591380366,37.4,2.12916258968951,-71.565051177078,4.962,1,1.55298573911107,0.95680770565741,-1.392768
478.922190493165,1251,0.666061938556193,39.9101825410971,1251,0.243137254901961,46.5439465487342,69.0775379696243,34.7169638720764,54.9199277476471,137.03,0.945578231292517,1.34066869211943,0.800105319675716,363.9168
63.5108091408147,22,0.630166852548983,5.29256742840123,22,0.256862745098039,6.11595416306473,60.0909090909091,4.74879221911267,40.5832926743905,13.935,0.956521739130435,1.28789677056191,0.948047521431427,3.69792
630.762945121892,2170,0.898022142972617,52.5635787601577,2170,0.270588235294118,81.586194741145,73.9216589861751,35.8938675384108,-87.7080897798923,215.24,0.892269736842105,2.27298422645144,0.57179129578558,266.976
81.2433000308769,36,0.738809364491528,6.77027500257308,36,0.119607843137255,8.64257713523413,30.4166666666667,5.82435785405958,39.695501210402,20.692,0.9,1.48386781028749,0.796403830001756,-0.808703999999995
48.8211473415386,13,0.775744639642599,4.06842894512822,13,0.109803921568627,5.56981267728304,26.9230769230769,3.51481330631392,69.7623842364171,12.364,0.8125,1.58466814361877,0.679479682850968,3.5437824
83.4695560596246,38,0.436605283407192,6.95579633830205,38,0.32156862745098,7.47393130305645,69.3421052631579,6.72394599002875,90,19.212,1,1.11153946122409,0.955649848921454,9.68256
54.1622000205846,16,0.585013897171686,4.51351666838205,16,0.176470588235294,5.17257205130933,37.75,4.19507628544229,-23.7447764609996,11.694,1,1.23301024805178,0.913524178026575,6.9174
381.545693969726,794,0.85380089262051,31.7954744974771,794,0.176470588235294,44.4797534103292,48.1511335012594,23.1561457739951,33.450168352851,115.883,0.935217903415783,1.92086169453472,0.704298816789625,195.67008
78.9542957097545,34,0.260903187250082,6.57952464247954,34,0.125490196078431,6.86939163628242,31.5588235294118,6.6314700564983,0.740728585443483,18.616,0.971428571428571,1.03587765273116,0.902541328300408,6.9722208
40.6216500154385,9,0.536748159092064,3.38513750128654,9,0.188235294117647,3.95410096228573,50.1111111111111,3.33624304852277,82.3724406484711,8.146,0.9,1.18519571409419,0.887666268723232,3.36081355932203
129.168614586553,91,0.469215933672613,10.7640512155461,91,0.207843137254902,11.5204925552524,54.6813186813187,10.1735564935354,-47.9374770413665,31.005,0.957894736842105,1.132395791243,0.980745917212198,4.61107862068965
54.1622000205846,16,0.586269107471624,4.51351666838205,16,0.12156862745098,5.13092891446943,30.5,4.15664950907918,-62.0096749949132,11.512,0.941176470588235,1.23439055981559,0.936357335894372,1.87785931034483
60.5551805284838,20,0.777824403277259,5.04626504404032,20,0.109803921568627,7.01187920751874,40,4.40683748802166,-65.1000819430477,17.434,0.869565217391304,1.59113632544379,0.593656398393948,8.4271104
121.864950046315,81,0.428060468100687,10.1554125038596,81,0.235294117647059,10.7848405609486,60.9876543209877,9.74680069009079,-46.5939152983935,29.483,0.975903614457831,1.10650057427697,0.956323190141135,8.29824
42.8189787876665,10,0.587407799848354,3.56824823230554,10,0.16078431372549,4.08574758561188,43,3.3065591380366,90,8.328,1,1.23564933063255,0.955243026453948,7.86948196721311
42.8189787876665,10,0.587407799848354,3.56824823230554,10,0.147058823529412,4.08574758561188,28,3.3065591380366,0,8.328,1,1.23564933063255,0.955243026453948,6.048
98.5766919987619,53,0.845116860192667,8.21472433323015,53,0.133333333333333,12.1176350054105,36.9245283018868,6.47786477241868,66.1131905371786,29.037,0.803030303030303,1.87062179145893,0.643208302203203,7.66121142857143
42.8189787876665,10,0.916515138991168,3.56824823230554,10,0.0901960784313725,5.77350269189626,22.9,2.3094010767585,0,9.436,1,2.5,0.794355329183885,1.99494620689655
46.9058411426803,12,0.803276538696098,3.90882009522336,12,0.125490196078431,5.30391722881827,30.3333333333333,3.15904623912912,17.1368527669374,10.288,1,1.67896156856521,0.836113874855151,2.67716571428571
72.918093356958,29,0.818348493578105,6.0765077797465,29,0.192156862745098,9.16712837259589,58.4137931034483,5.26855326970489,66.7466424125114,22.768,0.828571428571429,1.73997070985473,0.542858561648113,15.3379509677419
70.3587617140205,27,0.429708728121516,5.86323014283504,27,0.129411764705882,6.38451005802528,35.9259259259259,5.76500544967211,27.3671161703272,15.829,1,1.10745950090791,0.942783190713902,2.9552144516129
62.0505953499169,21,0.36395283748246,5.17088294582641,21,0.129411764705882,5.58832203570831,32.8571428571429,5.20506025806326,-0.502543002627082,14.142,0.91304347826087,1.07363253423461,0.883407565993613,10.5535514482759
110.834178517301,67,0.522228572360461,9.23618154310838,67,0.0941176470588235,10.3427814569545,31.955223880597,8.82038150229921,12.5185959674008,31.485,0.848101265822785,1.17260023891919,0.702206994141732,9.53187096774193
44.9089238221147,11,0.258109284021837,3.74241031850956,11,0.196078431372549,3.98481967958249,51.5454545454545,3.84979696076539,45,9.271,1,1.03507268570087,0.897175783408548,14.9073808695652
44.9089238221147,11,0.68469019539811,3.74241031850956,11,0.0980392156862745,4.49690773447605,23.5454545454545,3.27750029068392,-74.9293072239623,8.791,1,1.37205410698459,0.970807043706446,6.26427870967742
40.6216500154385,9,0.66581188486039,3.38513750128654,9,0.0941176470588235,4.05369123455442,24.6666666666667,3.02453869019341,-20.3006473225022,7.683,1,1.34026760765133,0.965226527421804,6.43995806896552
85.637957575333,40,0.639764681528513,7.13649646461108,40,0.16078431372549,8.31525787598917,41.9,6.39086481804042,-81.2819241243381,20.99,0.975609756097561,1.30111622022054,0.863173072986049,11.9705965714286
110.834178517301,67,0.531076603650834,9.23618154310838,67,0.0980392156862745,10.1987245677839,37.3432835820896,8.64162217032345,45.7310100955139,28.094,0.943661971830986,1.18018635468787,0.862949071284317,8.48917028571429
72.918093356958,29,0.533637636044582,6.0765077797465,29,0.176470588235294,6.68759459898276,45.2068965517241,5.65578725295806,40.18441510377,16.011,0.966666666666667,1.18243390351804,0.993465335203805,12.6267428571429
67.7027500257308,25,0.527789527852822,5.64189583547756,25,0.156862745098039,6.23983215089175,44.76,5.29995862204265,-6.1323868639462,14.787,1,1.17733601257567,0.977366553182694,1.21453714285714
69.0435287010191,26,0.617103782394637,5.75362739175159,26,0.133333333333333,6.61184541500404,33.6153846153846,5.20274063066986,84.8402909341981,15.639,1,1.27083894515663,0.926327646531055,6.50221714285714
62.0505953499169,21,0.519651144857664,5.17088294582641,21,0.0980392156862745,5.94547704813247,32.8571428571429,5.07968799315192,42.3830691763917,16.4,0.84,1.17044138461806,0.691049642272268,9.36822857142857
35.8249279286511,7,0.838373447974913,2.98541066072092,7,0.149019607843137,4.60299252564282,41.1428571428571,2.5090741332522,-26.0625081744509,8.237,0.777777777777778,1.83453827236126,0.679408230289372,13.7820342857143
127.741293266218,89,0.713033108586907,10.6451077721848,89,0.290196078431373,12.9517817863632,75.752808988764,9.08088746664776,-84.4144943470786,34.487,0.908163265306122,1.4262682842324,0.789885096206836,16.69248
96.6988687448568,51,0.486467332064476,8.0582390620714,51,0.141176470588235,8.75329138237223,36.5882352941176,7.64773988484828,-22.9673425363875,23.504,0.944444444444444,1.14455924419112,0.902670545565007,3.59424
81.2433000308769,36,0.536021628083024,6.77027500257308,36,0.113725490196078,7.54818854842067,30.4444444444444,6.37221284571312,35.1265816972869,19.658,0.923076923076923,1.18454746116942,0.870278369094365,1.816128
33.1674383492482,6,0.74535599249993,2.76395319577068,6,0.141176470588235,3.46410161513775,39,2.3094010767585,90,5.516,1,1.5,1,6.90869426086956
35.8249279286511,6,0.881691303678326,2.76395319577068,6,0.0862745098039216,4.59173600260225,22,2.16650369493894,83.7355961454242,7.865,0.857142857142857,2.11942218853758,0.622379567867688,0.443321379310345
30.2775902642419,5,0.765092055676006,2.52313252202016,5,0.211764705882353,3.3065591380366,58.8,2.12916258968951,71.565051177078,4.962,1,1.55298573911107,0.95680770565741,8.1216
50.664098947737,14,0.668139199264773,4.22200824564475,14,0.0862745098039216,5.1136738128224,21.4285714285714,3.80475892484537,0,10.594,1,1.34402045276239,0.932487661720857,12.1573737931035
171.275915150666,160,0.845853288926645,14.2729929292222,160,0.482352941176471,20.0660149513612,104.275,10.7035256172168,-53.1832305500895,50.589,0.860215053763441,1.87471078866618,0.696444615247908,22.5057934883721
104.006938095831,59,0.569673498956304,8.66724484131922,59,0.125490196078431,9.82902453647371,32.2881355932203,8.07819120515738,66.2939229342598,26.324,0.921875,1.21673581212073,0.853948174243753,-3.00672
54.1622000205846,16,0.397328469893893,4.51351666838205,16,0.109803921568627,4.94821069633677,28.5625,4.54085647993031,-78.5831729110412,12.066,0.941176470588235,1.08970867460949,0.869378517390405,-5.31720626086956
33.1674383492482,6,0.778498944161523,2.76395319577068,6,0.150980392156863,3.82970843102535,38.5,2.40370085030933,-45,6.459,1,1.59325501363138,0.818022082978878,-4.46143015384615
48.8211473415386,13,0.72419619234885,4.06842894512822,13,0.0980392156862745,5.04173633084778,24.9230769230769,3.47675108733237,-50.7347651664335,10.015,1,1.45012864142546,0.943770415331972,-2.15924869565217
42.8189787876665,9,0.822897316780043,3.38513750128654,9,0.0862745098039216,5.08995052724943,23.8888888888889,2.89205957207401,72.0811735228609,10.404,0.818181818181818,1.75997430218881,0.61639108805846,-6.06452136585366
48.8211473415386,13,0.764418460191925,4.06842894512822,13,0.0980392156862745,5.18608363901395,25.2307692307692,3.34357401286216,0,10.288,1,1.5510599194347,0.905790031093081,-4.038912
177.582648487966,172,0.797365791073733,14.7985540406638,172,0.42156862745098,19.2071189831563,97.3546511627907,11.5914254168169,-21.8329344252232,46.346,0.966292134831461,1.65701096219715,0.882562875574062,9.53347764705882
46.9058411426803,12,0.778620612706003,3.90882009522336,12,0.117647058823529,5.34975062921792,29.5833333333333,3.35694162804053,-46.2846205100741,10.958,0.857142857142857,1.59363826422582,0.758539111278271,-16.146432
57.4476883778063,17,0.848541045001121,4.65242649168128,17,0.12156862745098,6.88569999695834,41.8235294117647,3.64342743364396,67.7628173032288,14.051,0.894736842105263,1.8898962919845,0.72272992686846,-7.444224
66.3348766984964,24,0.577602001924043,5.52790639154137,24,0.0862745098039216,6.50953597032611,20.9583333333333,5.31385477428031,20.5082370930746,16.474,0.923076923076923,1.22501201986796,0.783823423048237,-3.12587462686567
44.9089238221147,11,0.47839528325838,3.74241031850956,11,0.145098039215686,4.16333199893227,47,3.65600754711653,18.434948822922,8.907,0.916666666666667,1.13876460736955,0.952203789976801,-0.414610863157895
70.3587617140205,27,0.529735466670077,5.86323014283504,27,0.0980392156862745,6.58551862241858,26.8148148148148,5.58559269087408,-27.1230563727817,16.54,0.964285714285714,1.17901876969622,0.875897224319163,-13.5546352941176
94.7838500360231,49,0.473233396421394,7.89865416966859,49,0.243137254901961,8.75532462855273,57.530612244898,7.7128901802751,-28.4078803120915,27.168,0.907407407407407,1.13515484129977,0.67026376953502,7.90128
70.3587617140205,27,0.328093837671923,5.86323014283504,27,0.258823529411765,6.13529985079311,75.9259259259259,5.79568116426945,-33.5229567311857,15.457,1,1.05859858002842,0.980874542290576,8.42067692307692
64.9381965576721,23,0.808087890408533,5.41151637980601,23,0.109803921568627,7.55232094020782,27.9130434782609,4.44878477465857,87.8577431906147,16.681,0.851851851851852,1.69761436498969,0.735557769326158,-4.55401220338983
50.664098947737,14,0.80579957755531,4.22200824564475,14,0.0862745098039216,6.3571056060305,22.2857142857143,3.76460387389976,36.6845231466393,14.142,0.736842105263158,1.6886519323068,0.588938377329075,-1.85355284210526
50.664098947737,14,0.196396101212395,4.22200824564475,14,0.141176470588235,4.36435780471985,36.7857142857143,4.27936036926876,0,10.106,1,1.01986218222272,1,9.52128
85.637957575333,40,0.552984266980799,7.13649646461108,40,0.109803921568627,7.94028508045709,28.125,6.61577958427707,47.6039408894697,19.749,0.952380952380952,1.2002039939976,0.959302952951986,-9.53015351351351
42.8189787876665,10,0.587407799848354,3.56824823230554,10,0.149019607843137,4.08574758561188,38.1,3.3065591380366,90,8.328,1,1.23564933063255,0.955243026453948,-2.706048
46.9058411426803,12,0.661437827766148,3.90882009522336,12,0.166666666666667,4.61880215351701,43.5,3.46410161513775,90,9.436,1,1.33333333333334,0.953226395020662,-0.101426086956522
60.5551805284838,20,0.527139476172933,5.04626504404032,20,0.13921568627451,5.82669064730243,40.95,4.95139806189172,-7.87258924988575,14.233,0.952380952380952,1.17677685665133,0.832550521041298,0.633550978723404
145.206221839198,115,0.737069475249604,12.1005184865998,115,0.113725490196078,15.1401664030507,31.7391304347826,10.231981515033,57.8976624326254,43.46,0.839416058394161,1.47969055464052,0.665435836350689,21.238272
67.7027500257308,25,0.454863878963912,5.64189583547756,25,0.133333333333333,6.09282156734445,35.2,5.42602912037606,-66.4194602558868,15.341,0.961538461538462,1.12288773837656,0.919653204968616,-2.77344
50.664098947737,14,0.824762122153737,4.22200824564475,14,0.129411764705882,5.72380160050161,29.2142857142857,3.23669437485075,90,11.14,1,1.76840966047823,0.862550668662209,0.390454468085107
138.087057402038,104,0.333428838856986,11.5072547835032,104,0.26078431372549,11.9308766943671,67.1442307692308,11.2481354949381,14.8365681110896,33.891,0.954128440366973,1.06069816635266,0.952960648192657,-5.62241828571428
144.573511980488,114,0.499962282480965,12.0477926650407,114,0.17843137254902,13.0583913798414,49.4649122807018,11.3091830156026,66.5150736663919,35.868,0.95,1.15467150560969,0.941394994265067,7.20653373134328
44.9089238221147,11,0.841412176261495,3.74241031850956,11,0.0941176470588235,5.31639675509447,34.5454545454545,2.87294829026023,48.7973216842957,9.461,1,1.85050206894358,0.87032758986768,-6.90730971428571
66.3348766984964,24,0.649697835868565,5.52790639154137,24,0.0901960784313725,6.83792051922137,23.5416666666667,5.19813627664657,17.9188264771391,17.326,0.857142857142857,1.31545618569905,0.719925531403575,-1.92224290909091
44.9089238221147,11,0.68469019539811,3.74241031850956,11,0.168627450980392,4.49690773447605,43.1818181818182,3.27750029068392,74.9293072239623,8.791,1,1.37205410698459,0.970807043706446,-5.11042064516129
57.4476883778063,18,0.405973909032113,4.78730736481719,18,0.119607843137255,5.16397779494322,30.9444444444444,4.7192801292434,57.9946167919165,12.091,0.947368421052632,1.09422997862412,0.974843077950571,-0.163905882352941
96.6988687448568,51,0.651543900897283,8.0582390620714,51,0.231372549019608,9.38401922108742,57.6862745098039,7.11881956136182,85.436241605545,23.206,0.962264150943396,1.31819877441763,0.923205024146132,6.88707147540984
120.351040963123,79,0.717829865145088,10.0292534135935,79,0.0941176470588235,12.391263635238,24.3670886075949,8.62702773731836,-75.5123699489862,33.279,0.94047619047619,1.43633056627794,0.748415784059012,16.606675862069
46.9058411426803,12,0.783860704698905,3.90882009522336,12,0.154901960784314,5.36553368293744,45.25,3.33165682298653,-28.0052399535018,10.867,0.923076923076923,1.61047009581489,0.768426080108837,-1.00935529411765
77.7845377731429,17,0.843022928947184,4.65242649168128,17,0.125490196078431,7.29157847245565,31.3529411764706,3.92197692342325,46.0916196500912,15.548,0.80952380952381,1.85915894326356,0.611588222693561,-2.66061730909091
35.8249279286511,7,0.76924287688159,2.98541066072092,7,0.137254901960784,4.36483199143542,39.8571428571429,2.78893772955422,-50.0039899007207,9.089,0.777777777777778,1.56505179200723,0.588048166260961,-5.123088
177.582648487966,172,0.786643375719161,14.7985540406638,172,0.282352941176471,19.4229691588807,74.0232558139535,11.9918896367962,-79.4680548169515,53.012,0.877551020408163,1.61967544291625,0.685461735907756,21.7892945454545
74.1646467884524,30,0.337004790747417,6.18038723237103,30,0.0980392156862745,6.53743361297533,26.6333333333333,6.15501291454068,63.8546680897781,17.119,0.9375,1.0621315834336,0.91838932868222,-2.11867826086957
82.3639502109324,37,0.6312732492985,6.8636625175777,37,0.145098039215686,8.44742443460425,48.1621621621622,6.55148869403285,-7.13805837072844,23.512,0.822222222222222,1.28939006523788,0.654485570177377,-7.45755428571429
230.984479743948,291,0.608998589347361,19.248706645329,291,0.125490196078431,21.7834643717242,35.1580756013746,17.2780188507488,79.0631193568472,64.632,0.912225705329154,1.26076169726948,0.796126054109922,37.241856
44.9089238221147,10,0.865132273784041,3.56824823230554,10,0.12156862745098,5.51214577925055,45.5,2.7645823509089,67.6425256387919,10.495,0.909090909090909,1.99384394443462,0.675768787653252,-0.762418285714285
55.8291179001753,17,0.809282018109684,4.65242649168128,17,0.109803921568627,7.23053070230206,40.8235294117647,4.24736055315395,4.74639124067288,17.045,0.85,1.70235858524723,0.52424312827275,-2.47104
50.664098947737,14,0.836070155413685,4.22200824564475,14,0.109803921568627,6.32546396098607,27.3571428571429,3.47029212703684,26.8326243861954,12.918,0.875,1.8227468263276,0.682132668313236,-1.88352
55.8291179001753,17,0.732991091536486,4.65242649168128,17,0.0980392156862745,6.28056126831563,21.8823529411765,4.27227792753612,15.2251836149388,15.548,0.85,1.47007319627675,0.611588222693561,-2.14656
168.033806551084,154,0.472454182772855,14.0028172125903,154,0.12156862745098,15.4337415962722,31.961038961039,13.60260890702,-81.8414570792001,49.481,0.870056497175141,1.13461628587345,0.698853431446946,18.9491744680851
57.4476883778063,18,0.405973909032114,4.78730736481719,18,0.123529411764706,5.16397779494322,31.6666666666667,4.7192801292434,-32.0053832080834,12.091,1,1.09422997862412,0.974843077950571,-0.3815424
59.0218891123912,19,0.663103745636236,4.91849075936594,19,0.115686274509804,5.84852771174044,30.4210526315789,4.37778384341941,50.092016598012,12.645,1,1.335956255705,0.958046655746027,1.157732352
46.9058411426803,11,0.639869530103161,3.74241031850956,11,0.101960784313725,4.68630264781171,28.7272727272727,3.60134654951408,59.0362434679265,10.495,0.916666666666667,1.3012640087203,0.743345666418577,-1.19232
106.618397358971,62,0.527514294911849,8.88486644658095,62,0.129411764705882,9.86137721305568,33.5,8.37769508964545,-66.206500383294,26.597,0.911764705882353,1.17709908364223,0.880969208330036,-0.2633472
54.1622000205846,16,0.736981816494079,4.51351666838205,16,0.107843137254902,5.98395007521969,27.5,4.04462707353162,68.020813338005,13.497,0.888888888888889,1.47948128873961,0.726267596237728,-7.26332968421053
107.474783785953,63,0.678997457512894,8.95623198216277,63,0.145098039215686,10.9690798797575,40.6190476190476,8.05284712435169,23.1124437971786,30.079,0.887323943661972,1.36213685797998,0.717357530218388,7.4898432
40.6216500154385,9,0.760175561368687,3.38513750128654,9,0.0980392156862745,4.4645049379061,25.6666666666667,2.90066796992654,-29.5181217339632,8.328,1,1.53912994668575,0.859718723808554,7.31088669767442
64.9381965576721,23,0.592306302930497,5.41151637980601,23,0.0862745098039216,6.13785824413301,23.6086956521739,4.94535143724027,-29.4281757508493,14.051,0.958333333333333,1.24113691858434,0.977811077527916,4.65024
116.480215438923,74,0.392370326311859,9.70668461991024,74,0.298039215686275,10.2195523415105,73.8378378378378,9.40001916808473,-90,28.102,0.948717948717949,1.08718420236932,0.952619900630963,11.2224231325301
93.8116822853606,48,0.498041598455482,7.81764019044672,48,0.205882352941176,8.80142414371055,49.2708333333333,7.63218257252057,-79.4953680987288,25.555,0.905660377358491,1.15319884712923,0.732471001101242,35.7456738461538
85.637957575333,40,0.575880817183065,7.13649646461108,40,0.109803921568627,8.16909705407818,28.8,6.67851180935678,-14.7825299518979,21.271,0.930232558139535,1.22319122691871,0.843416409091806,2.5754112
52.4423246684198,15,0.181443684650606,4.37019372236832,15,0.0980392156862745,4.6475800154489,25.7333333333333,4.57043640026736,-18.434948822922,11.81,0.9375,1.01687882915886,0.843191481122624,7.40818285714286
33.1674383492482,6,0.74535599249993,2.76395319577068,6,0.0980392156862745,3.46410161513775,25,2.3094010767585,90,5.516,1,1.5,1,2.12123675675676
176.0271500669,169,0.623791586357833,14.6689291722417,169,0.305882352941176,16.7647203725396,76.3609467455621,13.103149900881,66.7474067666346,45.693,0.949438202247191,1.27944200435442,0.890515390622715,22.0549060465116
57.4476883778063,18,0.75176461260383,4.78730736481719,18,0.109803921568627,6.06842695838849,29.4444444444444,4.00171218649509,22.6922648297923,12.918,1,1.51645762503063,0.877027716402732,2.30887384615385
89.8178476442293,43,0.240796207505915,7.39927702033192,43,0.0862745098039216,8.00195129807098,20.1627906976744,7.76649947020793,-47.0047507707194,25.307,0.843137254901961,1.03031633862414,0.66766213367338,-0.0995328000000001
109.167404195214,65,0.684187946275026,9.09728368293446,65,0.12156862745098,10.7979017802378,32.4,7.8749716873952,62.3676911311069,27.821,0.955882352941177,1.37116706051415,0.852017631900706,10.4672206451613
69.0435287010191,26,0.836493633830932,5.75362739175159,26,0.12156862745098,8.80864597180198,32.2307692307692,4.82693224327101,79.44717189582,22.487,0.787878787878788,1.82489530158242,0.497431971466978,5.04576
50.664098947737,14,0.196396101212394,4.22200824564475,14,0.109803921568627,4.36435780471985,30.9285714285714,4.27936036926876,90,10.106,1,1.01986218222272,1,6.184512
44.9089238221147,11,0.798061088299374,3.74241031850956,11,0.133333333333333,5.10042168101529,41.6363636363636,3.07339450319153,30.6947701670174,10.032,0.916666666666667,1.659540184548,0.79651523789152,15.7119185454545
78.9542957097545,34,0.370980960461313,6.57952464247954,34,0.145098039215686,7.01929625613059,37.6470588235294,6.51840259119319,-56.3459166155686,19.013,0.918918918918919,1.07684300837971,0.870484901141281,5.45163906976744
35.8249279286511,7,0.3530939318019,2.98541066072092,7,0.149019607843137,3.23669437485075,42.4285714285714,3.0282120182066,90,6.368,1,1.06884668424492,0.972711556537156,9.0815904
184.668481247306,186,0.553459324917644,15.3890401039422,186,0.274509803921569,16.9247262855106,70.747311827957,14.096201827855,-29.7716985956945,46.255,0.96875,1.20065862366317,0.957919078581915,25.1069305263158
48.8211473415386,13,0.749808756052801,4.06842894512822,13,0.184313725490196,5.56410486492994,50.5384615384615,3.68151566136605,74.6250163489018,12.364,0.866666666666667,1.51136254106423,0.679479682850968,7.5024
46.9058411426803,12,0,3.90882009522336,12,0.119607843137255,4,36.5833333333333,4,0,8.816,1,1,1,14.10048
35.8249279286511,7,0.353093931801899,2.98541066072092,7,0.129411764705882,3.23669437485075,32.8571428571429,3.0282120182066,0,6.368,1,1.06884668424492,0.972711556537156,7.59592421052632
38.2984589185375,8,0.644803120154569,3.19153824321146,8,0.117647058823529,3.92585465062417,30,3.00072190128297,34.7219773902083,7.683,1,1.30830339490829,0.857979135486048,7.61107474285714
42.8189787876665,10,0.868724322904849,3.56824823230554,10,0.109803921568627,5.67502975132806,26.2,2.81081909560328,-40.4548615395888,10.313,0.909090909090909,2.01899501828667,0.694174660443952,13.1747657142857
176.547172322631,170,0.795519402357066,14.7122643602193,170,0.192156862745098,19.2707932947994,49.7117647058824,11.6767154544958,70.9555116355615,48.488,0.939226519337017,1.65036078595027,0.80142223637381,4.47752930232558
80.1069741374945,35,0.34439788733389,6.67558117812455,35,0.12156862745098,7.00793659885878,31.2857142857143,6.57921754754624,-84.5717933259689,18.616,0.972222222222222,1.06516261975141,0.929086661485714,1.42350967741936
104.006938095831,59,0.676124183351203,8.66724484131922,59,0.12156862745098,10.2677267458727,33.5254237288136,7.56513459087517,76.8005611231116,25.695,0.983333333333333,1.35724310288641,0.891608069520518,6.82679172413793
35.8249279286511,7,0.856222400720973,2.98541066072092,7,0.16078431372549,4.31282648363321,38.1428571428571,2.22803805452514,81.6503778830032,6.922,1,1.93570593413962,0.868563960642361,8.76096
108.324400041169,64,0.604024207522071,9.0270333367641,64,0.107843137254902,10.5796762512649,40.28125,8.43164194182176,-72.4207022496363,29.98,0.876712328767123,1.25475872010037,0.73310708150608,11.4738212571429
70.3587617140205,27,0.321984478997965,5.86323014283504,27,0.113725490196078,6.17777561397351,32.8148148148148,5.84877784823373,-65.0248638828541,16.218,0.931034482758621,1.05625068591708,0.905276398648638,2.87341714285714
48.8211473415386,13,0.72419619234885,4.06842894512822,13,0.117647058823529,5.04173633084778,35.8461538461538,3.47675108733237,-39.2652348335666,10.015,1,1.45012864142546,0.943770415331972,9.76477090909091
54.1622000205846,16,0.442803433469842,4.51351666838205,16,0.166666666666667,5.1269166512968,51.625,4.59688941756513,-37.9818782660368,13.861,0.842105263157895,1.11530127997128,0.695503862749938,9.18308571428572
92.8293339347406,47,0.512471503980307,7.73577782789505,47,0.12156862745098,8.46063306188416,29.5106382978723,7.26518141343917,-62.0348332048729,22.098,0.94,1.16454532659482,0.927135133869762,-2.2411728
133.358951558794,97,0.65382791193953,11.1132459632328,97,0.113725490196078,13.1628601850128,30.4432989690722,9.95958977763116,-77.2175408118777,37.001,0.906542056074766,1.32162674155276,0.756433512710257,6.20784
38.2984589185375,8,0.866025403784439,3.19153824321146,8,0.211764705882353,4.61880215351701,52.25,2.3094010767585,0,7.476,1,2,0.891759474057926,3.03264
185.658667869481,188,0.466254924715022,15.4715556557901,188,0.258823529411765,16.5639237256744,66.6329787234042,14.6532818895296,-81.6784516263806,48.298,0.954314720812183,1.13039002801891,0.89283801184783,173.581056
90.8327707927258,45,0.53987392512605,7.56939756606048,45,0.129411764705882,8.35026120036304,33.4222222222222,7.02879805395221,33.172556064385,21.362,0.957446808510638,1.18800698729248,0.941809028578591,-0.596159999999999
35.8249279286511,7,0.856222400720973,2.98541066072092,7,0.105882352941176,4.31282648363321,27.2857142857143,2.22803805452514,-8.34962211699681,6.922,1,1.93570593413962,0.868563960642361,7.40016
40.6216500154385,9,0.66581188486039,3.38513750128654,9,0.0980392156862745,4.05369123455442,24.6666666666667,3.02453869019341,-20.3006473225022,7.683,1,1.34026760765133,0.965226527421804,3.84912
60.5551805284838,20,0.690828098053569,5.04626504404032,20,0.0980392156862745,6.18578541489984,26.3,4.47244066114678,-74.5826923753841,13.869,0.869565217391304,1.38308943227292,0.868562290411738,3.77136
35.8249279286511,7,0.692995696294582,2.98541066072092,7,0.109803921568627,3.82702156039222,32.8571428571429,2.75905950962527,-10.9007047431759,7.22,0.875,1.38707467056845,0.819322486606751,4.09536
103.121756567797,58,0.61545056409424,8.59347971398312,58,0.105882352941176,11.0157787770126,26.3103448275862,8.68236683613745,3.08301650824204,32.849,0.753246753246753,1.26875297772067,0.562677904217715,4.71995345454545
86.7018239261228,41,0.571161857807253,7.22515199384357,41,0.113725490196078,8.15338706911099,31.1707317073171,6.6926055145595,23.5671293812512,20.411,1,1.21826799015325,0.928787322497179,-2.44150690909091
95.7461472963438,49,0.789268147626395,7.89865416966859,49,0.0862745098039216,12.6775913221376,21.0408163265306,7.78465831740778,-47.2982127463225,40.301,0.590361445783133,1.6285353582942,0.32626799338842,6.88058181818182
46.9058411426803,12,0.724732029713703,3.90882009522336,12,0.105882352941176,4.99380470463716,29.0833333333333,3.44088540200361,-16.4406198326374,10.404,0.857142857142857,1.45131386872963,0.821854784077947,1.45476
131.976956215761,95,0.55389591899098,10.9980796846468,95,0.231372549019608,12.2821784390397,58.3368421052632,10.2259688112479,-89.5215187166909,33.081,0.969387755102041,1.2010772441952,0.909859649529607,27.64368
95.7461472963438,50,0.69238703183416,7.97884560802865,50,0.119607843137255,9.50350554435605,30.82,6.85702916976883,50.1084882730353,22.95,0.980392156862745,1.38595087013119,0.922951094393999,-1.2096
30.2775902642419,5,0,2.52313252202016,5,0.101960784313725,2.78088714861523,27.6,2.78088714861523,0,5.624,1,1,0.817743873391467,4.9450852173913
69.0435287010191,26,0.618753855948449,5.75362739175159,26,0.0980392156862745,7.12617065169983,24.4230769230769,5.59821219777295,-20.5503122975041,18.823,0.866666666666667,1.27293685911633,0.677231117852998,0.749323636363635
76.5969178370751,32,0.794797120594249,6.38307648642292,32,0.172549019607843,8.35888090442966,43.9375,5.07279771844176,-10.9760342823036,18.343,0.941176470588235,1.64778518056054,0.871175382137215,1.84032
122.614895278807,82,0.667369645128789,10.2179079399006,82,0.23921568627451,12.3768917210071,58.9268292682927,9.21740088892779,-65.1368954783577,37.109,0.854166666666667,1.34277459233379,0.636032280196301,6.58368
111.658235800351,68,0.506704885372219,9.30485298336256,68,0.152941176470588,10.1172894055653,39.5441176470588,8.7223132280537,33.5641448221875,26.779,0.971428571428571,1.15993190579592,0.954505408460357,0.894239999999997
470.814094712778,1209,0.505925514876937,39.2345078927315,1209,0.254901960784314,42.4479333044279,70.7427626137303,36.6146181621838,63.8271797060465,132.009,0.94453125,1.15931656357593,0.831764261252496,179.283456
75.3905917717706,31,0.226720142755138,6.28254931431422,31,0.133333333333333,6.48903127452168,32.9354838709677,6.32005655124706,15.2551187030579,17.508,0.939393939393939,1.02673626761161,0.91358419992409,1.01088
91.8364782879097,46,0.540650342029778,7.65303985732581,46,0.209803921568627,8.49987318432375,51.3478260869565,7.15049631594477,-2.75323098322654,21.8,0.978723404255319,1.1887109382002,0.929221675056339,9.51951673469388
129.168614586553,91,0.51273567578797,10.7640512155461,91,0.105882352941176,11.8338476665213,28.1098901098901,10.1599087307179,77.0886308838024,32.502,0.947916666666667,1.16475924933679,0.900094924544133,15.3513290322581
124.101190699834,84,0.64872157050758,10.3417658916528,84,0.331372549019608,12.4098996136496,77.5714285714286,9.44425423548103,88.3231851361726,38.523,0.831683168316832,1.31401583483712,0.608071809445,22.6565485714286
59.0218891123912,19,0.789258698609514,4.91849075936594,19,0.174509803921569,6.96711436132484,53.4736842105263,4.2782320485742,-41.1249817885404,17.045,0.826086956521739,1.62850314854865,0.585918790422486,12.6195372972973
82.3639502109324,37,0.575576645949758,6.8636625175777,37,0.145098039215686,7.89792569754948,42.4594594594595,6.45851165460106,-44.6435401310227,20.419,0.86046511627907,1.22287085940659,0.837604817850012,9.19841684210526
89.8178476442293,44,0.479222542890961,7.48482063701911,44,0.149019607843137,8.09372366123905,38.0681818181818,7.10380806934793,-12.8602285658292,20.783,1,1.13934999119169,0.965991792141081,3.08118797080292
40.6216500154385,9,0.66581188486039,3.38513750128654,9,0.172549019607843,4.05369123455442,42.3333333333333,3.02453869019341,20.3006473225022,7.683,1,1.34026760765133,0.965226527421804,8.33427692307692
33.1674383492482,5,0.743786467142022,2.52313252202016,5,0.101960784313725,3.52984968658715,33.2,2.35941260841915,55.9007047431759,5.814,0.833333333333333,1.49607138403495,0.783413778480016,5.28768
23.4529205713402,3,0.730296743340221,1.95441004761168,3,0.0980392156862745,2.58198889747161,25.3333333333333,1.76383420737639,-45,3.093,1,1.4638501094228,0.969873184255889,6.15371294117647
33.1674383492482,6,0.456435464587638,2.76395319577068,6,0.150980392156863,3.2659863237109,38.3333333333333,2.90593262902712,-26.565051177078,6.277,1,1.12390297389803,0.849941598934415,7.79853913043478
96.6988687448568,51,0.395834252887328,8.0582390620714,51,0.203921568627451,8.51911885997954,52.7843137254902,7.8232940311207,-45.7129495992998,22.842,0.944444444444444,1.08894269167065,0.949252264424207,8.43561931034483
27.0811000102923,4,0,2.25675833419103,4,0.096078431372549,2.3094010767585,25.5,2.3094010767585,0,3.556,1,1,1,1.327104
38.2984589185375,8,0.580947501931112,3.19153824321146,8,0.117647058823529,3.65148371670111,32.375,2.97209241668783,-45,6.831,1,1.22859023366791,1,18.2719455319149
118.81784408086,77,0.548044252874586,9.90148700673831,77,0.137254901960784,10.9933053436515,35.8701298701299,9.19534298928954,55.2805153780285,30.426,0.939024390243902,1.19552966718655,0.858737041485032,7.45344
27.0811000102923,4,0.7319250547114,2.25675833419103,4,0.131372549019608,3.05505046330389,35.75,2.08166599946613,90,4.59,1,1.46759877141069,0.840875939413586,2.94377142857143
38.2984589185375,8,0.866025403784439,3.19153824321146,8,0.127450980392157,4.61880215351701,32.25,2.3094010767585,90,7.476,1,2,0.891759474057926,3.27811764705882
93.8116822853606,48,0.605272604275087,7.81764019044672,48,0.111764705882353,8.89743290583842,28.5833333333333,7.08251908398365,33.0124871327709,22.768,0.923076923076923,1.25625258475604,0.89852451583136,4.70414769230769
63.5108091408147,22,0.350324524872685,5.29256742840123,22,0.111764705882353,5.6138357221379,27.7272727272727,5.25807787315005,-33.6900675259799,13.935,0.956521739130435,1.06765929633802,0.948047521431427,3.16224
55.8291179001753,17,0.836150007898256,4.65242649168128,17,0.0862745098039216,6.68537919832484,22.1176470588235,3.66693606218854,-23.146083443125,14.622,0.894736842105263,1.82315128623617,0.67701325902299,2.06866285714286
71.6498558573022,28,0.504953391779781,5.97082132144185,28,0.12156862745098,6.56537481933349,32,5.66688102543998,-83.5624992201938,16.565,0.933333333333333,1.1585517306363,0.906034669324176,1.59179294117647
38.2984589185375,8,0.767144629171017,3.19153824321146,8,0.172549019607843,4.58453833790926,45.125,2.94086295071818,52.0181217339632,9.089,0.8,1.5589092095535,0.672055047155384,1.44411428571429
270.811000102923,400,0.300575977225053,22.5675833419103,400,0.137254901960784,23.2073701049578,39.4,22.134211968764,-25.1692042851535,71.455,0.961538461538462,1.04848413567685,0.903299716671103,49.373507368421
72.918093356958,29,0.557891246482924,6.0765077797465,29,0.0980392156862745,6.90493743053043,26.6896551724138,5.73050469908391,74.7448812969422,17.806,0.935483870967742,1.20494403078219,0.830499971452751,-0.459154285714286
55.8291179001753,16,0.907895114140902,4.51351666838205,16,0.125490196078431,8.13743970812896,40.875,3.41119358337118,24.1478154993527,17.227,0.8,2.38551096830071,0.484627217085898,0.02592
38.2984589185375,8,0.644803120154569,3.19153824321146,8,0.143137254901961,3.92585465062417,35,3.00072190128297,55.2780226097917,7.683,1,1.30830339490829,0.857979135486048,-2.83392
50.664098947737,14,0.196396101212394,4.22200824564475,14,0.131372549019608,4.36435780471985,38.2142857142857,4.27936036926876,90,10.106,1,1.01986218222272,1,-0.182140540540541
75.3905917717706,31,0.325954815049154,6.28254931431422,31,0.0980392156862745,6.52867949236126,26.9032258064516,6.17211794192273,-59.0362434679264,16.565,1,1.057769724071,1,-1.23014918918919
44.9089238221147,11,0.68469019539811,3.74241031850956,11,0.125490196078431,4.49690773447605,33.6363636363636,3.27750029068392,74.9293072239623,8.791,1,1.37205410698459,0.970807043706446,-2.80429714285714
172.874169828878,163,0.390374383084787,14.4061808190732,163,0.364705882352941,15.0681271267803,85.9631901840491,13.8725646815664,-56.2481054617919,42.881,0.976047904191617,1.08618178921181,0.967064201439367,28.8858763636364
40.6216500154385,9,0.66581188486039,3.38513750128654,9,0.113725490196078,4.05369123455442,29.1111111111111,3.02453869019341,20.3006473225022,7.683,1,1.34026760765133,0.965226527421804,-1.80699428571429
40.6216500154385,9,0.759113363612185,3.38513750128654,9,0.109803921568627,4.43077101395282,34,2.88424782324025,-6.04737853850605,8.237,1,1.53619636227207,0.873524867514907,-0.387435789473682
508.447201942372,1410,0.491966735266547,42.3706001618643,1410,0.258823529411765,45.7783146224201,72.4921985815603,39.8552414593282,-48.0945846767975,139.511,0.957880434782609,1.1486146601103,0.870702192985071,155.602944
35.8249279286511,7,0.353093931801899,2.98541066072092,7,0.196078431372549,3.23669437485075,45.4285714285714,3.0282120182066,0,6.368,1,1.06884668424492,0.972711556537156,-0.881279999999998
42.8189787876665,10,0.657535505639407,3.56824823230554,10,0.152941176470588,4.25832517937902,51.2,3.20832251080426,90,8.146,1,1.32727466301745,0.986295854136924,-1.60704
88.791324243983,43,0.512636090163974,7.39927702033192,43,0.109803921568627,8.32819148367083,30.1395348837209,7.15063505978587,45.5440540478207,23.694,0.895833333333333,1.16467857946036,0.750336265973115,1.556496
57.4476883778063,18,0.593175416590207,4.78730736481719,18,0.103921568627451,5.5795326683607,23.6666666666667,4.49193245474644,63.7449229086982,13.199,0.9,1.24212301154819,0.847123562111595,-0.9504
33.1674383492482,6,0.74535599249993,2.76395319577068,6,0.145098039215686,3.46410161513775,35,2.3094010767585,0,5.516,1,1.5,1,-1.34784
80.1069741374945,35,0.34439788733389,6.67558117812455,35,0.133333333333333,7.00793659885878,34.0571428571429,6.57921754754624,-84.5717933259689,18.616,0.972222222222222,1.06516261975141,0.929086661485714,-3.73225460869565
62.0505953499169,21,0.717354408014365,5.17088294582641,21,0.105882352941176,6.70663174864942,26.952380952381,4.67256695738302,87.7524301936404,15.366,0.875,1.4353206299275,0.770423096938686,-4.64448
35.8249279286511,7,0.692995696294582,2.98541066072092,7,0.125490196078431,3.82702156039222,34.4285714285714,2.75905950962527,79.0992952568241,7.22,0.875,1.38707467056845,0.819322486606751,-8.5256064
48.8211473415386,13,0.73458330918516,4.06842894512822,13,0.133333333333333,5.30531096504978,32.8461538461538,3.59975166550062,-27.0650882411393,11.231,1,1.47379915561813,0.790829720365258,-0.0597573818181819
35.8249279286511,7,0.800313910155302,2.98541066072092,7,0.105882352941176,4.16333199893227,29.1428571428571,2.49625569944403,-30.9637565320735,7.402,1,1.66783074340483,0.791280870059082,-1.39053176470588
183.672956575819,184,0.267782779558935,15.3060797146516,184,0.207843137254902,15.6728124126073,54.8858695652174,15.1004305067373,-58.4372103150426,46.247,0.968421052631579,1.03790500579534,0.947925890281833,18.00768
72.918093356958,29,0.810316795392199,6.0765077797465,29,0.109803921568627,8.45193574361634,26.8275862068966,4.95276721375157,81.7527708369449,19.675,0.935483870967742,1.70650777208934,0.700013287809663,-0.667322181818181
46.9058411426803,12,0.882039284112354,3.90882009522336,12,0.17843137254902,5.99294786116821,45.1666666666667,2.82373242751651,75.7493201926587,10.958,0.923076923076923,2.12234976755182,0.758539111278271,1.72268307692308
131.280503036571,94,0.20027903357956,10.9400419197143,94,0.16078431372549,11.1301540785953,46.1063829787234,10.904644894113,-21.6214153120795,32.022,0.959183673469388,1.02068010344876,0.955325206380752,8.95911476635514
35.8249279286511,7,0.688972486206282,2.98541066072092,7,0.0862745098039216,3.76358333265239,22,2.72779813678576,-59.5273020495386,6.831,0.875,1.37971475304515,0.884487590623178,-2.55624827586207
42.8189787876665,10,0.587407799848354,3.56824823230554,10,0.164705882352941,4.08574758561188,42.9,3.3065591380366,0,8.328,1,1.23564933063255,0.955243026453948,-3.21997090909091
57.4476883778063,18,0.592148128276214,4.78730736481719,18,0.113725490196078,5.51267894485343,28.7777777777778,4.44227730348895,-56.0239737317802,12.645,1,1.24095786197854,0.907623147548868,-2.877696
27.0811000102923,4,0,2.25675833419103,4,0.162745098039216,2.3094010767585,42.25,2.3094010767585,0,3.556,1,1,1,-2.80201846153846
57.4476883778063,18,0.405973909032114,4.78730736481719,18,0.131372549019608,5.16397779494322,34.3333333333333,4.7192801292434,-32.0053832080834,12.091,0.947368421052632,1.09422997862412,0.974843077950571,-2.25355885714286
86.7018239261228,41,0.668830175053547,7.22515199384357,41,0.164705882352941,8.50873697495802,50.2682926829268,6.32552461371167,59.0055372843168,20.229,0.976190476190476,1.3451432876435,0.943309632428778,-1.1916288
52.4423246684198,15,0.789914131396485,4.37019372236832,15,0.243137254901961,5.88205630977811,55.7333333333333,3.60697968631491,-60.9026644624985,12.364,0.9375,1.63074284340856,0.784015018674194,0.551908173913043
149.560263178116,122,0.683679452186366,12.463355264843,122,0.294117647058824,15.1180884991276,74.4672131147541,11.0329154811869,44.7466104651548,43.543,0.865248226950355,1.37027139606994,0.703432690357917,7.30629818181818
40.6216500154385,9,0.478091443733758,3.38513750128654,9,0.0980392156862745,3.94405318873308,24.5555555555556,3.46410161513775,0,9.18,0.9,1.13855008510662,0.744935513912543,-0.565771034482759
57.4476883778063,18,0.735530618672868,4.78730736481719,18,0.0980392156862745,6.11010092660779,25.8888888888889,4.13954133559937,90,12.918,1,1.47603331655658,0.877027716402732,-0.610932390697674
33.1674383492482,6,0.833333333333333,2.76395319577068,6,0.207843137254902,4,44.6666666666667,2.21108319357027,90,6.368,1,1.80906806746658,0.833752762746134,-0.512795675675675
52.4423246684198,15,0.789914131396485,4.37019372236832,15,0.243137254901961,5.88205630977811,55.7333333333333,3.60697968631491,-60.9026644624985,12.364,0.9375,1.63074284340856,0.784015018674194,-2.13399611650485
171.810318680631,161,0.423194061140931,14.3175265567193,161,0.196078431372549,15.1286024210655,52.4409937888199,13.7071047865697,-74.3688189904189,43.807,0.947058823529412,1.10370517017486,0.917889884026377,12.082608
42.8189787876665,9,0.864942452984154,3.38513750128654,9,0.1,6.37420009984983,27.6666666666667,3.19902651097778,-31.0513644845262,12.339,0.75,1.9925436935193,0.471929588805888,-5.56052210526316
55.8291179001753,17,0.693796960798381,4.65242649168128,17,0.105882352941176,5.67098042662255,26.2941176470588,4.08407370748293,-63.7218279717803,12.157,1,1.38855976478389,0.912758368119037,-3.608064
27.0811000102923,4,0,2.25675833419103,4,0.123529411764706,2.3094010767585,31.5,2.3094010767585,0,3.556,1,1,1,-2.395008
42.8189787876665,7,0.947258954674897,2.98541066072092,7,0.0862745098039216,6.71263347700201,23.5714285714286,2.15119190993363,29.438764901604,10.495,0.777777777777778,3.12042521450776,0.473038151357276,-4.12916869565217
91.8364782879097,46,0.860667203701137,7.65303985732581,46,0.2,11.2956618557375,53.7826086956522,5.75138858240688,89.3306928828969,26.233,0.867924528301887,1.96398864272364,0.669921614279373,-4.04511507692308
30.2775902642419,5,0.765092055676006,2.52313252202016,5,0.12156862745098,3.3065591380366,30.4,2.12916258968951,-18.434948822922,4.962,1,1.55298573911107,0.95680770565741,-10.3816421052632
27.0811000102923,4,0,2.25675833419103,4,0.133333333333333,2.3094010767585,34,2.3094010767585,0,3.556,1,1,1,-6.63552
66.3348766984964,24,0.269235454260581,5.52790639154137,24,0.0980392156862745,5.83555322790602,25.3333333333333,5.62007183345235,-35.476687851182,15.184,0.888888888888889,1.03834139506386,0.898059369620396,2.3991552
46.9058411426803,12,0.5,3.90882009522336,12,0.0823529411764706,4.61880215351701,21.3333333333333,4,90,10.776,0.857142857142857,1.15470053837925,0.778507619738363,1.54243938461538
33.1674383492482,6,0.833333333333333,2.76395319577068,6,0.137254901960784,4,40.8333333333333,2.21108319357027,90,6.368,1,1.80906806746658,0.833752762746134,0.520811162790698
52.4423246684198,15,0.75146518861336,4.37019372236832,15,0.105882352941176,5.6288237939897,27.7333333333333,3.71374450545147,-78.0418772911903,12.273,0.882352941176471,1.51567340879995,0.793299203067919,-2.935872
27.0811000102923,4,0,2.25675833419103,4,0.129411764705882,2.3094010767585,33.5,2.3094010767585,0,3.556,1,1,1,-5.47147636363637
285.638215276999,443,0.772772082096949,23.7496340670267,443,0.156862745098039,39.5964212783278,54.3386004514673,25.1312003589219,66.3125724224681,150.793,0.589880159786951,1.57558814194367,0.23493143783153,-5.135616
46.9058411426803,12,0.880359492975647,3.90882009522336,12,0.141176470588235,6.0159327060959,34.5833333333333,2.85339920254055,-46.7032218774974,10.958,0.923076923076923,2.10833895963087,0.758539111278271,-5.65056
23.4529205713402,3,0.730296743340221,1.95441004761168,3,0.105882352941176,2.58198889747161,27.3333333333333,1.76383420737639,-45,3.093,1,1.4638501094228,0.969873184255889,-5.37408
80.1069741374945,35,0.380400066274574,6.67558117812455,35,0.145098039215686,7.32432492803704,40.3428571428571,6.77369705785019,-10.3457213173842,20.717,0.875,1.08128911958776,0.772659704474777,-4.80384
27.0811000102923,4,0,2.25675833419103,4,0.117647058823529,2.3094010767585,31.25,2.3094010767585,0,3.556,1,1,1,1.00224
104.88464933684,60,0.526234500656407,8.74038744473663,60,0.2,9.66497225079918,56.9666666666667,8.21850758634665,-45.2707194217756,25.762,0.9375,1.17600089179884,0.902521296215449,5.73135567567568
44.9089238221147,11,0.724342457709562,3.74241031850956,11,0.156862745098039,4.67806444435336,38.0909090909091,3.22524641413449,48.9717359052952,9.089,1,1.45045179303261,0.924075689838654,-5.81146338461539
33.1674383492482,6,0.74535599249993,2.76395319577068,6,0.174509803921569,3.46410161513775,39,2.3094010767585,0,5.516,1,1.5,1,-7.15938676363636
63.5108091408147,22,0.303136886144247,5.29256742840123,22,0.115686274509804,5.69290628867379,30.3181818181818,5.42503809885731,-46.2724021899066,15.639,0.88,1.04937627808972,0.783815700910893,-4.72358846511628
48.8211473415386,13,0.647467353462031,4.06842894512822,13,0.115686274509804,4.84635734208482,34.7692307692308,3.69337591385248,78.6900675259798,10.495,1,1.31217548798863,0.878499423949227,-6.5375424
63.5108091408147,22,0.585074911349514,5.29256742840123,22,0.0980392156862745,6.0073826034218,26.5909090909091,4.87186265366341,39.9915692545224,14.051,0.956521739130435,1.23307716790918,0.935297552418007,-4.396032
69.0435287010191,26,0.418655650392034,5.75362739175159,26,0.231372549019608,6.19805933976895,66.9615384615385,5.62873695868722,8.16635528865799,15.548,0.962962962962963,1.10114567180174,0.935370222943094,-5.25907862068965
38.2984589185375,8,0.866025403784439,3.19153824321146,8,0.109803921568627,4.61880215351701,27.75,2.3094010767585,90,7.476,1,2,0.891759474057926,-5.225472
57.4476883778063,18,0.60303648698601,4.78730736481719,18,0.143137254901961,5.53455624931933,40,4.41499081689236,22.5898050028735,12.62,0.947368421052632,1.253582731847,0.910504655063803,-6.23857371428571
52.4423246684198,15,0.449366459911333,4.37019372236832,15,0.109803921568627,4.89353314760069,28,4.371625682868,-45,11.719,0.9375,1.11938521332647,0.853549797099836,-4.22327363855422
94.7838500360231,49,0.62735938488342,7.89865416966859,49,0.317647058823529,9.19967485357409,78.8979591836735,7.16406155414369,-47.1914405959544,23.967,0.907407407407407,1.28414235193903,0.837899633844984,8.14529828571428
86.7018239261228,41,0.517324236392205,7.22515199384357,41,0.137254901960784,7.93298896664769,34.3658536585366,6.78896850429355,-59.9487491607459,20.51,0.953488372093023,1.16851167620392,0.921028225183313,-3.6972288
33.1674383492482,5,0.743786467142022,2.52313252202016,5,0.103921568627451,3.52984968658715,27.8,2.35941260841915,-34.0992952568241,5.814,0.833333333333333,1.49607138403495,0.783413778480016,-6.201792
87.7527934971774,42,0.538828483335636,7.31273279143145,42,0.162745098039216,8.04747816162956,39.4285714285714,6.77932029583124,90,19.956,1,1.18706268629587,0.989294782417945,-4.900608
75.3905917717706,31,0.540445041971722,6.28254931431422,31,0.125490196078431,7.10618499216107,36.3548387096774,5.97899708165303,-14.1503778830032,20.428,0.911764705882353,1.1885245794762,0.701241167687629,-7.17645913043478
131.976956215761,95,0.50295464874991,10.9980796846468,95,0.129411764705882,12.2623740410337,37.7578947368421,10.5985268779261,-7.09843484068545,37.208,0.89622641509434,1.15698853079035,0.733255214171543,14.1090624
48.8211473415386,13,0.505789614981344,4.06842894512822,13,0.176470588235294,4.47037145070718,50.1538461538462,3.85639661754271,45,9.461,1,1.15920946262931,1,1.334016
229.391464324231,287,0.833289143374429,19.1159553603526,287,0.16078431372549,25.9672733295648,44.1324041811847,14.3556801707667,-86.8886777074065,64.73,0.928802588996764,1.80885008725978,0.782916922127963,43.1214545454545
63.5108091408147,22,0.600879206656625,5.29256742840123,22,0.109803921568627,6.34134677733802,37.6818181818182,5.06889111519463,-71.5259147400085,15.25,0.916666666666667,1.25103235268342,0.817323274092534,-9.46762105263158
27.0811000102923,4,0.870424023370417,2.25675833419103,4,0.1,3.43590880093359,26.25,1.69150742780922,-58.282525588539,4.408,1,2.03127030035195,0.881907054258295,-13.885344
38.2984589185375,8,0.894059341018905,3.19153824321146,8,0.113725490196078,5.03322295684717,28.75,2.25462487641145,0,8.328,1,2.23239928269498,0.764194421163159,-1.72224
64.9381965576721,23,0.672643710916072,5.41151637980601,23,0.0941176470588235,6.64041677930485,24.3478260869565,4.91368603919406,49.3598732531187,16.656,0.884615384615385,1.35141250913011,0.737416637234872,-9.18651927272727
80.1069741374945,35,0.464926868113139,6.67558117812455,35,0.129411764705882,7.16947481160712,32.1142857142857,6.34748798461617,-76.3560060272423,17.971,0.972222222222222,1.12949797289623,0.986721909125481,-11.4815232
40.6216500154385,9,0.66581188486039,3.38513750128654,9,0.219607843137255,4.05369123455442,56.3333333333333,3.02453869019341,20.3006473225022,7.683,1,1.34026760765133,0.965226527421804,-0.0136669090909091
123.360281446966,83,0.888983691278211,10.2800234539138,83,0.431372549019608,15.7802993951865,103.55421686747,7.22641226626976,-71.5151483733218,37.117,0.846938775510204,2.1836976377397,0.643532935428468,30.9861818181818
27.0811000102923,4,0.7319250547114,2.25675833419103,4,0.092156862745098,3.05505046330389,24.25,2.08166599946613,90,4.59,1,1.46759877141069,0.840875939413586,-7.55136
42.8189787876665,10,0.767326326006719,3.56824823230554,10,0.125490196078431,4.68588428673803,30.9,3.0048552574073,-71.7777791217064,8.7,0.909090909090909,1.5594376052513,0.896168406326896,-6.10769454545454
46.9058411426803,12,0.624895320353377,3.90882009522336,12,0.113725490196078,4.61113487338034,29.8333333333333,3.5999524165908,-52.7620554983771,9.37,1,1.28088772844035,0.963309664208456,-6.87744
63.5108091408147,22,0.384395775364917,5.29256742840123,22,0.0980392156862745,5.63899775492998,27.1363636363636,5.20574451401901,67.6425256387919,13.935,0.956521739130435,1.08322599000858,0.948047521431427,-2.28096
77.7845377731429,33,0.357442180724223,6.48204481442857,33,0.133333333333333,6.78219458971128,33,6.33413073130103,45,17.301,1,1.07073801874598,0.992320250678028,-8.96832000000001
54.1622000205846,16,0.685511114686227,4.51351666838205,16,0.150980392156863,5.66503871596143,39.75,4.12450033498905,-27.9903250050868,12.918,0.888888888888889,1.37350909342973,0.779580192357984,3.9937536
145.836186713916,116,0.62579437527651,12.153015559493,116,0.141176470588235,13.9488827228001,36.9827586206897,10.8799622077692,68.7192917577438,39.449,0.89922480620155,1.28207088006606,0.80360103326568,44.8144457142857
35.8249279286511,7,0.76924287688159,2.98541066072092,7,0.0862745098039216,4.36483199143542,22.4285714285714,2.78893772955422,-39.9960100992793,9.089,0.777777777777778,1.56505179200723,0.588048166260961,-8.713101312
54.1622000205846,16,0,4.51351666838205,16,0.184313725490196,4.61880215351701,51,4.61880215351701,0,11.396,1,1,0.951359929497573,-2.7848448
93.8116822853606,37,0.39347068714835,6.8636625175777,37,0.109803921568627,7.29254851599381,32.5675675675676,6.7043108600931,5.39975793486571,19.402,0.948717948717949,1.08774021195857,0.914882522671333,-2.54633367272727
156.743198433647,134,0.884998695129924,13.0619332028039,134,0.149019607843137,19.4640554780734,38.9179104477612,9.06233776389622,-86.7119367083058,45.651,0.937062937062937,2.14779629552288,0.707305233300658,25.5024778378378
71.6498558573022,28,0.452891102051672,5.97082132144185,28,0.133333333333333,6.45329890658694,34.2142857142857,5.75354086993146,-64.2016308510529,15.829,0.96551724137931,1.1216221545088,0.977701086666269,-10.1060715789474
40.6216500154385,9,0.750304835049144,3.38513750128654,9,0.0980392156862745,4.59342724747826,26.7777777777778,3.03667808245215,43.0929625828548,8.907,0.818181818181818,1.51264873086877,0.779075828162837,-7.84148210526316
33.1674383492482,6,0.778498944161523,2.76395319577068,6,0.0862745098039216,3.82970843102535,21.8333333333333,2.40370085030933,-45,6.459,1,1.59325501363138,0.818022082978878,-8.53764923076923
33.1674383492482,6,0.456435464587638,2.76395319577068,6,0.092156862745098,3.2659863237109,24,2.90593262902712,26.565051177078,6.277,1,1.12390297389803,0.849941598934415,-6.06926769230769
27.0811000102923,4,0,2.25675833419103,4,0.135294117647059,2.3094010767585,34.75,2.3094010767585,0,3.556,1,1,1,-7.01136
27.0811000102923,4,0,2.25675833419103,4,0.12156862745098,2.3094010767585,31.25,2.3094010767585,0,3.556,1,1,1,-7.2202752
191.970428407124,201,0.235383675623929,15.9975357005936,201,0.219607843137255,16.3087712932085,58.3781094527363,15.8505360594928,76.5425675900478,48.397,0.966346153846154,1.02890976254656,0.950913057444197,15.66864
40.6216500154385,9,0.50395263067897,3.38513750128654,9,0.113725490196078,3.94405318873308,31.3333333333333,3.40660215927909,26.565051177078,8.626,0.9,1.15776747748194,0.816727390150733,4.540032
35.8249279286511,7,0.3530939318019,2.98541066072092,7,0.113725490196078,3.23669437485075,35.7142857142857,3.0282120182066,0,6.368,1,1.06884668424492,0.972711556537156,-1.152
35.8249279286511,5,0.88946364005039,2.52313252202016,5,0.0980392156862745,4.25308721534519,27.6,1.94368613858668,31.717474411461,6.186,0.833333333333333,2.18815534612896,0.722172131314276,-1.07358967741935
48.8211473415386,13,0.486712922024022,4.06842894512822,13,0.0862745098039216,4.56547520308435,25.4615384615385,3.98822555447594,-61.2355961454242,10.495,0.928571428571429,1.14473846594774,0.878499423949227,12.241044
33.1674383492482,6,0.456435464587638,2.76395319577068,6,0.156862745098039,3.2659863237109,42.8333333333333,2.90593262902712,63.434948822922,6.277,1,1.12390297389803,0.849941598934415,4.26588631578947
64.9381965576721,23,0.656626549568813,5.41151637980601,23,0.0980392156862745,6.41741577420967,26.2608695652174,4.8401168036055,-87.0670144291367,14.514,0.958333333333333,1.32588035260414,0.927199309260417,10.2525509189189
131.280503036571,94,0.513689774061471,10.9400419197143,94,0.149019607843137,11.9048066968245,39.5106382978723,10.2140384266897,-88.456789316545,32.204,0.969072164948454,1.1655337682808,0.945512297065399,8.86873064727273
30.2775902642419,5,0.765092055676006,2.52313252202016,5,0.141176470588235,3.3065591380366,37.8,2.12916258968951,71.565051177078,4.962,1,1.55298573911107,0.95680770565741,-0
30.2775902642419,5,0,2.52313252202016,5,0.109803921568627,2.78088714861523,31.2,2.78088714861523,0,5.624,1,1,0.817743873391467,-0.328704
199.464757022097,217,0.478631114473403,16.6220630851748,217,0.125490196078431,17.9738698762327,33.9907834101382,15.7813469709506,74.0730672239201,55.733,0.927350427350427,1.13893129080287,0.786708363610586,270.57024
91.8364782879097,46,0.393757659211031,7.65303985732581,46,0.127450980392157,8.08509425813389,33.0217391304348,7.43193415552351,10.4005984071889,21.635,0.978723404255319,1.08788561482679,0.94163920977745,3.35664
69.0435287010191,26,0.703885205811755,5.75362739175159,26,0.137254901960784,7.09251982327526,32.4230769230769,5.03791432066923,40.4924712757267,16.863,0.928571428571429,1.40782859172029,0.816439084692244,-0.570239999999997
245.603331963093,329,0.451330947329012,20.4669443302577,329,0.172549019607843,21.7594240536644,50.1671732522796,19.4171665738175,-8.86784954706163,65.351,0.94269340974212,1.12062818078747,0.881289407416715,23.89824
103.121756567797,58,0.50510030679537,8.59347971398312,58,0.176470588235294,9.42562048825432,46.9310344827586,8.13488211519544,-65.3215124970769,25.563,0.950819672131147,1.15866712692097,0.884575855695036,0.164945454545455
76.5969178370751,32,0.653376745223634,6.38307648642292,32,0.113725490196078,7.50166245960764,28.375,5.67900537143434,-69.5174637580655,17.789,0.96969696969697,1.32094653358515,0.917903003777411,-4.935744
66.3348766984964,24,0.579750904364203,5.52790639154137,24,0.119607843137255,6.32455532033676,29.1666666666667,5.15320827791344,-1.26170764223346e-15,14.878,1,1.22730442459384,0.928819163705208,-3.971232
105.755076289291,61,0.340713987510344,8.81292302410755,61,0.176470588235294,9.22292414022717,48.0491803278689,8.67108887514607,-32.6995580654232,25.902,0.968253968253968,1.06364082677815,0.908738703157713,3.44474422018349
85.637957575333,40,0.839564075570428,7.13649646461108,40,0.147058823529412,10.0467373654046,43.3,5.45799734126438,16.6685832194548,23.62,0.909090909090909,1.84073694749679,0.701852649279036,4.64499279503106
50.664098947737,13,0.82085481634645,4.06842894512822,13,0.0862745098039216,6.79179913139702,23.2307692307692,3.87904717231774,-57.8142094391088,14.787,0.722222222222222,1.75089366787435,0.508230607655001,1.62432
67.7027500257308,25,0.693859015859363,5.64189583547756,25,0.188235294117647,6.78916782786456,48.4,4.88895355590084,34.9463284079944,15.25,1,1.38867505085423,0.928776447832425,6.05624366972477
71.6498558573022,28,0.662470386924513,5.97082132144185,28,0.135294117647059,7.32700919149423,32.8571428571429,5.48857541783684,-78.5831729110412,19.956,0.848484848484849,1.33495645658486,0.659529854945296,-4.133376
139.408494758524,106,0.464589731322519,11.6173745632104,106,0.292156862745098,12.5933940705465,68.6320754716981,11.1517784812247,-89.976165495115,36.331,0.954954954954955,1.129272258389,0.854917926260854,25.47288
76.5969178370751,32,0.375208612659528,6.38307648642292,32,0.107843137254902,6.82502392057987,26.75,6.32639037288874,-11.2049186857466,18.55,0.941176470588235,1.07881801758993,0.854627693958437,-1.4976
99.5023150477446,54,0.651634935629027,8.29185958731205,54,0.133333333333333,9.9286663908508,38.2777777777778,7.53121847628911,33.2868021344797,25.497,0.885245901639344,1.31833466551391,0.82737097126202,0.817242352941177
50.664098947737,14,0.196396101212394,4.22200824564475,14,0.213725490196078,4.36435780471985,62.8571428571429,4.27936036926876,90,10.106,1,1.01986218222272,1,1.924236
27.0811000102923,4,0,2.25675833419103,4,0.174509803921569,2.3094010767585,45.5,2.3094010767585,0,3.556,1,1,1,5.2416
23.4529205713402,3,0.730296743340221,1.95441004761168,3,0.0901960784313725,2.58198889747161,23,1.76383420737639,-45,3.093,1,1.4638501094228,0.969873184255889,5.52817694117647
134.044606214881,98,0.686943499415044,11.1703838512401,98,0.13921568627451,13.2961389464089,38.765306122449,9.66244815281844,54.4987970715927,35.504,0.933333333333333,1.37606316081816,0.824586074094658,12.28608
33.1674383492482,6,0.74535599249993,2.76395319577068,6,0.141176470588235,3.46410161513775,34.5,2.3094010767585,0,5.516,1,1.5,1,5.246208
63.5108091408147,22,0.779003435545101,5.29256742840123,22,0.0823529411764706,7.30141650564186,21.6818181818182,4.57813165635626,64.0555950217446,16.929,0.846153846153846,1.59484633769861,0.686297080483905,-0.642523943661972
64.9381965576721,23,0.587240199158727,5.41151637980601,23,0.109803921568627,6.12378491507908,25.9130434782609,4.95666939419527,9.55648686683666,14.051,1,1.23546366079017,0.977811077527916,0.409769513513513
80.1069741374945,35,0.617147701898249,6.67558117812455,35,0.32156862745098,7.67182402719156,86.7428571428571,6.03655421942897,-55.2311357617111,18.616,0.972222222222222,1.27089457798613,0.929086661485714,9.13124571428572
40.6216500154385,9,0.50395263067897,3.38513750128654,9,0.109803921568627,3.94405318873308,31.6666666666667,3.40660215927909,-63.434948822922,8.626,0.9,1.15776747748194,0.816727390150733,6.81000585365854
87.7527934971774,42,0.275948937938496,7.31273279143145,42,0.196078431372549,7.52983483872075,50.0238095238095,7.23746864455746,4.49019484441911e-15,20.138,0.954545454545455,1.04039619492972,0.973886623812414,7.09064470588236
54.1622000205846,16,0.652779308177709,4.51351666838205,16,0.0980392156862745,5.40866176935722,26.1875,4.09732162898647,55.5806299084141,12.066,1,1.32004813366217,0.869378517390405,2.76147692307692
142.014486544877,42,0.619437570391675,7.31273279143145,42,0.203921568627451,8.37204056097195,47.6904761904762,6.57243628381827,89.2269652839711,20.576,1,1.27381083656671,0.938248638193006,8.69134628571429
42.8189787876665,10,0.657535505639407,3.56824823230554,10,0.0823529411764706,4.25832517937902,22.5,3.20832251080426,90,8.146,1,1.32727466301745,0.986295854136924,8.445384
30.2775902642419,5,0.847117449603021,2.52313252202016,5,0.188235294117647,4.00666112035113,47,2.12916258968951,45,6.277,0.833333333333333,1.88180138978274,0.70828466577868,5.28768
173.403647852246,164,0.915166468239556,14.4503039876871,164,0.149019607843137,24.5107604762973,40.640243902439,9.87970152855703,-85.1615739606399,55.311,0.836734693877551,2.48092114983935,0.603178918323365,47.6327747368421
35.8249279286511,6,0.917811248498289,2.76395319577068,6,0.0823529411764706,5.07180631800273,22,2.01359341736246,57.7569352137671,7.774,0.857142857142857,2.51878371982668,0.632800004641021,5.03094857142857
35.8249279286511,7,0.856222400720973,2.98541066072092,7,0.0901960784313725,4.31282648363321,23.7142857142857,2.22803805452514,-81.6503778830032,6.922,1,1.93570593413962,0.868563960642361,2.64079058823529
40.6216500154385,9,0.640783330611007,3.38513750128654,9,0.0901960784313725,4.53524052096456,22.3333333333333,3.48180290104027,-39.6078510662187,10.495,0.75,1.30255521345265,0.608191908887927,5.868288
40.6216500154385,9,0.66581188486039,3.38513750128654,9,0.290196078431373,4.05369123455442,67.7777777777778,3.02453869019341,20.3006473225022,7.683,1,1.34026760765133,0.965226527421804,-0.121121495327103
50.664098947737,14,0.646290256729317,4.22200824564475,14,0.270588235294118,5.02102839551308,66.7857142857143,3.83150496724672,3.5625081744509,11.14,1,1.31045853742456,0.862550668662209,0.983108571428571
120.351040963123,79,0.820380616998574,10.0292534135935,79,0.233333333333333,13.5776953847421,61.0759493670886,7.76396846026871,-8.91946743650441,35.314,0.887640449438202,1.74880867358291,0.671301994748497,12.9687616901408
127.021618281629,88,0.473674710793412,10.5851348568025,88,0.227450980392157,11.3731373233654,57.6704545454545,10.0163206095526,58.0782139957191,30.707,0.977777777777778,1.13546059143902,0.965186643288525,9.70612363636364
57.4476883778063,18,0.642910050732864,4.78730736481719,18,0.133333333333333,5.77350269189626,37.8888888888889,4.42216638714053,0,13.497,0.9,1.30558241966774,0.817051045767443,3.63366
35.8249279286511,7,0.891996932507202,2.98541066072092,7,0.0980392156862745,5.3143666476634,28.1428571428571,2.4023140045339,-72.2311611040128,9.18,0.777777777777778,2.21218651584829,0.579394288598645,-2.12102808510638
83.4695560596246,38,0.63469771350826,6.95579633830205,38,0.125490196078431,8.09846083512861,33.8684210526316,6.25817076002481,-88.4614013024166,21.081,0.904761904761905,1.29406197843929,0.813864694269456,-0.657773114754099
89.8178476442293,44,0.395154047852886,7.48482063701911,44,0.115686274509804,8.14405606949972,30.8636363636364,7.48125100347964,-49.1523427502174,23.785,0.88,1.088595485663,0.762605160455983,-1.04850580645161
27.0811000102923,4,0.7319250547114,2.25675833419103,4,0.103921568627451,3.05505046330389,28.75,2.08166599946613,0,4.59,1,1.46759877141069,0.840875939413586,-1.85900651162791
78.9542957097545,34,0.4237505406368,6.57952464247954,34,0.150980392156863,6.99612679135664,38.0882352941176,6.33694427505072,63.434948822922,17.971,0.971428571428571,1.1040221418549,0.958529854579039,3.09402947368421
90.8327707927258,45,0.601275534542034,7.56939756606048,45,0.113725490196078,9.07487555506308,43.2222222222222,7.25120452017814,-83.5129486353817,27.375,0.833333333333333,1.25149904816643,0.607225913060215,-2.43311376623377
55.8291179001753,17,0.696093697971491,4.65242649168128,17,0.105882352941176,5.65761143282597,26.1764705882353,4.06188749125952,4.93290347154218,12.182,1,1.39285281657854,0.909782519637404,0.286484210526316
83.4695560596246,38,0.379507861128605,6.95579633830205,38,0.16078431372549,7.32958791632885,38.3421052631579,6.78125054027723,11.3730473526422,19.104,0.95,1.08086080477263,0.964951531511672,13.32
74.1646467884524,30,0.701356753343925,6.18038723237103,30,0.12156862745098,7.48291234601974,30.2,5.33389794298971,-32.1474912658523,17.045,1,1.40289754809697,0.92513493224603,-0.706661052631578
23.4529205713402,3,0.730296743340221,1.95441004761168,3,0.101960784313725,2.58198889747161,25,1.76383420737639,-45,3.093,1,1.4638501094228,0.969873184255889,-1.03875622641509
187.623364570721,191,0.544391743008455,15.5945103496203,191,0.380392156862745,17.4955021859592,86.9685863874346,14.6757715086482,54.8698818282902,61.283,0.845132743362832,1.19213508984174,0.57828225883639,-1.79424
40.6216500154385,9,0.66581188486039,3.38513750128654,9,0.125490196078431,4.05369123455442,32.3333333333333,3.02453869019341,20.3006473225022,7.683,1,1.34026760765133,0.965226527421804,1.99281038961039
63.5108091408147,22,0.384395775364917,5.29256742840123,22,0.137254901960784,5.63899775492998,35.7272727272727,5.20574451401901,67.6425256387919,13.935,1,1.08322599000858,0.948047521431427,2.49441882352941
376.709684900723,774,0.45435485618621,31.3924737417269,774,0.2,33.3380801141773,57.1860465116279,29.6982545792946,81.6000749138972,101.881,0.95910780669145,1.12256025097921,0.881830983763735,191.2896
35.8249279286511,7,0.688972486206282,2.98541066072092,7,0.133333333333333,3.76358333265239,40.1428571428571,2.72779813678576,-30.4726979504614,6.831,0.875,1.37971475304515,0.884487590623178,1.70208
85.637957575333,40,0.355375788915719,7.13649646461108,40,0.12156862745098,7.48113980237957,31.7,6.99279728891943,59.0076337340058,19.865,0.930232558139535,1.06983507361696,0.949653666101232,-2.42784
83.4695560596246,38,0.548563505475433,6.95579633830205,38,0.109803921568627,7.95290404956599,27.6842105263158,6.64949379867232,-83.9852367565503,21.734,0.883720930232558,1.19601646235897,0.771696601558518,10.196064
146.463442024616,117,0.365918413275495,12.2052868353847,117,0.145098039215686,12.7494437963402,41.6068376068376,11.8652307728466,-22.441255263972,37.191,0.951219512195122,1.07452135069443,0.903823117848546,92.254464
33.1674383492482,6,0.74535599249993,2.76395319577068,6,0.12156862745098,3.46410161513775,29.5,2.3094010767585,0,5.516,1,1.5,1,0.4104
44.9089238221147,11,0.841412176261495,3.74241031850956,11,0.0862745098039216,5.31639675509447,20.4545454545455,2.87294829026023,-41.2026783157043,9.461,0.916666666666667,1.85050206894358,0.87032758986768,2.361312
30.2775902642419,5,0.765092055676006,2.52313252202016,5,0.0862745098039216,3.3065591380366,21.8,2.12916258968951,71.565051177078,4.962,1,1.55298573911107,0.95680770565741,4.401216
70.3587617140205,27,0.629826074527991,5.86323014283504,27,0.180392156862745,6.9054844131851,56.4074074074074,5.36373968426899,-40.6622990956704,16.656,1,1.28743839553545,0.865663008927893,3.299616
54.1622000205846,16,0.66392684745624,4.51351666838205,16,0.0843137254901961,5.40447345569699,21.875,4.04145188432738,45,12.083,1,1.33726037334636,0.867438080143041,0.717120000000001
129.876393115344,92,0.661428781554205,10.823032759612,92,0.17843137254902,12.6928238313602,47.5,9.51971913575234,-49.8514129200446,33.329,0.948453608247423,1.33331915052944,0.869184653852083,14.7648783673469
44.9089238221147,11,0.88262435503473,3.74241031850956,11,0.133333333333333,6.55017675926392,38.5454545454545,3.0791004130311,-7.56791775187402,12.736,0.733333333333333,2.12730209496996,0.548318927603551,3.77067789473684
42.8189787876665,10,0.630476010645925,3.56824823230554,10,0.0862745098039216,4.61880215351701,22.9,3.585154575933,-74.0546040990771,10.404,0.833333333333333,1.28831325280166,0.684878986731623,1.2312
23.4529205713402,3,0.730296743340221,1.95441004761168,3,0.109803921568627,2.58198889747161,30,1.76383420737639,45,3.093,1,1.4638501094228,0.969873184255889,1.32340114285714
30.2775902642419,3,0.942809041582063,1.95441004761168,3,0.0980392156862745,3.46410161513775,38,1.15470053837925,0,3.92,1,3,0.756006962533367,2.52744555789474
72.918093356958,29,0.776473488713448,6.0765077797465,29,0.176470588235294,8.08496468821844,46,5.09473984923301,86.9795718769803,19.931,0.828571428571429,1.58692395048112,0.684565588778788,5.11638260869565
121.110361056968,80,0.593834580412027,10.0925300880806,80,0.194117647058824,11.539277596259,50.9125,9.28435453993119,-67.2336009635514,32.659,0.930232558139535,1.24287343257192,0.784367189724287,10.7811249230769
48.8211473415386,13,0.683581563232075,4.06842894512822,13,0.0980392156862745,4.97171486691953,24.9230769230769,3.62872606570964,-45,10.197,1,1.37009925160809,0.918191348959463,2.2374144
106.618397358971,62,0.641671183394515,8.88486644658095,62,0.0980392156862745,10.6776501233899,27.4677419354839,8.18954250457347,28.2282343375076,30.261,0.873239436619718,1.30381521524883,0.698298644242438,5.8288896
62.0505953499169,21,0.657638023247822,5.17088294582641,21,0.109803921568627,6.17890314287943,41.8571428571429,4.65477829113019,-56.6488876304076,14.622,0.954545454545455,1.32743231931229,0.836310496440164,6.490368
35.8249279286511,7,0.3530939318019,2.98541066072092,7,0.0980392156862745,3.23669437485075,26,3.0282120182066,0,6.368,1,1.06884668424492,0.972711556537156,-0.355474285714287
40.6216500154385,9,0.66581188486039,3.38513750128654,9,0.109803921568627,4.05369123455442,29,3.02453869019341,-69.6993526774978,7.683,1,1.34026760765133,0.965226527421804,1.06355612903226
145.206221839198,115,0.621079079099711,12.1005184865998,115,0.215686274509804,13.7358333044849,54.3391304347826,10.765430566292,51.5175115688603,35.504,0.974576271186441,1.27592047711437,0.967626515519241,8.7174144
52.4423246684198,15,0.475270820628803,4.37019372236832,15,0.168627450980392,4.76095228569523,39.4,4.18887415264134,45,10.751,1,1.1365708570388,0.976640026261239,0.615600000000001
82.3639502109324,37,0.345970481737427,6.8636625175777,37,0.109803921568627,7.20257367930318,30.0540540540541,6.75778160413306,13.4272106702592,19.286,0.948717948717949,1.06581924383263,0.924370908491252,-1.41588
30.2775902642419,5,0.765092055676006,2.52313252202016,5,0.149019607843137,3.3065591380366,38.2,2.12916258968951,18.434948822922,4.962,1,1.55298573911107,0.95680770565741,0.370285714285714
88.791324243983,43,0.686064803951912,7.39927702033192,43,0.258823529411765,8.88131006943718,65.953488372093,6.46151219262146,-26.4502038285562,21.643,0.955555555555556,1.37449405103328,0.879659806641998,2.17404
30.2775902642419,5,0.765092055676006,2.52313252202016,5,0.125490196078431,3.3065591380366,29.8,2.12916258968951,71.565051177078,4.962,1,1.55298573911107,0.95680770565741,-0.43092
46.9058411426803,12,0.472903607729549,3.90882009522336,12,0.0941176470588235,4.32462625520298,24.0833333333333,3.81048946659497,19.8053441200133,9.552,0.923076923076923,1.1349267051163,0.935883941216262,-0.0874799999999996
133.358951558794,97,0.495214525604266,11.1132459632328,97,0.227450980392157,11.9930172716019,57.1443298969072,10.4191823169827,62.7238849486449,32.204,0.97,1.15105167629651,0.975688221439826,9.7935281632653
76.5969178370751,32,0.554001214243387,6.38307648642292,32,0.115686274509804,7.15140102506646,29.34375,5.95365476370146,-41.2535592662443,18.153,0.941176470588235,1.20117831968818,0.886790779185258,4.93648040506329
33.1674383492482,6,0.778498944161523,2.76395319577068,6,0.129411764705882,3.82970843102535,32.1666666666667,2.40370085030933,-45,6.459,1,1.59325501363138,0.818022082978878,-5.68288376470588
52.4423246684198,15,0.4618802153517,4.37019372236832,15,0.12156862745098,4.76095228569523,32.4666666666667,4.2226900325635,-75.9637565320735,10.867,1,1.12746904200424,0.960532600136046,-4.75949886792453
27.0811000102923,4,0,2.25675833419103,4,0.156862745098039,2.3094010767585,43.5,2.3094010767585,0,3.556,1,1,1,-1.138752
95.7461472963438,50,0.607360421674738,7.97884560802865,50,0.188235294117647,9.61258741562624,41.54,7.63649329493654,72.149247684158,27.73,0.819672131147541,1.25876983641169,0.65926769927119,0.0999771428571431
107.474783785953,63,0.419098956692694,8.95623198216277,63,0.141176470588235,9.50610048465483,36.6031746031746,8.63097421842501,-83.423068890649,25.836,0.954545454545455,1.10139368327177,0.942813531978615,10.7690778947368
99.5023150477446,54,0.306310144723778,8.29185958731205,54,0.162745098039216,8.62043985448806,40.3888888888889,8.20607057114325,9.60246518241243,23.595,0.981818181818182,1.05049545696109,0.949273823092325,7.61552139130435
57.4476883778063,18,0.405973909032114,4.78730736481719,18,0.12156862745098,5.16397779494322,30.5555555555556,4.7192801292434,32.0053832080834,12.091,1,1.09422997862412,0.974843077950571,2.3682835862069
40.6216500154385,9,0.759113363612185,3.38513750128654,9,0.125490196078431,4.43077101395282,32.7777777777778,2.88424782324025,-83.9526214614939,8.237,1,1.53619636227207,0.873524867514907,3.91176
35.8249279286511,7,0.353093931801899,2.98541066072092,7,0.101960784313725,3.23669437485075,27,3.0282120182066,0,6.368,1,1.06884668424492,0.972711556537156,2.78698029850746
66.3348766984964,24,0.729658662511219,5.52790639154137,24,0.113725490196078,6.84574123788269,28.125,4.68119692832188,-50.7800653971089,15.159,0.96,1.46239120949282,0.900514680208684,0.859934117647059
137.421573733937,103,0.723492928339922,11.4517978111614,103,0.149019607843137,14.1019264339092,49.1359223300971,9.73500814164831,-72.32669617591,40.475,0.887931034482759,1.44857880226914,0.680367591172594,6.01601057851239
72.918093356958,29,0.386969537652456,6.0765077797465,29,0.16078431372549,6.44534086875925,41.2068965517241,5.94320046933938,54.2728861213838,16.193,1,1.08448989765874,0.974850028179213,6.25992452830188
91.8364782879097,46,0.583049420326553,7.65303985732581,46,0.164705882352941,9.17983389818586,40.4565217391304,7.45803385681543,-77.5427166785001,29.037,0.807017543859649,1.23086514146044,0.558256262289573,14.7319854545455
46.9058411426803,4,0,2.25675833419103,4,0.0980392156862745,2.3094010767585,27,2.3094010767585,0,3.556,1,1,1,8.21293714285714
42.8189787876665,10,0.587407799848354,3.56824823230554,10,0.103921568627451,4.08574758561188,28.4,3.3065591380366,90,8.328,1,1.23564933063255,0.955243026453948,9.18795232653061
23.4529205713402,3,0.730296743340221,1.95441004761168,3,0.101960784313725,2.58198889747161,25,1.76383420737639,45,3.093,1,1.4638501094228,0.969873184255889,7.01960727272727
38.2984589185375,8,0.580947501931112,3.19153824321146,8,0.0980392156862745,3.65148371670111,27.875,2.97209241668783,-45,6.831,1,1.22859023366791,1,7.99931076923077
235.309671117536,302,0.460821927798718,19.6091392597946,302,0.16078431372549,20.9479939684529,43.4337748344371,18.5911900544109,82.3921039284363,65.79,0.926380368098159,1.12676993280927,0.798693557223813,25.6345344
35.8249279286511,7,0.856222400720973,2.98541066072092,7,0.184313725490196,4.31282648363321,43.4285714285714,2.22803805452514,-8.34962211699681,6.922,1,1.93570593413962,0.868563960642361,8.14134857142857
117.264602856701,75,0.706968449111007,9.7720502380584,75,0.12156862745098,11.8252467418966,31.5466666666667,8.36334765137191,75.4896846090108,31.187,0.903614457831325,1.4139370064279,0.799758986604456,3.21408
33.1674383492482,6,0.74535599249993,2.76395319577068,6,0.141176470588235,3.46410161513775,40.3333333333333,2.3094010767585,0,5.516,1,1.5,1,6.04171636363636
48.8211473415386,13,0.817192583151351,4.06842894512822,13,0.115686274509804,5.45138978261585,37,3.14198870585735,14.8724406484711,10.106,1,1.73501253281187,0.930849103952713,9.47475692307692
30.2775902642419,5,0.765092055676006,2.52313252202016,5,0.145098039215686,3.3065591380366,37.6,2.12916258968951,-18.434948822922,4.962,1,1.55298573911107,0.95680770565741,7.16688
23.4529205713402,3,0.730296743340221,1.95441004761168,3,0.0862745098039216,2.58198889747161,22.6666666666667,1.76383420737639,45,3.093,1,1.4638501094228,0.969873184255889,7.47293538461538
70.3587617140205,27,0.591596558008357,5.86323014283504,27,0.0980392156862745,6.7560752534219,25.1481481481481,5.44697862248961,87.9515831743449,16.656,0.964285714285714,1.2403344535863,0.865663008927893,0.779956363636364
44.9089238221147,11,0.68469019539811,3.74241031850956,11,0.125490196078431,4.49690773447605,31.5454545454545,3.27750029068392,74.9293072239623,8.791,1,1.37205410698459,0.970807043706446,5.71008
33.1674383492482,6,0.833333333333333,2.76395319577068,6,0.152941176470588,4,44.3333333333333,2.21108319357027,0,6.368,1,1.80906806746658,0.833752762746134,12.0275712
136.752851645112,102,0.433533100122794,11.396070970426,102,0.131372549019608,12.1917216230047,46.6372549019608,10.9864192838565,62.0567310614064,34.743,0.935779816513762,1.10970838705558,0.893068542230534,4.90127261538462
55.8291179001753,17,0.590082505931473,4.65242649168128,17,0.184313725490196,5.69059944922531,51.3529411764706,4.59426533701614,-62.7034328686348,13.96,0.80952380952381,1.23863099577118,0.730441887530254,7.42983259701492
52.4423246684198,15,0.895487723955864,4.37019372236832,15,0.172549019607843,6.88860238273455,47.5333333333333,3.06602194152573,-81.1888513856659,12.62,0.9375,2.24675573564441,0.758753879219835,11.5012465116279
59.0218891123912,19,0.586815165541407,4.91849075936594,19,0.113725490196078,5.89050888359547,29.5789473684211,4.76966824777704,-73.096020044979,15.341,0.863636363636364,1.23499341622781,0.698936435776148,9.13258409638553
38.2984589185375,8,0.920807131143691,3.19153824321146,8,0.135294117647059,5.44569777843147,35.25,2.12392146103691,81.3229876818693,8.882,1,2.56398265111595,0.695394645344052,13.312512
38.2984589185375,8,0.580947501931112,3.19153824321146,8,0.154901960784314,3.65148371670111,43.75,2.97209241668783,-45,6.831,1,1.22859023366791,1,11.7443895652174
50.664098947737,12,0.939797403490875,3.90882009522336,12,0.0941176470588235,8.26146040728021,24.5833333333333,2.82320636177445,72.8327642943107,15.176,0.705882352941177,2.9262686990007,0.449421987661434,0.0269852054794517
57.4476883778063,17,0.712090758011705,4.65242649168128,17,0.0980392156862745,6.21073910012476,24.3529411764706,4.36048182220288,-29.6850007575896,14.787,0.80952380952381,1.42432404338912,0.664609256164232,4.08593454545455
132.669753396993,96,0.478218376359892,11.0558127830827,96,0.115686274509804,12.0068057618132,32.5,10.5448686235049,-49.9975231480136,34.288,0.932038834951456,1.13863967304909,0.861094659279947,7.34288516129032
78.9542957097545,34,0.4404998225863,6.57952464247954,34,0.103921568627451,7.07791253490177,26.5,6.35421507258367,49.9189254830165,18.732,0.944444444444444,1.11389250348806,0.892993999966375,1.99467940298507
27.0811000102923,4,0.7319250547114,2.25675833419103,4,0.092156862745098,3.05505046330389,23.5,2.08166599946613,90,4.59,1,1.46759877141069,0.840875939413586,6.89943272727273
64.9381965576721,23,0.587240199158727,5.41151637980601,23,0.109803921568627,6.12378491507908,28.4347826086957,4.95666939419527,-9.55648686683666,14.051,0.958333333333333,1.23546366079017,0.977811077527916,14.1951443478261
84.5607076793511,39,0.486965769691256,7.04672563994593,39,0.16078431372549,8.52512327908605,41.2307692307692,7.44602216760299,-70.9704917143713,24.728,0.829787234042553,1.14492316665107,0.630976564248059,6.36279652173913
48.8211473415386,13,0.817192583151351,4.06842894512822,13,0.219607843137255,5.45138978261585,53.1538461538462,3.14198870585735,-75.1275593515289,10.106,1,1.73501253281187,0.930849103952713,9.06624
59.0218891123912,19,0.741884693656559,4.91849075936594,19,0.125490196078431,6.11788784806257,33.5263157894737,4.1022119211501,-5.58244008877429,12.645,0.95,1.49136318787435,0.958046655746027,13.7017107692308
116.480215438923,74,0.646402911362793,9.70668461991024,74,0.147058823529412,11.359829655977,38.5405405405405,8.66750741823086,-73.2453826500323,29.88,0.925,1.31062243247502,0.852796780763385,6.71059862068966
35.8249279286511,7,0.353093931801899,2.98541066072092,7,0.0941176470588235,3.23669437485075,24,3.0282120182066,0,6.368,1,1.06884668424492,0.972711556537156,1.6761492
113.288369265916,70,0.702577131746428,9.4406974388263,70,0.105882352941176,11.8204651003853,27.4714285714286,8.41153278078005,5.87042384239087,33.627,0.804597701149425,1.40526886222146,0.650659671488551,42.4989257142857
23.4529205713402,3,0.730296743340221,1.95441004761168,3,0.0862745098039216,2.58198889747161,22.6666666666667,1.76383420737639,-45,3.093,1,1.4638501094228,0.969873184255889,2.467584
27.0811000102923,4,0,2.25675833419103,4,0.096078431372549,2.3094010767585,24.75,2.3094010767585,0,3.556,1,1,1,3.50505290322581
27.0811000102923,4,0,2.25675833419103,4,0.143137254901961,2.3094010767585,36.75,2.3094010767585,0,3.556,1,1,1,7.54395428571429
95.7461472963438,50,0.830189946327898,7.97884560802865,50,0.150980392156863,10.8769465561225,41.42,6.06368702044568,81.9105515495273,23.851,0.961538461538462,1.79378429649277,0.86236409629508,11.0824494545455
50.664098947737,14,0.196396101212394,4.22200824564475,14,0.164705882352941,4.36435780471985,43.4285714285714,4.27936036926876,90,10.106,1,1.01986218222272,1,3.45984
77.7845377731429,33,0.61381835406569,6.48204481442857,33,0.109803921568627,7.61197395461266,26.6060606060606,6.00925223182887,-47.5483392323875,20.138,0.891891891891892,1.26670901152971,0.765196632995468,4.85568
40.6216500154385,9,0.66581188486039,3.38513750128654,9,0.0980392156862745,4.05369123455442,27.6666666666667,3.02453869019341,-69.6993526774978,7.683,1,1.34026760765133,0.965226527421804,2.92071272727273
59.0218891123912,19,0.478613772372992,4.91849075936594,19,0.137254901960784,5.4760127370967,36.9473684210526,4.80807906549126,36.3670952524927,13.381,0.95,1.13891902826627,0.874595166974789,4.99028210526316
35.8249279286511,7,0.688972486206282,2.98541066072092,7,0.125490196078431,3.76358333265239,31.1428571428571,2.72779813678576,30.4726979504614,6.831,0.875,1.37971475304515,0.884487590623178,3.51327085714286
50.664098947737,14,0.611429250513635,4.22200824564475,14,0.170588235294118,4.88141184658825,53.2142857142857,3.86265681930401,-65.6423554472856,10.404,1,1.26374463871419,0.958830581424272,7.94478139534884
38.2984589185375,8,0.782272678051271,3.19153824321146,8,0.0862745098039216,4.27914326017336,24.25,2.66563306281633,-19.329904127045,7.774,1,1.60530093952703,0.843733339521361,9.9563904
35.8249279286511,7,0.89182466485914,2.98541066072092,7,0.0862745098039216,4.77641215574467,23.2857142857143,2.16075915264369,29.8717814182354,7.592,1,2.21052501381319,0.763515195803554,4.09170070588235
30.2775902642419,5,0.765092055676006,2.52313252202016,5,0.156862745098039,3.3065591380366,41.6,2.12916258968951,-18.434948822922,4.962,1,1.55298573911107,0.95680770565741,7.15297745454545
35.8249279286511,7,0.856222400720973,2.98541066072092,7,0.0862745098039216,4.31282648363321,22.7142857142857,2.22803805452514,8.34962211699681,6.922,1,1.93570593413962,0.868563960642361,9.27936
124.101190699834,84,0.60993891608464,10.3417658916528,84,0.12156862745098,11.8828971283333,34.5833333333333,9.41658320645873,-77.7756687093315,33.544,0.903225806451613,1.261911764363,0.784328635394914,9.78096676056338
86.7018239261228,41,0.7333408283871,7.22515199384357,41,0.145098039215686,8.97271227600296,37.1463414634146,6.10019879106502,-64.9672931825621,21.271,0.931818181818182,1.47088850434601,0.864501819319101,4.57716705882353
71.6498558573022,28,0.853363712341255,5.97082132144185,28,0.109803921568627,8.65646441902604,31.0357142857143,4.51275342668169,2.0588383825827,18.55,0.933333333333333,1.9182223358016,0.747799232213633,5.70980571428571
23.4529205713402,3,0.730296743340221,1.95441004761168,3,0.16078431372549,2.58198889747161,45.6666666666667,1.76383420737639,-45,3.093,1,1.4638501094228,0.969873184255889,9.67104
33.1674383492482,6,0.632455532033676,2.76395319577068,6,0.115686274509804,3.33333333333333,30,2.58198889747161,45,5.905,1,1.2909944487358,0.92127872757792,4.358016
174.457783080461,166,0.55592461690406,14.5381485900385,166,0.150980392156863,16.0265633790147,43.1686746987952,13.3218037302144,44.1463840951217,45.048,0.954022988505747,1.20303254000551,0.898279402835071,51.9497788235294
30.2775902642419,3,0.942809041582063,1.95441004761168,3,0.0862745098039216,3.46410161513775,26,1.15470053837925,90,3.92,1,3,0.756006962533367,2.62359771428571
30.2775902642419,3,0.942809041582063,1.95441004761168,3,0.0862745098039216,3.46410161513775,32,1.15470053837925,90,3.92,1,3,0.756006962533367,5.15437714285714
63.5108091408147,22,0.739067407818316,5.29256742840123,22,0.109803921568627,6.56898128719478,27.5,4.42507256636892,1.5702037137099e-15,14.026,1,1.48449120069122,0.938023556513273,1.17997714285714
38.2984589185375,7,0.652382484631971,2.98541066072092,7,0.1,4.41929924797637,28.4285714285714,3.34934224536153,67.5,10.495,0.636363636363636,1.31945287290262,0.473038151357276,4.97664
38.2984589185375,4,0.968245836551854,2.25675833419103,4,0.0784313725490196,4.61880215351701,30.25,1.15470053837925,0,5.88,1,4.00000000000001,0.617594511485095,7.636032
83.4695560596246,38,0.638626306720347,6.95579633830205,38,0.156862745098039,8.13644447759726,50,6.26113248820905,43.2118328125013,20.047,0.95,1.29951642021947,0.888064843343474,13.54752
145.206221839198,115,0.831447652346272,12.1005184865998,115,0.196078431372549,16.7188056919837,51.7826086956522,9.28902022078615,-77.7232470508308,42.674,0.8984375,1.79984597886565,0.688463763740881,7.64619590551181
50.664098947737,14,0.590032055673356,4.22200824564475,14,0.147058823529412,4.87885990596916,38.7857142857143,3.93909303128056,54.4852039042433,10.66,1,1.2385744300086,0.923590567984098,0.0955800000000001
94.7838500360231,49,0.606819991539597,7.89865416966859,49,0.125490196078431,9.19702298759062,32.5510204081633,7.31015522700957,-67.4913319549524,24.637,0.890909090909091,1.25811596361312,0.797967981181478,5.78448
33.1674383492482,6,0.833333333333333,2.76395319577068,6,0.211764705882353,4,45.3333333333333,2.21108319357027,0,6.368,1,1.80906806746658,0.833752762746134,7.60896
78.9542957097545,34,0.453075182330405,6.57952464247954,34,0.0980392156862745,7.1330876344998,26.2647058823529,6.35895010959786,33.246176124903,18.641,0.971428571428571,1.12173983307928,0.900470813975389,9.40007314285714
119.586899644005,78,0.484497447919659,9.96557497033376,78,0.129411764705882,10.740067012749,33.2564102564103,9.39533194393941,13.1070715901527,29.02,0.951219512195122,1.14312799982304,0.947609427308064,12.0646491428571
60.5551805284838,20,0.834651023895184,5.04626504404032,20,0.0862745098039216,7.352923683046,22.2,4.04983703103816,-9.80439976138442,16.011,0.909090909090909,1.81560977063838,0.685148507037107,6.13933714285714
27.0811000102923,4,0.870424023370417,2.25675833419103,4,0.0823529411764706,3.43590880093359,21.25,1.69150742780922,-58.282525588539,4.408,1,2.03127030035195,0.881907054258295,0.662070857142857
42.8189787876665,10,0.587407799848354,3.56824823230554,10,0.150980392156863,4.08574758561188,39.1,3.3065591380366,0,8.328,1,1.23564933063255,0.955243026453948,3.67323428571428
199.004630095489,216,0.763542670554147,16.5837191746241,216,0.443137254901961,21.0603077073322,100.833333333333,13.5998490686796,83.8862925239491,54.699,0.915254237288136,1.5485692231566,0.811331142977648,82.5575563636363
35.8249279286511,5,0.576018432884783,2.52313252202016,5,0.0862745098039216,3.40196021924615,27.2,2.78088714861523,0,6.368,0.714285714285714,1.22333630868127,0.694793968955111,9.62002285714286
54.1622000205846,16,0,4.51351666838205,16,0.115686274509804,4.61880215351701,30.125,4.61880215351701,0,11.396,1,1,0.951359929497573,-0.699237209302326
54.1622000205846,16,0.840745197730345,4.51351666838205,16,0.123529411764706,6.80335542048135,30.25,3.68354743274383,36.3882819044343,15.176,0.888888888888889,1.84695746279928,0.599229316881912,-0.689592558139535
240.320922412484,315,0.377340281123809,20.0267435343736,315,0.192156862745098,20.9233737431343,54.9111111111111,19.3766066358343,-32.6297585876062,62.374,0.95166163141994,1.07982652155613,0.92221263867494,24.7476184615385
42.8189787876665,10,0.871779222061323,3.56824823230554,10,0.0862745098039216,5.408076231424,22.9,2.64941090466796,-78.5631674046866,9.734,0.909090909090909,2.04123725085285,0.758010824035883,0.293266285714286
67.7027500257308,25,0.821732651304204,5.64189583547756,25,0.0980392156862745,8.28045365978471,24,4.71880852067814,-34.569951444788,20.783,0.806451612903226,1.75477636430874,0.548858972807432,0.841782857142856
33.1674383492482,4,0.866025403784439,2.25675833419103,4,0.0843137254901961,4.61880215351701,21.75,2.3094010767585,90,7.22,0.666666666666667,2,0.468184278061001,-2.239488
40.6216500154385,8,0.942086686740184,3.19153824321146,8,0.0901960784313725,6.11997577380238,21.875,2.05245297016489,66.8905623824344,9.37,0.888888888888889,2.9817861177646,0.642206442805638,5.08130742857143
69.0435287010191,26,0.576812597728059,5.75362739175159,26,0.109803921568627,6.47533397511848,28.5,5.28954819692938,86.4917491276386,15.25,1,1.22417524787419,0.965927505745722,-0.638958139534884
30.2775902642419,5,0.765092055676006,2.52313252202016,5,0.164705882352941,3.3065591380366,52.6,2.12916258968951,18.434948822922,4.962,1,1.55298573911107,0.95680770565741,-2.08157538461539
103.121756567797,58,0.545555118534631,8.59347971398312,58,0.188235294117647,9.49707285081883,48.0344827586207,7.95925880260034,61.8281406604232,25.373,0.950819672131147,1.19321071048928,0.896403438806702,9.38354330097087
108.324400041169,64,0.2446326467296,9.0270333367641,64,0.150980392156863,9.30604291693759,39.21875,9.02328657667384,16.3299902610736,26.481,0.955223880597015,1.03133629170049,0.916523711079164,16.9887085714286
80.1069741374945,35,0.489673085782251,6.67558117812455,35,0.133333333333333,7.45809747447751,34.5714285714286,6.50276077581289,-37.0427165703843,20.022,0.945945945945946,1.14691247788447,0.81972101738482,-0.919366530612245
44.9089238221147,11,0.615531157963199,3.74241031850956,11,0.0941176470588235,4.49915817041636,25.8181818181818,3.54584302456002,66.8014094863518,9.461,0.916666666666667,1.26885430044513,0.87032758986768,0.787967999999999
110.834178517301,67,0.474960927814761,9.23618154310838,67,0.16078431372549,10.0309681121996,42.4626865671642,8.82732099854253,69.9267275975038,27.498,0.943661971830986,1.13635474611785,0.896847687000469,11.5445426086957
246.348715564455,331,0.210705577767158,20.5290596303713,331,0.16078431372549,20.9286919177345,43.7250755287009,20.4588337601227,-45.7969799515233,68.668,0.922005571030641,1.0229660284218,0.806627327904376,22.8071314285714
83.4695560596246,38,0.50363051970214,6.95579633830205,38,0.125490196078431,7.62133821630927,34.7368421052632,6.58422004202347,-1.42259511996056,20.138,0.926829268292683,1.15751572208499,0.88113551678266,-0.752091428571428
40.6216500154385,9,0.66581188486039,3.38513750128654,9,0.12156862745098,4.05369123455442,35.6666666666667,3.02453869019341,69.6993526774978,7.683,1,1.34026760765133,0.965226527421804,0.2304
90.8327707927258,45,0.418864667413286,7.56939756606048,45,0.125490196078431,8.08577826482782,31.7777777777778,7.34228021400211,-36.3441769455768,21.8,0.957446808510638,1.10126255456824,0.909021203859462,5.25213257142857
375.490950923978,769,0.727943160391034,31.2909125769981,769,0.188235294117647,38.173159607279,52.851755526658,26.1729489918248,-40.767998656577,113.534,0.913301662707839,1.45849669516425,0.709865668444484,64.2816
82.3639502109324,37,0.671155045048424,6.8636625175777,37,0.203921568627451,8.33468302321817,53.027027027027,6.17864227665577,-9.54907939699236,21.519,0.948717948717949,1.34895057037181,0.764547669855538,0.14256
83.4695560596246,38,0.538078189140465,6.95579633830205,38,0.141176470588235,7.83719710226703,34.2105263157895,6.60593369989723,-71.1830543514035,20.229,0.95,1.18638749014223,0.874286976397403,1.1632896
192.923141099502,203,0.682334886916761,16.0769284249585,203,0.168627450980392,18.9277133170506,47.3891625615764,13.8369106303379,-78.0281534533593,50.928,0.957547169811321,1.36791469011522,0.872568853050853,29.70432
76.5969178370751,32,0.458423834340119,6.38307648642292,32,0.113725490196078,6.93717825380631,29.28125,6.16530409157435,79.9706327565805,17.789,0.96969696969697,1.12519644623642,0.917903003777411,-1.1695104
46.9058411426803,12,0.472903607729549,3.90882009522336,12,0.12156862745098,4.32462625520298,30.5833333333333,3.81048946659498,19.8053441200133,9.552,1,1.13492670511629,0.935883941216262,-0.304941176470588
131.280503036571,94,0.5119068210295,10.9400419197143,94,0.129411764705882,11.9543220173277,35.7021276595745,10.2692525097963,5.02084131541678,33.031,0.959183673469388,1.16408881814172,0.902772751335927,10.6024581818182
77.7845377731429,33,0.510216995471379,6.48204481442857,33,0.0980392156862745,7.3136374217418,24.6060606060606,6.29006246458533,87.4575196976391,19.865,0.868421052631579,1.16272890180653,0.783464274533517,0.019008
44.9089238221147,11,0.570912213970813,3.74241031850956,11,0.133333333333333,4.39162331072669,35.3636363636364,3.60557153223902,-52.3104369943158,9.37,1,1.21801031305557,0.883033858857752,2.54016
86.7018239261228,41,0.582530942607172,7.22515199384357,41,0.231372549019608,8.43111191888653,58.4146341463415,6.85287965634597,-22.5959189153052,23.206,0.891304347826087,1.23030205427277,0.742184431176302,8.4326832
383.223879798653,801,0.403757869409125,31.9353233165544,801,0.219607843137255,33.4719258150201,63.1323345817728,30.6223229484103,-1.19677656679608,103.171,0.953571428571429,1.09305639129372,0.890580047914455,66.4292571428571
64.9381965576721,23,0.492094936902019,5.41151637980601,23,0.145098039215686,5.92772104300032,39.9130434782609,5.16032740617828,-73.889366594203,14.051,0.958333333333333,1.14871026127204,0.977811077527916,-1.471608
104.88464933684,60,0.637085689875813,8.74038744473663,60,0.16078431372549,10.0628478723105,40.7666666666667,7.75637253624135,7.0601979161073,25.009,0.967741935483871,1.29736520845179,0.951450129273872,8.37145945945946
33.1674383492482,6,0.456435464587638,2.76395319577068,6,0.150980392156863,3.2659863237109,39.5,2.90593262902712,63.434948822922,6.277,0.857142857142857,1.12390297389803,0.849941598934415,-0.133382918918919
55.8291179001753,17,0.396447390059982,4.65242649168128,17,0.12156862745098,5.13052560339381,29.3529411764706,4.71011721185516,-37.2379445016228,12.645,0.894736842105263,1.08925646064189,0.857199639351709,2.32840145454545
33.1674383492482,6,0.74535599249993,2.76395319577068,6,0.182352941176471,3.46410161513775,43.6666666666667,2.3094010767585,0,5.516,1,1.5,1,0.396423529411765
46.9058411426803,12,0.772423883280537,3.90882009522336,12,0.135294117647059,5.14241620684717,31.25,3.2659863237109,45,9.924,0.923076923076923,1.57453696897427,0.883350139513799,0.396423529411765
258.337229173107,364,0.497184564036709,21.5281024310922,364,0.152941176470588,23.2812843941619,44.1456043956044,20.1998854803269,10.7823807269598,70.694,0.933333333333333,1.15254536550893,0.839034303949933,29.6136
88.791324243983,43,0.511806462743275,7.39927702033192,43,0.274509803921569,8.62572754238425,63.5813953488372,7.41036923210664,40.2981141016064,27.631,0.781818181818182,1.16400779397225,0.570624144323734,0.0927663157894738
83.4695560596246,38,0.430288271505902,6.95579633830205,38,0.12156862745098,7.49204131937459,31.1315789473684,6.76300226245213,73.7480055222187,19.815,0.974358974358974,1.10779813884878,0.906105161841202,-2.69458863157895
42.8189787876665,10,0.657535505639407,3.56824823230554,10,0.133333333333333,4.25832517937902,44.6,3.20832251080426,0,8.146,1,1.32727466301745,0.986295854136924,-3.25944
57.4476883778063,18,0.565714446051339,4.78730736481719,18,0.137254901960784,5.94414401837264,30.3888888888889,4.90154838599016,54.6922578396789,15.176,0.857142857142857,1.21270740392209,0.674132981492151,-3.193344
78.9542957097545,34,0.64026739554607,6.57952464247954,34,0.252941176470588,7.63034920303853,77.3235294117647,5.86126883093004,16.1999200869597,17.88,0.971428571428571,1.30182549600404,0.966846542493164,3.85265454545455
151.38795132121,125,0.718630963688122,12.6156626101008,125,0.270588235294118,15.2877459198915,65.224,10.6309707626119,-88.0292630584756,38.2,0.961538461538462,1.4380385631063,0.919063397029922,50.4703326315789
44.9089238221147,11,0.68469019539811,3.74241031850956,11,0.117647058823529,4.49690773447605,29.2727272727273,3.27750029068392,15.0706927760377,8.791,1,1.37205410698459,0.970807043706446,-3.19994181818182
23.4529205713402,3,0.730296743340221,1.95441004761168,3,0.164705882352941,2.58198889747161,36.3333333333333,1.76383420737639,45,3.093,1,1.4638501094228,0.969873184255889,-3.6612
197.15338404,125,0.93462635747125,12.6156626101008,125,0.329411765,21.7570919702704,69.84,7.73750138377112,87.2636509304092,48.372,0.874125874125874,2.81190152881968,0.591937969131459,41.9432727272727
96.698868744,9,0.759113363612185,3.38513750128654,9,0.117647059,4.43077101395282,51.6666666666667,2.88424782324025,-83.952621461494,8.237,0.9,1.53619636227207,0.873524867514907,-1.06870153846154
151.38795132121,125,0.93462635747125,12.6156626101008,125,0.274509803921569,21.7570919702704,69.84,7.73750138377112,87.2636509304092,48.372,0.874125874125874,2.81190152881968,0.591937969131459,45.5105828571429
27.0811000102923,4,0.7319250547114,2.25675833419103,4,0.0862745098039216,3.05505046330389,21.75,2.08166599946613,90,4.59,1,1.46759877141069,0.840875939413586,-4.34715428571429
98.5766919987619,53,0.31973446714942,8.21472433323015,53,0.129411764705882,8.69102266016473,34.3207547169811,8.23480643793093,-20.0164241047776,25.563,0.913793103448276,1.05540096487665,0.808319316410982,-3.80475105882353
160.213948274989,140,0.606460325165585,13.3511623562491,140,0.172549019607843,15.0827929613642,49.1571428571429,11.9925360583353,-18.3361159686752,40.441,0.939597315436242,1.25768168534136,0.926214926182322,14.5012728358209
30.2775902642419,5,0.765092055676006,2.52313252202016,5,0.0901960784313725,3.3065591380366,26.4,2.12916258968951,71.565051177078,4.962,1,1.55298573911107,0.95680770565741,-5.73696
74.1646467884524,30,0.666166159064547,6.18038723237103,30,0.125490196078431,7.32977021996511,32.4666666666667,5.46656724200861,35.762260638071,17.21,0.967741935483871,1.34083601197447,0.910194728343747,-4.07420081632653
55.8291179001753,17,0.805241391386746,4.65242649168128,17,0.133333333333333,6.17925280879075,35.5882352941176,3.66397023218074,-63.4093245992041,12.455,1,1.68649099671122,0.878211917576716,-3.92698368
101.328197895474,56,0.555241719334249,8.4440164912895,56,0.190196078431373,9.34574045228972,46,7.77274975795542,-42.5217128713327,24.058,0.96551724137931,1.20237248635521,0.951202736484878,9.94259134020619
35.8249279286511,7,0.843753608425044,2.98541066072092,7,0.105882352941176,4.61913464932457,37.8571428571429,2.47923139071126,-57.7316725309358,8.717,0.875,1.86313172164192,0.625520578404933,-3.0730752
157.326974005259,135,0.605715647665777,13.1105811671049,135,0.125490196078431,14.9317816859076,33.1925925925926,11.8809378023945,41.0396512334331,44.891,0.9,1.25678477021387,0.735311865624395,9.87922285714285
98.5766919987619,53,0.587100386003643,8.21472433323015,53,0.125490196078431,9.29356505833928,33.2264150943396,7.52327229068833,78.7389762473635,23.967,0.963636363636364,1.23530887880292,0.906299603954779,2.0611584
116.480215438923,74,0.464729193896378,9.70668461991024,74,0.125490196078431,10.3902310728777,31.9189189189189,9.20005987268679,63.9777948180492,27.705,0.973684210526316,1.12936559290492,0.977298398175497,-1.62891534065934
63.5108091408147,22,0.653424228256125,5.29256742840123,22,0.101960784313725,6.31340104810374,25,4.77919362693215,-67.1852006957949,14.994,0.956521739130435,1.32101805051921,0.840560620610955,2.21394731707317
96.6988687448568,51,0.766040449859533,8.0582390620714,51,0.396078431372549,10.3163425254116,94.3137254901961,6.63126624758829,-59.6484421658786,24.339,0.944444444444444,1.55571230896716,0.848648505847753,8.32984615384615
59.0218891123912,19,0.462673686246157,4.91849075936594,19,0.0980392156862745,5.50730361157044,24.9473684210526,4.88238247561589,28.9143914357278,13.199,1,1.12799512104502,0.894185982228906,-1.52291108571429
208.454117691932,237,0.547910409935409,17.3711764743276,237,0.137254901960784,19.2870345935279,37.9957805907173,16.1343184072392,50.6808481895163,59.67,0.894339622641509,1.19540436148044,0.754881181539927,32.6592
92.8293339347406,47,0.248460724519352,7.73577782789505,47,0.109803921568627,8.16176871587583,30.9574468085106,7.90583173742908,27.2311611040131,23.967,0.886792452830189,1.03237318816628,0.803699648790087,7.5119776744186
81.2433000308769,36,0.523273009356704,6.77027500257308,36,0.176470588235294,7.45651755236904,41.1944444444444,6.35418402575718,21.1524717597101,18.988,0.972972972972973,1.17348152369265,0.923773554366803,2.93526824096385
104.006938095831,59,0.649978160113494,8.66724484131922,59,0.152941176470588,10.0649189742375,39.0847457627119,7.6488642379576,47.4891349500576,25.1,0.951612903225806,1.31587104452583,0.92957301180426,8.97035294117647
33.1674383492482,6,0.74535599249993,2.76395319577068,6,0.154901960784314,3.46410161513775,41.1666666666667,2.3094010767585,0,5.516,1,1.5,1,6.86294709677419
75.3905917717706,31,0.580145026235592,6.28254931431422,31,0.113725490196078,7.17551901801118,28.4193548387097,5.84455493746328,20.396179739561,17.789,0.939393939393939,1.22772719134121,0.889218534909366,6.9666270967742
33.1674383492482,6,0.833333333333333,2.76395319577068,6,0.123529411764706,4,38,2.21108319357027,90,6.368,1,1.80906806746658,0.833752762746134,3.89540571428571
48.8211473415386,13,0.505789614981344,4.06842894512822,13,0.137254901960784,4.47037145070718,47,3.85639661754271,45,9.461,1,1.15920946262931,1,8.74102153846154
117.264602856701,75,0.75673611539524,9.7720502380584,75,0.309803921568627,12.5932979868503,78.4666666666667,8.23249666686531,-60.6172933493248,30.98,0.903614457831325,1.52970581057586,0.809491959509884,24.08832
69.0435287010191,26,0.754307151809415,5.75362739175159,26,0.0980392156862745,7.29968272151416,25.4230769230769,4.79239998836308,-82.3037878431267,15.829,0.928571428571429,1.52317893732561,0.907865294761535,4.98062769230769
27.0811000102923,4,0,2.25675833419103,4,0.0901960784313725,2.3094010767585,23.25,2.3094010767585,0,3.556,1,1,1,2.74075826086957
35.8249279286511,7,0.353093931801899,2.98541066072092,7,0.141176470588235,3.23669437485075,34.5714285714286,3.0282120182066,0,6.368,1,1.06884668424492,0.972711556537156,4.85700923076923
172.343065133419,162,0.514888595392636,14.3619220944516,162,0.145098039215686,15.6440661764147,38.3703703703704,13.4109867919639,77.1181281777499,44.386,0.931034482758621,1.16651119109214,0.901225028398004,5.95495384615385
66.3348766984964,24,0.580841550884398,5.52790639154137,24,0.0980392156862745,6.45635081638748,26.1666666666667,5.25557700840624,-54.2711555911489,17.235,0.888888888888889,1.22847611329082,0.726370133060699,-1.57090909090909
78.9542957097545,34,0.666626636084058,6.57952464247954,34,0.288235294117647,7.84305172443764,72.5,5.84614640320867,67.7564189465503,18.914,0.971428571428571,1.34157634508314,0.878317056761996,6.697728
67.7027500257308,25,0.500282791125301,5.64189583547756,25,0.105882352941176,6.27139501905271,27.44,5.43016308978539,88.5092693900089,15.366,0.925925925925926,1.15491835426633,0.917170353498436,-6.594048
239.556783999751,313,0.706333933258987,19.9630653333126,313,0.258823529411765,24.20067329551,71.8178913738019,17.1311432167068,-6.12219748162324,70.256,0.889204545454545,1.41267123795386,0.730113821313945,8.19072
57.4476883778063,17,0.803888284663394,4.65242649168128,17,0.113725490196078,6.62171980780375,31.8823529411765,3.9384686079868,77.5186050845965,14.051,0.894736842105263,1.68129302703482,0.72272992686846,0.336535081967213
76.5969178370751,32,0.357129653835688,6.38307648642292,32,0.0901960784313725,6.71441235949456,23.9375,6.27162924074226,90,17.326,0.96969696969697,1.07060097173408,0.9599007085381,-1.82022063157895
151.992296843211,126,0.735772553138809,12.6660247369343,126,0.137254901960784,15.6712489679979,37.4126984126984,10.6130200049896,-87.3185200038441,42.633,0.9,1.47660599533688,0.755668697742188,6.10787464968153
87.7527934971774,42,0.646851788325686,7.31273279143145,42,0.125490196078431,8.78004384724084,38.6904761904762,6.69579961878037,-43.6138538522473,23.893,0.84,1.31127637431302,0.722136828097858,-4.81492528301887
42.8189787876665,10,0.630126037812604,3.56824823230554,10,0.190196078431373,4.25832517937902,47.2,3.3065591380366,-26.565051177078,8.791,0.909090909090909,1.28784183243357,0.882551857914951,-4.01161846153846
90.8327707927258,45,0.608167963392556,7.56939756606048,45,0.264705882352941,8.84466046210228,60.5333333333333,7.02096550474126,-42.8858479330568,24.43,0.882352941176471,1.2597498814272,0.743872786052813,-6.5348894117647
57.4476883778063,18,0.67890716429134,4.78730736481719,18,0.115686274509804,5.66159656079036,30.9444444444444,4.15688076761653,23.1094376175656,12.066,1,1.36198194687133,0.978050832064206,-8.00692363636364
57.4476883778063,18,0.825229504413075,4.78730736481719,18,0.13921568627451,6.99257755431887,42.9444444444444,3.94939062480908,-51.6883764149257,15.176,0.857142857142857,1.77054594458022,0.674132981492151,-9.06336
165.28347670544,149,0.651149673554561,13.7736230587866,149,0.12156862745098,16.2695627609643,32.5436241610738,12.3477739403522,48.0395909864562,46.917,0.881656804733728,1.31761099932319,0.747203437240069,16.7179452631579
83.4695560596246,38,0.628783818730514,6.95579633830205,38,0.0901960784313725,8.28716083719205,23.8947368421053,6.44393187145536,61.3100153968172,21.18,0.904761904761905,1.28604103868659,0.807252576205348,5.65056
59.0218891123912,19,0.667712060632636,4.91849075936594,19,0.0980392156862745,5.81118709857687,27.0526315789474,4.32596182221201,-85.7679771680186,12.827,1,1.34332833654214,0.936332676741022,-8.05354338461539
267.747043544403,391,0.55877738433762,22.3122536287003,391,0.168627450980392,24.6301666697611,45.4296675191816,20.4262329833971,-65.7829868415846,71.926,0.951338199513382,1.20581052266373,0.871930047417231,74.03616
46.9058411426803,12,0.624895320353377,3.90882009522336,12,0.115686274509804,4.61113487338034,30.5833333333333,3.5999524165908,-52.7620554983771,9.37,0.923076923076923,1.28088772844035,0.963309664208456,2.2980024
99.5023150477446,54,0.609815262832507,8.29185958731205,54,0.341176470588235,9.43655282424514,84.8333333333333,7.47887947140271,11.8405100113425,23.76,1,1.26176024902234,0.937664857044255,6.14233945945946
66.3348766984964,24,0.39426985422261,5.52790639154137,24,0.17843137254902,5.8878405775519,44.5416666666667,5.41089436024931,-21.0375110254218,14.787,0.96,1.0881455422243,0.938271891055386,-8.01088882758621
44.9089238221147,11,0.841412176261495,3.74241031850956,11,0.109803921568627,5.31639675509447,29.7272727272727,2.87294829026023,-48.7973216842957,9.461,1,1.85050206894358,0.87032758986768,2.37888
46.9058411426803,12,0.472903607729549,3.90882009522336,12,0.223529411764706,4.32462625520298,59.75,3.81048946659498,-19.8053441200133,9.552,1,1.13492670511629,0.935883941216262,13.2315428571429
123.360281446966,83,0.596416171897355,10.2800234539138,83,0.131372549019608,12.0676490612659,45.144578313253,9.68640467749686,79.7815088232914,35.984,0.882978723404255,1.24583366719141,0.681343470429283,10.64448
44.9089238221147,11,0.869581129595822,3.74241031850956,11,0.129411764705882,5.64895685580252,36.1818181818182,2.78939894894549,-4.73116110401281,10.197,0.916666666666667,2.02515199840384,0.776931141427238,9.41523536842105
161.921427566541,143,0.557852317692632,13.4934522972117,143,0.290196078431373,14.9950533791963,73.6223776223776,12.4449981070571,77.4140668856539,40.929,0.959731543624161,1.20490603937442,0.925226620530356,66.7140923076923
67.7027500257308,25,0.565827208864698,5.64189583547756,25,0.149019607843137,6.3527057007908,37.92,5.23795732569546,-75.8034902893085,15.159,0.925925925925926,1.21282120219399,0.938036125217379,3.78432
60.5551805284838,20,0.717137165600636,5.04626504404032,20,0.105882352941176,6.11010092660779,28.2,4.25832517937902,0,12.736,1,1.43486010795888,0.99694350473373,1.63050442105263
107.474783785953,63,0.449046112285292,8.95623198216277,63,0.180392156862745,9.58369419923764,48.9523809523809,8.56311303001637,65.1870194955002,25.588,0.954545454545455,1.11918342846157,0.959160922715973,3.295862784
72.918093356958,29,0.594106544050231,6.0765077797465,29,0.117647058823529,6.97033256944956,29.1034482758621,5.60684043556825,80.2799825859119,17.301,0.966666666666667,1.2431836877739,0.8720390081716,1.6689135483871
52.4423246684198,15,0.537216474548994,4.37019372236832,15,0.129411764705882,4.9155036559018,36.4666666666667,4.14595404218705,-84.1158555339897,11.049,1,1.18561460302845,0.936052172984956,3.93552
40.6216500154385,9,0.474803734732839,3.38513750128654,9,0.149019607843137,4.46996570817882,37.1111111111111,3.93397975225626,18.9374918255491,12.844,0.642857142857143,1.13624522485535,0.442583164173022,3.09312
148.946050056608,121,0.553519180766306,12.4121708380506,121,0.196078431372549,13.6978987582851,50.1652892561983,11.4081090788768,-64.671985229922,37.828,0.952755905511811,1.20071596998034,0.905882651239799,14.1267868656716
119.586899644005,78,0.196136536326847,9.96557497033376,78,0.12156862745098,10.3328435236731,47.0641025641026,10.1321445215133,63.4789716691875,32.221,0.906976744186046,1.019808146413,0.783819872254527,0.00292056338028152
70.3587617140205,27,0.853739631499054,5.86323014283504,27,0.0980392156862745,8.40304290800789,22.037037037037,4.37546566552137,30.6791699290895,19.576,0.9,1.92049110891757,0.657429234270902,-2.9569536
55.8291179001753,17,0.72590944145336,4.65242649168128,17,0.135294117647059,5.7776170462733,39.1176470588235,3.9737889028857,-84.5572364726706,12.273,1,1.45393154681108,0.899072430143642,-1.74330514285714
169.662605271087,157,0.466756948748263,14.1385504392572,157,0.352941176470588,15.2557431691327,83.3312101910828,13.4919601048627,35.6841784568595,44.014,0.928994082840237,1.13072845239398,0.887244062129725,12.6960872727273
80.1069741374945,35,0.2741251501005,6.67558117812455,35,0.125490196078431,7.01595276638595,31.5428571428571,6.7471998710257,84.5037462098661,20.386,0.945945945945946,1.03983176732534,0.794553094858543,-12.3020307692308
104.88464933684,60,0.50986429654819,8.74038744473663,60,0.172549019607843,9.54082624141117,46.7,8.20754200368849,-56.2644044859796,25.009,0.952380952380952,1.16244622776508,0.951450129273872,-12.2960492307692
44.9089238221147,11,0.68469019539811,3.74241031850956,11,0.196078431372549,4.49690773447605,47.5454545454545,3.27750029068392,74.9293072239623,8.791,1,1.37205410698459,0.970807043706446,-0.661956923076923
46.9058411426803,12,0.42640143271122,3.90882009522336,12,0.092156862745098,4.42216638714053,24,4,0,9.924,0.857142857142857,1.10554159678513,0.883350139513799,-2.79218215384615
131.280503036571,94,0.584561815996226,10.9400419197143,94,0.117647058823529,12.3603934563454,31.4468085106383,10.0285950297185,84.8975241745089,35.297,0.92156862745098,1.23251496542805,0.799471084288379,28.92672
69.0435287010191,26,0.56223850570947,5.75362739175159,26,0.113725490196078,6.77821557641095,34.8461538461538,5.60541569541793,-63.6590476918743,18.062,0.866666666666667,1.20922620992261,0.7267153060078,-1.300608
75.3905917717706,31,0.413464088184285,6.28254931431422,31,0.12156862745098,6.69094457863307,33.1290322580645,6.09224171402693,65.2060109379638,17.119,0.939393939393939,1.09827299912078,0.94900230630496,-15.6803657142857
60.5551805284838,20,0.683863021608074,5.04626504404032,20,0.164705882352941,6.04025750389292,45.4,4.40703482551839,84.595284825219,13.472,1,1.37059445705252,0.910568755024263,3.84835764705882
134.726771466344,99,0.511636010944823,11.2272309555287,99,0.176470588235294,12.2344614575336,48.6363636363636,10.511877423426,29.2344074650062,34.346,0.933962264150943,1.16387025501922,0.885258191944298,11.97696
150.171964148936,123,0.397603904231505,12.5143303457446,123,0.141176470588235,13.1986032308906,36.7723577235772,12.1104728495561,12.8052689369661,38.316,0.946153846153846,1.08985036297525,0.89930460117714,-1.6083043902439
57.4476883778063,18,0.726273039202563,4.78730736481719,18,0.123529411764706,6.35959467611297,40.3333333333333,4.371625682868,-90,15.341,0.818181818181818,1.45474364400311,0.662150307577403,1.42189714285714
54.1622000205846,16,0.532367331367494,4.51351666838205,16,0.0980392156862745,5.45626551162362,34,4.61880215351701,0,13.679,0.842105263157895,1.18131613571474,0.710636089910178,2.53743157894737
46.9058411426803,12,0.824168473632317,3.90882009522336,12,0.111764705882353,5.64662107148103,30.5,3.19793395588739,-69.4761682910579,10.867,0.923076923076923,1.76570909511299,0.768426080108837,2.40768
55.8291179001753,17,0.776886024345648,4.65242649168128,17,0.105882352941176,6.40315385436424,29.3529411764706,4.03168980430349,-68.043881920192,14.324,0.944444444444444,1.58820597942069,0.70031290833294,3.226176
205.798542793846,231,0.86571088171494,17.1498785661538,231,0.250980392156863,25.3190493137472,65.4069264069264,12.6733076621471,73.6606312362003,61.431,0.855555555555556,1.99782487640308,0.696186176546602,13.25232
38.2984589185375,8,0.547722557505166,3.19153824321146,8,0.182352941176471,3.65148371670111,45.25,3.05505046330389,90,7.22,1,1.1952286093344,0.936368556122002,-4.41891310344827
69.0435287010191,26,0.394766906279321,5.75362739175159,26,0.125490196078431,6.2930612118334,32.3461538461538,5.78194700391746,-37.5555225506385,16.565,0.866666666666667,1.08839828652349,0.841317907229592,2.46716081632653
66.3348766984964,24,0.673882779038366,5.52790639154137,24,0.105882352941176,6.58201980315617,27.25,4.86304817301682,-82.6385124691249,14.994,0.96,1.3534761674123,0.916975222484678,-2.112642
40.6216500154385,9,0.536748159092064,3.38513750128654,9,0.101960784313725,3.95410096228573,28.3333333333333,3.33624304852277,-82.3724406484711,8.146,1,1.18519571409419,0.887666268723232,-4.21499076923077
101.328197895474,56,0.76833298569017,8.4440164912895,56,0.311764705882353,10.8507704624942,81.4464285714286,6.94503919973893,-0.925432330096285,30.443,0.861538461538462,1.56237713718046,0.623903929283866,9.73577739130435
133.358951558794,97,0.561001335161677,11.1132459632328,97,0.27843137254902,12.6438608782975,69.8041237113402,10.4667763772985,-55.7417631953392,38.515,0.889908256880734,1.20799952368533,0.702447888425596,8.12627027027027
63.5108091408147,22,0.350324524872685,5.29256742840123,22,0.109803921568627,5.6138357221379,29.1363636363636,5.25807787315005,-56.3099324740201,13.935,1,1.06765929633802,0.948047521431427,4.03554461538462
52.4423246684198,15,0.537216474548994,4.37019372236832,15,0.219607843137255,4.9155036559018,54.7333333333333,4.14595404218705,84.1158555339897,11.049,1,1.18561460302845,0.936052172984956,-5.56992
127.021618281629,18,0.848388385702161,4.78730736481719,18,0.129411764705882,7.03486231957768,23.5555555555556,3.72407529944604,-54.2551524560533,13.869,0.857142857142857,1.88902257712784,0.781706061370564,7.454592
81.2433000308769,88,0.357536492961806,10.5851348568025,88,0.103921568627451,11.1316457084935,35.4772727272727,10.3958346668813,-71.3400997634049,33.073,0.936170212765957,1.07077940975305,0.843189766547978,-8.9620992
46.9058411426803,36,0.8425499015697,6.77027500257308,36,0.117647058823529,9.52061539137551,25.8333333333333,5.12797759106278,-82.6192661165071,20.485,0.947368421052632,1.85660237828815,0.81042005071163,1.52791578947368
66.3348766984964,12,0.625162953246884,3.90882009522336,12,0.101960784313725,4.56647495512171,30.5,3.56410746748772,57.9331783970473,9.552,1,1.28123941176795,0.935883941216262,0.456192000000001
113.288369265916,24,0.4044428123104,5.52790639154137,24,0.256862745098039,5.93280703992036,27.0416666666667,5.42592752586692,-72.3114970957747,15.639,0.923076923076923,1.09341803989032,0.855071673720974,7.57431
76.5969178370751,70,0.606983154590477,9.4406974388263,70,0.180392156862745,10.6705559645422,66.4857142857143,8.48004765297275,89.3755731245231,27.035,0.972222222222222,1.25831320780391,0.96597859510109,-0.626902325581395
84.5607076793511,32,0.463215566153198,6.38307648642292,32,0.109803921568627,6.86973879516576,45.28125,6.08827607396882,-38.2177462800224,17.21,0.96969696969697,1.12835533601017,0.970874376899997,-2.06030769230769
96.6988687448568,39,0.501507642015576,7.04672563994593,39,0.188235294117647,7.71661001999012,27.6153846153846,6.67604996580093,64.1916310510446,20.51,0.928571428571429,1.15586462946197,0.87610001907681,10.1580048
245.976306106533,51,0.425588102742167,8.0582390620714,51,0.152941176470588,8.83834406574794,48.3725490196078,7.9979677476958,89.7758037007342,26.043,0.864406779661017,1.10507373179821,0.752441547855754,33.59232
239.556783999751,330,0.478763274693677,20.4980255088778,330,0.396078431372549,22.076857870112,41.7090909090909,19.3822456561334,55.3042954901583,66.749,0.942857142857143,1.13902476842903,0.848958297790965,47.081088
67.7027500257308,313,0.722918839115405,19.9630653333126,313,0.133333333333333,24.5041008564505,92.3450479233227,16.9306908808096,-81.2911708108021,78.278,0.862258953168044,1.44731842480363,0.5933300592114,6.13597090909091
33.1674383492482,25,0.647671183472218,5.64189583547756,25,0.158823529411765,6.56161596425658,33.88,4.9994262275065,-65.0275668539516,14.787,1,1.31247380512488,0.977366553182694,2.52319418181818
50.664098947737,6,0.74535599249993,2.76395319577068,6,0.103921568627451,3.46410161513775,42.5,2.3094010767585,0,5.516,1,1.5,1,4.59019636363636
55.8291179001753,14,0.611429250513635,4.22200824564475,14,0.0980392156862745,4.88141184658825,26.6428571428571,3.86265681930401,-65.6423554472856,10.404,1,1.26374463871419,0.958830581424272,-5.4012096
130.580335361391,93,0.477828980277416,10.8816946134492,93,0.298039215686275,11.7887950106012,75.5591397849462,10.3559009504437,42.9338685288167,35.314,0.911764705882353,1.13836498311584,0.790266905210256,18.4956988235294
98.5766919987619,53,0.626850752268288,8.21472433323015,53,0.301960784313725,9.54635686556095,77.6981132075472,7.43794233004187,-79.5342439716303,24.827,0.929824561403509,1.28346744865219,0.851421291036798,-0.235652676923077
70.3587617140205,27,0.400940435068763,5.86323014283504,27,0.16078431372549,6.21557219160637,39.7037037037037,5.69411132289679,81.999488573077,15.548,1,1.09157897328293,0.971346000748597,2.2272
46.9058411426803,12,0.732519215246639,3.90882009522336,12,0.123529411764706,4.99035943387617,38.75,3.39716899273021,-1.90703741714518,10.106,1,1.46897591628657,0.859245326725582,1.08700294736842
52.4423246684198,15,0.537216474548994,4.37019372236832,15,0.129411764705882,4.9155036559018,33.4666666666667,4.14595404218705,84.1158555339897,11.049,1,1.18561460302845,0.936052172984956,9.29449728
148.946050056608,121,0.570603234446734,12.4121708380506,121,0.16078431372549,13.8540837425702,42.6446280991736,11.377332137186,77.5138283977729,37.72,0.9453125,1.21769177303782,0.910677599880833,5.8176
63.5108091408147,22,0.683018069705095,5.29256742840123,22,0.198039215686275,6.47636888014986,54.1363636363636,4.73034939057113,15.9052152779675,14.514,0.956521739130435,1.36911004778189,0.886886295814312,37.4772705882353
172.343065133419,158,0.99307330391502,14.1835061979807,158,0.0862745098039216,47.1481828846571,21.3544303797468,5.53974356891255,23.1083199405739,113.386,0.578754578754579,8.51089627130743,0.1462208829617,44.6197248
122.614895278807,82,0.34534842867257,10.2179079399006,82,0.196078431372549,10.6344819729527,49.7317073170732,9.98019058102058,-14.5690277286521,30.219,0.964705882352941,1.06555900777851,0.925883195350305,70.01856
38.2984589185375,8,0.547722557505166,3.19153824321146,8,0.143137254901961,3.65148371670111,46.125,3.05505046330389,0,7.22,1,1.1952286093344,0.936368556122002,12.99456
154.386023581936,130,0.763624382195552,12.8655019651614,130,0.0862745098039216,16.9335000908399,23.2153846153846,10.9332963533804,0.251750405650861,53.955,0.792682926829268,1.54880097854517,0.501109727103242,67.9575272727273
98.5766919987619,53,0.971423953791889,8.21472433323015,53,0.0862745098039216,19.642126720459,21.622641509434,4.6620786177722,31.9331483245958,44.866,0.63855421686747,4.2131693458754,0.288978728656794,21.8738139428571
127.021618281629,88,0.602034753913245,10.5851348568025,88,0.252941176470588,12.0035055795055,68.6477272727273,9.58443770334395,-32.915067673429,31.956,0.936170212765957,1.25239538834058,0.897713751220375,5.69508923076923
64.9381965576721,23,0.603704486699871,5.41151637980601,23,0.123529411764706,6.54182268729982,29.695652173913,5.21519460142208,27.076169524701,16.565,0.884615384615385,1.25437748488158,0.744242764087716,3.02540108108108
152.594248889389,127,0.93712476368933,12.716187407449,127,0.180392156862745,22.0964742958701,44.0708661417323,7.71154851308078,-86.9738567170444,46.197,0.927007299270073,2.86537447808164,0.655601698679296,2.20585846153846
64.9381965576721,23,0.718108662216516,5.41151637980601,23,0.2,6.97882785490154,55.8260869565217,4.85678261022718,-56.7080153791152,16.565,0.884615384615385,1.43692407401679,0.744242764087716,8.65191085714285
55.8291179001753,17,0.845626712034477,4.65242649168128,17,0.258823529411765,6.64292134802052,61.7058823529412,3.54582355832949,-82.7868318176731,13.77,0.944444444444444,1.873449493113,0.746946964636036,7.52770427586207
94.7838500360231,49,0.844291853936639,7.89865416966859,49,0.092156862745098,11.5917575198347,23.1428571428571,6.21183310293817,-82.1570733263654,29.318,0.844827586206897,1.86607678083815,0.584412926212933,0.766902857142857
52.4423246684198,15,0.635251642220169,4.37019372236832,15,0.109803921568627,5.10685813392148,29.7333333333333,3.94405318873308,80.5376777919744,10.685,0.9375,1.2948248640536,0.985986086591507,5.63712
80.1069741374945,35,0.713484977359745,6.67558117812455,35,0.145098039215686,8.51895640954832,43.1428571428571,5.9689816749956,10.851804768762,22.396,0.875,1.4272043161457,0.674400677233936,2.38732137931034
98.5766919987619,53,0.407770964917991,8.21472433323015,53,0.133333333333333,8.71730995010523,33.3396226415094,7.95963838235042,-2.76791653545415,23.669,0.963636363636364,1.09518919470448,0.926558629281448,7.15034482758621
72.918093356958,29,0.5255292499889,6.0765077797465,29,0.168627450980392,6.72036432355773,37.448275862069,5.71752153875503,64.4663866092546,16.474,0.966666666666667,1.17539816474763,0.94711996951662,3.72305454545454
55.8291179001753,17,0.734943359430862,4.65242649168128,17,0.135294117647059,6.05941625313761,34.6470588235294,4.10906283637057,14.7137282015949,13.588,0.944444444444444,1.47464677334789,0.763287328043639,6.16865505882353
60.5551805284838,20,0.448174082789642,5.04626504404032,20,0.147058823529412,5.50013551375006,36.55,4.91682580503438,-49.5451384604112,13.199,0.909090909090909,1.11863542290199,0.941248402346217,4.88653714285714
129.876393115344,92,0.767413600641197,10.823032759612,92,0.141176470588235,13.9849985523085,44.0326086956522,8.96651500982154,-79.9007127741868,36.149,0.929292929292929,1.55969164574976,0.748894311877114,2.28260571428571
81.2433000308769,36,0.539685620869397,6.77027500257308,36,0.152941176470588,7.49062857581014,39.25,6.30611027093034,35.659339053091,18.823,0.972972972972973,1.18783659878898,0.937704624719536,10.4308363636364
44.9089238221147,11,0.47839528325838,3.74241031850956,11,0.0901960784313725,4.16333199893227,25.0909090909091,3.65600754711653,71.565051177078,8.907,0.916666666666667,1.13876460736955,0.952203789976801,4.22784
57.4476883778063,18,0.719164792140855,4.78730736481719,18,0.129411764705882,6.24488365867016,34.1666666666667,4.33919215793695,19.7680785933817,14.787,0.9,1.43918117275527,0.70370391829154,4.0712544
138.087057402038,104,0.536017417300174,11.5072547835032,104,0.345098039215686,12.6284934440493,85.2211538461538,10.6610615888595,84.8315283635258,34.536,0.945454545454545,1.18454370972265,0.920612590991655,36.8422892307692
55.8291179001753,17,0.812032470001051,4.65242649168128,17,0.109803921568627,6.38816364827855,28.7647058823529,3.72821061111475,-6.90375950810066,13.472,0.894736842105263,1.71346640912233,0.773983441770623,3.632256
63.5108091408147,22,0.526810031433486,5.29256742840123,22,0.0980392156862745,5.8672176049847,24.8636363636364,4.98703553385957,90,13.588,1,1.17649404443765,0.98778360099765,2.086128
98.5766919987619,51,0.981174185146211,8.0582390620714,51,0.101960784313725,22.1853089692456,24.0392156862745,4.28453508234294,-52.2761079604567,50.325,0.586206896551724,5.17799680545826,0.224189373862352,3.1536
83.4695560596246,38,0.620995884419322,6.95579633830205,38,0.133333333333333,8.01290153504982,32.6052631578947,6.2806229978204,75.2261473928895,19.956,0.95,1.27581316978118,0.895076231711474,9.065088
55.8291179001753,17,0.546262568466686,4.65242649168128,17,0.156862745098039,5.25938210788686,38.8235294117647,4.40533206386888,48.4671744506348,12.546,0.944444444444444,1.19386734794015,0.868052870785602,4.43570086956522
69.0435287010191,26,0.82144750429514,5.75362739175159,26,0.096078431372549,7.98464899744458,24.8461538461538,4.55351866817021,66.5302007529347,17.326,0.962962962962963,1.75351186177373,0.779919325687206,12.1555862068965
191.970428407124,201,0.807338749813354,15.9975357005936,201,0.372549019607843,21.4978272110176,83.9452736318408,12.6856152425197,80.784669428089,68.966,0.804,1.69466177241141,0.485784807049275,21.360672
69.0435287010191,26,0.370539837489908,5.75362739175159,26,0.137254901960784,6.15833169857427,34.2307692307692,5.71996055213222,71.565051177078,15.821,1,1.07663884085331,0.908631482649806,2.25304615384615
42.8189787876665,10,0.657535505639407,3.56824823230554,10,0.129411764705882,4.25832517937902,35.7,3.20832251080426,1.29818558427082e-15,8.146,1,1.32727466301745,0.986295854136924,0.249230769230769
94.7838500360231,49,0.66009338371784,7.89865416966859,49,0.196078431372549,9.48899531118774,52.0816326530612,7.1279771773574,45.9733808494457,25.77,0.907407407407407,1.33123256080706,0.73665121825074,11.943936
87.7527934971774,42,0.814170246572494,7.31273279143145,42,0.145098039215686,10.1702316317833,35.2857142857143,5.90510316854488,78.1349656896329,25.026,0.875,1.72227839912396,0.665211412306341,0.512475428571428
50.664098947737,14,0.196396101212394,4.22200824564475,14,0.172549019607843,4.36435780471985,47,4.27936036926876,90,10.106,1,1.01986218222272,1,2.88050086956522
57.4476883778063,18,0.645572911393153,4.78730736481719,18,0.156862745098039,5.84682355264879,41.3333333333333,4.46521120825375,30.0290287348635,13.497,0.947368421052632,1.30941701970137,0.817051045767443,-0.522991542857143
114.895376755613,72,0.479583499799054,9.57461472963438,72,0.296078431372549,10.5942242881486,71.6805555555556,9.29639207217307,-14.9684543933304,33.908,0.827586206896552,1.13960601122454,0.659136688211397,6.6999107368421
71.6498558573022,28,0.537779962981453,5.97082132144185,28,0.152941176470588,6.60910524268176,39.3214285714286,5.57203903859431,90,15.986,1,1.18611969458654,0.961716941635331,2.84909837837838
242.976482833792,322,0.847616481321148,20.2480402361493,322,0.198039215686275,28.204685688301,54.0341614906832,14.9656704260046,-89.0782946969143,68.121,0.938775510204082,1.88462560549857,0.796787474534255,19.222272
138.749349246747,105,0.664454231266657,11.5624457705622,105,0.168627450980392,13.529229565777,47.5428571428571,10.1107850618728,-57.1088057983114,35.694,0.9375,1.33809882051543,0.87486146750946,9.01135698113208
57.4476883778063,18,0.537899637688801,4.78730736481719,18,0.211764705882353,5.54992789158904,62.1111111111111,4.67863852235384,-42.9345718833618,14.622,0.9,1.18622711822517,0.716837568377283,-3.87366127659574
62.0505953499169,21,0.78445222332453,5.17088294582641,21,0.125490196078431,7.05864360102396,35.5238095238095,4.37769490088595,47.443756045118,16.4,0.875,1.61241104298873,0.691049642272268,0.0596159999999998
112.476255789782,69,0.521582080380046,9.37302131581521,69,0.164705882352941,10.2485881835879,40.3768115942029,8.74410681009319,61.168408361912,27.614,0.958333333333333,1.1720566098024,0.916665221358209,11.1035823157895
112.476255789782,69,0.544536951543498,9.37302131581521,69,0.129411764705882,10.4422255396762,34.231884057971,8.7582793863647,80.8842202735836,29.111,0.932432432432432,1.19226906096797,0.833546230207733,7.14072436363636
42.8189787876665,10,0.767326326006719,3.56824823230554,10,0.166666666666667,4.68588428673803,44.7,3.0048552574073,-18.2222208782936,8.7,0.909090909090909,1.5594376052513,0.896168406326896,2.3721984
70.3587617140205,27,0.624243009793247,5.86323014283504,27,0.0862745098039216,7.24527702032746,32.8888888888889,5.6602293980331,-11.4943584010403,19.559,0.84375,1.28003239989622,0.65841427303187,-4.86179446153846
44.9089238221147,9,0.937614461876991,3.38513750128654,9,0.0901960784313725,6.35959467611297,23.4444444444444,2.21108319357027,18.434948822922,9.924,0.818181818181818,2.87623491264661,0.662512604635349,2.48360727272727
108.324400041169,228,0.558932065992653,17.0381517835597,228,0.147058823529412,18.8967236260116,39.7675438596491,15.6694173909867,58.3849647831854,56.602,0.91566265060241,1.20596210787526,0.802716223928446,3.42615272727273
204.457821402716,228,0.558932065992653,17.0381517835597,228,0.143137254901961,18.8967236260116,39.7675438596491,15.6694173909867,58.3849647831854,56.602,0.91566265060241,1.20596210787526,0.802716223928446,79.0889890909091
80.1069741374945,35,0.626102033235488,6.67558117812455,35,0.0980392156862745,8.17127343536866,35.9142857142857,6.37147805625267,48.3816437320305,21.37,0.875,1.28247690147026,0.732040058426055,1.82146909090909
44.9089238221147,11,0.68469019539811,3.74241031850956,11,0.101960784313725,4.49690773447605,26.2727272727273,3.27750029068392,-15.0706927760377,8.791,1,1.37205410698459,0.970807043706446,0.197934545454548
23.4529205713402,3,0.730296743340221,1.95441004761168,3,0.0941176470588235,2.58198889747161,24,1.76383420737639,45,3.093,1,1.4638501094228,0.969873184255889,0.631505454545455
180.14530112165,177,0.67539715105328,15.0121084268041,177,0.305882352941176,17.6785214195591,80.6610169491525,13.0370997657824,-79.8218645559524,46.991,0.956756756756757,1.35601642521435,0.884999041044938,12.7484928
80.1069741374945,35,0.757395054760491,6.67558117812455,35,0.0980392156862745,8.63578466029718,27.8,5.63879529834363,68.9725878796306,20.808,0.897435897435897,1.53149461957484,0.766799191215422,3.123456
66.3348766984964,24,0.523732818495034,5.52790639154137,24,0.109803921568627,6.10832759708956,28.0833333333333,5.20357788982956,-1.40013958401898,14.514,0.96,1.17387069558973,0.967512322706522,1.80288
62.0505953499169,21,0.740104238079247,5.17088294582641,21,0.109803921568627,6.70123879402149,34.3333333333333,4.50653060864289,31.6796803835765,15.457,0.875,1.48700616415862,0.762902421781559,3.00483490909091
88.791324243983,43,0.547516549128869,7.39927702033192,43,0.227450980392157,8.51923419681006,56.5348837209302,7.12885133972487,-40.6996862580241,25.092,0.843137254901961,1.19503602906367,0.677869401314181,9.58097454545454
107.474783785953,63,0.396707251855166,8.95623198216277,63,0.12156862745098,9.62349854253404,33.6349206349206,8.83384411674457,-80.1059296116492,28.094,0.91304347826087,1.08938967173902,0.811429723744955,4.42368
48.8211473415386,13,0.768897214301093,4.06842894512822,13,0.129411764705882,6.15738245528035,37.6923076923077,3.93686043647091,-49.3730811312776,14.903,0.722222222222222,1.56403371535313,0.501717270860951,4.21129309090909
46.9058411426803,12,0.625162953246884,3.90882009522336,12,0.182352941176471,4.56647495512171,44.8333333333333,3.56410746748772,32.0668216029527,9.552,1,1.28123941176795,0.935883941216262,5.0844672
83.4695560596246,38,0.523295579616914,6.95579633830205,38,0.137254901960784,7.63306297251093,35.2105263157895,6.50452407935158,70.6576672881571,19.17,1,1.17350060963597,0.959251122222835,2.11803428571429
96.6988687448568,51,0.625092345220563,8.0582390620714,51,0.137254901960784,9.43248831651064,37.0196078431373,7.36253635320062,-87.7469952832503,27.358,0.836065573770492,1.28114658644914,0.688956754104481,9.445248
44.9089238221147,11,0.68469019539811,3.74241031850956,11,0.0941176470588235,4.49690773447605,24.3636363636364,3.27750029068392,74.9293072239623,8.791,1,1.37205410698459,0.970807043706446,5.182848
83.4695560596246,38,0.379507861128604,6.95579633830205,38,0.3,7.32958791632885,76.2894736842105,6.78125054027723,-78.6269526473577,19.104,0.974358974358974,1.08086080477263,0.964951531511672,23.252832
52.4423246684198,15,0.635251642220169,4.37019372236832,15,0.113725490196078,5.10685813392148,29.4,3.94405318873308,-80.5376777919744,10.685,1,1.2948248640536,0.985986086591507,4.66255058823529
33.1674383492482,6,0.74535599249993,2.76395319577068,6,0.092156862745098,3.46410161513775,21.5,2.3094010767585,0,5.516,1,1.5,1,5.714496
127.021618281629,88,0.625173412241999,10.5851348568025,88,0.231372549019608,12.2353226789765,61.4090909090909,9.54949655484341,-41.8139289913966,33.031,0.946236559139785,1.28125316436403,0.845148958697463,15.296256
118.043778224782,76,0.611495470033184,9.83698151873187,76,0.235294117647059,11.1628120086003,60.7763157894737,8.83255191876476,-23.4057887668226,28.557,0.974358974358974,1.26382636765315,0.950481119536761,5.22390109090909
87.7527934971774,41,0.675190820900514,7.22515199384357,41,0.184313725490196,8.88128744748574,48.9512195121951,6.55122047936737,40.1541482181502,21.916,0.953488372093023,1.35566914217843,0.820568858451249,9.23328
171.810318680631,161,0.476434185642678,14.3175265567193,161,0.129411764705882,15.4808178944147,34.5590062111801,13.6108920372046,17.6783748016661,45.602,0.930635838150289,1.13738451911151,0.851531402805095,4.30349373134328
88.791324243983,43,0.505344360446306,7.39927702033192,43,0.133333333333333,8.14771631530358,33.7674418604651,7.03080919142733,38.570644998858,21.337,0.955555555555556,1.15885897248329,0.901790028813587,3.73445934545455
263.606375858905,379,0.704817381309093,21.9671979882421,379,0.270588235294118,26.6355508018104,70.7071240105541,18.8949612223703,79.6963361027209,76.698,0.893867924528302,1.40966422150027,0.747157996740274,17.1442285714286
71.6498558573022,28,0.576234842516938,5.97082132144185,28,0.133333333333333,7.16234391144336,36.6071428571429,5.85367026271128,-41.9739383474672,20.138,0.848484848484849,1.22356463381078,0.649257749208276,6.48966508474576
46.9058411426803,12,0.773768908869994,3.90882009522336,12,0.152941176470588,5.02934427355694,34.75,3.18592853380055,-9.41687645632942,9.643,1,1.57861176740124,0.922608221044785,5.01125574193548
55.8291179001753,17,0.544013487780881,4.65242649168128,17,0.156862745098039,5.26177484408103,36.8823529411765,4.41503147027361,80.5376777919744,11.975,1,1.19178648657627,0.934869443102716,4.24216486956522
95.7461472963438,50,0.693127314318874,7.97884560802865,50,0.217647058823529,9.56413207179662,53.7,6.893971596975,-86.6631181428976,22.933,0.961538461538462,1.38731817171879,0.924154970030125,11.3653028571429
38.2984589185375,8,0.725559479976941,3.19153824321146,8,0.168627450980392,4.3913914035753,41.125,3.02197753255573,-63.9993662212523,9.18,0.888888888888889,1.45315157252722,0.662164901255594,3.79250526315789
54.1622000205846,16,0.573973074877266,4.51351666838205,16,0.113725490196078,5.46286355210793,29.6875,4.47339786713829,-73.8621778427112,14.233,0.842105263157895,1.22118883997292,0.666040416833038,1.0036224
74.1646467884524,30,0.553253660414032,6.18038723237103,30,0.1,7.11167635588118,27.2333333333333,5.92411769973485,60.9050485356305,18.641,0.882352941176471,1.20046169173841,0.794533071154755,1.0409472
55.8291179001753,17,0.610958500409594,4.65242649168128,17,0.105882352941176,5.30899411292551,28.4117647058824,4.20293221204544,15.1716244421198,11.421,1,1.26316434457595,1,1.997568
155.569075546286,132,0.404700806497041,12.9640896288571,132,0.282352941176471,13.9511281406112,72.5378787878788,12.7575973405498,-57.9688212212814,46.843,0.835443037974684,1.09355451251528,0.663913471190054,17.4370909090909
143.938020939328,113,0.485501533602866,11.9948350782774,113,0.141176470588235,13.0197097534576,36.5132743362832,11.3822965721472,28.3273946993803,36.91,0.941666666666667,1.14385613403513,0.8852149226296,9.48517582978723
59.0218891123912,19,0.478516981373617,4.91849075936594,19,0.176470588235294,5.38833595447278,43.3684210526316,4.73138086738752,-45,12.554,0.95,1.13885060313227,0.969187997200619,6.31911724137931
142.658546477408,111,0.649949787082978,11.8882122064507,111,0.227450980392157,13.8705178646105,59.1711711711712,10.5412766882309,28.8253501462642,40.45,0.895161290322581,1.31582902857456,0.734052918330471,15.04656
136.752851645112,102,0.585035194287179,11.396070970426,102,0.137254901960784,12.791048903604,35.1764705882353,10.3736417699076,-85.3822709607241,34.652,0.953271028037383,1.23303360452536,0.897374408505561,1.81665391304348
54.1622000205846,16,0.438219142290111,4.51351666838205,16,0.250980392156863,5.077120675643,72,4.56366216011057,-18.6519741389917,13.563,0.888888888888889,1.11251019412006,0.720539953645755,2.4592896
104.006938095831,59,0.574892308758204,8.66724484131922,59,0.113725490196078,10.1882143662072,30.3559322033898,8.33629330489111,-80.6538646319478,31.303,0.819444444444444,1.22215161986077,0.624913302364368,2.54121795918367
105.755076289291,61,0.536854418330984,8.81292302410755,61,0.258823529411765,9.95094853539861,62.9344262295082,8.39536549062449,16.4236308096923,27.796,0.91044776119403,1.18529068764324,0.800878555724459,8.56782159292036
71.6498558573022,28,0.663720309273643,5.97082132144185,28,0.0941176470588235,7.07472393907568,23.75,5.29175802116622,-43.089434952069,16.474,0.96551724137931,1.336932624428,0.914460660222943,4.19390187610619
104.006938095831,59,0.574892308758204,8.66724484131922,59,0.113725490196078,10.1882143662072,30.3559322033898,8.33629330489111,-80.6538646319478,31.303,0.819444444444444,1.22215161986077,0.624913302364368,5.78955130434783
48.8211473415386,13,0.505789614981344,4.06842894512822,13,0.133333333333333,4.47037145070718,32.6923076923077,3.85639661754271,45,9.461,1,1.15920946262931,1,2.88902918918919
250.042305629818,341,0.764819714228307,20.8368588024849,341,0.231372549019608,26.0641775091618,61.7859237536657,16.7916995471679,46.4918997542166,66.228,0.96600566572238,1.55220604298853,0.890483659396251,10.3093982608696
57.4476883778063,18,0.570423794156919,4.78730736481719,18,0.149019607843137,5.38401841759365,40.4444444444444,4.42216638714053,90,12.066,1,1.21750697424008,0.978050832064206,3.47446717557252
156.157240500618,133,0.811389560057991,13.0131033750515,133,0.203921568627451,17.2012975898909,51.3834586466165,10.0542574965708,84.5553574125254,41.541,0.956834532374101,1.71084713075607,0.8371143288877,14.04864
110.834178517301,67,0.817379106090048,9.23618154310838,67,0.145098039215686,12.4893828770787,41.6567164179104,7.1951355017027,24.3886031959423,31.948,0.881578947368421,1.73580926643051,0.683798294822353,3.57107545945946
48.8211473415386,13,0.486712922024022,4.06842894512822,13,0.149019607843137,4.56547520308435,38.9230769230769,3.98822555447594,28.7644038545758,10.495,0.928571428571429,1.14473846594774,0.878499423949227,1.45792
59.0218891123912,19,0.828177030065419,4.91849075936594,19,0.12156862745098,6.99836591047579,34.0526315789474,3.9223503296471,-87.9571916100126,14.605,0.904761904761905,1.7842276498299,0.758112230846956,5.33572682926829
52.4423246684198,14,0.902432748710554,4.22200824564475,14,0.0862745098039216,7.00492212577444,25.2857142857143,3.01793584427089,-80.7085001983668,13.588,0.933333333333333,2.32109709657091,0.628589564271232,4.75446857142857
66.3348766984964,24,0.738018082863427,5.52790639154137,24,0.135294117647059,7.25678008246108,31.875,4.89673684443886,53.8226586626989,17.417,0.888888888888889,1.48196244008956,0.713566318837153,3.90685090909091
74.1646467884524,30,0.676195950899038,6.18038723237103,30,0.154901960784314,7.80169352136549,40.9666666666667,5.74767782855876,-66.3091827715452,21.428,0.810810810810811,1.35736444422839,0.624503973885744,3.34297945945946
55.8291179001753,17,0.471362556619427,4.65242649168128,17,0.2,5.09064320221188,49.8823529411765,4.48963948943543,11.3099324740202,12.157,1,1.13386458182014,0.912758368119037,4.01161846153846
92.8293339347406,47,0.430568907635403,7.73577782789505,47,0.317647058823529,8.31757761184523,76.8510638297872,7.50709378318955,-67.133912711218,23.049,0.903846153846154,1.10796239557718,0.861027594373297,15.07572
57.4476883778063,18,0.775144335490332,4.78730736481719,18,0.101960784313725,6.54852200733609,27.8333333333333,4.13725265356552,52.497539564588,14.903,0.9,1.58281897570179,0.694685451961317,2.025
80.1069741374945,35,0.553905303108494,6.67558117812455,35,0.23921568627451,7.39028146556309,59.9428571428571,6.15299814060252,-25.2516027842443,17.971,1,1.20108625042416,0.986721909125481,12.34368
54.1622000205846,16,0.505186106558528,4.51351666838205,16,0.0882352941176471,5.42851135878485,22.75,4.68486190769915,-34.2761318364473,13.588,0.842105263157895,1.15873455092958,0.718388073452837,1.33146947368421
38.2984589185375,8,0.580947501931112,3.19153824321146,8,0.117647058823529,3.65148371670111,30.125,2.97209241668783,45,6.831,1,1.22859023366791,1,0.942135652173913
99.5023150477446,54,0.648818653206566,8.29185958731205,54,0.117647058823529,10.0549432251832,30.2777777777778,7.65123936294621,62.7168884896801,28.003,0.857142857142857,1.31415875889046,0.699581495958646,8.23020988235294
38.2984589185375,8,0.742134036915362,3.19153824321146,8,0.12156862745098,4.34948270825129,38.5,2.91524730293841,-60.1282185817646,9.18,0.888888888888889,1.49197726857246,0.662164901255594,-3.73248
278.488001804222,423,0.10397423432924,23.2073334836851,423,0.129411764705882,23.5685790915278,35.0567375886525,23.4408371818967,-39.5963568856101,82.189,0.903846153846154,1.00544954553627,0.730029999926559,332.86464
40.6216500154385,9,0.36385121527321,3.38513750128654,9,0.164705882352941,4.57043640026736,50.2222222222222,4.25716534681511,45,14.25,0.6,1.07358677146205,0.373915668255903,-1.1664
71.6498558573022,28,0.48711563572969,5.97082132144185,28,0.176470588235294,6.49322708808434,44.6428571428571,5.67077859501887,59.5897403868368,15.92,0.96551724137931,1.14503272862529,0.968388283974088,9.80516571428572
118.81784408086,77,0.367190930283817,9.90148700673831,77,0.188235294117647,10.3311898450712,48.7662337662338,9.60951068562399,69.2180285735627,28.739,0.9625,1.07510051063545,0.952023824326499,9.08521411764706
57.4476883778063,18,0.570423794156919,4.78730736481719,18,0.111764705882353,5.38401841759365,29.1666666666667,4.42216638714053,90,12.066,1,1.21750697424008,0.978050832064206,-2.83595294117647
74.1646467884524,30,0.336523198677094,6.18038723237103,30,0.133333333333333,6.44980619863884,34.2666666666667,6.0736223860962,90,16.474,1,1.06193730670576,0.979779278810296,-0.67392
136.080843393287,101,0.789384067067389,11.3400702827739,101,0.235294117647059,14.571933685202,59.4158415841584,8.94570515995436,-80.1258932781645,34.164,0.990196078431373,1.62893069072224,0.911975875831121,21.7138909090909
55.8291179001753,17,0.288647295727436,4.65242649168128,17,0.184313725490196,4.89096806649266,54.8823529411765,4.6827864613578,0,11.81,1,1.04445677949502,0.955617011938973,-1.51103232
127.741293266218,89,0.541168813006614,10.6451077721848,89,0.164705882352941,11.7000538706867,41.5280898876404,9.83873882535703,-35.306884861832,31.071,0.978021978021978,1.18918228020573,0.955493853209976,-3.0730752
402.817139135178,885,0.414264655237015,33.5680949279315,885,0.184313725490196,35.2604596196016,45.3062146892655,32.0925353715323,-88.8807070972825,109.366,0.959869848156182,1.09871218373352,0.878596503332884,30.4651974193548
62.0505953499169,21,0.63414991385336,5.17088294582641,21,0.0862745098039216,6.31713025330292,23.6666666666667,4.88446902932201,-59.6153717010791,15.275,0.84,1.29330951130624,0.778055530698751,-2.74977391304348
291.357901774746,463,0.695036215573976,24.2798251478955,463,0.141176470588235,28.8166003550476,37.2505399568035,20.7184073928951,-80.108128751055,80.51,0.924151696606786,1.39086947218393,0.831462041158197,19.229466122449
35.8249279286511,7,0.688972486206282,2.98541066072092,7,0.137254901960784,3.76358333265239,35.5714285714286,2.72779813678576,-30.4726979504614,6.831,0.875,1.37971475304515,0.884487590623178,-9.14309485714286
57.4476883778063,18,0.797899192967381,4.78730736481719,18,0.0901960784313725,6.52381508781703,23.2222222222222,3.93249641550956,-75.619764954311,13.381,0.947368421052632,1.65895004051051,0.828563842397169,1.98123054545455
52.4423246684198,15,0.844847005031652,4.37019372236832,15,0.12156862745098,6.09300909002424,33.4666666666667,3.25980848210337,5.41372655191269,11.603,1,1.86913100063252,0.867032876086719,1.47607578947368
93.8116822853606,48,0.511192616553888,7.81764019044672,48,0.168627450980392,8.50980366455896,42.6875,7.31388841949897,-89.8738449706754,21.8,0.979591836734694,1.1635129190475,0.969622617450092,7.61686325581395
83.4695560596246,48,0.511192616553888,7.81764019044672,48,0.0980392156862745,8.50980366455896,42.6875,7.31388841949897,-89.8738449706754,21.8,0.979591836734694,1.1635129190475,0.969622617450092,-5.52032780487805
95.7461472963438,38,0.276405323006724,6.95579633830205,38,0.105882352941176,7.31783527544406,23.1842105263158,7.03274084925944,56.4770432688143,20.047,0.95,1.04053816745069,0.888064843343474,-3.16826790697674
83.4695560596246,50,0.684040676789928,7.97884560802865,50,0.117647058823529,9.84057350977336,32.54,7.17814597688103,35.2770646912636,27.747,0.833333333333333,1.37090741000076,0.658542223242453,-3.54055144186047
83.4695560596246,38,0.324756249137966,6.95579633830205,38,0.133333333333333,7.27996523535503,30.2631578947368,6.88537471943644,-14.9851438378955,19.286,0.974358974358974,1.05730850273184,0.949353906018042,-1.6540576744186
98.5766919987619,25,0.536425621496815,5.64189583547756,25,0.235294117647059,6.34671409642354,34.4,5.3562941335335,-11.3001982271109,15.341,1,1.18490768770323,0.919653204968616,5.62931409836066
98.5766919987619,53,0.604526965182942,8.21472433323015,53,0.235294117647059,9.55077071695359,60.5849056603774,7.60799761107477,3.83937289013083,26.043,0.946428571428571,1.25535932122938,0.781949059536372,5.63885419354839
98.5766919987619,53,0.440424742995223,8.21472433323015,53,0.12156862745098,8.79287064876551,31.5471698113208,7.89414723443085,10.6218724716051,23.231,0.981481481481482,1.11384680164246,0.957591053753637,9.93550628571428
98.5766919987619,18,0.570423794156919,4.78730736481719,18,0.180392156862745,5.38401841759365,37.1666666666667,4.42216638714053,0,12.066,1,1.21750697424008,0.978050832064206,0.693741176470588
75.3905917717706,31,0.625573846354739,6.28254931431422,31,0.117647058823529,7.26111135121389,42.5806451612903,5.66486463731287,56.5446585339586,17.326,0.96875,1.28178020413533,0.929903811396285,-0.561353142857143
33.1674383492482,6,0.632455532033676,2.76395319577068,6,0.12156862745098,3.33333333333333,33.3333333333333,2.58198889747161,45,5.905,1,1.2909944487358,0.92127872757792,3.43872
160.785122807748,141,0.544307227300316,13.398760233979,141,0.227450980392157,14.7095889945306,59.8297872340426,12.3396675833874,44.5942965205606,39.672,0.979166666666667,1.19205715187448,0.966641933809391,76.65408
114.895376755613,72,0.809772303772734,9.57461472963438,72,0.262745098039216,12.7150193271577,69.0555555555556,7.46046449114163,-53.2670191529646,29.798,0.96,1.70432006509182,0.833884520589831,8.89344000000001
102.228910701358,57,0.71836860965833,8.51907589177983,57,0.235294117647059,10.9054818871907,61.4561403508772,7.58653657066938,34.0907581739774,29.227,0.876923076923077,1.4374783256635,0.683655142976644,12.574656
127.021618281629,88,0.53821792949646,10.5851348568025,88,0.125490196078431,11.8947979289794,32.9659090909091,10.025003582508,-47.0944604509528,34.47,0.897959183673469,1.18651308511589,0.781716157077622,10.2201285245902
118.81784408086,75,0.474287434318739,9.7720502380584,75,0.125490196078431,11.4004964902662,38.0266666666667,10.0366556956591,64.6058750787835,40.483,0.76530612244898,1.13588597994818,0.495231610648165,2.05632
100.419406462608,55,0.463011329552938,8.368283871884,55,0.101960784313725,9.44752173253999,30.0181818181818,8.37383319779415,57.2481925089493,27.548,0.859375,1.12821947958417,0.733821286414275,12.4604509090909
77.7845377731429,33,0.357442180724223,6.48204481442857,33,0.149019607843137,6.78219458971128,39.6060606060606,6.33413073130103,-45,17.301,1,1.07073801874598,0.992320250678028,0.107136
143.938020939328,113,0.162421994877015,11.9948350782774,113,0.184313725490196,12.1531920801791,50.0442477876106,11.9918145459362,-5.61883117827703,35.777,0.949579831932773,1.01345730736785,0.937505993879083,16.6688336842105
69.0435287010191,26,0.6255657370942,5.75362739175159,26,0.105882352941176,6.9898223750988,38.9230769230769,5.45325993457814,48.9848051971607,17.235,0.896551724137931,1.28176952115882,0.786900977482424,1.73065846153846
118.043778224782,76,0.832482217736075,9.83698151873187,76,0.258823529411765,13.7245191519083,67.7763157894737,7.6040940456924,-50.9566021865366,33.726,0.883720930232558,1.80488550896908,0.702641659671051,12.4198606451613
91.8364782879097,46,0.189050756479298,7.65303985732581,46,0.115686274509804,8.14406313576455,42.6304347826087,7.99720382615237,-53.4371497693514,25.1,0.884615384615385,1.01836383225996,0.724751839711796,1.30770580645161
69.0435287010191,26,0.619389520582883,5.75362739175159,26,0.12156862745098,6.59434860562707,32.1538461538462,5.17711646665196,71.9145966163164,15.25,1,1.27374932515119,0.965927505745722,-0.764221935483871
186.151786049751,189,0.326212906012737,15.5126488374792,189,0.176470588235294,16.0586545729625,46.6772486772487,15.1801871343624,-14.2011123277908,47.843,0.945,1.05786934184833,0.913679246916864,31.1240670967742
117.264602856701,75,0.518742701024544,9.7720502380584,75,0.129411764705882,10.8982693529775,34.3066666666667,9.31726191294394,74.1989213481302,31.352,0.903614457831325,1.16968584277288,0.792125996998694,8.44871441860465
129.168614586553,91,0.580120186661295,10.7640512155461,91,0.125490196078431,12.8550973220235,32.8901098901099,10.4708738490444,-74.8226353459488,43.394,0.791304347826087,1.22770052503275,0.528056943827967,0.176256000000001
42.8189787876665,10,0.844365629054668,3.56824823230554,10,0.0882352941176471,5.15384352234182,24.2,2.7612612360807,6.84200987612375,9.552,0.909090909090909,1.86648168416586,0.779903284346885,8.69969454545454
132.669753396993,96,0.539775879150139,11.0558127830827,96,0.137254901960784,12.2256654746302,34.6145833333333,10.2916723796038,74.6133127144029,34.462,0.941176470588235,1.18791825309745,0.853144151837338,3.98395914893617
80.1069741374945,35,0.619090576292898,6.67558117812455,35,0.16078431372549,7.9514835823777,42.9142857142857,6.2444558263366,-32.7396857296209,21.246,0.897435897435897,1.27336693596927,0.739503176127355,11.0025216
46.9058411426803,12,0.773768908869994,3.90882009522336,12,0.117647058823529,5.02934427355694,33,3.18592853380055,-80.5831235436706,9.643,1,1.57861176740124,0.922608221044785,4.93756061538461
48.8211473415386,13,0.576018432884783,4.06842894512822,13,0.105882352941176,4.71767000291566,36.6923076923077,3.85639661754271,-11.3099324740202,10.222,0.928571428571429,1.22333630868128,0.914759141328338,4.50065454545455
71.6498558573022,28,0.278621689072654,5.97082132144185,28,0.119607843137255,6.26876701341172,32.0714285714286,6.02052969585202,14.3970006555028,16.954,0.933333333333333,1.04123180685094,0.871297078342117,5.152896
151.992296843211,126,0.674487975070715,12.6660247369343,126,0.3,14.8794173853867,77.484126984127,10.9852630617112,16.2547670811102,38.291,0.961832061068702,1.35448894594509,0.922350927240204,13.7390811428571
50.664098947737,14,0.913883528956613,4.22200824564475,14,0.13921568627451,7.11166757486977,36.5,2.88716970931677,81.9208330795244,12.62,0.933333333333333,2.46319693363391,0.708170287271846,3.29890909090909
66.3348766984964,24,0.708139123477184,5.52790639154137,24,0.107843137254902,7.30145088323257,27.5,5.15535681487046,7.22027082664903,19.857,0.8,1.41628429329504,0.570188670042108,3.05988923076923
54.1622000205846,16,0.586269107471624,4.51351666838205,16,0.129411764705882,5.13092891446943,34.4375,4.15664950907918,62.0096749949132,11.512,0.941176470588235,1.23439055981559,0.936357335894372,0.578619616438356
125.569894966908,86,0.59195793303759,10.464157913909,86,0.398039215686275,11.8048467315078,93.2674418604651,9.51433887895649,27.9423567838864,33.238,0.914893617021277,1.24074272334543,0.81656855435218,14.8397634782609
88.791324243983,43,0.547749392145365,7.39927702033192,43,0.113725490196078,8.17471971139492,29.0697674418605,6.83931759708262,47.2278014166631,20.576,1,1.19525370701924,0.960587891483316,0.78192
67.7027500257308,25,0.459089095983218,5.64189583547756,25,0.172549019607843,6.10408272517492,41.28,5.4228074602449,-27.9477518417064,14.994,1,1.12563146855656,0.95518252342154,-0.302184
187.623364570721,192,0.445109848714003,15.6352803808934,192,0.109803921568627,16.7499693210119,29.6875,14.999195116207,61.4958605748997,51.416,0.923076923076923,1.11672454363322,0.810588979560692,46.339776
42.8189787876665,10,0.59225774015139,3.56824823230554,10,0.168627450980392,4.16333199893227,46.5,3.35459883344243,45,8.626,1,1.24108193129607,0.907474877945258,-0.141381818181818
70.3587617140205,27,0.171109000779782,5.86323014283504,27,0.105882352941176,6.12221213953596,27.8888888888889,6.03192239601068,81.8698976458441,16.102,0.964285714285714,1.01496865138467,0.916223270105292,-2.304
42.8189787876665,10,0.587407799848354,3.56824823230554,10,0.150980392156863,4.08574758561188,39.1,3.3065591380366,90,8.328,1,1.23564933063255,0.955243026453948,-2.79288
215.375632544147,253,0.768628844706174,17.9479693786789,253,0.313725490196078,22.9473935478666,79.3913043478261,14.6793330243076,-83.4974605321252,57.85,0.954716981132075,1.56324497236134,0.85465421140901,68.0061046153846
52.4423246684198,15,0.475270820628803,4.37019372236832,15,0.16078431372549,4.76095228569523,41.8666666666667,4.18887415264134,45,10.751,1,1.1365708570388,0.976640026261239,2.71049142857143
48.8211473415386,13,0.528730983160937,4.06842894512822,13,0.156862745098039,5.22528782548437,45.3076923076923,4.43516923185619,-56.6926105286068,14.622,0.764705882352941,1.17814846566689,0.517716021605816,-0.883748571428572
116.480215438923,74,0.381660115768087,9.70668461991024,74,0.133333333333333,10.2296985898073,36.972972972973,9.45533844069417,87.0294130992686,29.318,0.936708860759494,1.081896608352,0.882582786525654,8.214048
55.8291179001753,17,0.64200492564601,4.65242649168128,17,0.125490196078431,5.48918500061523,44.3529411764706,4.20856095167014,-79.0044350414114,12.455,1,1.30429024639334,0.878211917576716,0.282566686567164
55.8291179001753,17,0.471362556619427,4.65242649168128,17,0.294117647058824,5.09064320221188,83.1176470588235,4.48963948943543,-78.6900675259798,12.157,1,1.13386458182014,0.912758368119037,0.756675490909091
52.4423246684198,15,0.475270820628803,4.37019372236832,15,0.141176470588235,4.76095228569523,36.7333333333333,4.18887415264134,45,10.751,1,1.1365708570388,0.976640026261239,-0.383165217391304
99.5023150477446,54,0.444194452975328,8.29185958731205,54,0.158823529411765,8.86441393453129,41.5,7.94189795330542,82.7654863044451,23.694,0.947368421052632,1.11615812575908,0.9422827526174,8.14685538461539
77.7845377731429,33,0.420555623676111,6.48204481442857,33,0.105882352941176,7.0087657822676,27.5151515151515,6.35882019813122,37.652876769647,19.468,0.916666666666667,1.10221166252309,0.811219399866755,2.42451692307692
50.664098947737,14,0.438060389642094,4.22200824564475,14,0.147058823529412,4.89475845447686,41.6428571428571,4.40012131235989,36.7478193091224,13.034,0.823529411764706,1.11241443292201,0.672384195023129,-5.13376232727273
46.9058411426803,12,0.625162953246884,3.90882009522336,12,0.133333333333333,4.56647495512171,36.25,3.56410746748772,32.0668216029527,9.552,1,1.28123941176795,0.935883941216262,-3.40848
42.8189787876665,10,0.657535505639407,3.56824823230554,10,0.1,4.25832517937902,27.8,3.20832251080426,0,8.146,1,1.32727466301745,0.986295854136924,1.25014153846154
334.974707401052,612,0.703633286203178,27.9145589500877,612,0.180392156862745,33.2914325312205,50.1111111111111,23.6556700496038,57.8798620968471,94.777,0.930091185410334,1.40733415969243,0.802104513902545,66.0293485714286
33.1674383492482,6,0.74535599249993,2.76395319577068,6,0.13921568627451,3.46410161513775,37,2.3094010767585,90,5.516,1,1.5,1,-1.67184
30.2775902642419,5,0.765092055676006,2.52313252202016,5,0.137254901960784,3.3065591380366,35.6,2.12916258968951,-71.565051177078,4.962,1,1.55298573911107,0.95680770565741,-1.40832
118.043778224782,76,0.506528625402207,9.83698151873187,76,0.196078431372549,10.6723598751621,50.4078947368421,9.2019556953571,57.5076264795899,28.466,0.962025316455696,1.15979257328384,0.955961973014464,83.8676945454545
166.939112119249,152,0.57881313011506,13.9115926766041,152,0.133333333333333,15.6982168015695,36.7236842105263,12.8012712303999,62.5478233734591,45.395,0.910179640718563,1.22630139765261,0.810802132319842,10.9386907826087
278.816989517049,424,0.576000923229178,23.2347491264207,424,0.356862745098039,25.8699669985069,88.6792452830189,21.1473797422293,-65.4746891510273,73.15,0.957110609480813,1.22331784428342,0.915424134452853,71.7944123076923
76.5969178370751,32,0.746955547154756,6.38307648642292,32,0.164705882352941,8.17351301663465,41.03125,5.43435613790362,-60.1420493714358,19.286,0.888888888888889,1.50404441836742,0.799455920857299,-1.14657882352941
72.918093356958,29,0.277521020278528,6.0765077797465,29,0.137254901960784,6.53163854939692,36.8620689655172,6.27507294839461,-14.1728468115383,17.88,0.935483870967742,1.04088647305175,0.82466322742064,1.09168941176471
54.1622000205846,15,0.913749592652931,4.37019372236832,15,0.119607843137255,7.66867146266203,37,3.11561126479357,6.27340413381358,14.878,0.833333333333333,2.46136979581441,0.580511977315755,-0.223310769230768
33.1674383492482,6,0.74535599249993,2.76395319577068,6,0.154901960784314,3.46410161513775,42.1666666666667,2.3094010767585,90,5.516,1,1.5,1,-0.536696470588236
55.8291179001753,17,0.821445482189031,4.65242649168128,17,0.0901960784313725,6.41861075108384,22.8235294117647,3.66045059254848,84.8373708915363,12.827,0.894736842105263,1.75350290594008,0.83777134234723,0.318968470588236
406.89296440342,903,0.490542216202459,33.9077470336183,903,0.215686274509804,36.4310794424782,62.1328903654485,31.7466775533209,-64.3517694452712,110.813,0.955555555555556,1.1475556577941,0.87384407983709,163.461888
55.8291179001753,17,0.587007811055638,4.65242649168128,17,0.109803921568627,5.48068948910626,27.7058823529412,4.43706354699576,-17.2700454535354,12.827,0.894736842105263,1.23520644477069,0.83777134234723,1.31956363636364
75.3905917717706,31,0.309551034794559,6.28254931431422,31,0.129411764705882,6.58157469407734,31.5806451612903,6.25830637258308,-55.0897293322555,17.235,0.939393939393939,1.05165428188535,0.938228088536736,0.131956363636361
430.538390716466,1011,0.534498367917362,35.8781992263721,1011,0.223529411764706,39.8776283849567,62.5598417408506,33.7033555019433,-57.7646485440758,122.061,0.941340782122905,1.18319460454486,0.810465206550369,113.6592
30.2775902642419,4,0.866025403784439,2.25675833419103,4,0.0823529411764706,3.65148371670111,21.25,1.82574185835055,-71.565051177078,5.053,0.8,2.00000000000001,0.748540176585029,-2.64782769230769
138.749349246747,105,0.791293615018605,11.5624457705622,105,0.215686274509804,15.3655577402752,61.3238095238095,9.3950605998545,-47.7772785962313,44.866,0.795454545454545,1.63549320166313,0.572505028471007,13.1986060273973
90.8327707927258,45,0.311948063078275,7.56939756606048,45,0.270588235294118,7.8891141437695,63.6,7.49544068837823,-39.8141486713875,21.825,0.918367346938776,1.05252172243877,0.907201640217576,9.14976
71.6498558573022,28,0.613148375042676,5.97082132144185,28,0.133333333333333,6.80642906113505,33.75,5.37685955496622,-69.4954565492149,15.986,1,1.26587443684454,0.961716941635331,0.832121379310345
52.4423246684198,15,0.695894647535026,4.37019372236832,15,0.109803921568627,5.27676895745313,29.9333333333333,3.78947935923967,58.1473950352919,11.049,1,1.39247861176156,0.936052172984956,4.92331885714286
64.9381965576721,23,0.587240199158727,5.41151637980601,23,0.145098039215686,6.12378491507908,38.3913043478261,4.95666939419527,-80.4435131331633,14.051,0.958333333333333,1.23546366079017,0.977811077527916,-1.76536216216216
46.9058411426803,12,0.472903607729549,3.90882009522336,12,0.131372549019608,4.32462625520298,35.0833333333333,3.81048946659498,-19.8053441200133,9.552,1,1.13492670511629,0.935883941216262,3.12728502857143
55.8291179001753,32,0.520134321156761,6.38307648642292,32,0.16078431372549,7.08599699231382,31.21875,6.05204001073904,-50.7389774030933,18.062,0.941176470588235,1.17084437309404,0.894418838163446,3.14928
48.8211473415386,17,0.450667064165294,4.65242649168128,17,0.0901960784313725,5.09991939742719,40.7647058823529,4.55265779063853,61.5119337778983,12,1,1.12020705969027,0.931784900770347,1.67691130434783
27.0811000102923,13,0.742020619246916,4.06842894512822,13,0.201960784313725,6.7530700764541,22.1538461538462,4.52710325394604,-61.1858890413048,16.284,0.684210526315789,1.49169782477742,0.432917020972921,0.894922105263157
218.754280070874,261,0.50955017980459,18.2295233392395,261,0.141176470588235,19.8495059385419,38.5402298850575,17.079327583279,54.1953018671521,57.114,0.959558823529412,1.16219481368663,0.903349163206052,14.6112
81.2433000308769,36,0.427961009395896,6.77027500257308,36,0.101960784313725,7.62265882287762,27.7222222222222,6.88933768257689,-73.8740090907119,21.734,0.9,1.10644290846061,0.731080990950175,3.7326528
40.6216500154385,9,0,3.38513750128654,9,0.215686274509804,3.46410161513775,59.5555555555556,3.46410161513775,0,7.476,1,1,1,3.35529931034483
62.0505953499169,21,0.465520609926482,5.17088294582641,21,0.145098039215686,5.63999324552112,36.1904761904762,4.99160292623949,90,14.026,1,1.12989621347348,0.895386122126306,-0.0017279999999999
57.4476883778063,18,0.671792289375965,4.78730736481719,18,0.117647058823529,5.80827747092684,30.7222222222222,4.30242099299576,-78.5471151707914,13.563,0.947368421052632,1.35000212214997,0.810607447851474,4.27078656
224.544619110573,275,0.476609540126678,18.7120515925478,275,0.176470588235294,20.0519889627874,49.12,17.6280061363797,74.3312272320501,59.562,0.958188153310105,1.13750748710061,0.878936921476683,37.7312256
82.3639502109324,37,0.49508662678875,6.8636625175777,37,0.194117647058824,7.83615104261569,52.4594594594595,6.80838982051554,86.1174169907873,23.231,0.840909090909091,1.15095510821123,0.668506962054426,4.845312
38.2984589185375,8,0.547722557505166,3.19153824321146,8,0.111764705882353,3.65148371670111,27.375,3.05505046330389,90,7.22,1,1.1952286093344,0.936368556122002,4.195584
59.0218891123912,19,0.717366197804533,4.91849075936594,19,0.12156862745098,6.29998906585696,36.4210526315789,4.38917908946635,-7.28951467577417,14.812,0.904761904761905,1.43534563922816,0.740731357916243,3.328128
54.1622000205846,16,0.684169250916662,4.51351666838205,16,0.0941176470588235,5.42614457216939,24.5625,3.95741351751158,-69.6148043058871,11.33,0.941176470588235,1.37113408749393,0.960057373958077,8.6842368
54.1622000205846,16,0.397328469893893,4.51351666838205,16,0.0980392156862745,4.94821069633677,25.625,4.54085647993031,11.4168270889588,12.066,0.941176470588235,1.08970867460949,0.869378517390405,8.65728
23.4529205713402,3,0.730296743340221,1.95441004761168,3,0.101960784313725,2.58198889747161,25.3333333333333,1.76383420737639,45,3.093,1,1.4638501094228,0.969873184255889,4.37051076923077
168.033806551084,154,0.56699119548572,14.0028172125903,154,0.13921568627451,15.6031684032091,38.9220779220779,12.8527019794349,-77.4919411352659,43.137,0.939024390243902,1.21399908191874,0.903587673912139,17.2849371428571
46.9058411426803,12,0.661437827766148,3.90882009522336,12,0.164705882352941,4.61880215351701,42.3333333333333,3.46410161513775,90,9.436,1,1.33333333333334,0.953226395020662,3.72096
27.0811000102923,4,0.870424023370417,2.25675833419103,4,0.0784313725490196,3.43590880093359,19.25,1.69150742780922,58.282525588539,4.408,1,2.03127030035195,0.881907054258295,6.576552
54.1622000205846,16,0.327326835353989,4.51351666838205,16,0.113725490196078,4.83045891539648,28.875,4.56435464587638,-71.565051177078,11.81,0.941176470588235,1.05830052442584,0.899404246530798,3.78033230769231
158.488074436329,137,0.732563974492302,13.2073395363607,137,0.372549019607843,16.3210088365407,90.1167883211679,11.1096811429184,-18.6783627945332,44.676,0.883870967741936,1.46907986166139,0.752930716734303,183.783168
42.8189787876665,10,0.657535505639407,3.56824823230554,10,0.115686274509804,4.25832517937902,39.2,3.20832251080426,0,8.146,1,1.32727466301745,0.986295854136924,1.920672
38.2984589185375,8,0.580947501931112,3.19153824321146,8,0.180392156862745,3.65148371670111,47.125,2.97209241668783,45,6.831,1,1.22859023366791,1,3.888
30.2775902642419,5,0.765092055676006,2.52313252202016,5,0.101960784313725,3.3065591380366,26.2,2.12916258968951,18.434948822922,4.962,1,1.55298573911107,0.95680770565741,5.20128
35.8249279286511,7,0.353093931801899,2.98541066072092,7,0.137254901960784,3.23669437485075,33.5714285714286,3.0282120182066,0,6.368,1,1.06884668424492,0.972711556537156,4.06944
35.8249279286511,76,0.944617869381455,9.83698151873187,76,0.149019607843137,20.5131501150379,39.8421052631579,6.7318483522643,26.7966120389527,46.669,0.678571428571429,3.04717947309942,0.384928474164888,4.30412108108108
40.6216500154385,9,0.759113363612185,3.38513750128654,9,0.0980392156862745,4.43077101395282,25.6666666666667,2.88424782324025,-83.9526214614939,8.237,1,1.53619636227207,0.873524867514907,0.859062857142857
27.0811000102923,4,0,2.25675833419103,4,0.133333333333333,2.3094010767585,33.75,2.3094010767585,0,3.556,1,1,1,1.52470588235294
57.4476883778063,18,0.693186604364539,4.78730736481719,18,0.109803921568627,5.8109348146166,27.2222222222222,4.18827871035171,87.2054347843358,12.736,0.9,1.38742791883796,0.897249154260357,2.6915328
33.1674383492482,6,0.833333333333333,2.76395319577068,6,0.154901960784314,4,41.1666666666667,2.21108319357027,0,6.368,1,1.80906806746658,0.833752762746134,2.30887384615385
106.618397358971,62,0.722270439163304,8.88486644658095,62,0.207843137254902,10.7706192288986,54.9516129032258,7.44907591201105,88.9199803613116,26.018,0.96875,1.44590004936476,0.916302028370513,0.379296
114.094702354545,71,0.586262178723372,9.50789186287878,71,0.149019607843137,10.684143116297,38.8450704225352,8.65545281472018,66.9395051988663,27.986,0.934210526315789,1.23438291964652,0.920825089138987,12.5879717647059
121.110361056968,80,0.778736530240257,10.0925300880806,80,0.205882352941176,12.9759231291366,49,8.14045979127751,24.8286876441912,31.832,0.930232558139535,1.59400371254708,0.821900711162101,8.32098461538462
27.0811000102923,4,0,2.25675833419103,4,0.152941176470588,2.3094010767585,39.75,2.3094010767585,0,3.556,1,1,1,2.09701161290323
59.0218891123912,19,0.728946289067153,4.91849075936594,19,0.0901960784313725,6.79545405826747,22.5263157894737,4.65197005356655,-61.5292882448086,18.451,0.791666666666667,1.46076908922867,0.512098945232409,5.77903304347826
23.4529205713402,3,0.730296743340221,1.95441004761168,3,0.0980392156862745,2.58198889747161,28.3333333333333,1.76383420737639,45,3.093,1,1.4638501094228,0.969873184255889,1.11372387096774
30.2775902642419,5,0.765092055676006,2.52313252202016,5,0.129411764705882,3.3065591380366,30.6,2.12916258968951,-18.434948822922,4.962,1,1.55298573911107,0.95680770565741,3.020112
130.580335361391,93,0.187082413210219,10.8816946134492,93,0.270588235294118,11.1010674234513,68.1182795698925,10.9050694424241,-21.700569873217,32.204,0.958762886597938,1.01797310710051,0.935453655607256,13.5183908571429
115.690509957628,73,0.514770764322936,9.64087582980233,73,0.274509803921569,10.5562403776772,65.6164383561644,9.05015897674101,-39.8751934499284,29.5,0.948051948051948,1.1664149110316,0.86097401179008,18.3817053658537
38.2984589185375,8,0.866025403784439,3.19153824321146,8,0.147058823529412,4.61880215351701,36,2.3094010767585,90,7.476,1,2,0.891759474057926,0.530967272727273
30.2775902642419,4,0.866025403784439,2.25675833419103,4,0.109803921568627,3.65148371670111,31,1.82574185835055,-71.565051177078,5.053,0.8,2.00000000000001,0.748540176585029,3.56544
80.1069741374945,35,0.314378213130262,6.67558117812455,35,0.137254901960784,6.95659467955404,34.6857142857143,6.60388012014689,-80.9309589222013,18.616,0.972222222222222,1.05341020021413,0.929086661485714,1.37252571428572
30.2775902642419,5,0.847117449603021,2.52313252202016,5,0.125490196078431,4.00666112035113,30.8,2.12916258968951,45,6.277,0.833333333333333,1.88180138978274,0.70828466577868,1.55834181818182
114.895376755613,72,0.618385745913276,9.57461472963438,72,0.16078431372549,10.9124589082617,43.2777777777778,8.57582554541406,-83.0586404118611,28.102,0.947368421052632,1.2724674552291,0.926873416830126,11.0299569230769
76.5969178370751,32,0.709657753915805,6.38307648642292,32,0.113725490196078,8.05688201869735,27.21875,5.67644860836932,-86.8994597239703,19.865,0.864864864864865,1.41935258725294,0.759722932880986,2.92696615384615
35.8249279286511,7,0.3530939318019,2.98541066072092,7,0.149019607843137,3.23669437485075,32.5714285714286,3.0282120182066,90,6.368,1,1.06884668424492,0.972711556537156,1.1380608
30.2775902642419,5,0.765092055676006,2.52313252202016,5,0.129411764705882,3.3065591380366,30,2.12916258968951,18.434948822922,4.962,1,1.55298573911107,0.95680770565741,1.32898909090909
52.4423246684198,15,0.734684192871575,4.37019372236832,15,0.113725490196078,5.52794362439452,28.8666666666667,3.75020819525239,-14.7192448373358,11.512,0.9375,1.47403646320028,0.877835002400974,1.17562576271186
48.8211473415386,13,0.812190184639216,4.06842894512822,13,0.109803921568627,5.4993888120437,31.2307692307692,3.20830357756904,-36.7285082977187,10.495,1,1.71411111170802,0.878499423949227,1.08506482758621
38.2984589185375,8,0.580947501931112,3.19153824321146,8,0.115686274509804,3.65148371670111,30.25,2.97209241668783,-45,6.831,1,1.22859023366791,1,2.66112
103.121756567797,58,0.611206046936075,8.59347971398312,58,0.166666666666667,9.76595011828525,42.051724137931,7.72947139187578,-67.870484479799,24.521,0.966666666666667,1.26346934003145,0.952471730119654,10.506672
30.2775902642419,5,0.765092055676006,2.52313252202016,5,0.0980392156862745,3.3065591380366,24.6,2.12916258968951,71.565051177078,4.962,1,1.55298573911107,0.95680770565741,3.71254153846154
75.3905917717706,31,0.75322909504956,6.28254931431422,31,0.12156862745098,8.1347451115922,38.6129032258064,5.35069580110556,-38.7769350629892,19.195,0.911764705882353,1.52031537840581,0.780796233244332,1.83574588235294
30.2775902642419,4,0.866025403784439,2.25675833419103,4,0.117647058823529,3.65148371670111,45.75,1.82574185835055,18.434948822922,5.053,0.8,2.00000000000001,0.748540176585029,2.77207578947369
71.6498558573022,28,0.717568420006483,5.97082132144185,28,0.113725490196078,7.24213932803121,28.75,5.04406328429458,-14.0184149470866,16.011,1,1.43577487431227,0.95920790985195,6.748272
69.0435287010191,26,0.490306476243069,5.75362739175159,26,0.113725490196078,6.27324346557274,29.6923076923077,5.46744590692221,-82.7558983859838,15.25,1,1.14738098416855,0.965927505745722,6.54624
46.9058411426803,12,0.772423883280537,3.90882009522336,12,0.105882352941176,5.14241620684717,30.25,3.2659863237109,-45,9.924,0.923076923076923,1.57453696897427,0.883350139513799,3.18816
87.7527934971774,42,0.6480716926976,7.31273279143145,42,0.250980392156863,9.06899921788974,63.4523809523809,6.90676237933521,73.3761166261378,28.02,0.792452830188679,1.31306084092655,0.543525422288141,2.98639058823529
64.9381965576721,23,0.357991815196684,5.41151637980601,23,0.168627450980392,5.84753072326897,44.0869565217391,5.45998401080145,-86.8299041270451,16.954,0.884615384615385,1.07097945922568,0.715708314352453,10.8624738461538
113.288369265916,70,0.764527769157343,9.4406974388263,70,0.207843137254902,12.3045987265869,49.1142857142857,7.93143104849286,-62.1288295111136,33.726,0.833333333333333,1.55137183332446,0.64716994969702,8.040384
33.1674383492482,6,0.74535599249993,2.76395319577068,6,0.166666666666667,3.46410161513775,38,2.3094010767585,90,5.516,1,1.5,1,6.1992
166.939112119249,152,0.276192946137703,13.9115926766041,152,0.264705882352941,14.277735326376,66.0986842105263,13.7223629643646,23.8645286073969,41.293,0.974358974358974,1.04047206472046,0.967411054152629,8.8270305882353
124.837702748642,85,0.354353529587142,10.4031418957202,85,0.184313725490196,10.8905954500364,49.3058823529412,10.1839213886283,71.3247907826602,31.162,0.977011494252874,1.06939115439336,0.907715134536116,8.73380571428572
138.087057402038,104,0.458666857998759,11.5072547835032,104,0.172549019607843,12.2935837149983,45.1730769230769,10.9241805434945,-77.1687304755915,34.826,0.962962962962963,1.12535523063277,0.90660285096089,157.69728
40.6216500154385,9,0.760175561368687,3.38513750128654,9,0.113725490196078,4.4645049379061,34.3333333333333,2.90066796992654,-29.5181217339632,8.328,1,1.53912994668575,0.859718723808554,4.06944
54.1622000205846,16,0.586269107471624,4.51351666838205,16,0.223529411764706,5.13092891446943,64,4.15664950907918,27.9903250050868,11.512,0.941176470588235,1.23439055981559,0.936357335894372,6.63552
148.946050056608,121,0.768782195518403,12.4121708380506,121,0.249019607843137,15.9855856885792,65.6942148760331,10.2229530991052,-78.7153568969182,45.809,0.858156028368794,1.56369549323066,0.63456969219054,5.73233905617978
110.003948261701,66,0.697598503866293,9.16699568847508,66,0.13921568627451,10.9838409028758,36.5909090909091,7.86979996041873,-78.3703461952692,27.242,0.956521739130435,1.39569505681455,0.898412011519085,10.4018086956522
95.7461472963438,50,0.529832925369504,7.97884560802865,50,0.109803921568627,9.85808965067187,37.04,8.36066594871382,57.1340972911204,29.409,0.806451612903226,1.17910340051182,0.593010069484684,0.686846910638298
168.578488065615,155,0.576987144108369,14.0482073388013,155,0.176470588235294,15.7481709957141,49.1032258064516,12.8623694966673,-45.9314043587586,44.287,0.945121951219512,1.22436002167365,0.865886734222567,5.67898838709677
126.297842485302,87,0.613079172536185,10.5248202071085,87,0.211764705882353,12.0520505256031,52.5172413793103,9.52137871196804,83.9543258353045,32.874,0.90625,1.26578837899327,0.842845524884227,17.2256914285714
80.1069741374945,35,0.499207822995965,6.67558117812455,35,0.117647058823529,7.44215279955747,32.1142857142857,6.44849355981938,66.7714958878713,19.956,0.875,1.15409168521615,0.824412318681621,-0.2822688
27.0811000102923,4,0,2.25675833419103,4,0.166666666666667,2.3094010767585,44,2.3094010767585,0,3.556,1,1,1,2.66901942857143
143.938020939328,113,0.588943305356213,11.9948350782774,113,0.117647058823529,13.5465000499863,29.9115044247788,10.9479338984706,-72.0541480824235,38.953,0.926229508196721,1.23735676298509,0.80137480650216,17.95008
70.3587617140205,27,0.742304441130473,5.86323014283504,27,0.180392156862745,7.48576054139499,47.037037037037,5.01592944916283,55.8023887176399,17.789,0.964285714285714,1.49239749427584,0.77448065943719,-2.288736
38.2984589185375,8,0.580947501931112,3.19153824321146,8,0.213725490196078,3.65148371670111,56.25,2.97209241668783,45,6.831,1,1.22859023366791,1,0.761472
108.324400041169,64,0.854086361814034,9.0270333367641,64,0.176470588235294,12.7715659063661,46.234375,6.64289016287451,83.4150676989428,29.731,0.955223880597015,1.92259176250471,0.744255275498112,4.00821696
44.9089238221147,11,0.68469019539811,3.74241031850956,11,0.188235294117647,4.49690773447605,49.7272727272727,3.27750029068392,-74.9293072239623,8.791,1,1.37205410698459,0.970807043706446,6.71846399999999
116.480215438923,74,0.283601161998025,9.70668461991024,74,0.176470588235294,10.0055063499298,46.3243243243243,9.59470351280625,-72.4571490501199,28.168,0.973684210526316,1.04281558430391,0.948607925980919,10.5605485714286
112.476255789782,69,0.788121608422363,9.37302131581521,69,0.129411764705882,12.2773372158986,33.7391304347826,7.55694121701025,68.2431974521577,29.293,0.92,1.62464373657731,0.824217931637356,1.59583135135135
57.4476883778063,18,0.67890716429134,4.78730736481719,18,0.141176470588235,5.66159656079036,36.7777777777778,4.15688076761653,66.8905623824344,12.066,1,1.36198194687133,0.978050832064206,3.01511314285714
80.1069741374945,35,0.768444919111519,6.67558117812455,35,0.149019607843137,8.99336235469209,42.0857142857143,5.7549958970354,0.548442912400048,22.95,0.853658536585366,1.56270525915142,0.646065766075799,3.42382344827586
109.167404195214,65,0.665822268329754,9.09728368293446,65,0.113725490196078,10.9418795846227,31.4461538461538,8.16384999237629,-55.7177530625425,28.747,0.902777777777778,1.34028425250839,0.803253293579118,8.40046344827586
62.0505953499169,21,0.618072771321086,5.17088294582641,21,0.168627450980392,5.95884850269011,47.3333333333333,4.68437527185011,54.8475294344319,13.679,1,1.27206898612473,0.932709868007109,3.66455172413793
67.7027500257308,25,0.686045548365327,5.64189583547756,25,0.149019607843137,6.81450037231204,37.36,4.95794829969269,56.6609793289218,16.284,0.961538461538462,1.3744597483468,0.832532732640232,3.276936
189.083490596518,195,0.50370196779154,15.7569575497098,195,0.180392156862745,17.050886077555,49.374358974359,14.7298767647958,45.5425830777333,48.48,0.955882352941177,1.15757153639645,0.91956339803237,23.867136
52.4423246684198,15,0.682730008845452,4.37019372236832,15,0.0980392156862745,5.34179363186166,25,3.90309232320876,12.3233854259656,11.239,0.882352941176471,1.3686055028978,0.911480861040253,3.535488
72.918093356958,29,0.511026997962458,6.0765077797465,29,0.168627450980392,6.85121884118769,40.448275862069,5.8890656043026,-85.9852523528842,17.971,0.90625,1.16337960918318,0.817569581846827,1.57342945054945
119.586899644005,78,0.758129927009752,9.96557497033376,78,0.16078431372549,12.8760601000237,37.974358974359,8.39652424306334,75.7226597906925,33.925,0.886363636363636,1.53349882966884,0.713409907008084,8.0896537815126
57.4476883778063,18,0.708239690230453,4.78730736481719,18,0.125490196078431,5.80930373214935,31.5555555555556,4.10120608872605,77.7641897331476,12.364,1,1.41648666428121,0.940818022409032,1.89249662337662
94.7838500360231,49,0.356304373111105,7.89865416966859,49,0.133333333333333,8.31262883855747,33.8367346938776,7.76707054883165,-71.4518878134253,22.859,0.96078431372549,1.07023990400189,0.910834452218451,10.150272
86.7018239261228,41,0.247984895313361,7.22515199384357,41,0.117647058823529,7.48888371835793,29.9512195121951,7.2549601889587,-32.4246860171617,21.544,0.931818181818182,1.03224325472595,0.84548635726295,4.85721113924051
44.9089238221147,11,0.68469019539811,3.74241031850956,11,0.113725490196078,4.49690773447605,32.0909090909091,3.27750029068392,-15.0706927760377,8.791,1,1.37205410698459,0.970807043706446,6.395112
92.8293339347406,47,0.649405905663737,7.73577782789505,47,0.125490196078431,9.04330321062416,32.2340425531915,6.87690718958478,-79.7473270058327,23.09,0.94,1.31502475768765,0.858338124221366,10.6457841509434
147.709961879968,119,0.549853187088138,12.3091634899974,119,0.188235294117647,13.5465295958757,48.6806722689076,11.3148921913529,89.8413134099501,36.703,0.959677419354839,1.19723010761236,0.941928728567236,167.049216
101.328197895474,56,0.418834384702475,8.4440164912895,56,0.12156862745098,9.00103614717581,31.0892857142857,8.17350464667435,-38.5805452228328,24.554,0.949152542372881,1.10124561449147,0.917437663174188,4.76928
48.8211473415386,13,0.505789614981344,4.06842894512822,13,0.16078431372549,4.47037145070718,47.5384615384615,3.85639661754271,-45,9.461,1,1.15920946262931,1,5.6448
221.668357034601,268,0.572231642219322,18.4723630862168,268,0.266666666666667,20.7802984728847,73.5149253731343,17.0417572849926,-60.8782470662551,65.26,0.890365448504983,1.21937533350415,0.719800642986172,54.8711152941176
60.5551805284838,20,0.227866357593826,5.04626504404032,20,0.149019607843137,5.26624470883507,38.75,5.12770253947451,0,13.77,0.952380952380952,1.02701837095542,0.878761134865925,-1.648512
44.9089238221147,11,0.798061088299374,3.74241031850956,11,0.129411764705882,5.10042168101529,37.6363636363636,3.07339450319153,30.6947701670174,10.032,0.916666666666667,1.659540184548,0.79651523789152,-4.49971200000001
72.918093356958,29,0.555342240547112,6.0765077797465,29,0.129411764705882,6.83691648688325,33.3793103448276,5.68572952543138,-79.562676586775,16.499,0.935483870967742,1.20246952590741,0.944710375254338,-0.575423999999998
27.0811000102923,4,0,2.25675833419103,4,0.149019607843137,2.3094010767585,35.5,2.3094010767585,0,3.556,1,1,1,-4.074624
364.84182184173,726,0.200172427448535,30.4034851534775,726,0.376470588235294,30.7998754533186,90.4325068870523,30.1765070629053,-40.4627929429142,95.959,0.964143426294821,1.02065740707213,0.928953512709991,88.293888
62.0505953499169,21,0.533168363637298,5.17088294582641,21,0.101960784313725,5.73523268513445,27.047619047619,4.85205937690641,-51.0473785385061,13.29,0.954545454545455,1.18202030099457,0.977394382636051,1.042848
108.324400041169,64,0.81584602822625,9.0270333367641,64,0.223529411764706,12.0850214604248,58.8125,6.98839559324882,-77.7803091362261,28.003,0.941176470588235,1.72929842038416,0.829133624839877,6.36891428571429
44.9089238221147,11,0.68469019539811,3.74241031850956,11,0.105882352941176,4.49690773447605,28.4545454545455,3.27750029068392,15.0706927760377,8.791,1,1.37205410698459,0.970807043706446,-3.3063552
136.752851645112,102,0.506519919713864,11.396070970426,102,0.168627450980392,12.3764263992323,44.4117647058824,10.6713045891117,7.87445253684956,34.925,0.953271028037383,1.15978569404348,0.884549265487892,8.46538105263158
63.5108091408147,22,0.538444526526384,5.29256742840123,22,0.096078431372549,6.30078110576558,24.8181818181818,5.30942224914932,45.9052353394786,17.326,0.846153846153846,1.18671689876899,0.659931737119944,-1.00283586206897
38.2984589185375,4,0.968245836551854,2.25675833419103,4,0.0803921568627451,4.61880215351701,24,1.15470053837925,0,5.88,1,4.00000000000001,0.617594511485095,0.96768
42.8189787876665,10,0.59225774015139,3.56824823230554,10,0.109803921568627,4.16333199893227,29.1,3.35459883344243,-45,8.626,1,1.24108193129607,0.907474877945258,-0.367592727272728
125.569894966908,86,0.526210222105894,10.464157913909,86,0.16078431372549,11.434966270018,40.546511627907,9.72377520310699,51.3737577522087,30.98,0.955555555555556,1.17598011381055,0.928217446904667,30.5120206451613
38.2984589185375,8,0.717405907733603,3.19153824321146,8,0.123529411764706,4.13664260866049,33.875,2.88181446225832,-17.296144343755,7.865,1,1.43542988725889,0.829839423823584,3.27012324324324
91.8364782879097,46,0.506089138018045,7.65303985732581,46,0.12156862745098,8.38543178047134,33.3478260869565,7.23227708966478,18.7813625831567,21.8,0.958333333333333,1.15944559044267,0.929221675056339,10.8282380487805
74.1646467884524,30,0.79074110833119,6.18038723237103,30,0.149019607843137,8.37355785190502,39.7666666666667,5.12587943790242,-52.0406613750689,18.823,0.882352941176471,1.63358462744719,0.781420520599613,7.61664
52.4423246684198,15,0.837427046761158,4.37019372236832,15,0.109803921568627,6.93952218448197,29.1333333333333,3.79278974810162,-51.6962488768755,15.73,0.681818181818182,1.82966171218833,0.529278211199862,4.58519510204082
110.834178517301,67,0.483829728727729,9.23618154310838,67,0.16078431372549,10.2872656843368,51.1940298507463,9.00302558217567,26.7002439442052,31.576,0.893333333333333,1.1426453907566,0.698530639604051,13.9767790344828
27.0811000102923,4,0,2.25675833419103,4,0.0882352941176471,2.3094010767585,23,2.3094010767585,0,3.556,1,1,1,3.402432
123.360281446966,80,0.514182642063541,10.0925300880806,80,0.196078431372549,11.8367943315985,54.1125,10.1521902374859,-40.5663563251243,40.566,0.816326530612245,1.16593504009533,0.526242691355309,3.60556137931034
52.4423246684198,15,0.683129638375336,4.37019372236832,15,0.227450980392157,5.29040598679938,55.4,3.86356830538724,27.3762124708269,11.421,0.9375,1.36930566994832,0.888840264583303,17.192736
50.664098947737,14,0.633030793433135,4.22200824564475,14,0.0941176470588235,5.14038783725943,24.5,3.97931103131131,76.2235942116411,11.33,0.933333333333333,1.29177834977265,0.840050202213317,7.87221504
256.556799762994,357,0.600198191258866,21.3200965633473,357,0.364705882352941,24.2253904559355,82.7450980392157,19.3767104898369,51.8257286435637,74.804,0.901515151515151,1.25023235851316,0.738405551387528,18.5248246153846
67.7027500257308,25,0.682191861159085,5.64189583547756,25,0.125490196078431,7.17513464732395,30.08,5.2462662398546,-17.3204737559581,17.69,0.925925925925926,1.36766498673213,0.723943917166365,6.14151529411765
50.664098947737,14,0.798803627800099,4.22200824564475,14,0.137254901960784,5.57034906530657,37.2142857142857,3.35107664669114,7.16135998910177,10.751,1,1.66225653800152,0.911530691177157,7.73156571428571
95.7461472963438,50,0.625261706744836,7.97884560802865,50,0.229411764705882,9.37961443187825,51.74,7.31999315409296,5.91632576316814,24.455,0.892857142857143,1.28136929016575,0.825028482792601,14.7082043076923
129.876393115344,92,0.45782987891864,10.823032759612,92,0.0980392156862745,11.5922865472812,26.0760869565217,10.3060043481457,70.8574599128992,32.386,0.948453608247423,1.12480900994059,0.915938111163364,19.935072
57.4476883778063,18,0.42250014819842,4.78730736481719,18,0.107843137254902,5.2068331172711,28.6666666666667,4.7192801292434,-45,12.918,1,1.10331088104021,0.877027716402732,10.453693773913
81.2433000308769,36,0.473587271381108,6.77027500257308,36,0.174509803921569,7.59780890152995,52.4722222222222,6.69174661320484,22.1329871027783,20.899,0.9,1.13539996964876,0.782748105631171,9.61344
30.2775902642419,3,0.942809041582063,1.95441004761168,3,0.092156862745098,3.46410161513775,25,1.15470053837925,0,3.92,1,3,0.756006962533367,14.0287015384615
64.9381965576721,23,0.404998401861622,5.41151637980601,23,0.196078431372549,6.37138222863461,54.5652173913044,5.82546558681728,-32.6487848861144,18.269,0.821428571428571,1.09371210484063,0.630493076973317,16.1816663414634
97.6422946830773,52,0.360101024044408,8.13685789025644,52,0.172549019607843,8.51106637645921,44.1346153846154,7.94008714369745,5.33643351829123,22.95,1,1.07191095291882,0.959869138169759,7.90436571428571
30.2775902642419,5,0.765092055676006,2.52313252202016,5,0.117647058823529,3.3065591380366,29,2.12916258968951,18.434948822922,4.962,1,1.55298573911107,0.95680770565741,2.35224
156.157240500618,133,0.604278538056757,13.0131033750515,133,0.125490196078431,14.8536518880763,35.0751879699248,11.8349909654915,20.7317228226062,43.46,0.886666666666667,1.25506237659045,0.769591010736014,20.1874752
57.4476883778063,17,0.66307903146158,4.65242649168128,17,0.182352941176471,5.5373519129291,58.5882352941176,4.14498142906363,82.8677438509601,11.975,0.944444444444444,1.33591718266878,0.934869443102716,8.60229818181818
55.8291179001753,20,0.383661650001982,5.04626504404032,20,0.243137254901961,5.3416601664027,64.55,4.93288286231625,-63.434948822922,12.645,0.952380952380952,1.08286783114378,1,-1.30689969230769
60.5551805284838,18,0.476105876831302,4.78730736481719,18,0.235294117647059,5.26122325679877,49.7777777777778,4.6266564163774,30.9107049450204,12.455,1,1.13715452009255,0.929871442140052,-1.31062153846154
143.938020939328,113,0.817894114830191,11.9948350782774,113,0.270588235294118,16.3831896574069,73.9203539823009,9.42637561686401,76.0268149233944,43.948,0.849624060150376,1.73801578923897,0.640381003370214,12.655872
91.8364782879097,46,0.505363634439345,7.65303985732581,46,0.147058823529412,8.32998894100772,36.5869565217391,7.18800145367359,-68.3385305379136,22.098,0.978723404255319,1.15887413138328,0.907408854425724,0.476928
33.1674383492482,6,0.833333333333333,2.76395319577068,6,0.147058823529412,4,47.5,2.21108319357027,90,6.368,1,1.80906806746658,0.833752762746134,3.4691328
103.121756567797,58,0.910111726800062,8.59347971398312,58,0.109803921568627,13.8619153035801,28.3793103448276,5.74386395740347,77.9276600225236,31.369,0.865671641791045,2.41334324879213,0.611974072120497,-3.31157014925373
115.690509957628,73,0.432946722678,9.64087582980233,73,0.145098039215686,10.3531099510395,38.0958904109589,9.33249531232921,-85.2519474535128,28.747,0.960526315789474,1.10936138776967,0.90211523740424,6.35370523489933
78.9542957097545,34,0.545567783625117,6.57952464247954,34,0.223529411764706,7.56217631939169,61.3235294117647,6.33760815200535,23.9336703440995,21.635,0.894736842105263,1.19322244891377,0.695994198531158,-1.0167552
84.5607076793511,39,0.483202904444137,7.04672563994593,39,0.176470588235294,7.66627335920644,42.7179487179487,6.71188669932906,-41.0343339914477,20.138,0.951219512195122,1.14219349977597,0.904323293540099,4.25016
106.618397358971,62,0.597739775905547,8.88486644658095,62,0.092156862745098,10.3941752410343,24.5322580645161,8.33290832101369,73.6947495186505,30.079,0.849315068493151,1.24736464636513,0.705970902754604,5.41314327272727
66.3348766984964,24,0.430876857139622,5.52790639154137,24,0.186274509803922,5.95724571125459,42.625,5.37588247868456,-75.6369346673478,14.787,1,1.10814284629084,0.938271891055386,1.75695567567568
55.8291179001753,17,0.471362556619427,4.65242649168128,17,0.156862745098039,5.09064320221188,38.5294117647059,4.48963948943543,78.6900675259798,12.157,1,1.13386458182014,0.912758368119037,-2.74432984615385
82.3639502109324,37,0.566550563238812,6.8636625175777,37,0.0980392156862745,7.79099034188764,25.9189189189189,6.41998622148387,-84.1158555339897,20.047,0.925,1.21355250200006,0.864694715887067,4.38308939597315
130.580335361391,93,0.490773975308176,10.8816946134492,93,0.196078431372549,11.716225464717,49.9569892473118,10.2081940542923,-83.0160893272414,31.46,0.98936170212766,1.14772754146367,0.976114208228673,5.15793188571428
38.2984589185375,8,0.742134036915362,3.19153824321146,8,0.154901960784314,4.34948270825129,44.125,2.91524730293841,-29.8717814182354,9.18,0.888888888888889,1.49197726857246,0.662164901255594,4.3006464
57.4476883778063,18,0.629260972181756,4.78730736481719,18,0.172549019607843,5.66932569234654,49.1666666666667,4.40616633249982,-6.04737853850605,13.472,0.947368421052632,1.2866799082299,0.819511879521836,6.11947636363636
74.1646467884524,30,0.336523198677094,6.18038723237103,30,0.141176470588235,6.44980619863884,37.3333333333333,6.0736223860962,90,16.474,0.9375,1.06193730670576,0.979779278810296,5.9864832
46.9058411426803,12,0.364509496184854,3.90882009522336,12,0.105882352941176,4.69870406226185,31.3333333333333,4.37543167670416,32.6882176069183,12.364,0.857142857142857,1.0738835409724,0.627212014939355,4.9372416
67.7027500257308,25,0.362921064310217,5.64189583547756,25,0.109803921568627,6.14317863786482,29.64,5.72433602175379,-35.6892103167563,17.235,0.862068965517241,1.07316876831118,0.756635555271562,3.32825924050633
52.4423246684198,15,0.537216474548994,4.37019372236832,15,0.152941176470588,4.9155036559018,42.0666666666667,4.14595404218705,84.1158555339897,11.049,1,1.18561460302845,0.936052172984956,2.40985945945946
103.121756567797,58,0.684547942986806,8.59347971398312,58,0.335294117647059,10.2252908581128,81.8275862068966,7.45390820422515,-31.2896287455274,26.299,0.935483870967742,1.37180262728708,0.840900790908957,11.47104
54.1622000205846,15,0.683115588264728,4.37019372236832,15,0.16078431372549,5.76844290185311,41.5333333333333,4.21275310340906,-49.2134845107403,13.679,0.882352941176471,1.36928102840519,0.666221334290792,-4.42774588235294
75.3905917717706,31,0.581192876901756,6.28254931431422,31,0.168627450980392,7.1837245509662,41.2903225806452,5.84586963245689,-19.3982760491541,17.417,0.96875,1.22885473036918,0.92168982849799,3.7474272
176.547172322631,170,0.573482314532069,14.7122643602193,170,0.188235294117647,16.4091028896703,51.1,13.4426314835604,-87.1475370504058,46.09,0.934065934065934,1.2206763913552,0.88139587641245,15.5809339534884
78.9542957097545,34,0.6255559183338,6.57952464247954,34,0.182352941176471,7.61322737250894,48.5,5.93968266027867,-49.7771448362009,19.286,0.918918918918919,1.28175658666447,0.84942191591088,-1.60704
67.7027500257308,25,0.514379988261977,5.64189583547756,25,0.203921568627451,6.28781031359549,55.32,5.39218954849595,78.4743495417635,16.673,0.925925925925926,1.16609593506396,0.800165045217706,1.01088
76.5969178370751,32,0.580718289666488,6.38307648642292,32,0.174509803921569,7.19282289889733,42.4375,5.85571006896388,-2.878272059084,17.235,1,1.22834341423773,0.968493510747599,-2.612736
138.087057402038,104,0.772733904168011,11.5072547835032,104,0.233333333333333,14.5598865144552,62,9.24159837818235,-89.5573925102617,34.809,0.990476190476191,1.57547276116525,0.90741525990385,4.53810874576271
97.6422946830773,52,0.534234906211455,8.13685789025644,52,0.301960784313726,9.20897083924791,78.9423076923077,7.7846751839086,54.7468230854332,25.166,0.912280701754386,1.18296147516642,0.815468768455408,12.2887384615385
48.8211473415386,13,0.792615146394554,4.06842894512822,13,0.125490196078431,5.68430825563215,34.4615384615385,3.46584925456182,-8.96395988100362,11.421,0.866666666666667,1.64009102477563,0.77032822930553,-1.138752
48.8211473415386,12,0.902437341995275,3.90882009522336,12,0.180392156862745,6.52283394976024,49.6666666666667,2.810174675763,73.9194081399504,12.091,0.923076923076923,2.32114893284675,0.649895385300381,-0.156704914285714
139.408494758524,106,0.802424895108427,11.6173745632104,106,0.223529411764706,15.2318500485501,58.2924528301887,9.08965405873893,86.4991712613402,37.53,0.946428571428571,1.67573484646602,0.805254890089883,5.46912
42.8189787876665,10,0.77795626450483,3.56824823230554,10,0.180392156862745,4.91591558693091,55.2,3.0887603676615,50.0402989937712,10.495,0.909090909090909,1.59154968394416,0.675768787653252,0.22032
107.474783785953,63,0.62969357585293,8.95623198216277,63,0.152941176470588,10.2410855216635,40.4920634920635,7.95572188738482,-44.9666755988734,25.654,0.969230769230769,1.28726037267624,0.954769134429968,2.44944
438.972852985692,1049,0.642194637215068,36.5462485410909,1049,0.137254901960784,41.9845347935655,38.0753098188751,32.1828931167855,89.3269642424533,135.508,0.916958041958042,1.30456061365309,0.685722115441473,272.29824
55.8291179001753,17,0.69195591804587,4.65242649168128,17,0.137254901960784,5.60811736611823,36.7058823529412,4.04872286810855,-30.9637565320735,11.975,1,1.38515713443686,0.934869443102716,-1.05161142857143
234.137997424846,299,0.647452097163539,19.5114997854038,299,0.129411764705882,22.5100040931548,35.4013377926421,17.1550125265401,-85.7476269366001,62.68,0.93730407523511,1.31215317146112,0.867249941749546,39.6688695652174
57.4476883778063,18,0.403528784907627,4.78730736481719,18,0.186274509803922,5.36797956832637,51.1666666666667,4.91152389375934,-20.3660533498546,15.267,0.818181818181818,1.09293565183446,0.667484513025661,1.2786816
54.1622000205846,16,0.494461135279209,4.51351666838205,16,0.143137254901961,4.97309561429753,38.6875,4.32261340831231,-14.8724406484711,11.512,0.941176470588235,1.15048354884903,0.936357335894372,1.85028923076923
59.0218891123912,19,0.451370296222951,4.91849075936594,19,0.156862745098039,5.31796030018897,43.4736842105263,4.74541135215909,0,12.736,0.95,1.12065317536053,0.947096329497043,0.350916923076926
106.618397358971,62,0.566287947363223,8.88486644658095,62,0.376470588235294,10.1076176472057,89.5161290322581,8.33077401206572,42.9016986455677,29.426,0.885714285714286,1.21328674053173,0.734565012201123,17.0675576470588
100.419406462608,55,0.63559872137904,8.368283871884,55,0.109803921568627,9.76857408356743,39.1636363636364,7.54153067299744,-62.3923235198918,27.821,0.873015873015873,1.2953038987886,0.720937996223675,1.327104
48.8211473415386,13,0.505789614981344,4.06842894512822,13,0.203921568627451,4.47037145070718,53.2307692307692,3.85639661754271,45,9.461,1,1.15920946262931,1,0.625129411764706
55.8291179001753,17,0.288647295727436,4.65242649168128,17,0.125490196078431,4.89096806649266,32.4117647058824,4.6827864613578,0,11.81,1,1.04445677949502,0.955617011938973,2.05474909090909
98.5766919987619,53,0.483470784261527,8.21472433323015,53,0.149019607843137,8.94374929707479,38.9433962264151,7.82900483513293,-22.216122405027,24.248,0.913793103448276,1.14238648275441,0.887798868006868,10.5895821913043
102.228910701358,57,0.63234170372242,8.51907589177983,57,0.105882352941176,10.0947375829207,36.4912280701754,7.82028817712056,-60.9403003877825,27.796,0.890625,1.29083958983179,0.748361929119577,1.54008
55.8291179001753,17,0.642837187049426,4.65242649168128,17,0.133333333333333,5.78800253093942,52.4117647058824,4.4336263768471,41.3238103200538,15.085,0.80952380952381,1.30547818850164,0.643054542098381,1.147392
492.325162521827,1322,0.379510764791175,41.0270968768189,1322,0.247058823529412,42.9117022806719,70.9213313161876,39.7013628834684,-76.561038883704,138.865,0.941595441595442,1.08086219625826,0.823804775613794,177.831936
85.637957575333,40,0.553093700842905,7.13649646461108,40,0.152941176470588,7.93759465299271,38.95,6.61296134809877,-5.26143597843398,19.956,0.930232558139535,1.20030864164581,0.942185507064709,1.91231999999999
199.464757022097,217,0.566954329385719,16.6220630851748,217,0.152941176470588,18.6212202225569,41.5576036866359,15.3392157574334,-70.4747265023248,59.124,0.875,1.21396168598339,0.703353002284348,20.38608
35.8249279286511,7,0.692995696294582,2.98541066072092,7,0.176470588235294,3.82702156039222,39.2857142857143,2.75905950962527,10.9007047431759,7.22,0.875,1.38707467056845,0.819322486606751,2.99190857142857
33.1674383492482,6,0.632455532033676,2.76395319577068,6,0.125490196078431,3.33333333333333,34.1666666666667,2.58198889747161,45,5.905,1,1.2909944487358,0.92127872757792,1.06897655172414
103.121756567797,58,0.757647317852228,8.59347971398312,58,0.243137254901961,10.976417339129,69.5344827586207,7.1639145051973,-75.7013740702017,26.853,0.892307692307692,1.53218150930832,0.810124788296913,7.71747096774193
48.8211473415386,13,0.505789614981344,4.06842894512822,13,0.125490196078431,4.47037145070718,37.2307692307692,3.85639661754271,45,9.461,1,1.15920946262931,1,-1.60609745454545
194.814589673016,207,0.559293804003493,16.234549139418,207,0.172549019607843,17.9004728673117,45.8405797101449,14.8389461383797,75.9707249945626,49.712,0.958333333333333,1.20631699181208,0.931174732800251,14.349312
71.6498558573022,27,0.836834022608789,5.86323014283504,27,0.0901960784313725,9.23598827686527,22.2592592592593,5.0563034965201,-81.7612749878976,21.337,0.794117647058823,1.8266285406368,0.566240250650392,-2.42907428571428
215.800856319509,254,0.254256321606959,17.9834046932924,254,0.131372549019608,18.4001705021327,35.1496062992126,17.7954832841589,-21.747278427185,59.579,0.913669064748201,1.03397981433368,0.811378085850621,10.1344471578947
230.587257644781,290,0.743083643921647,19.2156048037317,290,0.17843137254902,23.6466873125407,50.3172413793103,15.8243288409019,-71.208314260771,62.349,0.944625407166124,1.49432481783493,0.849669483987471,24.8613726315789
100.419406462608,55,0.685922292655663,8.368283871884,55,0.125490196078431,10.1429843783471,34.3636363636364,7.38079408628448,-70.2134503220137,25.472,0.887096774193548,1.37424025921486,0.844165838260359,-3.79876721311475
44.9089238221147,11,0.68469019539811,3.74241031850956,11,0.188235294117647,4.49690773447605,52.0909090909091,3.27750029068392,-74.9293072239623,8.791,1,1.37205410698459,0.970807043706446,-1.6524
66.3348766984964,24,0.369526005201303,5.52790639154137,24,0.147058823529412,5.82856948334857,36.5833333333333,5.41602560309064,90,14.696,0.96,1.07617096197302,0.947869658805581,1.28495213114754
91.8364782879097,46,0.645559581364059,7.65303985732581,46,0.166666666666667,8.99640849865156,46.304347826087,6.87064632645906,77.5792371482053,22.354,0.958333333333333,1.30939770018523,0.889277844087303,5.66420210526316
246.720562893932,332,0.763270164096939,20.5600469078277,332,0.188235294117647,26.1782122643699,51.4036144578313,16.9132049997199,58.7772473455898,71.637,0.890080428954424,1.54779725455958,0.746093700177506,44.76384
52.4423246684198,15,0.850610110524461,4.37019372236832,15,0.12156862745098,6.42717743866178,43,3.37939033863297,-4.10360820595907,12.645,0.882352941176471,1.90187483380854,0.75635262295739,6.43034273684211
77.7845377731429,33,0.608253636390036,6.48204481442857,33,0.0901960784313725,7.88601127015964,25.3030303030303,6.25946407658597,80.5742651153216,20.692,0.868421052631579,1.25985406636614,0.730036844168276,3.2577347368421
103.121756567797,58,0.738877358894217,8.59347971398312,58,0.327450980392157,10.7480740541054,84.1379310344828,7.24248144633006,88.0107585697815,26.688,0.90625,1.48403197629891,0.819111855985109,14.7163392
85.637957575333,40,0.798118168191213,7.13649646461108,40,0.123529411764706,10.0364677058677,40.5,6.04698128455357,-34.521313233129,28.855,0.740740740740741,1.65974843208212,0.49097840490083,8.74554810810811
50.664098947737,14,0.590032055673356,4.22200824564475,14,0.141176470588235,4.87885990596916,36.0714285714286,3.93909303128056,54.4852039042433,10.66,1,1.2385744300086,0.923590567984098,9.14188032
99.5023150477446,54,0.721430034304076,8.29185958731205,54,0.133333333333333,10.0837240433499,35.1481481481481,6.9828511639435,87.6329791652489,24.819,0.964285714285714,1.44406973693181,0.867982319551958,5.50368
249.30796540783,339,0.382893208976778,20.7756637839858,339,0.176470588235294,21.7067635703315,48.3421828908555,20.0525478229731,-28.9444534515533,64.433,0.965811965811966,1.08249404324887,0.932916317686775,34.80192
149.560263178116,122,0.696504334678287,12.463355264843,122,0.113725490196078,15.1102813790186,29.5819672131148,10.8424214586874,72.6421362974204,41.5,0.903703703703704,1.393626085888,0.769290437582718,-0.0879709090909094
38.2984589185375,8,0.547722557505166,3.19153824321146,8,0.174509803921569,3.65148371670111,44.625,3.05505046330389,0,7.22,1,1.1952286093344,0.936368556122002,9.42859636363636
97.6422946830773,52,0.221289441437607,8.13685789025644,52,0.109803921568627,8.33608977537644,26.7884615384615,8.12942289016148,-85.4981481532566,23.024,0.962962962962963,1.0254220856766,0.95444752397061,7.97707636363636
60.5551805284838,20,0.546897117036465,5.04626504404032,20,0.154901960784314,5.67334243653289,39.75,4.749721282823,87.8554233355905,13.679,0.952380952380952,1.19445796894443,0.888295112387723,4.78939392
134.726771466344,99,0.577250942183272,11.2272309555287,99,0.117647058823529,12.8408559991557,33.0808080808081,10.4854167780871,71.0614630179228,39.449,0.846153846153846,1.22463954184359,0.685831916321572,8.62139076923077
64.9381965576721,23,0.604750191051362,5.41151637980601,23,0.117647058823529,6.59225127524816,37.0434782608696,5.25016926529851,-15.3322822902399,16.102,0.884615384615385,1.25562642690785,0.780486489348952,-0.9268992
161.35427546472,142,0.593936338689717,13.44618962206,142,0.292156862745098,15.2493102168141,73.9647887323944,12.2682537003017,46.2607134330031,44.543,0.91025641025641,1.2429894742427,0.784769388844713,11.6301312
82.3639502109324,37,0.50761141848118,6.8636625175777,37,0.215686274509804,7.4814273731236,51.4594594594595,6.44589400700551,-45,18.55,0.973684210526316,1.16065007662128,0.988163271139443,-10.92096
44.9089238221147,11,0.827448474261695,3.74241031850956,11,0.16078431372549,5.38235050602402,40.3636363636364,3.02241397328283,8.13010235415598,10.106,0.916666666666667,1.78081181254529,0.78764154949845,-0.959039999999997
46.9058411426803,12,0.836017183545168,3.90882009522336,12,0.117647058823529,5.56776436283002,35,3.05505046330389,0,10.958,1,1.82247868888187,0.758539111278271,-1.33146947368421
172.343065133419,162,0.468462094453151,14.3619220944516,162,0.149019607843137,15.4502519074337,39.4814814814815,13.6500441287958,-78.1930236137689,45.511,0.920454545454545,1.13188292738484,0.860028615774672,11.8080794482759
160.785122807748,141,0.863504253893809,13.398760233979,141,0.211764705882353,19.1972159080561,54.8510638297872,9.68195371146293,-71.8103481521396,47.868,0.886792452830189,1.98278327702885,0.68096574493506,-8.51904
83.4695560596246,38,0.533099636886194,6.95579633830205,38,0.125490196078431,7.75537502399151,33.0526315789474,6.56145417263537,-31.2357634794214,19.658,0.95,1.18195979426869,0.918627167377385,-5.95550117647059
75.3905917717706,31,0.497588962043231,6.28254931431422,31,0.0980392156862745,7.01269827646091,27,6.08290529550378,60.1056611929174,18.087,0.911764705882353,1.15285343693324,0.864428646416559,-11.7707294117647
419.538597347358,960,0.591306156274368,34.9615497789465,960,0.231372549019608,39.0421516540785,66.0614583333333,31.4854325076242,39.4658847545629,116.693,0.951437066402379,1.24000683950028,0.840072347139271,76.99104
118.043778224782,76,0.636013224482431,9.83698151873187,76,0.147058823529412,11.3911245857153,38.9605263157895,8.79028202862136,-69.2693615734226,29.781,0.926829268292683,1.29587703200256,0.881120689863746,-11.2401317647059
46.9058411426803,12,0.783575964430351,3.90882009522336,12,0.109803921568627,5.17450724388029,28.4166666666667,3.21490060408428,6.64243324245109,10.106,1,1.6095387948562,0.859245326725582,1.43322352941176
183.173165291374,183,0.914511529491096,15.2644304409478,183,0.184313725490196,26.1515861583668,49.5300546448087,10.5798814566101,56.380407148796,59.264,0.799126637554585,2.47182222840765,0.590491879924613,8.18600727272727
71.6498558573022,28,0.783009660709607,5.97082132144185,28,0.16078431372549,7.75753936797512,42.7142857142857,4.82526351491085,-64.1195528081685,16.838,1,1.60769237659313,0.881443818224343,5.9616
52.4423246684198,15,0.866650680498935,4.37019372236832,15,0.133333333333333,6.75544211359383,38.5333333333333,3.37039425074256,42.3812619665937,13.497,0.882352941176471,2.00434774421582,0.68087587147287,0.41904
135.405500051462,100,0.615171345423499,11.2837916709551,100,0.225490196078431,12.8034102559887,57.81,10.0941246516729,-19.410448121996,33.8,0.943396226415094,1.26840223375553,0.920828248398759,14.6277038297872
116.480215438923,74,0.462982998256417,9.70668461991024,74,0.192156862745098,10.3868560457042,49.4594594594595,9.20656810041324,-29.4976372330674,28.557,0.961038961038961,1.12820064245633,0.92546845849632,-3.67291914893617
62.0505953499169,21,0.6259375659426,5.17088294582641,21,0.16078431372549,5.98825990753234,42.7619047619048,4.67008324553252,3.70932503005673,13.588,0.954545454545455,1.28225977840134,0.942884346406848,-8.58095387234042
42.8189787876665,10,0.657535505639407,3.56824823230554,10,0.109803921568627,4.25832517937902,30.8,3.20832251080426,90,8.146,1,1.32727466301745,0.986295854136924,-1.28607319148936
48.8211473415386,13,0.403254990651144,4.06842894512822,13,0.16078431372549,4.44914281574235,40.2307692307692,4.07135565673514,30.9637565320735,10.015,1,1.09279149031902,0.943770415331972,-7.29068936170213
40.6216500154385,9,0.536748159092064,3.38513750128654,9,0.0980392156862745,3.95410096228573,25.6666666666667,3.33624304852277,7.62755935152889,8.146,1,1.18519571409419,0.887666268723232,-5.816448
110.834178517301,67,0.418821209347444,9.23618154310838,67,0.213725490196078,10.110449088326,54.7313432835821,9.18098253085405,12.2738193346257,32.039,0.848101265822785,1.10123824485542,0.680265371579557,-5.11745190697674
70.3587617140205,27,0.77182604084283,5.86323014283504,27,0.0862745098039216,7.66538038263158,28.1111111111111,4.87390758423213,-53.5698538078207,17.905,0.9,1.5727381469912,0.76596696048152,-5.042304
118.81784408086,77,0.640907753380035,9.90148700673831,77,0.16078431372549,11.4067900448998,43.2337662337662,8.75605630364593,79.9965829290152,28.929,0.9625,1.30273146372416,0.940776841169118,6.429888
110.003948261701,66,0.442958710585597,9.16699568847508,66,0.209803921568627,9.76112517587959,53.3030303030303,8.75125881238058,24.2841949343687,26.415,0.970588235294118,1.11539669722376,0.949390905394158,-0.400609704142012
110.003948261701,66,0.492493006734024,9.16699568847508,66,0.0980392156862745,10.4694144451817,27.2121212121212,9.11170310332578,-89.3429082768832,31.195,0.835443037974684,1.14900741677594,0.703459998717401,-1.38272299065421
74.1646467884524,30,0.468893830832981,6.18038723237103,30,0.119607843137255,6.70300938547729,30.1666666666667,5.9204634447335,38.1819475738413,17.028,0.9375,1.13217646693519,0.926695094815117,-9.69408
103.121756567797,58,0.490765976398507,8.59347971398312,58,0.137254901960784,9.30543296300791,38.1379310344828,8.10774399534137,48.615991952659,24.637,0.935483870967742,1.14772160644869,0.944533528745423,10.6148571428571
63.5108091408147,22,0.419131203196807,5.29256742840123,22,0.111764705882353,5.62266174234859,29,5.1049589675732,-45,13.381,1,1.10141174063569,1,-0.96016695652174
62.0505953499169,21,0.503620629007236,5.17088294582641,21,0.113725490196078,5.76814941732094,31.5238095238095,4.98324800601804,58.8333786461422,14.051,0.91304347826087,1.15750799686369,0.892784027308098,-6.73288904347826
57.4476883778063,18,0.548409400819033,4.78730736481719,18,0.109803921568627,5.4391758863625,27.8333333333333,4.54829315408367,1.27240218990654,12.736,0.9,1.19587188030722,0.897249154260357,-3.18631179130435
103.121756567797,58,0.644070498053071,8.59347971398312,58,0.119607843137255,9.9713646952785,32.5862068965517,7.62775634969038,-71.2128840933329,24.893,0.950819672131147,1.30724740515384,0.927362130809373,-1.74385082706767
178.612121741175,174,0.59741735502311,14.8843434784312,174,0.149019607843137,16.8343853971394,39.764367816092,13.5000068582215,-61.2138072250535,46.346,0.935483870967742,1.24699087740739,0.892825234592365,7.67232
152.594248889389,127,0.378492392157733,12.716187407449,127,0.235294117647059,13.2654236519488,61.4409448818898,12.2785345271901,75.8239678442063,37.249,0.984496124031008,1.08037515572997,0.978257381739507,52.224225882353
124.837702748642,85,0.536143665862358,10.4031418957202,85,0.172549019607843,11.4479411420119,42.9411764705882,9.66351334694028,72.8831249240066,30.98,0.955056179775281,1.1846562146713,0.917424220777869,16.56
48.8211473415386,13,0.491217355978626,4.06842894512822,13,0.247058823529412,4.51192321135169,67.8461538461538,3.93005219762903,76.2235942116411,10.197,0.928571428571429,1.14805681565087,0.918191348959463,-1.36265142857143
211.510152578581,244,0.650259281571295,17.6258460482151,244,0.317647058823529,20.3631788523228,78.922131147541,15.4701586200286,-81.0996404653377,54.459,0.972111553784861,1.31628765757834,0.924157061982483,42.0705163636364
265.684776304773,385,0.552836012726833,22.1403980253978,385,0.125490196078431,24.4351135454481,35.1636363636364,20.3615375100516,-71.64558593261,73.911,0.905882352941176,1.20006230047144,0.814884544395675,416.89728
95.7461472963438,50,0.690608865401666,7.97884560802865,50,0.125490196078431,9.50556045545031,31.9,6.87469178177799,48.2574854318947,23.115,0.943396226415094,1.38268896369226,0.911387641612143,-12.47616
111.658235800351,68,0.60035962368377,9.30485298336256,68,0.125490196078431,10.5863070071757,40.2058823529412,8.46618895321712,88.251633428842,27.176,0.985507246376812,1.2504217736781,0.929671141034373,-10.81728
234.529205713402,300,0.556284061998728,19.5441004761168,300,0.113725490196078,21.7671144540381,31.2233333333333,18.0883024051557,-80.6940902851127,70.761,0.898203592814371,1.20338072454128,0.690258509855886,20.6413356521739
77.7845377731429,33,0.672299558653328,6.48204481442857,33,0.16078431372549,7.97168656091664,46.2727272727273,5.90127380101898,-53.4759471227234,19.286,0.942857142857143,1.35084167074915,0.824438918384089,-10.315296
42.8189787876665,10,0.657535505639407,3.56824823230554,10,0.174509803921569,4.25832517937902,40,3.20832251080426,0,8.146,1,1.32727466301745,0.986295854136924,-1.850688
107.474783785953,63,0.627272377853757,8.95623198216277,63,0.105882352941176,10.802806703862,27.0952380952381,8.41322533373927,84.9488056367261,32.386,0.84,1.28402678822114,0.627218489166217,-1.93990736842105
186.151786049751,189,0.511812654358237,15.5126488374792,189,0.192156862745098,17.2912713880465,50.3915343915344,14.85488089959,73.9062718310405,53.657,0.883177570093458,1.16401279181738,0.736201195351921,7.21047272727273
66.3348766984964,24,0.56272713899339,5.52790639154137,24,0.129411764705882,6.18605018149804,33.2916666666667,5.11365327516979,-59.1637211003693,14.878,1,1.20971247924365,0.928819163705208,1.08167641791045
77.7845377731429,33,0.528522169766319,6.48204481442857,33,0.180392156862745,7.15382365160958,44.8181818181818,6.07302039145156,-41.1015044448826,17.971,0.970588235294118,1.17796799458789,0.930337800032596,-5.86424195121951
94.7838500360231,49,0.463377845603425,7.89865416966859,49,0.113725490196078,8.54950546937155,29.469387755102,7.57623664853873,75.5530365926876,23.669,0.96078431372549,1.1284633606344,0.856629676128132,4.26261735849057
173.403647852246,164,0.311093251670998,14.4503039876871,164,0.313725490196078,15.1166125061126,77.280487804878,14.3665170028695,-14.0411391095379,49.183,0.886486486486487,1.05221136780009,0.752734809408568,11.0053963636364
78.9542957097545,34,0.456690206472512,6.57952464247954,34,0.280392156862745,7.13909121762586,69.8235294117647,6.35111970079104,-50.8597995474971,18.55,0.918918918918919,1.12406812561519,0.90804192483084,4.75575652173913
108.324400041169,64,0.50739418377111,9.0270333367641,64,0.145098039215686,9.86087238350185,35.453125,8.49725249730506,20.3675588653467,26.597,0.955223880597015,1.16047774108505,0.90938756988907,4.77034886597938
84.5607076793511,39,0.283801990664746,7.04672563994593,39,0.145098039215686,7.28187070920935,37,6.98246135692282,90,19.286,0.951219512195122,1.04288020183451,0.974336903544833,-3.43287686597938
169.662605271087,157,0.594774569688188,14.1385504392572,157,0.168627450980392,15.9007745996455,43.1974522292994,12.7825140352306,-88.0999881512506,43.435,0.94578313253012,1.24394736088851,0.909440075577489,11.8848
66.3348766984964,24,0.654745882413594,5.52790639154137,24,0.143137254901961,6.78482424806105,36.1666666666667,5.12830315565063,-71.2747108841316,16.863,0.923076923076923,1.32301543846627,0.753636078177456,-0.0531043902439023
81.2433000308769,36,0.49195037174755,6.77027500257308,36,0.133333333333333,7.3430076839369,32.8611111111111,6.39299316521094,-1.24713101756175,18.434,0.947368421052632,1.14860246119075,0.971822381134562,-2.22886712195122
50.664098947737,14,0.50057338452722,4.22200824564475,14,0.184313725490196,4.89104515215144,57.4285714285714,4.23414896474727,14.6788767713956,12.273,0.875,1.15514243662029,0.740412589530058,-1.64002909090909
119.586899644005,78,0.910852754093939,9.96557497033376,78,0.113725490196078,16.8877989070627,38.8205128205128,6.97012594586167,51.1164511547828,42.915,0.772277227722772,2.42288289167707,0.462083921032909,-1.85271652173913
59.0218891123912,19,0.619000533211531,4.91849075936594,19,0.176470588235294,5.66365710799869,43.7894736842105,4.44818285707316,77.1794970878474,12.711,1,1.27325186261009,0.950085881898495,0.524055272727272
202.656395790948,224,0.462702672366196,16.888032982579,224,0.164705882352941,18.0586265463807,45.7544642857143,16.0092167473552,71.0491965988768,54.021,0.941176470588235,1.12801437018236,0.861457875498945,241.60896
89.8178476442293,44,0.480556457973702,7.48482063701911,44,0.119607843137255,8.1260248298165,33.0454545454545,7.12622954039869,-75.1891841873863,21.709,0.956521739130435,1.14029793507913,0.895342168938176,4.572288
75.3905917717706,31,0.562750340071015,6.28254931431422,31,0.141176470588235,7.06334947782335,37.2903225806452,5.83875478050554,-71.0095546492575,16.954,1,1.2097355931793,0.964650336735915,2.094336
87.7527934971774,42,0.561571344732527,7.31273279143145,42,0.323529411764706,8.30226065749493,84.6428571428571,6.86952558822015,-7.44722806926489,21.362,0.976744186046512,1.20856390312187,0.879021760006685,6.59763692307692
55.8291179001753,17,0.610958500409594,4.65242649168128,17,0.188235294117647,5.30899411292551,56,4.20293221204544,-74.8283755578802,11.421,1,1.26316434457595,1,4.18127664335664
83.4695560596246,38,0.66671175372398,6.95579633830205,38,0.145098039215686,8.44575714379211,35.5,6.29475508478372,80.7920231756891,21.544,0.926829268292683,1.34171338360852,0.783621501853466,1.9651753220339
135.405500051462,100,0.795268195636993,11.2837916709551,100,0.276470588235294,14.6097339331737,72.87,8.85726487514844,66.2684059525967,34.28,0.952380952380952,1.64946336584846,0.89735715501555,22.9898057142857
128.456936363,90,0.421843366606459,10.7047446969166,90,0.192156862745098,11.3138655673277,49.6666666666667,10.2579280510123,-79.7405863328888,30.914,0.957446808510638,1.10293867446372,0.975159123747763,5.1922944
105.755076289291,61,0.64282728062736,8.81292302410755,61,0.243137254901961,10.2136621086942,61.3606557377049,7.82377909330567,64.4227309623984,26.597,0.938461538461538,1.30546402024993,0.86676002755052,11.88736
63.5108091408147,22,0.599211777208804,5.29256742840123,22,0.0862745098039216,7.01491427987504,26.9545454545455,5.61607415734257,-12.0356667047942,21.842,0.709677419354839,1.24907792941153,0.442917422818314,2.27121408
104.006938095831,59,0.633583321632935,8.66724484131922,59,0.141176470588235,9.95955336788482,35.8983050847458,7.70545210265419,37.0064070997206,24.612,0.983333333333333,1.29253329138912,0.962550349770434,11.8256188235294
70.3587617140205,27,0.559767277232534,5.86323014283504,27,0.0980392156862745,6.53857505854134,25.5925925925926,5.41818932604055,50.2867617092804,15.457,1,1.20678231510222,0.980874542290576,1.73038344827586
314.070714982665,538,0.629846043197508,26.1725595818888,538,0.164705882352941,29.8446229317501,45.5204460966543,23.1809155901845,-85.2523523878928,87.119,0.943859649122807,1.28746523473763,0.829842700380572,589.83552
33.1674383492482,6,0.833333333333333,2.76395319577068,6,0.201960784313725,4,44.1666666666667,2.21108319357027,90,6.368,1,1.80906806746658,0.833752762746134,1.58112
60.5551805284838,20,0.617953238072892,5.04626504404032,20,0.154901960784314,6.65319352338941,41.85,5.23083956999217,-65.3888848969287,18.84,0.740740740740741,1.27191695221488,0.520141551196037,2.22911999999999
140.064538357428,107,0.485941821495934,11.672044863119,107,0.247058823529412,12.5706269240667,60.4859813084112,10.9866167955203,-77.6494477004838,33.974,0.981651376146789,1.14417633362732,0.976069725049071,26.77536
64.9381965576721,23,0.523719372660969,5.41151637980601,23,0.149019607843137,6.00894759494305,37.304347826087,5.11896746856876,12.6564419009371,14.787,0.958333333333333,1.1738593049944,0.899177228928078,1.92309677419355
27.0811000102923,4,0,2.25675833419103,4,0.156862745098039,2.3094010767585,40.25,2.3094010767585,0,3.556,1,1,1,0.175059692307692
97.6422946830773,52,0.867535933723751,8.13685789025644,52,0.180392156862745,12.2746369824415,50.7692307692308,6.10509156074335,-47.3361354197779,29.227,0.852459016393443,2.01055739464568,0.623685393592728,5.05089462857143
76.5969178370751,32,0.527178828569583,6.38307648642292,32,0.184313725490196,7.00597028941493,46.5,5.95335384220542,-20.2935289502406,16.954,1,1.17681066422546,0.995768089533848,0.406315636363636
209.769298673679,240,0.628837719906809,17.4807748894733,240,0.384313725490196,20.0263661620343,88.0625,15.5712321110193,-74.3536293130179,56.684,0.926640926640927,1.28611313602231,0.842649731172234,26.2031261538461
138.749349246747,105,0.458265746592131,11.5624457705622,105,0.258823529411765,12.3367220575336,66.1619047619048,10.9650664004106,83.5617746120611,33.61,0.963302752293578,1.12509323765441,0.976892633210373,15.0096738461538
57.4476883778063,18,0.573185257832411,4.78730736481719,18,0.201960784313725,5.41371641379835,54.5555555555556,4.43613896445524,-58.4139370051573,12.182,0.947368421052632,1.22036673268714,0.963299138439604,4.10409874285715
42.8189787876665,10,0.587407799848354,3.56824823230554,10,0.092156862745098,4.08574758561188,24.6,3.3065591380366,90,8.328,1,1.23564933063255,0.955243026453948,4.671648
35.8249279286511,7,0.3530939318019,2.98541066072092,7,0.0980392156862745,3.23669437485075,27.8571428571429,3.0282120182066,90,6.368,1,1.06884668424492,0.972711556537156,3.83171657142857
96.6988687448568,51,0.636842513941464,8.0582390620714,51,0.192156862745098,9.27044533929007,50.156862745098,7.14745691869648,-37.9622581066138,22.652,0.980769230769231,1.29702710275038,0.963288479254751,6.9034067027027
60.5551805284838,20,0.680861310498888,5.04626504404032,20,0.27843137254902,6.075205467003,74.55,4.44955561830208,-50.4579412158465,14.415,0.952380952380952,1.36535105708405,0.815378759774907,7.88814367346939
27.0811000102923,4,0.7319250547114,2.25675833419103,4,0.188235294117647,3.05505046330389,52.5,2.08166599946613,0,4.59,1,1.46759877141069,0.840875939413586,6.619104
55.8291179001753,17,0.716672830301582,4.65242649168128,17,0.149019607843137,5.80323799373159,37,4.04723348906193,-80.6665428628899,12.455,1,1.43387773633902,0.878211917576716,8.58816
38.2984589185375,8,0.19364916731037,3.19153824321146,8,0.12156862745098,3.65148371670111,38.875,3.58236421003411,45,8.626,0.888888888888889,1.01929438287525,0.725979902356207,4.057344
131.976956215761,95,0.483242408885532,10.9980796846468,95,0.23921568627451,11.8678027527982,58.9894736842105,10.3901021966253,2.02454549201219,33.329,0.95959595959596,1.14222194625312,0.897527631695086,10.1121089361702
101.328197895474,56,0.327987671090306,8.4440164912895,56,0.101960784313725,8.78436130953861,34.7142857142857,8.29842804078622,76.9458337315698,24.521,0.96551724137931,1.05855726727569,0.919627877356907,9.59286857142857
30.2775902642419,5,0.765092055676006,2.52313252202016,5,0.129411764705882,3.3065591380366,33.4,2.12916258968951,-18.434948822922,4.962,1,1.55298573911107,0.95680770565741,4.6656
44.9089238221147,11,0.415206736038263,3.74241031850956,11,0.137254901960784,4.23738627132773,42.2727272727273,3.85486505403347,-35.00844673905,9.552,1,1.0992307673375,0.857893612781573,3.57888
44.9089238221147,945,0.876036947765805,34.6873373116866,945,0.176470588235294,51.116020136825,58.8455026455026,24.6503935173791,70.1094378560138,134.789,0.918367346938776,2.07363911252723,0.624195262284172,232.65792
66.3348766984964,24,0.617270484549661,5.52790639154137,24,0.147058823529412,6.71875514542191,49.1666666666667,5.2859873845101,-86.6612989109794,16.656,0.857142857142857,1.27105016654227,0.769478230158127,3.97872000000001
35.8249279286511,7,0.353093931801899,2.98541066072092,7,0.125490196078431,3.23669437485075,33.7142857142857,3.0282120182066,0,6.368,1,1.06884668424492,0.972711556537156,3.135024
35.8249279286511,7,0.688972486206282,2.98541066072092,7,0.105882352941176,3.76358333265239,25.7142857142857,2.72779813678576,59.5273020495386,6.831,1,1.37971475304515,0.884487590623178,3.4992
93.8116822853606,48,0.42635560500727,7.81764019044672,48,0.2,8.30413073430772,50.875,7.51154825531797,19.9942276415283,21.709,1,1.10551519501038,0.976736911568919,9.31824
118.81784408086,77,0.435873340565752,9.90148700673831,77,0.215686274509804,10.6753808707881,59.2207792207792,9.60792837013423,62.6750314842299,29.508,0.950617283950617,1.11110121344909,0.907705683390916,12.566584109589
72.918093356958,29,0.369552254336202,6.0765077797465,29,0.145098039215686,6.38424657423967,37.6551724137931,5.93230544050421,-29.3501993326857,16.011,0.966666666666667,1.07618305198005,0.993465335203805,1.375488
57.4476883778063,18,0.521086051341422,4.78730736481719,18,0.109803921568627,5.45096404418923,31,4.65242041095968,-25.2319214066183,13.398,0.947368421052632,1.17164047155937,0.826861461114269,4.23470592
84.5607076793511,39,0.615892832412116,7.04672563994593,39,0.184313725490196,8.04664085269414,44.2051282051282,6.33938460378838,47.1861777734732,19.377,1,1.26930946071414,0.96647801929023,14.0116114285714
102.228910701358,57,0.442728494744803,8.51907589177983,57,0.125490196078431,9.13925650100619,34.5964912280702,8.19476661681002,31.0854115007958,24.868,0.966101694915254,1.11525525110852,0.91300074924723,6.78748931506849
88.791324243983,43,0.626707946788286,7.39927702033192,43,0.145098039215686,8.72218305150842,34.8837209302326,6.79679800671497,-61.8312275521279,23.785,0.877551020408163,1.2832782499776,0.745273224991075,10.3954447058824
122.614895278807,82,0.623287863840471,10.2179079399006,82,0.117647058823529,11.8155092864032,31.7317073170732,9.23963940943288,87.3643228612484,31.327,0.964705882352941,1.27878467576782,0.867314512166043,8.55684
77.7845377731429,33,0.564506409575148,6.48204481442857,33,0.105882352941176,7.21282548826703,29,5.95367305585139,28.5774708486111,17.417,1,1.21149169942715,0.981153688401086,3.16622769230769
27.0811000102923,4,0.7319250547114,2.25675833419103,4,0.115686274509804,3.05505046330389,28.5,2.08166599946613,90,4.59,1,1.46759877141069,0.840875939413586,3.63385756097561
30.2775902642419,3,0.942809041582063,1.95441004761168,3,0.0862745098039216,3.46410161513775,22,1.15470053837925,90,3.92,1,3,0.756006962533367,2.35872
30.2775902642419,5,0.765092055676006,2.52313252202016,5,0.105882352941176,3.3065591380366,26,2.12916258968951,-18.434948822922,4.962,1,1.55298573911107,0.95680770565741,6.28224
48.8211473415386,13,0.680442560843716,4.06842894512822,13,0.0980392156862745,5.08734038616797,24.3846153846154,3.72801025983486,74.2852171925807,11.049,0.928571428571429,1.36462617632209,0.811245216586962,3.42144
161.35427546472,142,0.629325366827097,13.44618962206,142,0.231372549019608,15.6612154418823,60.2816901408451,12.17098722794,2.86013982198972,47.397,0.893081761006289,1.28676623749387,0.69863754406203,22.6456409302326
92.8293339347406,47,0.700493659443924,7.73577782789505,47,0.164705882352941,9.71082716288579,42.9148936170213,6.93021556096326,66.5802842095995,26.986,0.824561403508772,1.40123017494366,0.650697083937399,4.906368
50.664098947737,14,0.196396101212395,4.22200824564475,14,0.180392156862745,4.36435780471985,50,4.27936036926876,0,10.106,1,1.01986218222272,1,5.165568
52.4423246684198,15,0.475270820628803,4.37019372236832,15,0.141176470588235,4.76095228569523,36.3333333333333,4.18887415264134,45,10.751,1,1.1365708570388,0.976640026261239,3.29832
52.4423246684198,15,0.568901204615633,4.37019372236832,15,0.101960784313725,5.05970080207748,26.9333333333333,4.1611276535348,-64.7139010980181,11.421,1,1.21594462447682,0.888840264583303,1.52064
30.2775902642419,5,0.765092055676006,2.52313252202016,5,0.172549019607843,3.3065591380366,44.8,2.12916258968951,-71.565051177078,4.962,1,1.55298573911107,0.95680770565741,4.528656
30.2775902642419,5,0.765092055676006,2.52313252202016,5,0.149019607843137,3.3065591380366,41.2,2.12916258968951,-18.434948822922,4.962,1,1.55298573911107,0.95680770565741,3.9133152
40.6216500154385,9,0.536748159092064,3.38513750128654,9,0.0980392156862745,3.95410096228573,25.6666666666667,3.33624304852277,7.62755935152889,8.146,1,1.18519571409419,0.887666268723232,3.65608421052632
147.088022436023,118,0.558876565703658,12.2573352030019,118,0.262745098039216,13.9619088293479,65.5593220338983,11.5779248660665,54.8520066256771,47.223,0.825174825174825,1.20590770719791,0.584576321133408,15.2442
48.8211473415386,13,0.829049028299833,4.06842894512822,13,0.172549019607843,6.10144304117168,43.0769230769231,3.41178002133153,46.2724021899065,12.273,0.866666666666667,1.78834596692153,0.687525975992197,2.70061714285714
67.7027500257308,25,0.634698018575242,5.64189583547756,25,0.0980392156862745,6.53961921742351,27.4,5.05355787122022,-9.54055721447678,15.159,0.961538461538462,1.29406239803176,0.938036125217379,0.588742892307692
48.8211473415386,13,0.857651375769762,4.06842894512822,13,0.131372549019608,6.2647426587164,29.0769230769231,3.22152851428984,60.3852040893933,12.273,0.866666666666667,1.94464914121594,0.687525975992197,0.748630588235294
74.1646467884524,30,0.468482178072031,6.18038723237103,30,0.125490196078431,6.74608682279563,32.3,5.95998520890902,74.3432283649051,17.227,1,1.13189657127195,0.908676032036059,6.69186782608696
96.6988687448568,51,0.621043272463481,8.0582390620714,51,0.117647058823529,9.55431608859562,32.3921568627451,7.48844630136725,-88.3473374382607,25.745,0.894736842105263,1.27587428741409,0.768046307667091,8.36429662921348
52.4423246684198,15,0.795206888862932,4.37019372236832,15,0.131372549019608,5.90007011219549,38.3333333333333,3.577437848526,12.6202646323934,12.273,0.882352941176471,1.64924461640234,0.793299203067919,2.9216791011236
66.3348766984964,24,0.56272713899339,5.52790639154137,24,0.154901960784314,6.18605018149804,37.4583333333333,5.11365327516979,-59.1637211003693,14.878,1,1.20971247924365,0.928819163705208,1.77228
50.664098947737,14,0.196396101212394,4.22200824564475,14,0.109803921568627,4.36435780471985,27.3571428571429,4.27936036926876,90,10.106,1,1.01986218222272,1,2.2477041509434
27.0811000102923,4,0,2.25675833419103,4,0.186274509803922,2.3094010767585,50,2.3094010767585,0,3.556,1,1,1,1.22194285714286
113.288369265916,70,0.408397613764256,9.4406974388263,70,0.141176470588235,9.94951533427087,36.8714285714286,9.08195873945052,23.3173731942779,27.06,0.958904109589041,1.0955252737553,0.964380039022139,7.658496
67.7027500257308,25,0.813903983444108,5.64189583547756,25,0.109803921568627,7.66806318931158,26.96,4.45514013151005,-52.6209538894009,16.772,0.961538461538462,1.72117216584892,0.792228814957063,1.16802
84.5607076793511,39,0.181786121985125,7.04672563994593,39,0.16078431372549,7.2253116337725,39.9230769230769,7.10492416588835,-51.34019174591,19.658,0.951219512195122,1.01694422981489,0.942801566518895,7.07699612903226
85.637957575333,40,0.474592835475669,7.13649646461108,40,0.154901960784314,7.82056678304211,39.1,6.88370553253443,-36.1244951731308,20.973,0.930232558139535,1.13609839149566,0.864390519598278,5.44791272727273
35.8249279286511,7,0.3530939318019,2.98541066072092,7,0.145098039215686,3.23669437485075,34,3.0282120182066,90,6.368,1,1.06884668424492,0.972711556537156,3.2076
27.0811000102923,4,0.7319250547114,2.25675833419103,4,0.125490196078431,3.05505046330389,37.25,2.08166599946613,90,4.59,1,1.46759877141069,0.840875939413586,0.8370432
127.741293266218,89,0.70752026830189,10.6451077721848,89,0.231372549019608,13.3221631006292,64.8089887640449,9.41468010268182,60.9358593528591,38.018,0.839622641509434,1.41504150489769,0.660172963874924,8.63893661538461
40.6216500154385,9,0,3.38513750128654,9,0.247058823529412,3.46410161513775,61.4444444444444,3.46410161513775,0,7.476,1,1,1,3.53067428571429
44.9089238221147,11,0.68469019539811,3.74241031850956,11,0.0941176470588235,4.49690773447605,23.6363636363636,3.27750029068392,74.9293072239623,8.791,1,1.37205410698459,0.970807043706446,0.636138305084746
44.9089238221147,11,0.47839528325838,3.74241031850956,11,0.129411764705882,4.16333199893227,40.0909090909091,3.65600754711653,71.565051177078,8.907,1,1.13876460736955,0.952203789976801,-0.630120489795919
30.2775902642419,5,0.765092055676006,2.52313252202016,5,0.0823529411764706,3.3065591380366,21.2,2.12916258968951,18.434948822922,4.962,1,1.55298573911107,0.95680770565741,-0.723506086956522
30.2775902642419,107,0.5774989773076,11.672044863119,107,0.231372549019608,13.0713688533657,37.3551401869159,10.6713532239071,-74.5398104365448,36.513,0.93859649122807,1.22490265096669,0.855079817144734,42.75072
35.8249279286511,7,0.688972486206282,2.98541066072092,7,0.105882352941176,3.76358333265239,26.2857142857143,2.72779813678576,-59.5273020495386,6.831,0.875,1.37971475304515,0.884487590623178,-1.6257024
50.664098947737,14,0.749777460950712,4.22200824564475,14,0.096078431372549,5.53015964069928,26.2142857142857,3.65925176286451,-9.13144497109707,11.992,0.933333333333333,1.51128154034698,0.768163769308737,0.7423488
221.668357034601,268,0.636999932509684,18.4723630862168,268,0.403921568627451,21.3968440035632,89.3768656716418,16.4940536955721,-54.7855249841496,70.645,0.875816993464052,1.2972459286529,0.61857127209628,42.8999563636364
71.6498558573022,28,0.75703373540269,5.97082132144185,28,0.211764705882353,7.594538103149,65.8571428571429,4.96208733575994,-78.0151637512257,17.045,1,1.53051278408946,0.863459270096295,2.20519384615385
46.9058411426803,12,0.661437827766148,3.90882009522336,12,0.129411764705882,4.61880215351701,35.5833333333333,3.46410161513775,90,9.436,1,1.33333333333334,0.953226395020662,1.8144
148.329293576905,120,0.666438418697346,12.3607744647421,120,0.196078431372549,14.457666246304,52.4916666666667,10.7790588147901,19.5171086225164,38.109,0.952380952380952,1.34127352811791,0.886197917338172,18.8575623529412
93.8116822853606,48,0.304386810039237,7.81764019044672,48,0.215686274509804,8.18622010373151,52.125,7.79777178799858,41.1433923018043,22.379,0.941176470588235,1.04981529676603,0.926124962494278,2.53918188679245
78.9542957097545,34,0.788592923195863,6.57952464247954,34,0.156862745098039,8.9533211071379,38.7352941176471,5.50553686690481,-68.7208348204063,21.221,0.894736842105263,1.6262394247069,0.719849609622472,2.59978578113208
35.8249279286511,7,0.353093931801899,2.98541066072092,7,0.125490196078431,3.23669437485075,33.2857142857143,3.0282120182066,0,6.368,1,1.06884668424492,0.972711556537156,3.483648
74.1646467884524,30,0.283108045410389,6.18038723237103,30,0.103921568627451,6.422146563113,28.5333333333333,6.15940384648694,-80.58764499088,16.656,1,1.04265716669575,0.961847787697659,1.01332528301887
168.033806551084,154,0.723131620778622,14.0028172125903,154,0.182352941176471,16.9472076500917,47.5584415584416,11.7056101502627,65.5800817901267,42.608,0.974683544303797,1.44778507335744,0.924604753325796,6.9139415730337
144.573511980488,114,0.44565058618211,12.0477926650407,114,0.211764705882353,12.9367852262269,57.4912280701754,11.5811005633023,-68.2736734194432,36.496,0.957983193277311,1.11706008902301,0.911801232568436,245.58336
46.9058411426803,12,0.868312784831047,3.90882009522336,12,0.111764705882353,5.88206544153623,41,2.91760471150502,83.1002573019903,10.958,0.923076923076923,2.01605975557327,0.758539111278271,13.6785265116279
97.6422946830773,52,0.642329100545901,8.13685789025644,52,0.12156862745098,9.56979050828064,38.8653846153846,7.33456443600342,-26.4268733767126,24.447,0.981132075471698,1.30475239419877,0.858527308397428,7.324416
52.4423246684198,15,0.780978156959432,4.37019372236832,15,0.105882352941176,6.00756417600532,37.0666666666667,3.75207430097891,-73.5656605333162,12.554,0.882352941176471,1.60113145265752,0.765148418842594,6.892032
48.8211473415386,13,0.505789614981344,4.06842894512822,13,0.168627450980392,4.47037145070718,49.8461538461538,3.85639661754271,-45,9.461,1,1.15920946262931,1,12.69888
40.6216500154385,9,0,3.38513750128654,9,0.176470588235294,3.46410161513775,42.1111111111111,3.46410161513775,0,7.476,1,1,1,14.364288
153.791084861901,129,0.592839468972517,12.8159237384917,129,0.168627450980392,14.4446237031709,43.8139534883721,11.6325538815835,35.8507058742714,39.904,0.941605839416058,1.24174139661966,0.87486731408813,16.705123902439
63.5108091408147,22,0.447680691496972,5.29256742840123,22,0.172549019607843,6.38119014347433,43.3636363636364,5.70601868796683,31.5098846408886,19.675,0.758620689655172,1.11832619071706,0.531044563165951,4.09536
38.2984589185375,8,0.725559479976941,3.19153824321146,8,0.158823529411765,4.3913914035753,38.25,3.02197753255573,-63.9993662212523,9.18,0.888888888888889,1.45315157252722,0.662164901255594,5.46454588235294
221.254410161645,267,0.475420450846642,18.4378675134704,267,0.125490196078431,20.055326033684,33.5205992509363,17.6438478409038,-75.6692344679301,65.74,0.884105960264901,1.13667529977161,0.707155242040216,487.306368
234.529205713402,300,0.596562641178254,19.5441004761168,300,0.168627450980392,21.9380139996011,47.24,17.6067154984169,-78.9506201779075,61.696,0.964630225080386,1.24600264038876,0.89676232754332,24.147072
52.4423246684198,15,0.695894647535026,4.37019372236832,15,0.12156862745098,5.27676895745313,33.6,3.78947935923967,31.8526049647081,11.049,1,1.39247861176156,0.936052172984956,0.1974528
150.171964148936,123,0.584561275593304,12.5143303457446,123,0.141176470588235,14.1378619122464,38.0650406504065,11.4707480990358,-74.9659106355644,39.697,0.924812030075188,1.23251437396963,0.8422569160835,142.062336
55.8291179001753,17,0.610958500409594,4.65242649168128,17,0.0941176470588235,5.30899411292551,25.2352941176471,4.20293221204544,15.1716244421198,11.421,1,1.26316434457595,1,1.047168
48.8211473415386,13,0.792615146394554,4.06842894512822,13,0.117647058823529,5.68430825563215,34.8461538461538,3.46584925456182,8.96395988100361,11.421,0.866666666666667,1.64009102477563,0.77032822930553,2.17728
122.614895278807,82,0.347025158058395,10.2179079399006,82,0.143137254901961,10.6866852066372,37.1829268292683,10.0225699207811,-10.7589621239948,30.525,0.931818181818182,1.06626197583108,0.909128741253405,8.22528
33.1674383492482,6,0.632455532033676,2.76395319577068,6,0.0862745098039216,3.33333333333333,22,2.58198889747161,45,5.905,1,1.2909944487358,0.92127872757792,7.27020972972973
72.918093356958,29,0.581884763983963,6.0765077797465,29,0.180392156862745,6.85210994497155,43.7586206896552,5.57262400056608,-71.5376238137428,16.772,0.966666666666667,1.22960205897177,0.918985425350193,5.34036983606557
78.9542957097545,34,0.357489666256349,6.57952464247954,34,0.137254901960784,6.97333858208478,34.5588235294118,6.51252010426224,-19.2900462191887,18.459,0.918918918918919,1.07075885685496,0.915708924908129,4.83525818181818
66.3348766984964,24,0.643521125186087,5.52790639154137,24,0.166666666666667,6.44978619915733,41.625,4.93684921861929,72.2580101024841,14.696,0.96,1.30645800864892,0.947869658805581,0.283018378378379
69.0435287010191,26,0.862564588425311,5.75362739175159,26,0.119607843137255,9.25536757530306,40.3461538461538,4.682725129214,-69.2539111807584,20.527,0.838709677419355,1.97649174784183,0.583227967266103,-0.430828958677686
127.741293266218,89,0.521805457284133,10.6451077721848,89,0.109803921568627,11.8788107633777,28.7640449438202,10.133391928687,-71.1758489524632,34.462,0.908163265306122,1.17224428374763,0.790935724099198,144.550656
84.5607076793511,39,0.56906745048904,7.04672563994593,39,0.125490196078431,7.91471468742208,32.1794871794872,6.50819744280314,-4.92654010208741,20.601,0.951219512195122,1.21611471639882,0.86939710177248,-3.55339636363636
44.9089238221147,11,0.667550254419146,3.74241031850956,11,0.129411764705882,4.55755963891411,34,3.39339822525319,-45,9.643,0.916666666666667,1.34306654756798,0.845724202624386,-2.30923636363636
80.1069741374945,35,0.487431503264184,6.67558117812455,35,0.12156862745098,7.46935361329824,30.0285714285714,6.5219499713997,27.4346134870452,20.419,0.853658536585366,1.1452638621966,0.792328881750011,-0.565527272727273
163.049813535834,145,0.445587914669116,13.5874844613195,145,0.125490196078431,14.6683500369353,32.448275862069,13.131667083826,72.3543183886525,47.868,0.868263473053892,1.11702116291099,0.700283922096338,16.5662608695652
42.8189787876665,10,0.721802037961553,3.56824823230554,10,0.113725490196078,4.72836348483889,30.2,3.272498345593,79.5377491275394,9.643,1,1.44487880068953,0.768840184203987,-2.089152
129.876393115344,88,0.532790125239765,10.5851348568025,88,0.2,12.9660470077102,58.0340909090909,10.9724837251433,-85.1522073253877,52.194,0.6875,1.18168751328368,0.361146495433692,-0.0540617142857143
85.637957575333,40,0.426604384440768,7.13649646461108,40,0.115686274509804,7.73054699690441,31.15,6.99180304322989,-67.1647344123729,20.973,0.909090909090909,1.10565857606499,0.864390519598278,4.89852768932039
33.1674383492482,6,0.778498944161523,2.76395319577068,6,0.0901960784313725,3.82970843102535,23.6666666666667,2.40370085030933,-45,6.459,1,1.59325501363138,0.818022082978878,1.42189714285714
40.6216500154385,9,0.761302566431461,3.38513750128654,9,0.0980392156862745,4.40449823807301,24.3333333333333,2.85586253632197,54.217474411461,8.146,0.9,1.54226549144256,0.887666268723232,-1.99447578947368
139.408494758524,106,0.457765828330981,11.6173745632104,106,0.231372549019608,12.392444652919,61,11.0177854853208,-64.8654550970542,33.883,0.981481481481482,1.12476728371865,0.971706596785663,20.3513806451613
72.918093356958,29,0.583967274189109,6.0765077797465,29,0.109803921568627,7.2156760173985,24.551724137931,5.85752127456112,17.5261869382829,20.047,0.805555555555556,1.23186509773951,0.677733696235809,-0.657719999999999
128.456936363,90,0.161434995446894,10.7047446969166,90,0.0980392156862745,11.0954214478145,26.1222222222222,10.9498866641215,-22.5873028330479,37.555,0.849056603773585,1.01329098539164,0.682867234968686,-1.84356
59.0218891123912,19,0.385771383353945,4.91849075936594,19,0.0980392156862745,5.45345770723828,26.5263157894737,5.03132957938348,-61.3676131360537,14.142,0.863636363636364,1.08389991575677,0.799273512089459,0.94284
132.669753396993,96,0.303076108614333,11.0558127830827,96,0.180392156862745,11.4225671193052,48.53125,10.8853221441878,-25.0504563104603,32.419,0.95049504950495,1.0493549908768,0.953988449380871,15.956352
63.5108091408147,22,0.852424408629445,5.29256742840123,22,0.225490196078431,7.53271471791232,62.8636363636364,3.9384835285574,-18.3109128719749,15.159,0.956521739130435,1.91259266753146,0.825471790191294,1.48608
86.7018239261228,41,0.447378828037797,7.22515199384357,41,0.113725490196078,7.8194701763467,32.5853658536585,6.99330058029515,2.1856815309543,20.99,0.931818181818182,1.11813729247952,0.8847523998107,1.6749504
118.043778224782,76,0.258605787529929,9.83698151873187,76,0.131372549019608,10.2842653075673,32.9605263157895,9.93442487100018,-43.1250531016316,30.062,0.91566265060241,1.03521496625218,0.866270054511116,6.9008112
62.0505953499169,21,0.453889957044938,5.17088294582641,21,0.133333333333333,5.62675442500791,33.9047619047619,5.01376311583395,61.1378221572888,14.415,0.954545454545455,1.12226172138809,0.856147697763653,1.36767443478261
27.0811000102923,4,0,2.25675833419103,4,0.0823529411764706,2.3094010767585,21.75,2.3094010767585,0,3.556,1,1,1,0.53568
52.4423246684198,15,0.58543060543762,4.37019372236832,15,0.137254901960784,5.18894217635093,41.8,4.20679228304759,59.26999259398,12.918,0.9375,1.23346764642057,0.73085643033561,4.75708235294118
75.3905917717706,31,0.659973757984849,6.28254931431422,31,0.203921568627451,7.35868563440818,51.5161290322581,5.52849701148806,-52.528235713694,17.417,0.939393939393939,1.33104632581279,0.92168982849799,8.24832
104.88464933684,60,0.501033123328182,8.74038744473663,60,0.205882352941176,9.534852347176,52.1,8.2517292225325,-17.3278176566904,25.646,1,1.15549748301723,0.909809394355295,6.5218064516129
40.6216500154385,9,0.907935861168361,3.38513750128654,9,0.117647058823529,5.39917918412766,37.3333333333333,2.26284534954427,4.73116110401281,8.882,1,2.38601333724156,0.782318976012059,6.77808
108.324400041169,64,0.399553176464087,9.0270333367641,64,0.162745098039216,9.5438081302575,41.296875,8.74890453368292,34.2193395876032,26.787,0.927536231884058,1.0908575003321,0.897877828242972,7.96879338842975
40.6216500154385,9,0,3.38513750128654,9,0.149019607843137,3.46410161513775,39.6666666666667,3.46410161513775,0,7.476,1,1,1,9.47209846153846
277.498698493493,420,0.492460491035352,23.1248915411244,420,0.176470588235294,24.9210530769013,50.5333333333333,21.6896597551837,79.3595151598653,75.474,0.956719817767654,1.14898312643864,0.853968337927169,39.32496
89.8178476442293,44,0.637833355973376,7.48482063701911,44,0.111764705882353,8.89681863138446,43.9318181818182,6.85210197208438,-85.868403321805,24.174,0.88,1.29840721396592,0.74103937581987,-3.78756
59.0218891123912,19,0.384633945785502,4.91849075936594,19,0.247058823529412,5.25549360112437,61.3684210526316,4.85118421637916,83.7355961454242,12.918,1,1.08334241016454,0.925751478425106,-0.1134
131.280503036571,94,0.537567065165452,10.9400419197143,94,0.149019607843137,12.0087445860315,38.8404255319149,10.1260255873066,45.666023104536,32.411,0.969072164948454,1.18592872223086,0.934534123508127,4.96314739726027
90.8327707927258,45,0.574769431165656,7.56939756606048,45,0.12156862745098,9.56563372922938,48,7.82770543300421,86.0789707134865,35.521,0.661764705882353,1.22202270015137,0.378303561757644,-4.02624
48.8211473415386,13,0.787291448959024,4.06842894512822,13,0.341176470588235,5.33012724146961,82.0769230769231,3.28645537846402,90,10.106,1,1.62184683120838,0.930849103952713,0.344416438356164
122.614895278807,82,0.664812412862735,10.2179079399006,82,0.286274509803922,12.2111503774509,72.0853658536585,9.1218556576682,79.3151914275569,35.314,0.881720430107527,1.33866954660543,0.696794475561731,2.80145454545455
94.7838500360231,49,0.649077778141671,7.89865416966859,49,0.196078431372549,9.49414129406304,57.9183673469388,7.22240263174418,-24.4779736428554,25.282,0.96078431372549,1.31454057301292,0.762163248010329,6.14304
54.1622000205846,16,0.751672194628657,4.51351666838205,16,0.149019607843137,5.92738028971366,44.3125,3.9093259735894,-87.108803838818,12.827,0.888888888888889,1.51621541149493,0.788490675150335,-2.17066212765957
169.121415358702,156,0.446891932178218,14.0934512798919,156,0.125490196078431,15.3146605552774,34.3141025641026,13.7003107968163,-76.2558345460674,47.868,0.886363636363636,1.11783307564353,0.753408909289854,13.7973394285714
72.918093356958,29,0.608842009764034,6.0765077797465,29,0.12156862745098,6.94790601176683,31.9655172413793,5.51171479583405,-5.70275249753804,16.747,0.966666666666667,1.2605706697702,0.921297210363362,-4.56635592911392
81.2433000308769,36,0.704862888363798,6.77027500257308,36,0.109803921568627,8.49327383305717,37.9722222222222,6.02464923146058,-70.9906700565067,22.098,0.9,1.40975407974052,0.71014605998535,-4.48326620689655
173.403647852246,164,0.275813057023729,14.4503039876871,164,0.154901960784314,14.8556010013856,41.9024390243902,14.2793715069889,-27.4194978151708,45.031,0.937142857142857,1.04035398155407,0.888083232951963,16.3867118644068
268.772243377351,394,0.788420422234003,22.3976869481126,394,0.415686274509804,28.7940339336939,92.9720812182741,17.712268841967,72.6804681161503,79.51,0.912037037037037,1.62565474759902,0.724775714276739,24.9323115789474
50.664098947737,14,0.611429250513635,4.22200824564475,14,0.119607843137255,4.88141184658825,34.2142857142857,3.86265681930401,65.6423554472856,10.404,1,1.26374463871419,0.958830581424272,-2.107296
154.978678442824,131,0.440478047828667,12.9148898702353,131,0.109803921568627,13.8687570590793,27.2824427480916,12.4508622362506,60.8157546377444,40.615,0.949275362318841,1.11387924755127,0.859793520346601,23.03424
113.288369265916,70,0.740192955147547,9.4406974388263,70,0.125490196078431,11.7331361733998,33.3571428571429,7.88929645340157,-22.0518514062532,29.69,0.909090909090909,1.487222117042,0.816063591791843,1.64736
71.6498558573022,28,0.712868199941573,5.97082132144185,28,0.12156862745098,7.42745562705537,31.0357142857143,5.20886001309448,74.4394385891628,18.062,0.875,1.42592728704238,0.782616483393015,-5.296896
98.5766919987619,53,0.802239596875014,8.21472433323015,53,0.0980392156862745,11.1835863714418,26.0566037735849,6.67662569012939,89.0389404353883,29.566,0.854838709677419,1.67503569774406,0.622570549918162,0.4608
169.662605271087,157,0.561158831528248,14.1385504392572,157,0.215686274509804,15.6278146572231,56.9171974522293,12.9352694095167,-29.6936953768262,42.492,0.96319018404908,1.20815532807731,0.947414863119507,42.8099657142857
119.586899644005,78,0.400760999265441,9.96557497033376,78,0.101960784313725,10.8167787876989,27.474358974359,9.91014489660274,-64.070056509311,31.84,0.896551724137931,1.09148543240846,0.800986709640628,-1.6512
107.474783785953,63,0.613664621778154,8.95623198216277,63,0.2,10.4842472369436,48.7936507936508,8.27801354337802,-55.3452894502171,30.261,0.887323943661972,1.26651728485398,0.709561525601187,-4.889472
60.5551805284838,20,0.151910905062549,5.04626504404032,20,0.196078431372549,5.26624470883507,50.05,5.20512567891817,0,13.588,0.952380952380952,1.01174208533801,0.897985091816046,-8.99424
23.4529205713402,3,0.730296743340221,1.95441004761168,3,0.0823529411764706,2.58198889747161,22,1.76383420737639,-45,3.093,1,1.4638501094228,0.969873184255889,-8.62334836363636
151.992296843211,126,0.395316230947363,12.6660247369343,126,0.109803921568627,13.5939392234823,31.2698412698413,12.4866460918693,86.612958266093,44.196,0.893617021276596,1.08867818655756,0.706590953408683,124.267885714286
55.8291179001753,17,0.69195591804587,4.65242649168128,17,0.143137254901961,5.60811736611823,41.5294117647059,4.04872286810855,-45,11.628,1,1.38515713443686,0.979313519893074,-4.281984
251.868789406081,346,0.641641386979791,20.9890657838401,346,0.137254901960784,24.2021317503294,36.7109826589595,18.5631507066934,-73.7387065105417,70.636,0.93010752688172,1.30377284183782,0.798798061810121,272.7592704
55.8291179001753,17,0.696093697971491,4.65242649168128,17,0.125490196078431,5.65761143282597,43.2352941176471,4.06188749125952,-4.93290347154218,12.182,1,1.39285281657854,0.909782519637404,-0.0740571428571428
64.9381965576721,23,0.125858163044163,5.41151637980601,23,0.117647058823529,5.52727099368949,30.7391304347826,5.48331949558032,90,14.026,1,1.0080154910077,0.98066099090024,-2.23474834285714
344.951989257591,649,0.526908427118198,28.7459991047993,649,0.203921568627451,31.3423886592912,58.1232665639445,26.6385875596497,35.5536310423226,94.371,0.936507936507937,1.17657847245499,0.857695543821241,64.9407085714286
59.0218891123912,19,0.55706956977079,4.91849075936594,19,0.156862745098039,5.56857853998119,41.6315789473684,4.62451419791132,47.9078132647457,12.736,0.95,1.20414346278713,0.947096329497043,-1.28859428571429
40.6216500154385,9,0,3.38513750128654,9,0.145098039215686,3.46410161513775,36.8888888888889,3.46410161513775,0,7.476,1,1,1,2.35008
125.569894966908,86,0.304113136731246,10.464157913909,86,0.213725490196078,10.8260884458383,55.2441860465116,10.3133207492929,80.4715407686254,31.071,0.966292134831461,1.04971897112582,0.923286195236606,1.17505930726257
55.8291179001753,17,0.69195591804587,4.65242649168128,17,0.101960784313725,5.60811736611823,26.8823529411765,4.04872286810855,-30.9637565320735,11.975,1,1.38515713443686,0.934869443102716,-1.7413732173913
159.640730164388,139,0.552842549851155,13.3033941803657,139,0.141176470588235,14.7984971287438,39.0575539568345,12.331376547227,73.7556504643696,43.857,0.908496732026144,1.20006854644882,0.790778690080335,15.6658780327869
168.033806551084,154,0.695342447471637,14.0028172125903,154,0.325490196078431,16.8390266828045,80.0779220779221,12.1018475435674,19.1475624461737,48.414,0.911242603550296,1.39144263900061,0.728079859603272,44.20224
137.421573733937,103,0.65092407776521,11.4517978111614,103,0.254901960784314,13.2462826083546,64.7766990291262,10.0558205417103,-86.9723786799323,34.073,0.953703703703704,1.31727515953677,0.934588751155001,1.86624
325.255172584473,577,0.649491368352861,27.1045977153727,577,0.454901960784314,32.4549916544452,99.2686308492201,24.6777684027024,-50.6828082572157,108.076,0.86377245508982,1.31515099440236,0.586190392813969,65.8071771428571
38.2984589185375,8,0.547722557505166,3.19153824321146,8,0.180392156862745,3.65148371670111,50,3.05505046330389,0,7.22,1,1.1952286093344,0.936368556122002,-4.4064
55.8291179001753,17,0.821445482189031,4.65242649168128,17,0.0980392156862745,6.41861075108384,27.1764705882353,3.66045059254848,-5.16262910846374,12.827,0.894736842105263,1.75350290594008,0.83777134234723,-3.68310857142857
143.938020939328,113,0.530242828175363,11.9948350782774,113,0.117647058823529,13.4923261370646,33.9911504424779,11.4394123864293,69.0301653332881,39.217,0.896825396825397,1.17945972059463,0.79141679550667,10.16064
48.8211473415386,13,0.787291448959024,4.06842894512822,13,0.156862745098039,5.33012724146961,41.2307692307692,3.28645537846402,90,10.106,1,1.62184683120838,0.930849103952713,-0.20592
82.3639502109324,37,0.517402048539484,6.8636625175777,37,0.113725490196078,7.60754563554621,28.8378378378378,6.51009964923838,-76.3502138943336,20.047,0.925,1.16857591211161,0.864694715887067,-10.890907826087
92.8293339347406,47,0.81494944304353,7.73577782789505,47,0.294117647058824,10.7178648028463,82.2127659574468,6.21134623762044,87.5328008627967,26.233,0.886792452830189,1.72553008523838,0.684485127633272,16.531776
112.476255789782,69,0.595260438176812,9.37302131581521,69,0.152941176470588,10.55696409431,39.4782608695652,8.48286724708672,68.6001065064825,27.515,0.971830985915493,1.2445042208972,0.922595194606235,6.77093877551021
67.7027500257308,25,0.558675053925888,5.64189583547756,25,0.129411764705882,6.39235885345612,33.32,5.30173697530421,-23.638804479167,15.25,0.961538461538462,1.20571029517912,0.928776447832425,4.01959384615385
140.717523428041,108,0.647863937792274,11.7264602856701,108,0.180392156862745,13.6678270692142,48.2592592592593,10.4115503047944,60.2528980655213,36.604,0.947368421052632,1.31275618607157,0.859123631420322,3.5644092631579
78.9542957097545,34,0.692679863628847,6.57952464247954,34,0.149019607843137,8.33732095979412,40.2352941176471,6.01325253815743,-47.2850644860768,21.246,0.85,1.38649107232553,0.718374513952287,-3.13907744680851
50.664098947737,14,0.847347184515868,4.22200824564475,14,0.117647058823529,6.08066286885181,28,3.22907101494912,29.0346589481411,11.421,0.933333333333333,1.88309976482435,0.829584246944417,-4.75612061538461
54.1622000205846,16,0.622297518992509,4.51351666838205,16,0.158823529411765,5.78870486382472,46,4.53128708715291,17.9933978221786,14.605,0.761904761904762,1.27749682429896,0.638410299660594,-3.36219428571428
147.088022436023,118,0.792240346246163,12.2573352030019,118,0.223529411764706,15.8576214146653,60.0338983050847,9.67646603576001,-56.3414430847949,39.027,0.944,1.63878231536828,0.833899392298105,10.1142
50.664098947737,14,0.196396101212395,4.22200824564475,14,0.172549019607843,4.36435780471985,47.2142857142857,4.27936036926876,0,10.106,1,1.01986218222272,1,2.59336421052632
78.9542957097545,34,0.650079384483164,6.57952464247954,34,0.127450980392157,7.66320061297533,32.0588235294118,5.82300789591056,-72.0379987995605,18.451,1,1.31602098948846,0.916387586205363,-0.0786145054945052
258.337229173107,364,0.634225156543406,21.5281024310922,364,0.4,25.0106621728689,88.9010989010989,19.3369534804693,88.408471914562,75.706,0.88780487804878,1.2934127497452,0.735756946989282,27.8014870588235
88.791324243983,43,0.68143186718224,7.39927702033192,43,0.309803921568627,9.07159635185874,78.6511627906977,6.63933404333482,-45.0259491684073,22.751,0.877551020408163,1.3663413066203,0.805985523886066,7.255494
114.895376755613,72,0.854975728735999,9.57461472963438,72,0.152941176470588,14.2653141345901,46.4027777777778,7.39896207599131,-88.2347096519193,35.405,0.827586206896552,1.92801557679005,0.608934207487454,6.50791384615384
70.3587617140205,27,0.752065187751,5.86323014283504,27,0.137254901960784,7.59859987033549,35.4814814814815,5.00815153462855,15.6271636905208,18.641,0.870967741935484,1.51724639675845,0.71507976403928,0.0550301538461548
35.8249279286511,7,0.856222400720973,2.98541066072092,7,0.196078431372549,4.31282648363321,41.7142857142857,2.22803805452514,-8.34962211699681,6.922,1,1.93570593413962,0.868563960642361,-2.23310769230769
160.785122807748,141,0.376540528535761,13.398760233979,141,0.137254901960784,14.0669251488628,36.3758865248227,13.0316015106237,-58.4662811810267,41.955,0.94,1.07944715293781,0.871247446180234,18.0090203773585
84.5607076793511,39,0.472105533340678,7.04672563994593,39,0.168627450980392,7.6332981164482,45.4102564102564,6.72907318095389,35.6944688276742,19.658,0.975,1.13437585105385,0.942801566518895,-1.37376
109.167404195214,65,0.672495849951991,9.09728368293446,65,0.298039215686275,10.7175715177803,71.3538461538461,7.93208425094094,2.3877175425696,27.358,0.955882352941177,1.35116713069568,0.878082137584142,11.575872
83.4695560596246,38,0.379507861128604,6.95579633830205,38,0.115686274509804,7.32958791632885,30.2105263157895,6.78125054027723,-78.6269526473577,19.104,0.974358974358974,1.08086080477263,0.964951531511672,0.735048
170.739838983924,159,0.518828284068712,14.228319915327,159,0.207843137254902,15.5345450550504,55.0691823899371,13.2801482285657,-44.5908121378171,43.65,0.952095808383233,1.16975690238423,0.912580812253003,15.4285714285714
133.358951558794,97,0.829233297504404,11.1132459632328,97,0.16078431372549,15.0664058164876,44.680412371134,8.42065368033127,78.8211027503775,35.934,0.941747572815534,1.78922045585122,0.798307944131301,3.33804521739131
76.5969178370751,32,0.68499046870085,6.38307648642292,32,0.133333333333333,7.76731135307901,49.34375,5.65889043991811,-46.8355125068892,20.138,0.864864864864865,1.37258556876945,0.74200885623803,0.0414720000000004
77.7845377731429,33,0.452507832188556,6.48204481442857,33,0.164705882352941,7.24490585992781,52,6.46072035396753,-25.7190247574992,19.658,0.916666666666667,1.12137741041194,0.797755171669834,-0.4831488
35.8249279286511,7,0.3530939318019,2.98541066072092,7,0.137254901960784,3.23669437485075,36,3.0282120182066,90,6.368,1,1.06884668424492,0.972711556537156,-2.35308521739131
150.171964148936,123,0.683155534073182,12.5143303457446,123,0.188235294117647,14.8338615471874,51.1219512195122,10.8327671693891,89.2180939586003,39.01,0.946153846153846,1.3693510914833,0.869935388765688,4.16890046511628
46.9058411426803,12,0.53748384988657,3.90882009522336,12,0.0862745098039216,4.47213595499958,21.5833333333333,3.77123616632825,0,10.214,1,1.18585412256314,0.845404939381118,0.457411764705882
118.043778224782,76,0.699205321989379,9.83698151873187,76,0.217647058823529,11.764811712159,55.0263157894737,8.41090997872127,-75.8593124257438,29.301,0.95,1.39875610866396,0.907386574111449,6.65339586206896
165.837191746241,150,0.524813645990005,13.8197659788534,150,0.345098039215686,15.3657552169482,81.5666666666667,13.0795943681389,-7.1700783502328,46.454,0.867052023121387,1.1747883599799,0.766328459444371,25.4436324324324
64.9381965576721,23,0.277971477472867,5.41151637980601,23,0.137254901960784,5.67894128204214,37.9130434782609,5.45513039177214,87.2139010980181,14.994,0.958333333333333,1.04102759681191,0.878767921547817,-0.310101517241379
46.9058411426803,12,0,3.90882009522336,12,0.149019607843137,4,43.9166666666667,4,0,8.816,1,1,1,-0.8335872
44.9089238221147,11,0.47839528325838,3.74241031850956,11,0.129411764705882,4.16333199893227,34.1818181818182,3.65600754711653,71.565051177078,8.907,1,1.13876460736955,0.952203789976801,-0.6912
262.561006073142,376,0.624002583228639,21.8800838394285,376,0.17843137254902,24.9346907214172,48.3909574468085,19.4845228178832,29.8056701642925,73.15,0.933002481389578,1.27971780240529,0.811791213571398,39.4527085714286
55.8291179001753,17,0.401547187228411,4.65242649168128,17,0.145098039215686,5.06536603864792,37.3529411764706,4.6390564005865,-37.2379445016229,12.455,1,1.09189576526975,0.878211917576716,-1.55121230769231
59.0218891123912,19,0.763323711725735,4.91849075936594,19,0.129411764705882,6.25750075805048,34.4736842105263,4.04244676655268,73.1240956781006,12.827,1,1.54794883381649,0.936332676741022,1.32391384615385
182.169469159838,181,0.384502033210561,15.1807890966532,181,0.125490196078431,16.1790559187441,31.2983425414365,14.9352771564205,-60.9307980219456,51.995,0.896039603960396,1.08327791639199,0.748184300569246,11.2
89.8178476442293,44,0.383790567116568,7.48482063701911,44,0.13921568627451,7.91178188496882,35.1363636363636,7.3058989313645,87.6864187510616,20.882,0.936170212765957,1.0829306508749,0.958046591016975,-0.819072
44.9089238221147,11,0.677848679151845,3.74241031850956,11,0.152941176470588,4.76181456545411,43.3636363636364,3.50089296049066,56.9812444872891,11.14,0.846153846153846,1.36017142460326,0.677718382520307,-2.8998
95.7461472963438,50,0.588247531567496,7.97884560802865,50,0.127450980392157,9.04902493316446,34.58,7.31777387090054,59.179740546369,23.049,0.943396226415094,1.23658165622585,0.915986802524784,-1.41877894736842
75.3905917717706,31,0.41010899471294,6.28254931431422,31,0.115686274509804,6.77234084136655,29.8709677419355,6.17662216817127,-85.6551248554302,18.641,0.911764705882353,1.09644732298263,0.821017506859914,-2.53722566037736
74.1646467884524,30,0.690166242497233,6.18038723237103,30,0.152941176470588,7.40450313435457,39.9,5.3582750126427,-82.5041423602701,17.119,1,1.38188187744822,0.91838932868222,-2.60608
185.658667869481,188,0.325598147953,15.4715556557901,188,0.133333333333333,16.1141198917108,37.5425531914894,15.2360332584675,19.9559267180901,49.456,0.944723618090452,1.0576322339514,0.853956952383297,12.7840168421053
122.614895278807,82,0.411556771021355,10.2179079399006,82,0.256862745098039,10.8134329875757,68.6341463414634,9.85519116711206,-43.801869610858,30.269,0.931818181818182,1.09723219004228,0.923114042470201,5.12053102702703
203.559101353541,226,0.812935805847101,16.9632584461284,226,0.180392156862745,22.4168408926462,47.7699115044248,13.0545214532302,2.9434467296801,57.759,0.922448979591837,1.71717063493732,0.765729299761387,3.981312
206.243513135595,232,0.752570653442444,17.1869594279662,232,0.152941176470588,21.3580053034042,42.0689655172414,14.0644923679302,-10.4228168435018,59,0.909803921568627,1.51857633711009,0.754975901480961,4.3203456
128.456936363,90,0.489788176203648,10.7047446969166,90,0.217647058823529,11.5407222580843,55.9333333333333,10.0616802162513,-44.1497433691362,31.923,0.947368421052632,1.14699752029925,0.919845265504098,6.092928
124.101190699834,84,0.502259112200449,10.3417658916528,84,0.158823529411765,11.2225049310318,42.5952380952381,9.70429270504382,12.9679674288636,30.401,0.988235294117647,1.15644748897556,0.938201005182569,11.0419906909091
50.664098947737,14,0.652071200401997,4.22200824564475,14,0.109803921568627,4.91838146044775,30.5714285714286,3.72890894294322,-45,10.106,1,1.318986742692,1,-0.995821714285714
62.0505953499169,21,0.780118901537066,5.17088294582641,21,0.109803921568627,7.18439475768145,27.6666666666667,4.4947820937291,-3.84979829741984,16.863,0.875,1.59838555192804,0.659431568405274,-1.80576
223.726603207193,273,0.208514007030869,18.6438836005994,273,0.149019607843137,18.9971336754191,41.3846153846154,18.5795649108237,57.4564473797849,62.325,0.925423728813559,1.02247462556845,0.800447837347922,29.36448
71.6498558573022,28,0.573311887688443,5.97082132144185,28,0.113725490196078,7.91516371373614,31.4642857142857,6.4851882299554,-52.348659639756,24.728,0.666666666666667,1.22049868609451,0.453008815357581,-1.7998848
50.664098947737,14,0.733335227210903,4.22200824564475,14,0.119607843137255,5.3184716041779,30.0714285714286,3.61585453430312,-38.8022965831208,10.958,1,1.47087543310227,0.884962296491316,-0.642816000000001
50.664098947737,14,0.611429250513635,4.22200824564475,14,0.0980392156862745,4.88141184658825,26.7142857142857,3.86265681930401,24.3576445527144,10.404,1,1.26374463871419,0.958830581424272,-1.548288
46.9058411426803,12,0.773768908869994,3.90882009522336,12,0.119607843137255,5.02934427355694,31.25,3.18592853380055,80.5831235436706,9.643,1,1.57861176740124,0.922608221044785,-0.24192
50.664098947737,14,0.196396101212395,4.22200824564475,14,0.092156862745098,4.36435780471985,22.0714285714286,4.27936036926876,0,10.106,1,1.01986218222272,1,1.403136
50.664098947737,14,0.611429250513635,4.22200824564475,14,0.125490196078431,4.88141184658825,32.8571428571429,3.86265681930401,24.3576445527144,10.404,1,1.26374463871419,0.958830581424272,-0.615168
204.008956269824,227,0.79575955537054,17.0007463558187,227,0.0941176470588235,24.3904533055929,24.9955947136564,14.7711680316338,59.7771348974443,77.741,0.737012987012987,1.65122035395972,0.436039259455725,-0.359423999999999
46.9058411426803,10,0.868384754247308,3.56824823230554,10,0.0862745098039216,6.3061492904203,22.2,3.12716289847495,-63.9240861691778,12.182,0.769230769230769,2.01657204794022,0.535166188022002,-1.714176
104.88464933684,60,0.300036781094451,8.74038744473663,60,0.284313725490196,9.04264424184526,68.0666666666667,8.62602822237445,-18.9192872803889,24.984,0.983606557377049,1.04829754885223,0.953142312259688,5.773184
150.171964148936,119,0.71867074202875,12.3091634899974,119,0.0823529411764706,21.4778731065628,20.7731092436975,14.9346505248406,-67.3134421532785,121.002,0.439114391143911,1.43812358185677,0.0970304859483932,3.22317473684211
98.5766919987619,52,0.78319280928973,8.13685789025644,52,0.12156862745098,12.1058877855616,30.4615384615385,7.52718581465092,30.5027356214736,38.407,0.693333333333333,1.608288686324,0.378530232950845,-0.882432
62.0505953499169,21,0.465520609926482,5.17088294582641,21,0.137254901960784,5.63999324552112,33.8095238095238,4.99160292623949,0,14.026,0.954545454545455,1.12989621347348,0.895386122126306,0.170331428571429
86.7018239261228,41,0.401066371717938,7.22515199384357,41,0.188235294117647,7.63108229303653,45.2926829268293,6.99044528294434,44.5342217009613,19.84,1,1.09164466413252,0.975513930635182,0.820224000000001
191.492294592688,200,0.697673119125971,15.9576912160573,200,0.231372549019608,19.0765889496795,63.3,13.6667779930616,-86.4927290255972,52.64,0.938967136150235,1.39583660167483,0.807714798525823,2.97869837837838
63.5108091408147,22,0.682034303684069,5.29256742840123,22,0.12156862745098,6.37969452134671,29.0454545454545,4.66559935844554,66.120020515225,14.051,0.956521739130435,1.36739013173053,0.935297552418007,-2.74752
64.9381965576721,213,0.596624564144273,16.4681517793768,213,0.282352941176471,19.0820058004628,77.9671361502347,15.3137005570721,-50.1283982329211,60.133,0.835294117647059,1.24607411052258,0.668545163866548,21.8269963636364
64.9381965576721,23,0.418588668005758,5.41151637980601,23,0.211764705882353,5.8463977792403,45.9130434782609,5.30955776344085,67.0907722691557,14.787,0.958333333333333,1.10110823532157,0.899177228928078,-1.1902464
482.925191856928,1272,0.312834808447,40.2437659880773,1272,0.217647058823529,41.7364481138217,61.059748427673,39.6415935415865,-43.4195748471811,136.765,0.947839046199702,1.052844862809,0.816621135317193,66.5033142857143
76.5969178370751,32,0.444676729942768,6.38307648642292,32,0.117647058823529,7.01161460107522,30.15625,6.28024102663707,-38.8754382901221,18.459,0.914285714285714,1.11645629066402,0.861843694031181,-2.016576
64.9381965576721,23,0.781161550169071,5.41151637980601,23,0.168627450980392,7.16686834257551,44.5652173913044,4.47448335685669,-45.6635389954371,16.4,0.884615384615385,1.60171974527361,0.756863893917246,0.354694736842105
50.664098947737,14,0.798803627800099,4.22200824564475,14,0.123529411764706,5.57034906530657,32.7142857142857,3.35107664669114,-82.8386400108982,10.751,1,1.66225653800152,0.911530691177157,-2.2622328
239.939157401924,314,0.767197287207122,19.9949297834936,314,0.133333333333333,25.1108004084811,36.2898089171975,16.1063485254159,78.8735125245687,68.569,0.937313432835821,1.55906227714222,0.767313587299768,23.7168
46.9058411426803,12,0.803276538696098,3.90882009522336,12,0.164705882352941,5.30391722881827,35.8333333333333,3.15904623912912,17.1368527669374,10.288,1,1.67896156856521,0.836113874855151,-0.744027428571429
42.8189787876665,10,0.764470787156438,3.56824823230554,10,0.131372549019608,4.53137212479105,37.5,2.92118697336089,63.434948822922,8.146,1,1.55120920574886,0.986295854136924,-1.11579428571429
76.5969178370751,32,0.665872010413504,6.38307648642292,32,0.164705882352941,7.77136769593164,43.625,5.79795315618339,53.5513644845262,19.195,0.914285714285714,1.34036400201744,0.805983208510279,0.27648
54.1622000205846,16,0.722668782498241,4.51351666838205,16,0.194117647058824,5.61956800693511,55.0625,3.88421447426607,52.0181217339632,11.884,0.941176470588235,1.44677078059572,0.890567054661313,-0.0296228571428583
213.236794717943,248,0.515031686781639,17.7697328931619,248,0.219607843137255,19.4823261303134,56.4395161290323,16.6996876803573,-21.608011982102,60.596,0.901818181818182,1.1666281731262,0.767132235018103,136.80576
132.669753396993,96,0.485165595868883,11.0558127830827,96,0.113725490196078,12.0404265599708,29.71875,10.5284173881165,15.0879321199283,36.927,0.914285714285714,1.14361219888194,0.751402991036089,2.788992
50.664098947737,14,0.757319993499312,4.22200824564475,14,0.0980392156862745,5.42705469977429,31.2857142857143,3.54410534942666,61.3842495393849,10.867,0.933333333333333,1.53129045688561,0.89649709346031,3.8143872
40.6216500154385,9,0.66581188486039,3.38513750128654,9,0.145098039215686,4.05369123455442,41.4444444444444,3.02453869019341,-69.6993526774978,7.683,1,1.34026760765133,0.965226527421804,0.808704000000001
52.4423246684198,14,0.822246080723458,4.22200824564475,14,0.117647058823529,5.96816953672126,28.8571428571429,3.39667704764324,90,12.066,0.933333333333333,1.75706122572419,0.760706202716604,-0.787968000000002
48.8211473415386,13,0.755290836111644,4.06842894512822,13,0.125490196078431,5.23729093074726,32.9230769230769,3.43246690757595,-79.3567974431704,10.751,0.928571428571429,1.52580959169273,0.846421356093074,-0.72576
86.7018239261228,41,0.681280753641867,7.22515199384357,41,0.188235294117647,8.72658566342168,47.6341463414634,6.38805463505552,-27.7441492523254,21.064,0.931818181818182,1.36607874571596,0.879351036553496,1.613952
172.343065133419,162,0.779368759141379,14.3619220944516,162,0.270588235294118,18.3618896138838,68.1481481481482,11.5049267151434,-74.0281889299982,45.213,0.947368421052632,1.59600231001167,0.870661659781461,34.3773257142857
33.1674383492482,6,0.833333333333333,2.76395319577068,6,0.127450980392157,4,33,2.21108319357027,90,6.368,1,1.80906806746658,0.833752762746134,0.7496064
191.01296394206,199,0.615904513931362,15.9177469951717,199,0.258823529411765,18.2713994536381,68.2814070351759,14.3945887295738,67.0082856323328,51.011,0.943127962085308,1.26932417430582,0.85275530971856,18.4271261538462
109.167404195214,65,0.78585803364076,9.09728368293446,65,0.117647058823529,11.9955904275308,42.7230769230769,7.41815644273799,-68.7555757215443,30.079,0.915492957746479,1.6170581626482,0.740130785145956,-1.49472
30.2775902642419,5,0.765092055676006,2.52313252202016,5,0.129411764705882,3.3065591380366,35.6,2.12916258968951,71.565051177078,4.962,1,1.55298573911107,0.95680770565741,-1.46448
67.7027500257308,25,0.467106641683874,5.64189583547756,25,0.113725490196078,6.3132849609144,28.2,5.58221279323521,87.1279208381164,16.474,0.892857142857143,1.13096458246184,0.816482732341914,2.66564855172414
54.1622000205846,16,0.910731475733039,4.51351666838205,16,0.109803921568627,7.48986739412635,30.125,3.09330779022548,-49.3262708955574,14.25,0.941176470588235,2.42131333254115,0.664738965788272,-1.62640664150943
40.6216500154385,9,0.759113363612185,3.38513750128654,9,0.12156862745098,4.43077101395282,30.7777777777778,2.88424782324025,6.04737853850605,8.237,1,1.53619636227207,0.873524867514907,-1.575936
122.614895278807,82,0.642959029596934,10.2179079399006,82,0.215686274509804,11.7503641535331,60.5731707317073,8.99961062693503,-57.431028973551,29.508,0.976190476190476,1.30565250438339,0.966647610883832,8.25370317757009
99.5023150477446,54,0.538188456847315,8.29185958731205,54,0.123529411764706,9.2370116909918,33.7222222222222,7.78518001814066,-1.20885955756592,25.05,0.947368421052632,1.18648658983712,0.85381621971362,-2.01352373831776
60.5551805284838,20,0.736232303459225,5.04626504404032,20,0.137254901960784,6.45275374834072,35.75,4.36676490435899,48.5121272375895,14.142,0.952380952380952,1.47769662202319,0.841340539041536,-1.85853805714286
46.9058411426803,12,0.773768908869994,3.90882009522336,12,0.233333333333333,5.02934427355694,58.9166666666667,3.18592853380055,-80.5831235436706,9.643,1,1.57861176740124,0.922608221044785,2.90304
194.343453337188,206,0.630062193054825,16.195287778099,206,0.354901960784314,18.5166458500281,84.3883495145631,14.3790027409978,58.349317167041,51.813,0.936363636363636,1.28775591628708,0.857174214852497,7.703424
85.637957575333,40,0.675735103601139,7.13649646461108,40,0.137254901960784,8.39211425122198,35.875,6.1862011817515,-81.7996998376609,19.84,1,1.35658605413248,0.951720907936763,-2.69568
63.5108091408147,22,0.506705943291424,5.29256742840123,22,0.194117647058824,5.82726759588993,50.1363636363636,5.02379783156055,-35.7138257447963,14.142,0.956521739130435,1.15993274237307,0.92547459294569,-1.43185655172414
50.664098947737,14,0.196396101212394,4.22200824564475,14,0.109803921568627,4.36435780471985,28.4285714285714,4.27936036926876,90,10.106,1,1.01986218222272,1,-1.83263337931034
100.419406462608,55,0.704019149263567,8.368283871884,55,0.123529411764706,11.0630504311871,41.2909090909091,7.85676809917246,-80.8267596392568,36.902,0.714285714285714,1.40809176133789,0.431028993056537,-0.923694545454545
89.8178476442293,44,0.911147228163272,7.48482063701911,44,0.172549019607843,13.5898965612161,54.9318181818182,5.60013780289111,-88.3932107701391,30.98,0.758620689655172,2.42670752748267,0.474901949579132,6.915942
85.637957575333,40,0.605597630364922,7.13649646461108,40,0.143137254901961,8.09013087412087,39.975,6.4378916662416,52.0528569576284,19.84,1,1.25664290322609,0.951720907936763,-1.318032
55.8291179001753,17,0.733399707272481,4.65242649168128,17,0.133333333333333,5.97920122936929,34.3529411764706,4.06464705202744,-48.9717359052952,12.554,0.894736842105263,1.47102593480703,0.867168208021607,-1.14788571428571
44.9089238221147,11,0.68469019539811,3.74241031850956,11,0.176470588235294,4.49690773447605,52.0909090909091,3.27750029068392,15.0706927760377,8.791,1,1.37205410698459,0.970807043706446,-0.741312
40.6216500154385,9,0.759113363612185,3.38513750128654,9,0.152941176470588,4.43077101395282,50,2.88424782324025,-6.04737853850605,8.237,1,1.53619636227207,0.873524867514907,-1.96344
197.153383997524,212,0.872812900387399,16.4294486664603,212,0.298039215686275,24.1409570361293,72.5,11.7821137448697,-78.8669228009614,60.116,0.861788617886179,2.04894958229724,0.665764148146771,17.27568
72.918093356958,29,0.508379570597496,6.0765077797465,29,0.133333333333333,6.64015991897007,38.1724137931034,5.71806148118954,-35.4497773141241,15.92,1,1.16126067213756,1,-3.94872685714286
54.1622000205846,16,0.746994892155112,4.51351666838205,16,0.0980392156862745,5.76072912624803,27.125,3.82990425476463,-19.6923251466584,12.273,0.941176470588235,1.50414442321406,0.846185816605781,-4.012416
27.0811000102923,4,0,2.25675833419103,4,0.1,2.3094010767585,25.5,2.3094010767585,0,3.556,1,1,1,-6.327936
140.717523428041,108,0.715342655683516,11.7264602856701,108,0.164705882352941,14.3468006953907,55.4166666666667,10.0251690700049,-61.3139456504695,40.756,0.907563025210084,1.43107817885247,0.704291117611319,4.0491547826087
228.991478903415,286,0.713120518910821,19.0826232419512,286,0.194117647058824,22.9074426730304,54.4230769230769,16.0590670052198,82.6365618531744,61.795,0.956521739130435,1.42644916205808,0.852308665327745,21.166848
75.3905917717706,31,0.262422585688097,6.28254931431422,31,0.203921568627451,6.51168929351408,52.258064516129,6.28347443706132,67.0379773236135,17.326,0.939393939393939,1.03631985118085,0.929903811396285,-4.49594181818182
137.421573733937,103,0.771115635381635,11.4517978111614,103,0.172549019607843,14.9955186999949,51.4563106796116,9.54757359038098,-72.8878950448914,40.094,0.83739837398374,1.57061043395388,0.692411473708345,5.1446016
84.5607076793511,39,0.669986861602827,7.04672563994593,39,0.145098039215686,8.25553547574586,40.0769230769231,6.12868627159775,20.8413109727529,19.286,0.975,1.34703182866524,0.974336903544833,-3.9854592
146.463442024616,117,0.459563280219668,12.2052868353847,117,0.243137254901961,13.0385084094495,59.1196581196581,11.5800864216196,86.3398623310395,36.248,0.959016393442623,1.12594223693418,0.94761678909826,6.20482767567568
142.014486544877,110,0.314684854309568,11.8345405454064,110,0.145098039215686,12.2321325515741,38.5363636363636,11.6106938413532,50.8805986769796,35.115,0.964912280701754,1.05352296070434,0.944473932204606,10.548864
88.791324243983,43,0.52138245274029,7.39927702033192,43,0.0901960784313725,8.71037571343142,25.2093023255814,7.43276493344749,9.70401598784868,27.54,0.796296296296296,1.17188903341133,0.574014046784378,3.84356571428571
83.4695560596246,37,0.883671800621486,6.8636625175777,37,0.0941176470588235,10.8995338165977,25.5945945945946,5.10214790558181,55.7613000539535,26.614,0.755102040816326,2.13626378895709,0.52513912801972,4.3637184
33.1674383492482,6,0.74535599249993,2.76395319577068,6,0.1,3.46410161513775,27,2.3094010767585,90,5.516,1,1.5,1,3.29676151898734
38.2984589185375,8,0.580947501931112,3.19153824321146,8,0.17843137254902,3.65148371670111,46.75,2.97209241668783,-45,6.831,1,1.22859023366791,1,4.14966857142857
42.8189787876665,10,0.776414961794367,3.56824823230554,10,0.0901960784313725,4.74568840451248,23.6,2.99083738005637,-49.065051177078,9.18,0.909090909090909,1.58674237394446,0.827706126569492,2.35176585365854
48.8211473415386,13,0.830044886801963,4.06842894512822,13,0.0862745098039216,5.81448582733994,27,3.2427189153637,44.5342217009613,11.421,0.928571428571429,1.79308968156057,0.77032822930553,5.605632
107.474783785953,63,0.614807009734537,8.95623198216277,63,0.12156862745098,10.3722653128114,33.2222222222222,8.18037320851945,20.4096912570063,29.037,0.875,1.26794524509092,0.764568359222676,10.305792
103.121756567797,58,0.540006786260233,8.59347971398312,58,0.12156862745098,9.87881549458432,39.2758620689655,8.31461039384576,-9.23715743604918,30.451,0.828571428571429,1.1881272875872,0.64587847354918,-0.0666514285714285
81.2433000308769,36,0.702910454315731,6.77027500257308,36,0.0980392156862745,8.17051074302716,25.5,5.81150741164533,-76.6071801013039,18.732,0.972972972972973,1.40591935349764,0.945523058787926,6.27912
42.8189787876665,10,0.767326326006719,3.56824823230554,10,0.145098039215686,4.68588428673803,37.3,3.0048552574073,-71.7777791217064,8.7,1,1.5594376052513,0.896168406326896,1.14446769230769
59.0218891123912,19,0.505045945491979,4.91849075936594,19,0.129411764705882,5.43782392063457,33.5789473684211,4.6933448197718,-75.2110806593693,12.827,0.95,1.15862442020592,0.936332676741022,4.0974336
77.7845377731429,33,0.578212304741227,6.48204481442857,33,0.223529411764706,7.28913439488411,60.6363636363636,5.94710523166479,-72.484578133969,17.698,1,1.22566090744011,0.954872426533051,1.93606530612245
95.7461472963438,50,0.59872177331312,7.97884560802865,50,0.154901960784314,9.00498567296381,40.92,7.21260699722251,73.16546253225,22.652,0.961538461538462,1.24850635511286,0.944400469857599,10.8217126956522
96.6988687448568,51,0.597911531988284,8.0582390620714,51,0.105882352941176,9.18937735669123,27.156862745098,7.3658566103405,75.1869316306757,23.669,0.944444444444444,1.24756397562651,0.89159415270479,3.6605387755102
216.225243860829,255,0.577888682840969,18.0187703217358,255,0.247058823529412,20.0382213838134,65.8823529411765,16.3535050391139,87.8859849396652,54.856,0.977011494252874,1.2253166116919,0.952642844451608,21.8199272727273
48.8211473415386,13,0.844111649219187,4.06842894512822,13,0.192156862745098,5.77902770428911,43.4615384615385,3.09852648955453,77.0233121488179,11.14,1,1.86508901046057,0.800939906614909,0.57560275862069
111.658235800351,68,0.230235452188031,9.30485298336256,68,0.103921568627451,9.62634650131445,36.5882352941176,9.36773424915616,-47.0399328176248,29.136,0.931506849315068,1.02760670246187,0.820193841125548,4.05324
55.8291179001753,17,0.471362556619427,4.65242649168128,17,0.16078431372549,5.09064320221188,41.8823529411765,4.48963948943543,-78.6900675259798,12.157,0.944444444444444,1.13386458182014,0.912758368119037,1.12945021276596
42.8189787876665,10,0.0939336436627704,3.56824823230554,10,0.119607843137255,4.25832517937902,41.7,4.23949682548924,0,12.844,0.714285714285714,1.00444117655109,0.491759071303358,1.28706206896552
158.488074436329,137,0.685978508652711,13.2073395363607,137,0.258823529411765,15.5824982856427,65.3430656934307,11.3381654707062,82.997326118555,40.557,0.951388888888889,1.37434034861304,0.901561858920594,23.2420214634146
97.6422946830773,52,0.512986543994944,8.13685789025644,52,0.182352941176471,8.92129811606792,46.7307692307692,7.65801240062901,-80.6059259857272,23.231,0.962962962962963,1.16496261031585,0.939523298022436,-0.142848
75.3905917717706,31,0.430118980675738,6.28254931431422,31,0.12156862745098,6.74541070016953,30.1935483870968,6.08956932258751,-5.5882916721595,17.417,0.939393939393939,1.107699139765,0.92168982849799,-0.23616
50.664098947737,14,0.196396101212395,4.22200824564475,14,0.129411764705882,4.36435780471985,33.2857142857143,4.27936036926876,0,10.106,1,1.01986218222272,1,1.75050418604651
30.2775902642419,5,0.765092055676006,2.52313252202016,5,0.0862745098039216,3.3065591380366,22.6,2.12916258968951,-18.434948822922,4.962,1,1.55298573911107,0.95680770565741,3.1958496
90.8327707927258,45,0.221805815072069,7.56939756606048,45,0.109803921568627,7.7969360821808,30.4444444444444,7.60272109032685,-43.4856507108299,21.461,0.9375,1.02554545794151,0.934244663337836,2.066688
42.8189787876665,10,0.630126037812604,3.56824823230554,10,0.186274509803922,4.25832517937902,48.3,3.3065591380366,-63.434948822922,8.791,1,1.28784183243357,0.882551857914951,3.089664
40.6216500154385,9,0.880742814729581,3.38513750128654,9,0.133333333333333,5.52941984015807,32.7777777777778,2.61870483191565,75.0091803155753,10.197,0.818181818181818,2.11150938920946,0.635670933895013,2.85729882352941
128.456936363,90,0.682939329122623,10.7047446969166,90,0.192156862745098,12.7245888330052,54.6444444444444,9.29499530911083,-53.0328085512138,32.874,0.957446808510638,1.36897205537401,0.871909163673338,14.0547388235294
42.8189787876665,10,0.587407799848354,3.56824823230554,10,0.266666666666667,4.08574758561188,67.7,3.3065591380366,0,8.328,1,1.23564933063255,0.955243026453948,0.71424
63.5108091408147,22,0.702399459226964,5.29256742840123,22,0.117647058823529,6.46461663090651,29.3181818181818,4.60140404042404,-73.9194081399504,14.605,0.956521739130435,1.40492262233741,0.877814162033317,-0.86688
52.4423246684198,15,0.4618802153517,4.37019372236832,15,0.152941176470588,4.76095228569523,38.0666666666667,4.2226900325635,-14.0362434679265,10.867,1,1.12746904200424,0.960532600136046,6.12036
42.8189787876665,10,0.657535505639407,3.56824823230554,10,0.0941176470588235,4.25832517937902,25.3,3.20832251080426,90,8.146,1,1.32727466301745,0.986295854136924,3.24566371343284
35.8249279286511,7,0.779483762953957,2.98541066072092,7,0.0941176470588235,3.87912606750787,25.8571428571429,2.42997158517582,-45,6.186,1,1.59636684279466,1,2.19980683636364
38.2984589185375,8,0.580947501931112,3.19153824321146,8,0.149019607843137,3.65148371670111,40.125,2.97209241668783,45,6.831,1,1.22859023366791,1,2.21906149253731
143.299711714604,112,0.29505270869272,11.9416426428837,112,0.16078431372549,12.3043573909637,40.4375,11.7565794321195,11.6040277374574,35.016,0.957264957264957,1.04659331075054,0.9666426471886,14.1623785074627
35.8249279286511,6,0.833333333333333,2.76395319577068,6,0.0980392156862745,4,27,2.21108319357027,-36.869897645844,6.186,0.857142857142857,1.80906806746658,0.866606557577131,0.782043428571429
50.664098947737,14,0.774966465924017,4.22200824564475,14,0.129411764705882,6.04127136220341,36.1428571428571,3.8180977279522,50.2573950455021,12.736,0.777777777777778,1.58227258510839,0.697860453313611,3.59605894736842
59.0218891123912,19,0.6566415005071,4.91849075936594,19,0.129411764705882,5.96669113299189,34.1052631578947,4.50009546098854,-84.5072511105162,14.878,0.904761904761905,1.32590323576851,0.735315171266623,2.62341818181818
35.8249279286511,5,0.576018432884783,2.52313252202016,5,0.0980392156862745,3.40196021924615,26,2.78088714861523,0,6.368,0.714285714285714,1.22333630868127,0.694793968955111,2.51973818181818
23.4529205713402,3,0.928994796803029,1.95441004761168,3,0.0862745098039216,3.85412939307993,24,1.42638547044137,-28.1549662370101,4.59,0.75,2.70202513482371,0.63065695456019,1.48369655172414
168.578488065615,155,0.365310797121024,14.0482073388013,155,0.262745098039216,14.8722950494993,69.1225806451613,13.8444054700364,-51.1168989665274,52.111,0.856353591160221,1.07424584477012,0.638022859450899,21.102336
88.791324243983,43,0.566340935182197,7.39927702033192,43,0.149019607843137,8.28117467749108,37.0697674418605,6.8251045571855,88.8952356931209,20.783,0.955555555555556,1.21334033905351,0.944037433228783,14.8511232
30.2775902642419,5,0.765092055676006,2.52313252202016,5,0.168627450980392,3.3065591380366,53,2.12916258968951,-18.434948822922,4.962,1,1.55298573911107,0.95680770565741,3.50065152
40.6216500154385,9,0.536748159092064,3.38513750128654,9,0.113725490196078,3.95410096228573,32.1111111111111,3.33624304852277,82.3724406484711,8.146,0.9,1.18519571409419,0.887666268723232,0.7776
46.9058411426803,12,0.624895320353377,3.90882009522336,12,0.1,4.61113487338034,29.4166666666667,3.5999524165908,-37.2379445016229,9.37,0.923076923076923,1.28088772844035,0.963309664208456,2.75463529411765
87.7527934971774,42,0.583052975583721,7.31273279143145,42,0.149019607843137,8.22817265224218,37.9285714285714,6.68484835135628,-51.1088833682055,20.576,0.976744186046512,1.23086900700938,0.938248638193006,8.20553142857142
77.7845377731429,33,0.830908775250259,6.48204481442857,33,0.125490196078431,9.91555598971734,35.5454545454545,5.51710131307291,-56.8565852114263,23.024,0.804878048780488,1.7972401496819,0.60570708251981,0.762978461538461
40.6216500154385,9,0.83239138864823,3.38513750128654,9,0.0862745098039216,5.46314266384947,22.5555555555556,3.02760927357545,23.274078849489,10.776,0.75,1.8044411184531,0.583880714803772,3.6288
117.264602856701,75,0.673109100293959,9.7720502380584,75,0.180392156862745,11.5410665768194,48.76,8.53511726421298,53.2138204965385,29.889,0.961538461538462,1.35218605902582,0.863850114553036,10.5161472
52.4423246684198,15,0.709862238659301,4.37019372236832,15,0.109803921568627,5.79078669871594,32.7333333333333,4.07868585439764,-26.950858016446,14.051,0.789473684210526,1.41976776477461,0.637702876648641,3.02995862068965
80.1069741374945,35,0.632965004584039,6.67558117812455,35,0.0980392156862745,8.06371373431201,23.6285714285714,6.2427691827883,4.49975390531564,21.643,0.875,1.29168859174614,0.716002168196975,6.53616
50.664098947737,14,0.557059041862965,4.22200824564475,14,0.129411764705882,4.89848248335946,34.2142857142857,4.06805691298626,82.3724406484711,11.901,0.875,1.20413322333871,0.777485877943325,7.98336
257.626533936151,362,0.707035136862662,21.4688778280125,362,0.294117647058824,25.9862461433517,74.4889502762431,18.3769124439662,81.705490229453,70.462,0.945169712793734,1.41407030275556,0.839692759335426,64.0520228571429
77.7845377731429,32,0.538575375741364,6.38307648642292,32,0.0882352941176471,7.51271814513705,20.0625,6.33004602972168,38.1542940392926,21.544,0.864864864864865,1.1868346785888,0.659891791034498,8.67692463157895
76.5969178370751,32,0.387842299910307,6.38307648642292,32,0.141176470588235,6.78015486985744,38.03125,6.24944330380035,-3.63477007495114,17.789,0.941176470588235,1.08492141463774,0.917903003777411,1.5540970212766
145.836186713916,116,0.897348821952367,12.153015559493,116,0.250980392156863,19.6579441503903,65.2155172413793,8.67548287325483,-85.334563524641,47.959,0.789115646258503,2.26591930819121,0.558233607909088,14.0715105882353
111.658235800351,68,0.633077527489915,9.30485298336256,68,0.301960784313725,11.2757385319364,74.5147058823529,8.72841834928014,-14.9477223490665,31.65,0.860759493670886,1.2918421277168,0.705943846482794,12.3917797402597
44.9089238221147,11,0.68469019539811,3.74241031850956,11,0.12156862745098,4.49690773447605,34.8181818181818,3.27750029068392,-15.0706927760377,8.791,1,1.37205410698459,0.970807043706446,2.03372307692308
201.749651216783,222,0.654371054562729,16.8124709347319,222,0.235294117647059,19.5361190399657,62.536036036036,14.7726975886642,-63.5448519986144,53.748,0.948717948717949,1.32244763847036,0.861980001986023,34.1060072727273
71.6498558573022,28,0.395388814195493,5.97082132144185,28,0.123529411764706,6.46996990937326,31.4642857142857,5.94275694607343,-21.1729022432967,17.053,0.875,1.08871521552773,0.862775294335386,1.46855314285714
85.637957575333,40,0.371890780059923,7.13649646461108,40,0.0941176470588235,7.62452184293109,23.975,7.07766439818485,90,21.453,0.930232558139535,1.07726524090157,0.830980030741975,10.668672
60.5551805284838,19,0.707133624746638,4.91849075936594,19,0.0862745098039216,6.52337934284005,22.4210526315789,4.61255065220117,0.596744711991013,16.673,0.826086956521739,1.41426725356978,0.608125434365457,7.70023384615385
27.0811000102923,4,0,2.25675833419103,4,0.147058823529412,2.3094010767585,37.5,2.3094010767585,0,3.556,1,1,1,2.43277714285714
108.746718991886,217,0.865642809368889,16.6220630851748,217,0.2,26.058722734379,64.8709677419355,13.0466145407256,-84.4835753811967,71.645,0.764084507042254,1.99735514934051,0.487553304420219,24.2159261538462
38.2984589185375,8,0.717405907733603,3.19153824321146,8,0.164705882352941,4.13664260866049,45.25,2.88181446225832,-17.296144343755,7.865,1,1.43542988725889,0.829839423823584,5.38063448275862
156.743198433647,134,0.518237980269172,13.0619332028039,134,0.0980392156862745,14.6434365429359,25.865671641791,12.5236007737979,85.9967576891209,47.703,0.848101265822785,1.16926727443861,0.651366048421714,13.0673828571429
46.9058411426803,12,0.472903607729549,3.90882009522336,12,0.17843137254902,4.32462625520298,42.9166666666667,3.81048946659497,70.1946558799867,9.552,0.923076923076923,1.1349267051163,0.935883941216262,10.2704188235294
59.0218891123912,19,0.505045945491979,4.91849075936594,19,0.16078431372549,5.43782392063457,42.6842105263158,4.6933448197718,75.2110806593693,12.827,0.95,1.15862442020592,0.936332676741022,11.3199709090909
159.065446382856,138,0.777675829657996,13.255453865238,138,0.441176470588235,17.6294109079984,102.920289855072,11.0830023260918,-71.3354539798967,50.399,0.816568047337278,1.59067104646319,0.604954347390306,40.0880973913043
67.7027500257308,25,0.532405638869235,5.64189583547756,25,0.207843137254902,6.24155676126054,46.44,5.28341138495097,32.6680926437682,14.994,0.961538461538462,1.18134975804434,0.95518252342154,11.9412313043478
70.3587617140205,27,0.750983459095364,5.86323014283504,27,0.109803921568627,7.98283937316165,33.8148148148148,5.27123660541397,40.5737145659647,19.865,0.771428571428571,1.51441492210057,0.641016224618332,9.19686678260869
77.7845377731429,33,0.668414693266032,6.48204481442857,33,0.196078431372549,7.58962172041944,50.4242424242424,5.64507572790761,-62.8068636808729,17.326,0.970588235294118,1.34446765397647,0.989897605679916,16.70976
127.021618281629,88,0.457957215463166,10.5851348568025,88,0.135294117647059,11.4394241239565,38,10.1693532985702,36.1896977637123,32.113,0.946236559139785,1.12489199540003,0.889735940642887,6.43888551724138
23.4529205713402,3,0.730296743340221,1.95441004761168,3,0.109803921568627,2.58198889747161,30.3333333333333,1.76383420737639,45,3.093,1,1.4638501094228,0.969873184255889,2.42587636363636
33.1674383492482,6,0.74535599249993,2.76395319577068,6,0.186274509803922,3.46410161513775,46.1666666666667,2.3094010767585,0,5.516,1,1.5,1,6.21534315789474
92.8293339347406,47,0.934500330996867,7.73577782789505,47,0.235294117647059,13.9869384333332,60.7234042553191,4.97882223136828,-77.6344848200053,28.747,0.810344827586207,2.80928657087026,0.580813919972593,10.584576
82.3639502109324,37,0.297886379995053,6.8636625175777,37,0.137254901960784,7.13114969762618,35.972972972973,6.80740500586198,-73.5253924417047,19.286,0.948717948717949,1.04755772449052,0.924370908491252,93.12192
57.4476883778063,18,0.734047938868183,4.78730736481719,18,0.154901960784314,6.47362319037313,38.6111111111111,4.39622232039029,-54.1778507994439,14.696,0.857142857142857,1.47254226892657,0.710902244104186,4.05029376
184.171391567053,185,0.504615124773593,15.3476159639211,185,0.231372549019608,16.5835089997009,60.572972972973,14.3172798465862,46.2335450442574,46.553,0.958549222797927,1.15828629302479,0.941376434368944,33.42336
42.8189787876665,10,0.587407799848354,3.56824823230554,10,0.201960784313725,4.08574758561188,53.6,3.3065591380366,90,8.328,1,1.23564933063255,0.955243026453948,6.88731428571429
63.5108091408147,22,0.591706441821985,5.29256742840123,22,0.158823529411765,6.06797861388841,41.1363636363636,4.89172227708797,-36.2703986821864,14.233,0.956521739130435,1.24045852772751,0.915805573145428,6.04676571428571
110.834178517301,67,0.433698838720482,9.23618154310838,67,0.135294117647059,9.85284726867208,34.5223880597015,8.87798574941404,41.1975049486758,27.449,0.943661971830986,1.10980661005481,0.899723128684993,10.9275670588235
50.664098947737,14,0.798803627800099,4.22200824564475,14,0.203921568627451,5.57034906530657,53.6428571428571,3.35107664669114,-82.8386400108982,10.751,1,1.66225653800152,0.911530691177157,3.18198857142857
60.5551805284838,20,0.728572429763043,5.04626504404032,20,0.109803921568627,6.43864654499562,27.1,4.41027179834561,-69.5637958512559,14.63,0.869565217391304,1.45992057619009,0.795769261434157,4.08004011940298
76.5969178370751,32,0.549637924499527,6.38307648642292,32,0.0980392156862745,7.30622680895505,26.375,6.10364370542491,48.1149213193454,19.741,0.941176470588235,1.19702708112882,0.767979068338591,7.41220517647059
98.5766919987619,53,0.411326758545181,8.21472433323015,53,0.203921568627451,8.96068118734981,53.4528301886792,8.16755299836439,76.1587717116244,25.307,0.913793103448276,1.09710719834254,0.822932397318353,6.19804097560976
63.5108091408147,22,0.492842909387955,5.29256742840123,22,0.23921568627451,5.80100250389246,57.5454545454545,5.04755847255438,-85.345029912507,14.142,0.956521739130435,1.14926900509125,0.92547459294569,-0.199773658536585
99.5023150477446,54,0.365389632596116,8.29185958731205,54,0.213725490196078,8.64384459501188,56.6296296296296,8.04616310676963,-45,22.834,1,1.07428155262468,1,9.2596608
66.3348766984964,24,0.608463954134509,5.52790639154137,24,0.235294117647059,6.6747986006613,55.25,5.29699676719942,-15.9617806861094,17.045,0.888888888888889,1.2601100008204,0.740107945796824,-0.366053877551021
222.08153233635,269,0.778946010420925,18.5067943613625,269,0.262745098039216,23.5530178823283,66.7620817843866,14.7698853597241,89.451952649837,58.751,0.96415770609319,1.59466490827037,0.88243920169627,80.0598109090909
44.9089238221147,11,0.677848679151845,3.74241031850956,11,0.176470588235294,4.76181456545411,45.1818181818182,3.50089296049066,-56.9812444872891,11.14,0.846153846153846,1.36017142460326,0.677718382520307,6.70729846153846
35.8249279286511,7,0.3530939318019,2.98541066072092,7,0.188235294117647,3.23669437485075,39.2857142857143,3.0282120182066,90,6.368,1,1.06884668424492,0.972711556537156,1.45949538461539
27.0811000102923,4,0.7319250547114,2.25675833419103,4,0.143137254901961,3.05505046330389,38,2.08166599946613,90,4.59,1,1.46759877141069,0.840875939413586,-0.497664
136.080843393287,101,0.564962189185882,11.3400702827739,101,0.219607843137255,12.567399659686,58.3663366336634,10.369572524109,-70.5030514304207,33.337,0.952830188679245,1.21194963731312,0.953795102396773,166.116096
209.33182312206,239,0.591730823367039,17.444318593505,239,0.143137254901961,19.9174986922573,46.7364016736402,16.0562050934436,21.648168103666,64.285,0.888475836431227,1.24048606606242,0.66061029566682,18.5726769230769
66.3348766984964,24,0.412841767060039,5.52790639154137,24,0.254901960784314,5.94392627556049,59.5416666666667,5.41374448229601,-64.5982122520759,15.457,0.888888888888889,1.09793254834953,0.871888482036067,8.898048
72.918093356958,29,0.807573849840896,6.0765077797465,29,0.133333333333333,8.1017639064121,44.4827586206897,4.7781486168638,63.6895900254108,17.996,0.935483870967742,1.69558641977315,0.815636802380267,10.6417152
35.8249279286511,7,0.353093931801899,2.98541066072092,7,0.180392156862745,3.23669437485075,41.8571428571429,3.0282120182066,0,6.368,1,1.06884668424492,0.972711556537156,3.43661268292683
46.9058411426803,12,0.803276538696098,3.90882009522336,12,0.113725490196078,5.30391722881827,29.25,3.15904623912912,72.8631472330626,10.288,1,1.67896156856521,0.836113874855151,6.43464
114.895376755613,72,0.802015176901425,9.57461472963438,72,0.22156862745098,13.945507138345,55.6111111111111,8.32970238156679,14.0706701642297,37.572,0.742268041237113,1.67419032511962,0.545837672221282,5.37680842105263
59.0218891123912,19,0.505045945491979,4.91849075936594,19,0.125490196078431,5.43782392063457,36.6315789473684,4.6933448197718,-75.2110806593693,12.827,0.95,1.15862442020592,0.936332676741022,2.13544421052632
38.2984589185375,8,0.580947501931112,3.19153824321146,8,0.152941176470588,3.65148371670111,40.875,2.97209241668783,45,6.831,1,1.22859023366791,1,2.73387789473684
52.4423246684198,15,0.635251642220169,4.37019372236832,15,0.117647058823529,5.10685813392148,28.8,3.94405318873308,80.5376777919744,10.685,1,1.2948248640536,0.985986086591507,2.435904
163.611088219937,146,0.419745814803923,13.6342573516614,146,0.182352941176471,14.397819495136,49.9794520547945,13.068061326181,-49.6140423542482,40.557,0.973333333333333,1.10175634593105,0.96078855038253,6.24891661016949
110.834178517301,55,0.965768014635626,8.368283871884,55,0.172549019607843,17.9787674683347,53.0909090909091,4.66382333962616,83.5660549522976,35.57,0.833333333333333,3.85494178468943,0.461201249339998,5.65068643902439
46.9058411426803,12,0.864586399336762,3.90882009522336,12,0.115686274509804,6.17626294909825,37.5,3.10347446604188,-34.0163782965936,13.125,0.75,1.99011237781355,0.56989904285698,-1.26808615384615
196.22121147519,210,0.592353252843665,16.3517676229325,210,0.129411764705882,18.319732824681,35.6190476190476,14.7598123441364,-87.9976449873976,49.803,0.976744186046512,1.24119009087259,0.941425453472068,343.28448
156.743198433647,134,0.536554010362601,13.0619332028039,134,0.217647058823529,14.3139410582473,56.1567164179104,12.0790479137278,-51.8812504107037,39.697,0.943661971830986,1.18502229318749,0.91758070532674,4.64832
128.456936363,90,0.673723227685222,10.7047446969166,90,0.137254901960784,12.6155399615903,38.0222222222222,9.32267928271607,30.4839585539439,31.766,0.957446808510638,1.35320969208703,0.928138044061337,5.58576
66.3348766984964,24,0.452312921542192,5.52790639154137,24,0.125490196078431,6.33140756567726,32.3333333333333,5.64672475506882,38.6408753268133,17.417,0.827586206896552,1.12125308746346,0.713566318837153,-4.56585984
151.38795132121,125,0.151317299249168,12.6156626101008,125,0.305882352941176,12.8659405058053,77.12,12.7177923228737,-89.225921150511,39.217,0.93984962406015,1.01164889150337,0.875461056976405,19.5553175510204
82.3639502109324,37,0.452103268104608,6.8636625175777,37,0.172549019607843,7.37843896804898,42.2702702702703,6.58131375520293,73.8059425732995,19.079,0.973684210526316,1.1211194667958,0.941673420149202,0.22272
83.4695560596246,38,0.523295579616914,6.95579633830205,38,0.180392156862745,7.63306297251093,42.6842105263158,6.50452407935158,19.3423327118429,19.17,0.974358974358974,1.17350060963597,0.959251122222835,6.573312
42.8189787876665,10,0.589220679289243,3.56824823230554,10,0.13921568627451,4.23949682548924,39.8,3.4253953543107,90,8.998,0.909090909090909,1.23766642590731,0.852710548988117,-3.01217684210526
169.121415358702,156,0.590437879470178,14.0934512798919,156,0.109803921568627,16.0304036595421,28.1217948717949,12.9378676829721,-27.9518654909967,47.215,0.912280701754386,1.23902980401014,0.773075286441294,83.161728
54.1622000205846,16,0.535882892446253,4.51351666838205,16,0.154901960784314,5.40516321510931,55.9375,4.56353780357913,32.6720506279592,13.679,0.888888888888889,1.18442389386368,0.710636089910178,-1.37746285714286
48.8211473415386,13,0.304231628727588,4.06842894512822,13,0.211764705882353,4.52300715104044,57.9230769230769,4.30860796129128,26.5650511770781,12.546,0.866666666666667,1.04976066322936,0.663805136483107,-2.20764342857143
23.4529205713402,3,0.730296743340221,1.95441004761168,3,0.137254901960784,2.58198889747161,33.6666666666667,1.76383420737639,45,3.093,1,1.4638501094228,0.969873184255889,-3.276288
23.4529205713402,3,0.730296743340221,1.95441004761168,3,0.133333333333333,2.58198889747161,35.6666666666667,1.76383420737639,-45,3.093,1,1.4638501094228,0.969873184255889,-0.814628571428571
260.457679755252,370,0.685715987009911,21.704806646271,370,0.290196078431373,25.6961059360647,74.7702702702703,18.7034042976284,-29.6287034768047,69.197,0.948717948717949,1.3738732012184,0.888528735037498,43.8236509090909
38.2984589185375,8,0.547722557505166,3.19153824321146,8,0.145098039215686,3.65148371670111,42,3.05505046330389,90,7.22,1,1.1952286093344,0.936368556122002,11.318995862069
38.2984589185375,8,0.717405907733603,3.19153824321146,8,0.16078431372549,4.13664260866049,46.75,2.88181446225832,17.296144343755,7.865,1,1.43542988725889,0.829839423823584,10.37448
35.8249279286511,7,0.3530939318019,2.98541066072092,7,0.137254901960784,3.23669437485075,38,3.0282120182066,90,6.368,1,1.06884668424492,0.972711556537156,10.969344
62.0505953499169,21,0.770620399278313,5.17088294582641,21,0.129411764705882,7.39507319800122,32.1904761904762,4.71283901484842,-52.5770340251563,17.715,0.84,1.5691334193046,0.606655920818621,6.36435692307692
138.749349246747,105,0.656292011393971,11.5624457705622,105,0.176470588235294,13.4574147541445,47.8761904761905,10.1537134799041,-73.5153705599474,35.388,0.9375,1.32536877082252,0.888812856580995,26.83296
60.5551805284838,20,0.796757336587368,5.04626504404032,20,0.16078431372549,7.27971979026075,46.6,4.39913019152112,88.5687973869441,17.045,0.909090909090909,1.65480889933462,0.616756621497353,7.49158690909091
30.2775902642419,5,0.765092055676006,2.52313252202016,5,0.152941176470588,3.3065591380366,44,2.12916258968951,18.434948822922,4.962,1,1.55298573911107,0.95680770565741,3.2832
46.9058411426803,12,0.661437827766148,3.90882009522336,12,0.168627450980392,4.61880215351701,45.5833333333333,3.46410161513775,0,9.436,1,1.33333333333334,0.953226395020662,0.882681081081081
42.8189787876665,7,0.942065653768618,2.98541066072092,7,0.0764705882352941,6.77023447802845,21.1428571428571,2.27092985171856,-2.76377007582809,10.776,0.777777777777778,2.98126094599751,0.454129444847378,4.2349824
33.1674383492482,6,0.74535599249993,2.76395319577068,6,0.109803921568627,3.46410161513775,28.1666666666667,2.3094010767585,0,5.516,1,1.5,1,1.30542545454545
48.8211473415386,13,0.680728966871897,4.06842894512822,13,0.109803921568627,5.02707385065019,29,3.6825094215967,64.5469294431147,10.867,0.866666666666667,1.3651217892799,0.832461586784573,-0.290972903225806
35.8249279286511,7,0.3530939318019,2.98541066072092,7,0.0980392156862745,3.23669437485075,27,3.0282120182066,90,6.368,1,1.06884668424492,0.972711556537156,3.2845824
40.6216500154385,9,0.66581188486039,3.38513750128654,9,0.0980392156862745,4.05369123455442,26.1111111111111,3.02453869019341,69.6993526774978,7.683,1,1.34026760765133,0.965226527421804,1.728
38.2984589185375,8,0.894059341018905,3.19153824321146,8,0.137254901960784,5.03322295684717,40.25,2.25462487641145,0,8.328,1,2.23239928269498,0.764194421163159,-3.19788
101.328197895474,56,0.255692654093393,8.4440164912895,56,0.196078431372549,8.69592132088646,49.875,8.40685256609316,-75.9637565320737,23.802,0.982456140350877,1.0343848964307,0.969363991244285,10.064736
64.9381965576721,23,0.754708323700203,5.41151637980601,23,0.141176470588235,6.96184213686047,34.2608695652174,4.56738945536567,-53.8005906838928,15.639,0.92,1.52424972840489,0.819443687315933,3.32718545454545
44.9089238221147,11,0.47839528325838,3.74241031850956,11,0.172549019607843,4.16333199893227,43.2727272727273,3.65600754711653,-18.434948822922,8.907,0.916666666666667,1.13876460736955,0.952203789976801,1.15344
67.7027500257308,25,0.707495339289438,5.64189583547756,25,0.0862745098039216,7.07776808183419,22.24,5.00198617015639,-51.5499215411331,16.383,0.892857142857143,1.41499153357573,0.824111375673614,1.96992
46.9058411426803,12,0.661437827766148,3.90882009522336,12,0.0980392156862745,4.61880215351701,24.5833333333333,3.46410161513775,90,9.436,1,1.33333333333334,0.953226395020662,3.27124410810811
30.2775902642419,4,0.866025403784439,2.25675833419103,4,0.0862745098039216,3.65148371670111,22.25,1.82574185835055,-71.565051177078,5.053,0.8,2.00000000000001,0.748540176585029,-0.67584
38.2984589185375,8,0.782272678051271,3.19153824321146,8,0.107843137254902,4.27914326017336,28.625,2.66563306281633,-19.329904127045,7.774,0.888888888888889,1.60530093952703,0.843733339521361,1.5552
23.4529205713402,3,0.730296743340221,1.95441004761168,3,0.113725490196078,2.58198889747161,33,1.76383420737639,-45,3.093,1,1.4638501094228,0.969873184255889,-0.72576
57.0473511772727,5,0.765092055676006,2.52313252202016,5,0.0862745098039216,3.3065591380366,21.4,2.12916258968951,-18.434948822922,4.962,1,1.55298573911107,0.95680770565741,80.38656
66.3348766984964,24,0.686668472734909,5.52790639154137,24,0.141176470588235,6.81950892210071,35.375,4.95758322115949,-79.3014647288204,15.92,0.888888888888889,1.37557124467307,0.830047100549218,2.20555636363636
60.5551805284838,20,0.383661650001982,5.04626504404032,20,0.115686274509804,5.3416601664027,29.1,4.93288286231625,26.565051177078,12.645,1,1.08286783114378,1,-2.12072727272727
30.2775902642419,5,0.765092055676006,2.52313252202016,5,0.109803921568627,3.3065591380366,27.4,2.12916258968951,18.434948822922,4.962,1,1.55298573911107,0.95680770565741,1.24416
33.1674383492482,6,0.456435464587638,2.76395319577068,6,0.141176470588235,3.2659863237109,36,2.90593262902712,26.565051177078,6.277,1,1.12390297389803,0.849941598934415,2.81821090909091
91.8364782879097,46,0.384212571126571,7.65303985732581,46,0.231372549019608,8.0729184387693,64.0217391304348,7.45327883033316,-51.4719936251482,22.189,0.938775510204082,1.08313651247211,0.900900843877842,8.98153411764705
54.1622000205846,16,0.64799807032402,4.51351666838205,16,0.0980392156862745,5.45993637621001,24.375,4.15851673489543,36.7325810713274,13.034,0.888888888888889,1.31295284455488,0.768439080026433,0.0901565217391304
96.6988687448568,51,0.433777022730051,8.0582390620714,51,0.141176470588235,8.58489719243604,36.5490196078431,7.73516623190056,52.9552424994432,22.561,0.980769230769231,1.10985296696419,0.97012159772929,7.12687304347826
38.2984589185375,4,0.968245836551854,2.25675833419103,4,0.0784313725490196,4.61880215351701,22.5,1.15470053837925,0,5.88,1,4.00000000000001,0.617594511485095,2.985984
44.9089238221147,11,0.712016759302679,3.74241031850956,11,0.109803921568627,5.35817515447161,31,3.76230950190276,-43.9587173601346,13.861,0.6875,1.42417181567911,0.478158905640582,0.50112
40.6216500154385,8,0.935266377698521,3.19153824321146,8,0.0862745098039216,7.06495894036544,21.5,2.50060429448906,-14.7503623117496,13.489,0.666666666666667,2.82530065070091,0.363483246773488,-3.50208
133.358951558794,97,0.65896514820284,11.1132459632328,97,0.125490196078431,13.200230901643,32.3917525773196,9.92886352141982,68.5400583668311,35.479,0.932692307692308,1.32948054660695,0.817228926293575,8.35113056603773
40.6216500154385,9,0.834965721446866,3.38513750128654,9,0.12156862745098,4.76095228569523,29.7777777777778,2.61996136056702,63.434948822922,8.055,1,1.81718416055756,0.902153870791509,-6.42816
48.8211473415386,13,0.663721033237193,4.06842894512822,13,0.0941176470588235,5.00223336293345,23.6923076923077,3.74157154618497,-2.46355497382451,10.867,1,1.33693377266403,0.832461586784573,-7.50391405714286
55.8291179001753,17,0.520530856289618,4.65242649168128,17,0.0941176470588235,5.30872281830678,25,4.53281506815354,75.2306088702209,12.645,0.85,1.1711756907103,0.857199639351709,-0.97792
30.2775902642419,5,0.765092055676006,2.52313252202016,5,0.145098039215686,3.3065591380366,35.4,2.12916258968951,-71.565051177078,4.962,1,1.55298573911107,0.95680770565741,-2.59848
46.9058411426803,12,0.749795791889565,3.90882009522336,12,0.107843137254902,5.1783725996096,27.5833333333333,3.4263702040451,-73.9749272366394,11.438,0.923076923076923,1.51132898409405,0.709414939016046,-10.219472372093
38.2984589185375,8,0.760668121078518,3.19153824321146,8,0.0882352941176471,4.39189160894492,23.25,2.85095681516678,-82.2035945303668,8.237,0.888888888888889,1.54049741672008,0.77646654890214,2.2356
117.264602856701,75,0.624667676273902,9.7720502380584,75,0.266666666666667,11.1397094578691,68.24,8.69889557963382,-33.5942745922357,28.739,0.986842105263158,1.28058893866364,0.927295932785551,16.0199900689655
46.9058411426803,12,0.647525949980625,3.90882009522336,12,0.168627450980392,5.18862175311716,50.1666666666667,3.95395496416373,-10.3770356593997,12.182,0.8,1.31226121696977,0.642199425626403,8.28699428571428
129.168614586553,91,0.617917176636684,10.7640512155461,91,0.129411764705882,12.2422757566299,34.6813186813187,9.62540601378867,-82.3071179060671,32.295,0.938144329896907,1.27187110227792,0.910641301664253,31.3408689230769
46.9058411426803,12,0.625162953246884,3.90882009522336,12,0.129411764705882,4.56647495512171,36.0833333333333,3.56410746748772,-32.0668216029527,9.552,0.923076923076923,1.28123941176795,0.935883941216262,9.48672
27.0811000102923,4,0,2.25675833419103,4,0.113725490196078,2.3094010767585,28,2.3094010767585,0,3.556,1,1,1,5.474304
129.168614586553,91,0.619359704398309,10.7640512155461,91,0.250980392156863,12.4950172678806,61.5384615384615,9.80992993950342,-21.0433421176552,37.274,0.875,1.27371116256036,0.700089159687345,8.309952
38.2984589185375,7,0.597258862614451,2.98541066072092,7,0.101960784313725,3.73397447338639,26,2.99482875269175,-56.5992952568241,7.683,0.875,1.24680734083052,0.750731743550292,9.06552
38.2984589185375,8,0.742134036915362,3.19153824321146,8,0.168627450980392,4.34948270825129,45.75,2.91524730293841,60.1282185817646,9.18,0.888888888888889,1.49197726857246,0.662164901255594,10.56384
27.0811000102923,4,0,2.25675833419103,4,0.0882352941176471,2.3094010767585,24.75,2.3094010767585,0,3.556,1,1,1,6.61330285714285
97.6422946830773,52,0.590657625517828,8.13685789025644,52,0.176470588235294,9.16794994516103,44.3653846153846,7.39782309231517,-80.6307961126637,23.686,0.981132075471698,1.23927672110525,0.907924636354695,8.60603815384615
55.8291179001753,17,0.610958500409594,4.65242649168128,17,0.0980392156862745,5.30899411292551,24.8823529411765,4.20293221204544,-15.1716244421198,11.421,1,1.26316434457595,1,-1.50042566037736
40.6216500154385,9,0.66581188486039,3.38513750128654,9,0.145098039215686,4.05369123455442,40.5555555555556,3.02453869019341,-20.3006473225022,7.683,1,1.34026760765133,0.965226527421804,-0.42841358490566
44.9089238221147,11,0.68469019539811,3.74241031850956,11,0.101960784313725,4.49690773447605,25.8181818181818,3.27750029068392,-15.0706927760377,8.791,1,1.37205410698459,0.970807043706446,3.91824
77.7845377731429,33,0.787166906345482,6.48204481442857,33,0.101960784313725,8.76479908365088,32.1212121212121,5.40560242812287,19.970714338576,20.146,0.868421052631579,1.62142873069089,0.764670986426391,-1.41864585365854
197.153383997524,212,0.780713896434037,16.4294486664603,212,0.235294117647059,21.2302265864778,59.8160377358491,13.2665274102556,-70.5029819619491,54.426,0.913793103448276,1.60028513340016,0.803876971519476,22.6417371428571
30.2775902642419,5,0.765092055676006,2.52313252202016,5,0.137254901960784,3.3065591380366,34.2,2.12916258968951,-18.434948822922,4.962,1,1.55298573911107,0.95680770565741,1.36897476923077
55.8291179001753,17,0.772258996443506,4.65242649168128,17,0.0980392156862745,6.658896430538,27.7647058823529,4.23044906009874,63.8428057921488,16.491,0.80952380952381,1.57404009265687,0.554247156817216,6.210432
104.88464933684,60,0.672532975921756,8.74038744473663,60,0.150980392156863,10.499641974957,44,7.77044018186504,-20.7908988682599,30.261,0.869565217391304,1.35122872439858,0.67577288152494,-2.934144
54.1622000205846,16,0.707872615667576,4.51351666838205,16,0.131372549019608,5.79960431656117,34.5625,4.09649318783661,79.5727709802108,13.406,0.888888888888889,1.41574855629724,0.734277471465779,4.48045714285714
23.4529205713402,3,0.730296743340221,1.95441004761168,3,0.0980392156862745,2.58198889747161,24,1.76383420737639,-45,3.093,1,1.4638501094228,0.969873184255889,3.68388
136.080843393287,101,0.429868647491609,11.3400702827739,101,0.133333333333333,12.1083579012743,34.5544554455446,10.9325326577879,-60.981946535553,35.595,0.90990990990991,1.1075528681498,0.845840360821352,175.27104
76.5969178370751,32,0.463215566153198,6.38307648642292,32,0.125490196078431,6.86973879516576,33.6875,6.08827607396882,-38.2177462800224,17.21,0.96969696969697,1.12835533601017,0.970874376899997,7.73156571428571
38.2984589185375,8,0.580947501931112,3.19153824321146,8,0.0941176470588235,3.65148371670111,24.25,2.97209241668783,45,6.831,1,1.22859023366791,1,-3.92502857142857
100.419406462608,55,0.268095072936254,8.368283871884,55,0.180392156862745,8.60049022967486,44.0545454545455,8.28564743904774,70.812532932947,23.206,1,1.03799857439545,0.995613261334064,-0.503588571428576
99.5023150477446,54,0.357775061557209,8.29185958731205,54,0.141176470588235,8.67296050407345,34.7222222222222,8.09887815844713,14.1514835949079,23.206,0.981818181818182,1.07088418104272,0.977511202037081,4.179168
74.1646467884524,30,0.336523198677094,6.18038723237103,30,0.12156862745098,6.44980619863884,31.7333333333333,6.0736223860962,-5.76100470604713e-15,16.474,0.967741935483871,1.06193730670576,0.979779278810296,9.45470117647058
193.871172072028,205,0.50848033957127,16.1559310060024,205,0.180392156862745,17.5161217450532,50.9658536585366,15.082670005517,44.9175040730762,50.101,0.949074074074074,1.16134091236141,0.908751905295309,11.2034679069767
112.476255789782,69,0.400163702257457,9.37302131581521,69,0.427450980392157,10.0253477741053,96,9.18766656790962,-77.0492057855591,30.261,0.896103896103896,1.09117453272864,0.777138813753681,118.595108571429
77.7845377731429,33,0.565184366217996,6.48204481442857,33,0.270588235294118,7.47046464347475,62.8181818181818,6.16286906173724,65.5618670409817,19.121,0.942857142857143,1.212173188922,0.83670492245931,8.92929438202247
27.0811000102923,4,0,2.25675833419103,4,0.0843137254901961,2.3094010767585,21.5,2.3094010767585,0,3.556,1,1,1,6.27157627012987
85.637957575333,40,0.670708038097412,7.13649646461108,40,0.105882352941176,8.93000187485862,33.25,6.6235740489322,1.40607848877345,23.603,0.816326530612245,1.34821499826038,0.702745187615668,-1.57488607594937
62.0505953499169,21,0.466569474815844,5.17088294582641,21,0.0941176470588235,5.77350269189626,26.1904761904762,5.10657394988743,-8.13010235415597,14.804,0.954545454545455,1.13060199432215,0.819433184920418,-4.55616
60.5551805284838,20,0.809103510974472,5.04626504404032,20,0.149019607843137,6.85755961356324,48.65,4.02995568376292,-52.4153566418482,13.96,0.909090909090909,1.70164640797243,0.859343397094416,3.04460307692308
55.8291179001753,17,0.649300495864265,4.65242649168128,17,0.105882352941176,5.55627551494304,27,4.22572512188564,34.0087808984407,12.273,0.944444444444444,1.31486913007339,0.899072430143642,6.4841472
113.288369265916,70,0.452547548782182,9.4406974388263,70,0.12156862745098,10.1312500751705,31.3142857142857,9.03444371695914,-25.1279818654042,27.796,0.933333333333333,1.12140275511955,0.919040965585445,9.72897230769231
27.0811000102923,4,0,2.25675833419103,4,0.133333333333333,2.3094010767585,33.25,2.3094010767585,0,3.556,1,1,1,4.23932708571428
104.006938095831,59,0.467476980619174,8.66724484131922,59,0.145098039215686,9.87618312126383,53.6101694915254,8.73059767644657,50.4441634437549,33.28,0.776315789473684,1.13121500809822,0.558912741115224,11.999232
180.14530112165,177,0.590062114010073,15.0121084268041,177,0.270588235294118,16.7852165326606,69.5254237288136,13.5516763695704,65.3253663097787,45.122,0.967213114754098,1.23860813045617,0.954869093529657,37.5777792
57.4476883778063,18,0.774268057872471,4.78730736481719,18,0.150980392156863,6.36785929076511,41.5555555555556,4.02994931851588,-14.3238082284044,14.051,0.9,1.58013383977499,0.76524345197837,1.17010285714286
154.386023581936,130,0.691364813015908,12.8655019651614,130,0.290196078431373,15.5081050844582,71.8307692307692,11.2046965604997,-88.894602295845,41.202,0.902777777777778,1.38407184886465,0.830790389663477,20.6367319148936
75.3905917717706,31,0.551973138735537,6.28254931431422,31,0.0901960784313725,7.20513556393103,23.741935483871,6.00808796993329,53.130102354156,18.641,0.885714285714286,1.19923935867587,0.821017506859914,9.23574857142857
82.3639502109324,37,0.669060793373715,6.8636625175777,37,0.0901960784313725,8.19591676698552,23.6756756756757,6.09126828122808,-15.4856974754204,21.172,0.948717948717949,1.34551892784685,0.786526419969559,3.54853161290323
33.1674383492482,6,0.74535599249993,2.76395319577068,6,0.123529411764706,3.46410161513775,30.8333333333333,2.3094010767585,0,5.516,1,1.5,1,6.19272
27.0811000102923,4,0,2.25675833419103,4,0.0862745098039216,2.3094010767585,22,2.3094010767585,0,3.556,1,1,1,3.32404363636364
118.81784408086,77,0.712384813660466,9.90148700673831,77,0.137254901960784,12.1588487918455,37.6493506493507,8.53294699960291,45.8409486553298,31.766,0.905882352941176,1.42492960432209,0.794073659919144,7.566048
80.1069741374945,35,0.781926020807197,6.67558117812455,35,0.109803921568627,9.40313002861041,34.4571428571429,5.86164078905175,-81.9341292333581,24.819,0.777777777777778,1.60418053016373,0.562581133042936,3.19770947368421
55.8291179001753,17,0.5129591112085,4.65242649168128,17,0.105882352941176,5.34467666772061,26.5882352941176,4.58794015545133,67.5,13.381,0.894736842105263,1.16494036247838,0.782532517819548,0.20831119266055
57.4476883778063,18,0.570423794156919,4.78730736481719,18,0.129411764705882,5.38401841759365,33.5,4.42216638714053,90,12.066,1,1.21750697424008,0.978050832064206,3.09651742372881
84.5607076793511,39,0.534056055729439,7.04672563994593,39,0.113725490196078,7.87898337284569,32.2820512820513,6.66127916220487,22.0185681871819,21.246,0.928571428571429,1.18280335968351,0.824017824827624,0.175553084745763
169.121415358702,156,0.596846232723552,14.0934512798919,156,0.115686274509804,16.1922884123012,31.75,12.9919739466861,-81.0158656236141,49.663,0.88135593220339,1.24633011725146,0.703057861657341,17.2539169811321
82.3639502109324,37,0.529002397303063,6.8636625175777,37,0.12156862745098,7.57537462612227,31.6216216216216,6.42861691133672,41.5305880884886,19.195,0.948717948717949,1.17838327133217,0.93191808484001,6.42630857142857
69.0435287010191,26,0.55962907402732,5.75362739175159,26,0.1,6.45950174607463,27.2692307692308,5.35326817845757,70.9942448649917,15.432,1,1.20664639445278,0.947090278557041,2.96821028571429
123.360281446966,83,0.528019775674002,10.2800234539138,83,0.145098039215686,11.2916018868639,37.3493975903614,9.58919049572431,74.1425405841517,31.071,0.943181818181818,1.17753442189919,0.891078537263236,116.180845714286
60.5551805284838,20,0.383661650001982,5.04626504404032,20,0.096078431372549,5.3416601664027,25,4.93288286231625,-63.434948822922,12.645,0.952380952380952,1.08286783114378,1,8.85888
50.664098947737,14,0.611429250513635,4.22200824564475,14,0.119607843137255,4.88141184658825,31.0714285714286,3.86265681930401,24.3576445527144,10.404,1,1.26374463871419,0.958830581424272,8.85168
33.1674383492482,6,0.74535599249993,2.76395319577068,6,0.113725490196078,3.46410161513775,26.6666666666667,2.3094010767585,90,5.516,1,1.5,1,4.167936
112.476255789782,69,0.523199571371914,9.37302131581521,69,0.192156862745098,10.300581594539,44.8260869565217,8.77826060127605,26.6538877253187,27.341,0.958333333333333,1.17341943494383,0.933157927041171,8.22674440677966
74.1646467884524,30,0.771712665875949,6.18038723237103,30,0.109803921568627,9.66981502717445,33.0333333333333,6.14972534221453,43.4902413935134,28.185,0.652173913043478,1.57239786967337,0.384153504054313,4.14290979310345
54.1622000205846,16,0.818181818181818,4.51351666838205,16,0.154901960784314,6.35085296108588,39.9375,3.65148371670111,90,12.554,0.888888888888889,1.73925271309261,0.8161583134321,2.90184369230769
143.299711714604,112,0.184850504071441,11.9416426428837,112,0.258823529411765,12.6538523895224,68.9642857142857,12.435784140422,-44.251904314586,49.084,0.783216783216783,1.01753554473429,0.516013581734346,17.3598021818182
83.4695560596246,38,0.415124563764162,6.95579633830205,38,0.0980392156862745,7.68657890877925,26.4736842105263,6.99297725597356,86.7507189586323,21.271,0.883720930232558,1.09918545812704,0.801245588637215,28.1255563636364
99.5023150477446,54,0.451706385608571,8.29185958731205,54,0.145098039215686,9.00908788665074,37.4814814814815,8.03760780901138,-22.1509801867725,24.918,0.964285714285714,1.12086681768053,0.861868284974272,5.78238171428572
114.895376755613,72,0.514200350955231,9.57461472963438,72,0.325490196078431,10.5643050202097,81.5,9.06068853475951,14.407103447024,28.855,0.935064935064935,1.16594947278917,0.883761128821495,11.3654278481013
42.8189787876665,10,0.587407799848354,3.56824823230554,10,0.107843137254902,4.08574758561188,27,3.3065591380366,0,8.328,1,1.23564933063255,0.955243026453948,-0.0596160000000003
97.6422946830773,52,0.510799029189415,8.13685789025644,52,0.384313725490196,8.91936746183767,92.0961538461538,7.66798156491802,-76.0636766612944,23.272,1,1.1631962578842,0.936608847163788,18.93672
77.7845377731429,33,0.700421930706769,6.48204481442857,33,0.180392156862745,8.08141939066607,42.4848484848485,5.76794357018692,86.0464186485208,20.808,0.825,1.40109196498332,0.722982094574541,3.83238981818182
104.88464933684,60,0.47753126547397,8.74038744473663,60,0.137254901960784,9.38418848002565,34.95,8.24508647715706,-13.7475662967423,24.521,0.967741935483871,1.13815525234629,0.985315582882401,3.41750278481013
113.288369265916,70,0.74406967506253,9.4406974388263,70,0.2,11.9262296584505,50.5714285714286,7.96793821080304,65.8072992266277,31.733,0.909090909090909,1.49677737739993,0.723251955935008,5.4162432
170.202074375768,158,0.242892861964073,14.1835061979807,158,0.168627450980392,14.4848147140132,47.626582278481,14.0510397207716,80.4963845763594,42.608,0.957575757575758,1.03087138047161,0.948620461204388,14.3589062686567
75.3905917717706,31,0.443404123482017,6.28254931431422,31,0.184313725490196,7.30884250082693,50,6.5510749238427,17.399277332671,21.081,0.861111111111111,1.11567072362832,0.663942250588241,1.85472
40.6216500154385,9,0.945361757247111,3.38513750128654,9,0.252941176470588,7.28830012644346,57.8888888888889,2.37615516447258,-54.217474411461,13.77,0.6,3.06726607563997,0.395442510689666,-1.23437611267606
230.587257644781,290,0.653185102533823,19.2156048037317,290,0.131372549019608,22.3902356963568,35.7586206896552,16.9538477598534,82.8798306441004,63.482,0.914826498422713,1.32065806025324,0.821016273818251,46.24128
60.5551805284838,20,0.60034982026099,5.04626504404032,20,0.0862745098039216,5.8560510015994,23.55,4.68330367724893,-4.11722288862591e-15,14.051,0.952380952380952,1.25041026701889,0.850270502198188,-4.89742848
44.9089238221147,11,0.724342457709562,3.74241031850956,11,0.125490196078431,4.67806444435336,37.3636363636364,3.22524641413449,41.0282640947048,9.089,1,1.45045179303261,0.924075689838654,-3.10052571428571
35.8249279286511,7,0.3530939318019,2.98541066072092,7,0.12156862745098,3.23669437485075,31.7142857142857,3.0282120182066,90,6.368,1,1.06884668424492,0.972711556537156,-2.88576
208.013876191661,236,0.594481447967755,17.3344896826384,236,0.137254901960784,19.5423001115964,36.5127118644068,15.7141457695485,20.9665980997946,56.651,0.925490196078431,1.24361199127135,0.829520449182457,17.6896930909091
70.3587617140205,26,0.922267305427801,5.75362739175159,26,0.131372549019608,9.90727207659827,50.8076923076923,3.82968312276212,-84.3928173666641,20.047,0.8125,2.58696914575343,0.607623313866588,-4.38794847457627
60.5551805284838,20,0.625413752367158,5.04626504404032,20,0.127450980392157,6.2450586496954,31.6,4.87297743977245,54.1699655167777,15.457,0.909090909090909,1.28156937455204,0.726573735030056,-3.5758570212766
50.664098947737,14,0.62455679596411,4.22200824564475,14,0.150980392156863,5.15786957809343,36.5,4.02818984013507,-57.0727709802108,11.512,0.933333333333333,1.28044351999073,0.819312668907576,-5.02412544
160.213948274989,139,0.806176172272389,13.3033941803657,139,0.0823529411764706,18.7460695179909,20.7553956834532,11.0915913534622,35.5905632137124,58.744,0.767955801104972,1.69011541451528,0.456084754696347,81.7776
154.978678442824,131,0.586695165466043,12.9148898702353,131,0.105882352941176,14.6587249441098,28.5343511450382,11.8707507922716,89.6959304976428,43.915,0.891156462585034,1.23486081045971,0.743430211301418,18.0767481081081
113.288369265916,70,0.430094305711962,9.4406974388263,70,0.1,10.2935868907236,28.5,9.29288519145843,40.3598540151533,30.352,0.909090909090909,1.10768471563438,0.784123438536072,8.08704
59.0218891123912,19,0.45901797352693,4.91849075936594,19,0.0980392156862745,5.70978755695855,32.8421052631579,5.0727293194856,-81.3670952524927,15.085,0.904761904761905,1.12558490653658,0.718708017639367,-2.41474064516129
52.4423246684198,15,0.475270820628803,4.37019372236832,15,0.207843137254902,4.76095228569523,47.4,4.18887415264134,45,10.751,1,1.1365708570388,0.976640026261239,-7.130592
69.0435287010191,26,0.503585708887436,5.75362739175159,26,0.113725490196078,6.33017601841896,29.8461538461538,5.46892564494671,-73.0069164451757,16.375,0.962962962962963,1.1574807246224,0.857778618533966,-0.297747692307693
128.456936363,90,0.549425972459341,10.7047446969166,90,0.133333333333333,12.1907191314298,35.4444444444444,10.1858627105099,69.1402815749487,35.967,0.891089108910891,1.19682735551219,0.739448611352159,-2.86347789473684
94.7838500360231,49,0.430913894454123,7.89865416966859,49,0.231372549019608,8.59824645314278,58.1020408163265,7.75899783615821,35.00844673905,23.785,0.942307692307692,1.10816456386591,0.849264837780527,5.16564744827586
33.1674383492482,6,0.74535599249993,2.76395319577068,6,0.186274509803922,3.46410161513775,45.3333333333333,2.3094010767585,0,5.516,1,1.5,1,-4.73088
131.280503036571,94,0.471435304592014,10.9400419197143,94,0.117647058823529,11.8424002435824,34.5851063829787,10.4438204529972,-60.3654240710766,35.223,0.92156862745098,1.13391457626829,0.802558197311361,4.516128
40.6216500154385,9,0.66581188486039,3.38513750128654,9,0.113725490196078,4.05369123455442,30.5555555555556,3.02453869019341,-20.3006473225022,7.683,1,1.34026760765133,0.965226527421804,-4.20995368421053
117.264602856701,75,0.366372620230782,9.7720502380584,75,0.16078431372549,10.228210331894,40.6,9.5170246322567,8.60085444559639,28.557,0.949367088607595,1.07472773551797,0.937974789016541,3.93984
57.4476883778063,18,0.46504371891754,4.78730736481719,18,0.16078431372549,5.20611486021154,41.1111111111111,4.60890953205097,-64.5937588084437,12.273,1,1.12957627482326,0.951959043681503,-2.509940736
174.982469327048,167,0.825038712697777,14.5818724439206,167,0.207843137254902,19.8751066180413,61.3473053892216,11.2309499112561,89.9601471096257,52.152,0.869791666666667,1.76967280373334,0.686399119345512,17.76192
87.7527934971774,42,0.597334025665979,7.31273279143145,42,0.345098039215686,8.33244262738234,83.2380952380952,6.68255697033966,52.4251691494921,21.064,0.933333333333333,1.24689436459212,0.900798622810899,5.49692509090909
88.791324243983,43,0.460503965234056,7.39927702033192,43,0.133333333333333,7.97594348420229,35.5348837209302,7.07990722456159,80.8406348186952,20.791,0.977272727272727,1.12656045216697,0.943406407805562,-0.807963428571428
46.9058411426803,12,0.571051554197848,3.90882009522336,12,0.188235294117647,4.51422459329779,44.1666666666667,3.70579106701613,-55.2780226097917,9.734,1,1.21815410304084,0.90961298884306,-4.03533473684211
67.7027500257308,9,0.66581188486039,3.38513750128654,9,0.113725490196078,4.05369123455442,39.2222222222222,3.02453869019341,-69.6993526774978,7.683,1,1.34026760765133,0.965226527421804,-3.35364923076923
231.776881658775,293,0.563203186541652,19.3147401382313,293,0.250980392156863,21.3329853012677,66.6040955631399,17.6278392171107,-22.177782761979,60.389,0.954397394136808,1.21018719529507,0.912245376493192,35.31264
71.6498558573022,28,0.76899788625099,5.97082132144185,28,0.149019607843137,8.1898597824183,44.4285714285714,5.2353786817771,-28.7723173237836,21.519,0.875,1.56432997118717,0.578576615025812,3.0912
54.1622000205846,16,0.397328469893893,4.51351666838205,16,0.176470588235294,4.94821069633677,42,4.54085647993031,-11.4168270889588,12.066,0.941176470588235,1.08970867460949,0.869378517390405,6.04032
92.8293339347406,47,0.645087241362921,7.73577782789505,47,0.264705882352941,9.0278358165891,69.063829787234,6.89824993132363,45.4282791296615,22.197,0.959183673469388,1.30871393563104,0.919904497900469,8.41033309090909
75.3905917717706,31,0.459408216383303,6.28254931431422,31,0.0980392156862745,7.07616218356792,35.8387096774194,6.285225908535,-73.8059425732995,19.377,0.885714285714286,1.1258405483817,0.768226117897362,6.38864951351351
82.3639502109324,37,0.471935589437193,6.8636625175777,37,0.109803921568627,7.47555349368201,30.4054054054054,6.59069487686491,75.2009639864407,20.047,0.948717948717949,1.13425877443108,0.864694715887067,4.85289290322581
174.457783080461,166,0.626738612541154,14.5381485900385,166,0.203921568627451,16.6006544446183,54.5361445783133,12.9357207051644,63.2521484727497,45.437,0.965116279069767,1.28331886742041,0.883950802079466,15.4730057142857
91.8364782879097,46,0.424148886509538,7.65303985732581,46,0.105882352941176,8.20594217137973,25.3695652173913,7.43123944125183,5.178013124635,23.595,0.901960784313726,1.10424946420478,0.808640664115684,-2.87862503225806
114.094702354545,71,0.343015055449091,9.50789186287878,71,0.247058823529412,10.1554941672689,65.5915492957746,9.53935937843914,56.0955096172723,33.536,0.855421686746988,1.0645886966186,0.663233672032937,12.6378333658537
69.0435287010191,26,0.901312316711015,5.75362739175159,26,0.12156862745098,9.53155735567378,31.8461538461538,4.12878314675606,-71.8958010832192,19.195,0.838709677419355,2.30856332650036,0.654861356914601,-0.962959609756097
57.4476883778063,18,0.580921446061468,4.78730736481719,18,0.127450980392157,5.90019697995479,43.8333333333333,4.80252212984062,86.3777465737794,16.102,0.818181818181818,1.22856216388754,0.610815513403528,2.8353024
119.586899644005,78,0.646188694479358,9.96557497033376,78,0.166666666666667,11.5334889778383,44.1410256410256,8.80210135948188,88.7300067848952,29.715,0.928571428571429,1.31031085723798,0.907944745555033,4.61355264
27.0811000102923,4,0,2.25675833419103,4,0.17843137254902,2.3094010767585,48.75,2.3094010767585,0,3.556,1,1,1,-0.673919999999999
71.6498558573022,28,0.589738076535558,5.97082132144185,28,0.113725490196078,6.81375281269117,29.3928571428571,5.50274982174735,-73.7977282557023,16.499,0.933333333333333,1.23824506536034,0.912134155417982,0.797039999999999
30.2775902642419,4,0.866025403784439,2.25675833419103,4,0.0823529411764706,3.65148371670111,21.5,1.82574185835055,-71.565051177078,5.053,0.8,2.00000000000001,0.748540176585029,15.31008
70.3587617140205,27,0.60158860109081,5.86323014283504,27,0.0980392156862745,6.71509238440661,24.3703703703704,5.36405663111987,46.8506540962597,16.491,1,1.25186828667107,0.88027489612146,-0.509251764705884
35.8249279286511,7,0.3530939318019,2.98541066072092,7,0.0823529411764706,3.23669437485075,21.5714285714286,3.0282120182066,90,6.368,1,1.06884668424492,0.972711556537156,3.1328172972973
33.1674383492482,5,0.923686818283976,2.52313252202016,5,0.0980392156862745,4.49262203211671,30.4,1.72134074000651,20.9936062479083,6.368,1,2.60995509355093,0.694793968955111,2.6304
23.4529205713402,3,0.730296743340221,1.95441004761168,3,0.133333333333333,2.58198889747161,32,1.76383420737639,-45,3.093,1,1.4638501094228,0.969873184255889,-1.15877647058824
123.360281446966,83,0.390880468393926,10.2800234539138,83,0.188235294117647,10.8024247732717,46.433734939759,9.94299950158152,69.1633957977413,29.847,0.976470588235294,1.08643521218657,0.958429957466446,-0.466988429752066
78.9542957097545,34,0.398461063539316,6.57952464247954,34,0.123529411764706,6.96784742555187,34.7941176470588,6.39080687546673,3.81771647659528,17.88,0.971428571428571,1.09029228410896,0.966846542493164,-3.3702912
104.006938095831,59,0.836111197869081,8.66724484131922,59,0.286274509803922,11.9118923706502,70.3898305084746,6.53438758327611,-12.6223230006929,28.003,0.936507936507937,1.8229546715498,0.764357560399262,8.83562862385321
54.1622000205846,16,0.494461135279209,4.51351666838205,16,0.115686274509804,4.97309561429753,31,4.32261340831231,-14.8724406484711,11.512,0.941176470588235,1.15048354884903,0.936357335894372,-5.43522461538462
38.2984589185375,8,0.866025403784439,3.19153824321146,8,0.164705882352941,4.61880215351701,40.5,2.3094010767585,90,7.476,1,2,0.891759474057926,-5.42752744186047
40.6216500154385,9,0.66581188486039,3.38513750128654,9,0.0980392156862745,4.05369123455442,26.3333333333333,3.02453869019341,69.6993526774978,7.683,1,1.34026760765133,0.965226527421804,-3.9082852173913
30.2775902642419,5,0.765092055676006,2.52313252202016,5,0.109803921568627,3.3065591380366,27.8,2.12916258968951,-71.565051177078,4.962,1,1.55298573911107,0.95680770565741,-4.35456
42.8189787876665,10,0.676387462923434,3.56824823230554,10,0.103921568627451,4.61880215351701,35.4,3.40196021924615,39.8055710922652,9.643,0.909090909090909,1.35768846660426,0.768840184203987,-5.24324571428571
54.1622000205846,16,0.846152446340512,4.51351666838205,16,0.145098039215686,7.37580188153172,39.5625,3.93086673280332,-73.0274731323074,15.366,0.727272727272727,1.876380549862,0.586989026238999,-7.57221517241379
132.669753396993,96,0.584179321396605,11.0558127830827,96,0.156862745098039,12.3560268201947,42.7395833333333,10.0284555472453,-85.3323975404645,33.147,0.95049504950495,1.23209668348071,0.916095702187331,-0.117203478260869
70.3587617140205,27,0.739643795793142,5.86323014283504,27,0.0980392156862745,7.25407813486123,25.3333333333333,4.88198410430355,63.1903250299158,16.193,1,1.48588729087967,0.90761899175306,5.78895026086956
50.664098947737,14,0.196396101212394,4.22200824564475,14,0.152941176470588,4.36435780471985,38.2142857142857,4.27936036926876,90,10.106,1,1.01986218222272,1,-0.717353513513512
38.2984589185375,6,0.942928003954831,2.76395319577068,6,0.0980392156862745,5.5141761811007,30.8333333333333,1.83620228230974,-85.2688388959872,8.51,0.857142857142857,3.00303307224108,0.555380373646894,4.56687860869565
106.618397358971,62,0.635535318445379,8.88486644658095,62,0.12156862745098,10.312677526566,30.9838709677419,7.96212746504695,83.7434245069609,27.937,0.925373134328358,1.29521633154427,0.806638348644406,10.45780992
42.8189787876665,10,0.793573577181846,3.56824823230554,10,0.0980392156862745,4.86466208359205,23.5,2.96002187139361,-52.4657085890688,8.998,1,1.64345477667086,0.852710548988117,4.45527771428571
52.4423246684198,15,0.837595365033575,4.37019372236832,15,0.0980392156862745,6.30343821523883,26.2,3.44351241870532,-45,12,0.882352941176471,1.83052576810766,0.822163147738541,1.59997090909091
27.0811000102923,4,0,2.25675833419103,4,0.0843137254901961,2.3094010767585,21.5,2.3094010767585,0,3.556,1,1,1,0.4430592
123.360281446966,83,0.518081370669052,10.2800234539138,83,0.180392156862745,11.3951392310062,50.3012048192771,9.74661965584873,85.7578389325148,32.965,0.922222222222222,1.16913757111351,0.800045973147276,5.779188
30.2775902642419,5,0.765092055676006,2.52313252202016,5,0.156862745098039,3.3065591380366,41.4,2.12916258968951,-18.434948822922,4.962,1,1.55298573911107,0.95680770565741,8.7198912
57.4476883778063,18,0.706789428110408,4.78730736481719,18,0.0980392156862745,5.85613081237712,26.1666666666667,4.14276743636233,-79.5286747250059,12.736,0.947368421052632,1.41357942542854,0.897249154260357,4.78019368421053
38.2984589185375,8,0.580947501931112,3.19153824321146,8,0.123529411764706,3.65148371670111,30.125,2.97209241668783,-45,6.831,1,1.22859023366791,1,5.53700571428571
64.9381965576721,23,0.553461349014933,5.41151637980601,23,0.0980392156862745,6.18215948906308,24.695652173913,5.14896522907023,-54.0302359680996,15.25,0.92,1.20066056266211,0.854474332005831,5.14512
30.2775902642419,3,0.942809041582063,1.95441004761168,3,0.0980392156862745,3.46410161513775,27,1.15470053837925,0,3.92,1,3,0.756006962533367,3.850848
142.658546477408,111,0.709910231036448,11.8882122064507,111,0.129411764705882,14.4207091672333,34.7477477477477,10.1563925845423,72.7450072393409,37.952,0.909836065573771,1.41986527669097,0.826008696221119,7.10445954098361
108.324400041169,64,0.542197592328202,9.0270333367641,64,0.12156862745098,10.1166102116362,32.375,8.50049201472978,87.1387819989747,27.523,0.927536231884058,1.19012054762312,0.855294025116632,2.80694634146341
118.81784408086,77,0.635977972715424,9.90148700673831,77,0.133333333333333,11.5509294328429,37.974025974026,8.913935527433,-59.3347271907876,33.42,0.875,1.29582824525648,0.723852998526545,12.2303027848101
74.1646467884524,30,0.824459724388632,6.18038723237103,30,0.12156862745098,8.76928268722664,33.6333333333333,4.96271800935696,-45.3994854919043,19.675,0.882352941176471,1.76703223328277,0.724151677044479,4.31252756756757
91.8364782879097,46,0.442011478337719,7.65303985732581,46,0.113725490196078,8.37144235183549,30.9782608695652,7.50926243136199,-34.5664348206806,25.58,0.901960784313726,1.1148155266052,0.700729915451813,12.2357952
63.5108091408147,21,0.793459701867558,5.17088294582641,21,0.103921568627451,7.5926374856479,33.0476190476191,4.6210522162415,-53.3660801138974,19.005,0.807692307692308,1.64305381769162,0.538040940814261,2.63847724137931
38.2984589185375,8,0.897149958914611,3.19153824321146,8,0.125490196078431,5.22812904711937,43.625,2.3094010767585,45,8.907,0.888888888888889,2.26384628453436,0.692511847255855,9.41719341176471
54.1622000205846,16,0.652779308177709,4.51351666838205,16,0.096078431372549,5.40866176935722,24.6875,4.09732162898647,34.4193700915859,12.066,1,1.32004813366217,0.869378517390405,5.2416
50.664098947737,14,0.196396101212394,4.22200824564475,14,0.158823529411765,4.36435780471985,43.1428571428571,4.27936036926876,90,10.106,1,1.01986218222272,1,8.23901970731707
84.5607076793511,39,0.642726760340628,7.04672563994593,39,0.101960784313725,9.00009317946523,26.7948717948718,6.8949308633506,-36.6883335111796,26.299,0.78,1.3053202936819,0.565433290438781,3.29383384615385
23.4529205713402,3,0.730296743340221,1.95441004761168,3,0.0823529411764706,2.58198889747161,21,1.76383420737639,-45,3.093,1,1.4638501094228,0.969873184255889,2.17939591836735
40.6216500154385,9,0.66581188486039,3.38513750128654,9,0.125490196078431,4.05369123455442,34.6666666666667,3.02453869019341,69.6993526774978,7.683,1,1.34026760765133,0.965226527421804,6.241536
50.664098947737,14,0.590032055673356,4.22200824564475,14,0.096078431372549,4.87885990596916,25,3.93909303128056,-35.5147960957567,10.66,1,1.2385744300086,0.923590567984098,3.34368
27.0811000102923,4,0,2.25675833419103,4,0.147058823529412,2.3094010767585,36,2.3094010767585,0,3.556,1,1,1,5.0049792
127.741293266218,89,0.882930642595674,10.6451077721848,89,0.264705882352941,16.3416139116679,72.5842696629213,7.67244395005188,72.8637019111191,41.889,0.81651376146789,2.12990984594386,0.551549563284701,6.78189176470588
94.7838500360231,49,0.571574894193702,7.89865416966859,49,0.137254901960784,8.8480635741634,33.7755102040816,7.26027769141926,89.8059318030627,22.47,0.96078431372549,1.21869492466117,0.9387128703099,5.07331459459459
50.664098947737,14,0.535029351255804,4.22200824564475,14,0.125490196078431,4.79493458979306,33.7857142857143,4.05092123150077,-86.4374918255491,10.776,0.875,1.18366522471647,0.908258889694757,5.55984
30.2775902642419,5,0.765092055676006,2.52313252202016,5,0.164705882352941,3.3065591380366,38,2.12916258968951,-71.565051177078,4.962,1,1.55298573911107,0.95680770565741,4.05058909090909
92.8293339347406,47,0.665910524054151,7.73577782789505,47,0.0862745098039216,9.81586575843866,20.1276595744681,7.32294620659054,-75.48779266803,26.597,0.87037037037037,1.34042576328152,0.667831496637286,7.00580571428571
27.0811000102923,4,0,2.25675833419103,4,0.129411764705882,2.3094010767585,33.25,2.3094010767585,0,3.556,1,1,1,2.51173161290323
107.474783785953,63,0.654380910993407,8.95623198216277,63,0.201960784313725,10.8843830816123,50.6507936507937,8.23039036850763,45.5509405980986,30.36,0.851351351351351,1.32246255575675,0.705374094902437,-4.0362185915493
63.5108091408147,22,0.519467372249948,5.29256742840123,22,0.143137254901961,5.8672176049847,36,5.01348045033541,72.6459753637387,14.051,1,1.17028831828639,0.935297552418007,-4.61733517241379
38.2984589185375,7,0.904041941290464,2.98541066072092,7,0.166666666666667,4.93372983077034,42.7142857142857,2.10889203214042,33.4007047431759,7.592,1,2.33948905661275,0.763515195803554,-5.246208
64.9381965576721,23,0.761204695196771,5.41151637980601,23,0.298039215686275,7.03452642803996,80.5652173913043,4.5619726218927,90,16.309,0.92,1.54199225008094,0.763962467336555,4.955904
40.6216500154385,9,0,3.38513750128654,9,0.149019607843137,3.46410161513775,38.6666666666667,3.46410161513775,0,7.476,1,1,1,-2.23344
66.3348766984964,24,0.911294550568798,5.52790639154137,24,0.152941176470588,8.9438979401196,37.5416666666667,3.68269537055129,-81.5402295385501,17.119,0.888888888888889,2.42862823019237,0.734711462945776,-2.13445565217391
30.2775902642419,5,0.765092055676006,2.52313252202016,5,0.0980392156862745,3.3065591380366,26.2,2.12916258968951,18.434948822922,4.962,1,1.55298573911107,0.95680770565741,-2.82135272727273
100.419406462608,55,0.661962313691535,8.368283871884,55,0.207843137254902,9.73335025915557,50.0181818181818,7.29550732765433,-58.1519378217758,23.504,0.982142857142857,1.33415673811475,0.973468235413243,1.79240727272727
55.8291179001753,17,0.471362556619427,4.65242649168128,17,0.135294117647059,5.09064320221188,31.8823529411765,4.48963948943543,-11.3099324740202,12.157,1,1.13386458182014,0.912758368119037,-4.893696
48.8211473415386,13,0.403254990651144,4.06842894512822,13,0.12156862745098,4.44914281574235,34.3076923076923,4.07135565673514,-30.9637565320735,10.015,1,1.09279149031902,0.943770415331972,-5.38801548387097
76.5969178370751,32,0.697359455234333,6.38307648642292,32,0.101960784313725,7.82821787724089,26.78125,5.6106525051114,77.7655918678154,18.616,0.941176470588235,1.39524197410359,0.849450661929795,0.264714893617021
66.3348766984964,24,0.740367666411704,5.52790639154137,24,0.107843137254902,7.14864883909722,29.1666666666667,4.80533705578687,79.7851516036562,17.624,0.923076923076923,1.48764774585133,0.699410978110371,-1.49553509433962
135.405500051462,100,0.536631779816721,11.2837916709551,100,0.137254901960784,12.4609337622861,38.04,10.51474186267,49.4129841468324,34.9,0.961538461538462,1.18509174310076,0.868345348621537,43.8078494117647
27.0811000102923,4,0,2.25675833419103,4,0.0980392156862745,2.3094010767585,24.25,2.3094010767585,0,3.556,1,1,1,0.74461090909091
44.9089238221147,11,0.68469019539811,3.74241031850956,11,0.133333333333333,4.49690773447605,35.8181818181818,3.27750029068392,74.9293072239623,8.791,1,1.37205410698459,0.970807043706446,5.527008
138.749349246747,105,0.651437586768915,11.5624457705622,105,0.125490196078431,13.6121562892399,34.6857142857143,10.32757330249,-67.0498431087043,40.566,0.853658536585366,1.31804015237132,0.690693532403843,10.864089113924
30.2775902642419,3,0.942809041582063,1.95441004761168,3,0.0862745098039216,3.46410161513775,47.3333333333333,1.15470053837925,0,3.92,1,3,0.756006962533367,2.5754112
83.4695560596246,38,0.689184421131139,6.95579633830205,38,0.0980392156862745,8.30047945723375,26.5263157894737,6.01441099191526,84.7521419922654,19.766,0.974358974358974,1.38009847820368,0.90998567771516,5.01175741935484
38.2984589185375,8,0.856680200592909,3.19153824321146,8,0.0843137254901961,4.65343323482671,18.875,2.40046366264456,35.3549768904056,7.683,1,1.93855599951056,0.857979135486048,4.79985230769231
40.6216500154385,9,0,3.38513750128654,9,0.176470588235294,3.46410161513775,42.7777777777778,3.46410161513775,0,7.476,1,1,1,2.94535836734694
87.7527934971774,42,0.502682065989008,7.31273279143145,42,0.105882352941176,8.32621409500336,36.6904761904762,7.19777366219861,-68.6855490379358,24.455,0.857142857142857,1.1567763152558,0.693023925545785,4.43497521951219
55.8291179001753,17,0.544013487780881,4.65242649168128,17,0.137254901960784,5.26177484408103,33.2352941176471,4.41503147027361,80.5376777919744,11.975,1,1.19178648657627,0.934869443102716,3.84121756097561
35.8249279286511,7,0.779483762953957,2.98541066072092,7,0.12156862745098,3.87912606750787,30.2857142857143,2.42997158517582,45,6.186,1,1.59636684279466,1,4.55904
33.1674383492482,6,0.74535599249993,2.76395319577068,6,0.0980392156862745,3.46410161513775,27.3333333333333,2.3094010767585,0,5.516,1,1.5,1,3.96689795121951
140.064538357428,107,0.686614884083241,11.672044863119,107,0.203921568627451,13.819353592179,54.3364485981308,10.0469647017355,29.8045636301402,34.834,0.963963963963964,1.37547547965326,0.932361906366549,17.337888
30.2775902642419,5,0.931487698837005,2.52313252202016,5,0.101960784313725,4.88188997858735,27.8,1.77589890017284,10.9007047431759,7.013,0.833333333333333,2.74896841149697,0.609333219001905,4.62318545454545
35.8249279286511,7,0.3530939318019,2.98541066072092,7,0.0980392156862745,3.23669437485075,24.1428571428571,3.0282120182066,90,6.368,1,1.06884668424492,0.972711556537156,7.62048
63.5108091408147,22,0.540193442930545,5.29256742840123,22,0.103921568627451,5.93912841722368,27,4.99801932468223,32.4582029969045,14.324,0.956521739130435,1.18829640931836,0.906287293136746,1.63916047058824
132.669753396993,96,0.336516421113695,11.0558127830827,96,0.33921568627451,11.5275086478762,79.71875,10.8551966529003,-22.4298878302507,32.965,0.95049504950495,1.06193457534427,0.925354378579982,18.3471281632653
69.0435287010191,26,0.541664247792436,5.75362739175159,26,0.101960784313725,6.45641146743941,26.8076923076923,5.42722676980137,55.2520675638864,15.92,0.928571428571429,1.18963362713434,0.899217692261653,18.0255085714286
42.8189787876665,10,0.9133629933622,3.56824823230554,10,0.1,6.65473812272365,33.8,2.70945145456331,-32.7164143396993,13.034,0.769230769230769,2.4561200797732,0.480274425016521,8.391168
70.3587617140205,27,0.400028947818433,5.86323014283504,27,0.0882352941176471,6.3679196014357,21.0740740740741,5.83621426370027,-68.1852255088997,16.863,0.931034482758621,1.09110449234918,0.847840587949638,1.75578906122449
33.1674383492482,6,0.74535599249993,2.76395319577068,6,0.141176470588235,3.46410161513775,34.8333333333333,2.3094010767585,0,5.516,1,1.5,1,5.99418514285714
33.1674383492482,6,0.74535599249993,2.76395319577068,6,0.16078431372549,3.46410161513775,40,2.3094010767585,0,5.516,1,1.5,1,6.85865739130435
27.0811000102923,4,0,2.25675833419103,4,0.119607843137255,2.3094010767585,29.75,2.3094010767585,0,3.556,1,1,1,7.83524571428571
122.614895278807,82,0.62563353625194,10.2179079399006,82,0.143137254901961,11.6601742496189,37,9.09630123594468,57.8620299990369,29.508,0.964705882352941,1.28185885088577,0.966647610883832,8.12541978947368
35.8249279286511,7,0.856222400720973,2.98541066072092,7,0.176470588235294,4.31282648363321,46.2857142857143,2.22803805452514,-81.6503778830032,6.922,1,1.93570593413962,0.868563960642361,8.57711765853659
46.9058411426803,12,0.880359492975647,3.90882009522336,12,0.12156862745098,6.0159327060959,37.75,2.85339920254055,43.2967781225026,10.958,0.923076923076923,2.10833895963087,0.758539111278271,0.765636923076923
38.2984589185375,8,0.273861278752583,3.19153824321146,8,0.0901960784313725,3.65148371670111,24.625,3.51188458428425,90,8.146,1,1.03975048982007,0.789036683309539,-1.39119709090909
173.403647852246,163,0.916052244406828,14.4061808190732,163,0.154901960784314,24.798613781408,43.3558282208589,9.94570613268627,-85.3990049679658,62.283,0.751152073732719,2.49339900561792,0.47853688008045,21.6243490909091
54.1622000205846,16,0.632983080859772,4.51351666838205,16,0.168627450980392,5.27732525148406,43.0625,4.08552381668684,4.83667771620175,11.33,0.941176470588235,1.29171325104738,0.960057373958077,4.84704
23.4529205713402,3,0.730296743340221,1.95441004761168,3,0.141176470588235,2.58198889747161,40.6666666666667,1.76383420737639,45,3.093,1,1.4638501094228,0.969873184255889,9.08928
27.0811000102923,4,0,2.25675833419103,4,0.149019607843137,2.3094010767585,36.25,2.3094010767585,0,3.556,1,1,1,9.2085984
38.2984589185375,8,0.580947501931112,3.19153824321146,8,0.117647058823529,3.65148371670111,31,2.97209241668783,45,6.831,1,1.22859023366791,1,-0.61501090909091
242.598896773745,321,0.610671959804346,20.2165747311454,321,0.16078431372549,23.0224024264338,43.1495327102804,18.2310646811443,88.731230084939,68.37,0.894150417827298,1.26281173530392,0.788791088698711,35.8533415384615
54.1622000205846,16,0.559408121162296,4.51351666838205,16,0.0980392156862745,5.26997452766945,24.3125,4.36824165361554,89.1758277475519,12.736,0.941176470588235,1.20642925587863,0.797554803786984,1.59533419354839
40.6216500154385,9,0.667389883096677,3.38513750128654,9,0.12156862745098,4.1798509183313,32.5555555555556,3.11277049068599,11.9812444872891,8.146,0.9,1.34280729364347,0.887666268723232,2.0599296
62.0505953499169,21,0.452740395707613,5.17088294582641,21,0.0941176470588235,5.74247148983797,24.5714285714286,5.12023094719081,75.203851820321,14.605,0.954545454545455,1.12152587433357,0.83791351830453,0.562834285714285
50.664098947737,14,0.196396101212394,4.22200824564475,14,0.096078431372549,4.36435780471985,25.1428571428571,4.27936036926876,90,10.106,1,1.01986218222272,1,4.82279225806452
40.6216500154385,9,0.907935861168361,3.38513750128654,9,0.133333333333333,5.39917918412766,32.4444444444444,2.26284534954427,85.2688388959872,8.882,1,2.38601333724156,0.782318976012059,5.70597517241379
48.8211473415386,12,0.817149195721275,3.90882009522336,12,0.137254901960784,5.86180931485154,34.1666666666667,3.37890061027215,-4.45746347857393,12.273,0.857142857142857,1.7348273864674,0.634639362454335,5.30496
54.1622000205846,15,0.814986570345997,4.37019372236832,15,0.0941176470588235,6.63716355006851,30.8,3.84610250176544,-39.5361989220138,15.267,0.789473684210526,1.72568556012793,0.556237094188051,5.48516571428571
123.360281446966,83,0.482889602951286,10.2800234539138,83,0.109803921568627,11.2902902719568,30.5542168674699,9.88669536773119,-26.5560973127793,32.874,0.922222222222222,1.14196805424053,0.804094006498745,10.6297287804878
40.6216500154385,9,0.66581188486039,3.38513750128654,9,0.0862745098039216,4.05369123455442,17.7777777777778,3.02453869019341,20.3006473225022,7.683,1,1.34026760765133,0.965226527421804,3.44583529411765
54.1622000205846,16,0,4.51351666838205,16,0.115686274509804,4.61880215351701,31.5,4.61880215351701,0,11.396,1,1,0.951359929497573,-2.00785170731707
59.0218891123912,19,0.741884693656559,4.91849075936594,19,0.12156862745098,6.11788784806257,32.4210526315789,4.1022119211501,84.4175599112257,12.645,0.95,1.49136318787435,0.958046655746027,0.627017142857143
30.2775902642419,5,0.765092055676006,2.52313252202016,5,0.12156862745098,3.3065591380366,29.8,2.12916258968951,18.434948822922,4.962,1,1.55298573911107,0.95680770565741,1.80576
33.1674383492482,6,0.632455532033676,2.76395319577068,6,0.13921568627451,3.33333333333333,37,2.58198889747161,45,5.905,1,1.2909944487358,0.92127872757792,1.83433846153846
57.4476883778063,18,0.406316832112177,4.78730736481719,18,0.125490196078431,5.2058929854825,35.0555555555556,4.75679233154365,26.3120962522259,12.463,0.9,1.0944124995663,0.928918252930311,1.74738731707317
139.408494758524,106,0.900487915867529,11.6173745632104,106,0.101960784313725,18.0768111612308,26.3867924528302,7.86126232181243,-80.9126629270469,46.272,0.841269841269841,2.29947945014805,0.54553531257822,17.6122697142857
184.668481247306,186,0.439376605878323,15.3890401039422,186,0.149019607843137,16.4355788439896,40.3225806451613,14.7641290357856,9.42194664335058,50.581,0.925373134328358,1.11321018694382,0.809858008359419,6.83876571428571
74.1646467884524,30,0.681394782820285,6.18038723237103,30,0.113725490196078,7.72502185344227,30.5,5.65406772229373,-31.7996775997853,20.047,0.857142857142857,1.3662768528546,0.701103823692216,-2.91456
52.4423246684198,15,0.695894647535026,4.37019372236832,15,0.0941176470588235,5.27676895745313,24.3333333333333,3.78947935923967,31.8526049647081,11.049,1,1.39247861176156,0.936052172984956,5.33315368421053
44.9089238221147,11,0.68469019539811,3.74241031850956,11,0.211764705882353,4.49690773447605,55.4545454545455,3.27750029068392,-74.9293072239623,8.791,1,1.37205410698459,0.970807043706446,1.95140571428571
80.1069741374945,35,0.697111137090387,6.67558117812455,35,0.0941176470588235,8.2198671297589,23.0857142857143,5.89334128011767,28.0791114546457,19.865,0.897435897435897,1.39477195347404,0.830946957838578,5.075136
176.547172322631,170,0.405643398889366,14.7122643602193,170,0.164705882352941,15.5152860460766,42.0823529411765,14.1814589040673,-6.33311130127429,46.942,0.934065934065934,1.09405429660179,0.85166311012549,5.7456
127.021618281629,88,0.559325509855278,10.5851348568025,88,0.270588235294118,11.7680258086016,66.1931818181818,9.75508278762566,-55.5472987345078,31.071,0.98876404494382,1.20634812279906,0.944757967218853,25.4869835294118
54.1622000205846,16,0.561951486949017,4.51351666838205,16,0.111764705882353,5.03322295684717,41.625,4.16333199893227,0,10.776,1,1.20894104965398,1,1.15035428571429
27.0811000102923,4,0,2.25675833419103,4,0.115686274509804,2.3094010767585,29.5,2.3094010767585,0,3.556,1,1,1,3.80627576470588
46.9058411426803,11,0.822540924970707,3.74241031850956,11,0.0901960784313725,5.54894263720132,23.2727272727273,3.15571654364188,30.578669932294,11.438,0.916666666666667,1.75837802935162,0.650297027431375,2.77016589473684
27.0811000102923,4,0,2.25675833419103,4,0.123529411764706,2.3094010767585,31.5,2.3094010767585,0,3.556,1,1,1,-1.2695616
134.726771466344,99,0.535385897699675,11.2272309555287,99,0.141176470588235,12.4061468520985,36.9292929292929,10.4783254961885,76.1788904049852,35.198,0.951923076923077,1.18398181623688,0.846350139215679,12.5712
40.6216500154385,9,0.609994281330418,3.38513750128654,9,0.145098039215686,4.371625682868,42.1111111111111,3.46410161513776,-45,9.552,0.818181818181818,1.26197963240006,0.701912955912196,-2.39858317241379
119.586899644005,77,0.160978697014383,9.90148700673831,77,0.190196078431373,10.6649490497655,52.6103896103896,10.5258555164237,-10.1797876248892,36.447,0.802083333333333,1.01321446348231,0.61739123966226,-3.17952
66.3348766984964,24,0.613979715130998,5.52790639154137,24,0.170588235294118,6.37420430279168,42.3333333333333,5.0312984358629,-72.8955859931237,15.068,0.96,1.26691039779247,0.909537572332562,-4.26454690909091
33.1674383492482,6,0.74535599249993,2.76395319577068,6,0.107843137254902,3.46410161513775,28.3333333333333,2.3094010767585,0,5.516,1,1.5,1,-3.62270117647059
33.1674383492482,6,0.74535599249993,2.76395319577068,6,0.113725490196078,3.46410161513775,29,2.3094010767585,0,5.516,1,1.5,1,-2.93305263157895
30.2775902642419,5,0.765092055676006,2.52313252202016,5,0.0980392156862745,3.3065591380366,27.4,2.12916258968951,18.434948822922,4.962,1,1.55298573911107,0.95680770565741,-3.14586947368421
42.8189787876665,10,0.587407799848354,3.56824823230554,10,0.129411764705882,4.08574758561188,32.9,3.3065591380366,0,8.328,1,1.23564933063255,0.955243026453948,-1.77243428571429
40.6216500154385,9,0.536748159092064,3.38513750128654,9,0.101960784313725,3.95410096228573,26.3333333333333,3.33624304852277,7.62755935152889,8.146,1,1.18519571409419,0.887666268723232,-0.586017391304348
27.0811000102923,4,0.7319250547114,2.25675833419103,4,0.1,3.05505046330389,26.5,2.08166599946613,0,4.59,1,1.46759877141069,0.840875939413586,-1.904256
100.419406462608,55,0.405576686323666,8.368283871884,55,0.145098039215686,8.86208003189427,37.1818181818182,8.10048192891958,89.4604229749392,24.728,0.932203389830508,1.09401886327969,0.88983874445239,2.322432
138.087057402038,104,0.648875418212792,11.5072547835032,104,0.309803921568627,13.5540270173733,76.9519230769231,10.31318685047,49.1072789580819,39.168,0.896551724137931,1.31424235921369,0.730071701861445,10.0330338461538
38.2984589185375,8,0.717405907733603,3.19153824321146,8,0.133333333333333,4.13664260866049,34.625,2.88181446225832,72.703855656245,7.865,1,1.43542988725889,0.829839423823584,1.631232
85.637957575333,40,0.632574292270717,7.13649646461108,40,0.13921568627451,8.60950792175576,42.5,6.66806118837339,19.2695674644561,23.694,0.869565217391304,1.29115610648078,0.697987224161037,-0.942373161290322
30.2775902642419,5,0.765092055676006,2.52313252202016,5,0.133333333333333,3.3065591380366,37,2.12916258968951,-71.565051177078,4.962,1,1.55298573911107,0.95680770565741,-1.47508363636364
86.7018239261228,41,0.868064669227308,7.22515199384357,41,0.0882352941176471,11.3250831525812,24.0487804878049,5.62235039187195,75.6119079509139,27.656,0.773584905660377,2.01429693335255,0.543200523513086,1.029888
30.2775902642419,5,0,2.52313252202016,5,0.0862745098039216,2.78088714861523,23.4,2.78088714861523,0,5.624,1,1,0.817743873391467,1.029888
33.1674383492482,6,0.74535599249993,2.76395319577068,6,0.117647058823529,3.46410161513775,30.8333333333333,2.3094010767585,0,5.516,1,1.5,1,1.45152
111.658235800351,68,0.336584751396012,9.30485298336256,68,0.133333333333333,9.72221030577481,33.6764705882353,9.15495021866077,-79.4706105272146,28.284,0.944444444444444,1.06196211596626,0.865270352138987,8.515584
30.2775902642419,4,0.866025403784439,2.25675833419103,4,0.113725490196078,3.65148371670111,34.75,1.82574185835055,-71.565051177078,5.053,1,2.00000000000001,0.748540176585029,2.1109248
42.8189787876665,10,0.80618001979291,3.56824823230554,10,0.150980392156863,4.88875530875829,34.4,2.89253145147193,69.379277842736,9.18,1,1.69013038951419,0.827706126569492,1.35234782608696
42.8189787876665,10,0.853798549200467,3.56824823230554,10,0.109803921568627,5.3416601664027,29,2.78088714861523,52.1250163489018,9.552,0.909090909090909,1.9208475140973,0.779903284346885,2.045952
35.8249279286511,7,0.856222400720973,2.98541066072092,7,0.172549019607843,4.31282648363321,37.1428571428571,2.22803805452514,8.34962211699681,6.922,1,1.93570593413962,0.868563960642361,-0.252288
27.0811000102923,4,0,2.25675833419103,4,0.105882352941176,2.3094010767585,27.25,2.3094010767585,0,3.556,1,1,1,0.8957952
207.130586103057,234,0.890091863957196,17.2608821752548,234,0.164705882352941,26.4979230775059,45.474358974359,12.077254347681,84.4921288837303,63.391,0.883018867924528,2.19403535892194,0.664288641407787,10.1112685714286
27.0811000102923,4,0,2.25675833419103,4,0.13921568627451,2.3094010767585,34.5,2.3094010767585,0,3.556,1,1,1,-2.31984
42.8189787876665,10,0.630126037812605,3.56824823230554,10,0.109803921568627,4.25832517937902,28.3,3.3065591380366,63.434948822922,8.791,0.909090909090909,1.28784183243357,0.882551857914951,-1.2109824
38.2984589185375,8,0.866025403784439,3.19153824321146,8,0.103921568627451,4.61880215351701,26.625,2.3094010767585,0,7.476,1,2,0.891759474057926,-1.244736
67.7027500257308,24,0.742080605727774,5.52790639154137,24,0.125490196078431,7.62812908636758,32.5,5.11321620656181,43.5092693900089,19.286,0.827586206896552,1.49184559741056,0.599591940642974,0.784197818181818
30.2775902642419,5,0.765092055676006,2.52313252202016,5,0.0862745098039216,3.3065591380366,23,2.12916258968951,18.434948822922,4.962,1,1.55298573911107,0.95680770565741,-1.33302857142857
35.8249279286511,7,0.856222400720973,2.98541066072092,7,0.0941176470588235,4.31282648363321,26,2.22803805452514,-81.6503778830032,6.922,1,1.93570593413962,0.868563960642361,-1.13554285714286
531.714485818614,1542,0.497299680112562,44.3095404848845,1542,0.211764705882353,47.7347338155554,58.5350194552529,41.4136445662144,-83.63388331392,151.197,0.947756607252612,1.15263301058265,0.813476789876567,-334.8864
46.9058411426803,12,0.625162953246884,3.90882009522336,12,0.103921568627451,4.56647495512171,27.3333333333333,3.56410746748772,-32.0668216029527,9.552,1,1.28123941176795,0.935883941216262,-1.575936
44.9089238221147,11,0.68469019539811,3.74241031850956,11,0.0980392156862745,4.49690773447605,27.5454545454545,3.27750029068392,-74.9293072239623,8.791,1,1.37205410698459,0.970807043706446,-1.368576
87.7527934971774,42,0.422973263819638,7.31273279143145,42,0.1,7.9341594053655,27,7.18947635871786,-32.6462695966211,21.825,0.933333333333333,1.10357959460353,0.846721530869737,0.165888000000002
27.0811000102923,4,0,2.25675833419103,4,0.125490196078431,2.3094010767585,32,2.3094010767585,0,3.556,1,1,1,-2.198016
42.8189787876665,8,0.75,3.19153824321146,8,0.0980392156862745,4.61880215351701,22.25,3.05505046330389,90,8.816,0.8,1.51185789203691,0.703092299825153,-1.410048
124.101190699834,84,0.584951883061502,10.3417658916528,84,0.294117647058824,11.688492473623,73.8452380952381,9.48016216948944,3.6114588433281,30.707,0.943820224719101,1.23294224978986,0.921314523139046,10.9723452631579
124.101190699834,84,0.504591613813737,10.3417658916528,84,0.123529411764706,11.3852741057892,32.1547619047619,9.82956924260823,70.4026593969643,32.684,0.943820224719101,1.15826785739882,0.822436512824961,91.9296
35.8249279286511,7,0.3530939318019,2.98541066072092,7,0.109803921568627,3.23669437485075,34.8571428571429,3.0282120182066,90,6.368,1,1.06884668424492,0.972711556537156,-4.79719384615385
40.6216500154385,9,0.834965721446866,3.38513750128654,9,0.0862745098039216,4.76095228569523,21.5555555555556,2.61996136056702,26.565051177078,8.055,0.9,1.81718416055756,0.902153870791509,-5.04099310344828
38.2984589185375,8,0.866025403784439,3.19153824321146,8,0.131372549019608,4.61880215351701,33.625,2.3094010767585,90,7.476,1,2,0.891759474057926,-1.41449142857143
38.2984589185375,8,0.866025403784439,3.19153824321146,8,0.111764705882353,4.61880215351701,29.875,2.3094010767585,0,7.476,1,2,0.891759474057926,-4.78409142857143
27.0811000102923,4,0,2.25675833419103,4,0.113725490196078,2.3094010767585,30,2.3094010767585,0,3.556,1,1,1,-4.79788137931034
30.2775902642419,5,0.765092055676006,2.52313252202016,5,0.0901960784313725,3.3065591380366,23.4,2.12916258968951,-18.434948822922,4.962,1,1.55298573911107,0.95680770565741,-2.54644878688525
54.1622000205846,16,0,4.51351666838205,16,0.0941176470588235,4.61880215351701,25.25,4.61880215351701,0,11.396,1,1,0.951359929497573,-2.91560727272727
207.572700984108,235,0.491193381719702,17.297725082009,235,0.109803921568627,18.8726189400523,30.4468085106383,16.4390051195837,-79.5137944018801,58.412,0.910852713178295,1.14803899644568,0.77941886637219,201.8304
55.8291179001753,17,0.602811236766182,4.65242649168128,17,0.145098039215686,5.6634317167891,42.4705882352941,4.51876061274672,52.1501387245928,13.108,0.85,1.25331527871015,0.809047142587302,-11.8100945454545
62.0505953499169,18,0.879627409525968,4.78730736481719,18,0.0843137254901961,10.3304661200753,23.2222222222222,4.91382409868733,-12.1482451105592,22.007,0.545454545454545,2.10232721249321,0.357647337501886,-16.42032
27.0811000102923,4,0,2.25675833419103,4,0.137254901960784,2.3094010767585,35.75,2.3094010767585,0,3.556,1,1,1,-13.6386327272727
46.9058411426803,12,0.472903607729549,3.90882009522336,12,0.127450980392157,4.32462625520298,33.5833333333333,3.81048946659497,70.1946558799867,9.552,1,1.1349267051163,0.935883941216262,-14.6633142857143
33.1674383492482,6,0.74535599249993,2.76395319577068,6,0.103921568627451,3.46410161513775,26,2.3094010767585,90,5.516,1,1.5,1,-5.07089454545455
88.791324243983,43,0.669958186041489,7.39927702033192,43,0.105882352941176,9.19392935827929,35.7674418604651,6.82556243689799,62.0335040027885,27.077,0.796296296296296,1.34698487388794,0.591738533059717,-2.09245090909091
352.0543001338,676,0.734041268919522,29.3378583444833,676,0.211764705882353,35.8744373909859,61.0103550295858,24.3625049047361,-4.97989205023534,99.714,0.94019471488178,1.47252663596229,0.802972622352012,30.0504774193548
71.6498558573022,28,0.552089626478369,5.97082132144185,28,0.137254901960784,6.64759175871053,34.4642857142857,5.54266077217198,90,15.986,1,1.19935028174303,0.961716941635331,-8.93425371428572
48.8211473415386,13,0.505789614981344,4.06842894512822,13,0.16078431372549,4.47037145070718,47.2307692307692,3.85639661754271,-45,9.461,1,1.15920946262931,1,-12.36672
33.1674383492482,6,0.74535599249993,2.76395319577068,6,0.125490196078431,3.46410161513775,32.6666666666667,2.3094010767585,90,5.516,1,1.5,1,-15.021504
27.0811000102923,4,0,2.25675833419103,4,0.147058823529412,2.3094010767585,36.25,2.3094010767585,0,3.556,1,1,1,-12.7620654545455
30.2775902642419,4,0.866025403784439,2.25675833419103,4,0.101960784313725,3.65148371670111,32.5,1.82574185835055,-71.565051177078,5.053,0.8,2.00000000000001,0.748540176585029,-7.13703497142857
113.288369265916,69,0.563989951834794,9.37302131581521,69,0.188235294117647,10.8432153681908,49.6376811594203,8.95412828299152,-58.6555418945175,33.329,0.841463414634146,1.21097386875589,0.651888490389062,-2.87720498360656
138.749349246747,105,0.449959208643628,11.5624457705622,105,0.215686274509804,12.3108720005565,57.3428571428571,10.9942132674646,-48.8814846126971,33.726,0.972222222222222,1.11975924980356,0.97075492454553,16.8813257142857
44.9089238221147,11,0.812169594553456,3.74241031850956,11,0.0862745098039216,5.1049589675732,21.8181818181818,2.97834239401348,37.8749836510982,9.461,0.916666666666667,1.71402689557596,0.87032758986768,3.23462749090909
76.5969178370751,32,0.650194695620844,6.38307648642292,32,0.107843137254902,7.72037069088796,28.09375,5.86568777399078,-20.3122082136247,19.815,0.888888888888889,1.31619189229967,0.763035925761012,4.32810372413793
27.0811000102923,4,0,2.25675833419103,4,0.125490196078431,2.3094010767585,32.25,2.3094010767585,0,3.556,1,1,1,-7.1136
33.1674383492482,5,0.885504978506078,2.52313252202016,5,0.158823529411765,4.36313554209989,46.2,2.02724317927854,74.5181217339632,7.402,0.833333333333333,2.15225069527803,0.565200621470773,-5.62663384615385
33.1674383492482,6,0.74535599249993,2.76395319577068,6,0.0980392156862745,3.46410161513775,26.3333333333333,2.3094010767585,0,5.516,1,1.5,1,-1.38119791304348
44.9089238221147,11,0.415206736038263,3.74241031850956,11,0.137254901960784,4.23738627132773,46.5454545454545,3.85486505403347,-54.99155326095,9.552,1,1.0992307673375,0.857893612781573,-3.3841152
60.5551805284838,20,0.671487443729524,5.04626504404032,20,0.0862745098039216,6.23732267727744,29.9,4.62195548293006,64.1666700545493,13.96,0.909090909090909,1.34949864842128,0.859343397094416,-1.213056
144.573511980488,114,0.397095524330043,12.0477926650407,114,0.113725490196078,12.9202823277049,32.1140350877193,11.8579416340081,82.2190814483486,40.342,0.883720930232558,1.08958896294868,0.757641714104417,23.5589236363636
35.8249279286511,7,0.353093931801899,2.98541066072092,7,0.133333333333333,3.23669437485075,33,3.0282120182066,0,6.368,1,1.06884668424492,0.972711556537156,-2.56150588235294
33.1674383492482,6,0.887101009498983,2.76395319577068,6,0.133333333333333,4.64938032712149,36.5,2.14603932769135,-54.9276071846605,7.683,0.857142857142857,2.16649353398531,0.643484351614536,1.923264
92.8293339347406,47,0.384109507414395,7.73577782789505,47,0.109803921568627,8.67345524888806,25.4042553191489,8.00809318256651,-23.4255099586174,26.225,0.854545454545454,1.08308620431266,0.684858111108136,3.3716736
71.6498558573022,28,0.761739753559411,5.97082132144185,28,0.092156862745098,7.71583981654116,26,4.99896243727512,63.7192857861665,17.144,0.875,1.54348825648448,0.855051936015998,3.95180307692308
35.8249279286511,7,0.353093931801899,2.98541066072092,7,0.168627450980392,3.23669437485075,46,3.0282120182066,0,6.368,1,1.06884668424492,0.972711556537156,-3.69740911304348
75.3905917717706,31,0.445764044047423,6.28254931431422,31,0.105882352941176,6.7326890436098,28.2903225806452,6.02676996141617,-64.197582251623,16.954,1,1.11713058349879,0.964650336735915,0.246363428571428
469.644368446553,1203,0.868248294032989,39.1370307038794,1203,0.32156862745098,59.3920782522184,83.9102244389027,29.4661871749371,-81.2409366811627,165.562,0.856227758007117,2.01560106503142,0.53116179369616,112.59648
70.3587617140205,27,0.784292850024576,5.86323014283504,27,0.203921568627451,8.30250378271802,50.1851851851852,5.15079683445773,-59.4898538489644,22.098,0.794117647058823,1.61188725736104,0.532609544989012,-2.76745846153846
62.0505953499169,21,0.749897613727685,5.17088294582641,21,0.317647058823529,6.49869913926736,85.2857142857143,4.2992397915524,72.7908177604719,13.935,0.954545454545455,1.51159261970842,0.904954452275453,-1.56317538461538
30.2775902642419,3,0.942809041582063,1.95441004761168,3,0.0862745098039216,3.46410161513775,26.3333333333333,1.15470053837925,0,3.92,1,3,0.756006962533367,-3.50119384615385
44.9089238221147,11,0.960984681357933,3.74241031850956,11,0.176470588235294,7.6317493143997,37.4545454545455,2.11095403077992,-84.0411620476425,12.802,0.916666666666667,3.61530815125332,0.543788688275248,-3.17021538461538
27.0811000102923,4,0,2.25675833419103,4,0.117647058823529,2.3094010767585,30.25,2.3094010767585,0,3.556,1,1,1,-3.275424
42.8189787876665,10,0.657535505639407,3.56824823230554,10,0.103921568627451,4.25832517937902,30.9,3.20832251080426,1.29818558427082e-15,8.146,1,1.32727466301745,0.986295854136924,-2.52022153846154
57.4476883778063,18,0.708239690230453,4.78730736481719,18,0.115686274509804,5.80930373214935,30,4.10120608872605,-12.2358102668524,12.364,1,1.41648666428121,0.940818022409032,-2.86316307692308
44.9089238221147,11,0.68469019539811,3.74241031850956,11,0.145098039215686,4.49690773447605,40.9090909090909,3.27750029068392,-15.0706927760377,8.791,1,1.37205410698459,0.970807043706446,-0.701833846153847
42.8189787876665,10,0.589220679289243,3.56824823230554,10,0.113725490196078,4.23949682548924,31.8,3.4253953543107,0,8.998,0.833333333333333,1.23766642590731,0.852710548988117,-9.31941818181818
33.1674383492482,6,0.74535599249993,2.76395319577068,6,0.158823529411765,3.46410161513775,41.1666666666667,2.3094010767585,90,5.516,1,1.5,1,-6.97705411764706
100.419406462608,55,0.634294197977537,8.368283871884,55,0.156862745098039,9.68554788227926,43.1636363636364,7.48781726534102,-54.4866276612706,24.546,0.916666666666667,1.29350751214388,0.901575621109533,-4.86759724137931
57.4476883778063,18,0.525447245307404,4.78730736481719,18,0.119607843137255,5.44240762888177,29.5,4.63054290511936,26.4266566509891,12.918,0.947368421052632,1.1753281937772,0.877027716402732,-2.3342742
46.9058411426803,12,0.706819669993098,3.90882009522336,12,0.0901960784313725,5.04723559379131,22.8333333333333,3.57038304429487,83.952621461494,10.776,0.857142857142857,1.41363980591839,0.778507619738363,-0.703700425531914
131.280503036571,94,0.588464658615532,10.9400419197143,94,0.27843137254902,12.4160018384268,71.8404255319149,10.0386223175451,31.7861377799481,34.743,0.94,1.23682328567403,0.823023950683041,12.49506
27.0811000102923,4,0,2.25675833419103,4,0.1,2.3094010767585,25.5,2.3094010767585,0,3.556,1,1,1,-2.63912727272727
33.1674383492482,6,0.74535599249993,2.76395319577068,6,0.0843137254901961,3.46410161513775,22,2.3094010767585,90,5.516,1,1.5,1,-2.70555428571429
27.0811000102923,4,0,2.25675833419103,4,0.123529411764706,2.3094010767585,31.5,2.3094010767585,0,3.556,1,1,1,-5.78664
35.8249279286511,7,0.353093931801899,2.98541066072092,7,0.109803921568627,3.23669437485075,27.2857142857143,3.0282120182066,0,6.368,1,1.06884668424492,0.972711556537156,-5.2164
82.3639502109324,37,0.274989257411529,6.8636625175777,37,0.2,7.1925984330013,61.4324324324324,6.91530433453194,-65.3192136774896,21.172,0.925,1.04009861100179,0.786526419969559,-5.54216727272727
35.8249279286511,7,0.688972486206282,2.98541066072092,7,0.250980392156863,3.76358333265239,54.2857142857143,2.72779813678576,-59.5273020495386,6.831,0.875,1.37971475304515,0.884487590623178,-7.547904
46.9058411426803,12,0.773768908869994,3.90882009522336,12,0.0901960784313725,5.02934427355694,23.8333333333333,3.18592853380055,-80.5831235436706,9.643,1,1.57861176740124,0.922608221044785,-5.132808
63.5108091408147,22,0.419131203196807,5.29256742840123,22,0.115686274509804,5.62266174234859,31.6363636363636,5.1049589675732,-45,13.381,1,1.10141174063569,1,-2.50776
30.2775902642419,5,0.765092055676006,2.52313252202016,5,0.117647058823529,3.3065591380366,30.2,2.12916258968951,-71.565051177078,4.962,1,1.55298573911107,0.95680770565741,-4.292352
40.6216500154385,9,0.536748159092064,3.38513750128654,9,0.0823529411764706,3.95410096228573,21.6666666666667,3.33624304852277,-82.3724406484711,8.146,0.9,1.18519571409419,0.887666268723232,-4.2156288
246.720562893932,332,0.607388712647761,20.5600469078277,332,0.272549019607843,23.1741967538259,72.6265060240964,18.4096926339526,30.1780622760432,64.607,0.954022988505747,1.25880411012872,0.908965483092743,89.258112
33.1674383492482,6,0.74535599249993,2.76395319577068,6,0.213725490196078,3.46410161513775,50,2.3094010767585,0,5.516,1,1.5,1,-5.103
195.284589366155,208,0.387109797289611,16.2737157805129,208,0.188235294117647,17.0718606335344,50.9182692307692,15.7408295381351,-52.2778204045959,50.134,0.945454545454545,1.08455914551229,0.920908793012073,22.3529142857143
46.9058411426803,12,0.53748384988657,3.90882009522336,12,0.172549019607843,4.47213595499958,46.4166666666667,3.77123616632825,90,10.214,1,1.18585412256314,0.845404939381118,-6.106752
27.0811000102923,4,0,2.25675833419103,4,0.111764705882353,2.3094010767585,28.5,2.3094010767585,0,3.556,1,1,1,-11.0334809302326
85.637957575333,40,0.306750239876866,7.13649646461108,40,0.12156862745098,7.39181845956056,31.775,7.03545922648738,-59.2296301752133,19.377,1,1.05065187951506,0.991259506964338,-5.36202076595745
40.6216500154385,9,0.66581188486039,3.38513750128654,9,0.0980392156862745,4.05369123455442,22.4444444444444,3.02453869019341,69.6993526774978,7.683,1,1.34026760765133,0.965226527421804,-2.97648
77.7845377731429,33,0.637884348853965,6.48204481442857,33,0.184313725490196,7.58210910671204,49.030303030303,5.83922613075803,-76.8784159191604,18.459,0.942857142857143,1.2984784176748,0.888776309469655,-1.83560727272727
33.1674383492482,6,0.833333333333333,2.76395319577068,6,0.154901960784314,4,45.8333333333333,2.21108319357027,90,6.368,1,1.80906806746658,0.833752762746134,-2.39278628571429
54.1622000205846,16,0.561951486949017,4.51351666838205,16,0.150980392156863,5.03322295684717,41.625,4.16333199893227,90,10.776,1,1.20894104965398,1,-1.25077787234043
153.19383567415,127,0.481474146945681,12.716187407449,127,0.3,14.0079763126937,77.1181102362205,12.2774350282935,59.2812966810918,49.473,0.841059602649007,1.14095299876661,0.57650245382925,17.3738057142857
114.094702354545,71,0.463536342905216,9.50789186287878,71,0.172549019607843,10.2598818802037,45.4507042253521,9.09105467135082,27.1021763708257,28.094,0.946666666666667,1.12856893409037,0.914468418823679,6.580224
72.918093356958,29,0.748546273170054,6.0765077797465,29,0.168627450980392,7.89615884664704,49.8965517241379,5.23580519568804,64.8708258441421,17.88,0.90625,1.50810783662271,0.82466322742064,6.464448
33.1674383492482,5,0.923686818283977,2.52313252202016,5,0.0823529411764706,4.49262203211671,21,1.72134074000651,-69.0063937520917,6.368,1,2.60995509355093,0.694793968955111,6.13499586206897
54.1622000205846,16,0.836406888404742,4.51351666838205,16,0.0980392156862745,6.62298384716113,32.75,3.63011730208673,3.15720883389775,14.812,0.8,1.82445449995624,0.623773775087362,5.57650285714286
38.2984589185375,8,0.717405907733603,3.19153824321146,8,0.125490196078431,4.13664260866049,32.125,2.88181446225832,-17.296144343755,7.865,1,1.43542988725889,0.829839423823584,5.54289230769231
46.9058411426803,11,0.757448416708286,3.74241031850956,11,0.0803921568627451,5.7140004090425,27,3.73064236270509,-51.5276236118983,13.034,0.785714285714286,1.53163982325534,0.528301867518173,8.13017088
144.573511980488,114,0.356099277352104,12.0477926650407,114,0.235294117647059,12.5412969235917,61.6315789473684,11.7191914379526,-38.3841953592048,35.388,0.966101694915254,1.07015035892124,0.964996815716509,10.9594472727273
40.6216500154385,9,0,3.38513750128654,9,0.152941176470588,3.46410161513775,40.1111111111111,3.46410161513775,0,7.476,1,1,1,4.75632
42.8189787876665,10,0.828651524238238,3.56824823230554,10,0.105882352941176,5.24331158042302,28,2.93502135209755,80.0914237401905,10.313,0.833333333333333,1.78646454366535,0.694174660443952,5.07138206896552
78.9542957097545,34,0.817847762448738,6.57952464247954,34,0.113725490196078,8.94878362362208,34.0588235294118,5.14944018044785,-67.4633591962457,20.047,0.918918918918919,1.73781679367791,0.794584333517846,0.939218823529412
42.8189787876665,10,0.587407799848354,3.56824823230554,10,0.174509803921569,4.08574758561188,54.4,3.3065591380366,90,8.328,1,1.23564933063255,0.955243026453948,0.939218823529412
52.4423246684198,15,0.475270820628803,4.37019372236832,15,0.109803921568627,4.76095228569523,27.3333333333333,4.18887415264134,45,10.751,1,1.1365708570388,0.976640026261239,0.598917446808511
74.1646467884524,30,0.793168448878079,6.18038723237103,30,0.125490196078431,8.20788359381523,40.5333333333333,4.99862005616894,27.5650244520255,17.88,0.9375,1.64202990056939,0.853099890435144,4.2624
232.56658371389,295,0.687484498056225,19.3805486428241,295,0.176470588235294,22.8647876201066,48.0237288135593,16.604387122345,74.8499412100752,61.886,0.94551282051282,1.37703291615845,0.876670770722637,24.4924061538462
99.5023150477446,54,0.650638133516952,8.29185958731205,54,0.109803921568627,9.68032218491856,27.462962962963,7.35111976827182,-28.7385716796505,24.612,0.947368421052632,1.31685001606147,0.880978286230567,2.39698285714286
40.6216500154385,9,0.667389883096677,3.38513750128654,9,0.12156862745098,4.1798509183313,30.8888888888889,3.11277049068599,11.9812444872891,8.146,0.9,1.34280729364347,0.887666268723232,2.04397714285714
48.8211473415386,13,0.735104149400752,4.06842894512822,13,0.0941176470588235,5.36746766289368,24.2307692307692,3.63889721468919,-2.09245806255921,11.992,0.928571428571429,1.47502590653749,0.713294928643827,-1.67405268292683
60.5551805284838,20,0.701632085402785,5.04626504404032,20,0.147058823529412,6.09590424717579,38.4,4.34357204106606,12.2738193346256,13.472,0.952380952380952,1.4034311367562,0.910568755024263,0.750445714285714
69.0435287010191,26,0.392072885858212,5.75362739175159,26,0.107843137254902,6.12316811562384,27.3846153846154,5.63291149515291,82.8677438509601,15.457,1,1.08703431979941,0.944545855539073,-1.93042285714286
226.171775315312,279,0.407010849258108,18.8476479429427,279,0.219607843137255,19.8267232918215,57.9354838709677,18.1101914906281,70.1727480023984,59.289,0.942567567567568,1.09478264225321,0.899537249197231,39.713947826087
42.8189787876665,10,0.587407799848354,3.56824823230554,10,0.209803921568627,4.08574758561188,56.2,3.3065591380366,0,8.328,1,1.23564933063255,0.955243026453948,2.47396430769231
50.664098947737,14,0.652071200401997,4.22200824564475,14,0.119607843137255,4.91838146044775,31.7142857142857,3.72890894294322,45,10.106,1,1.318986742692,1,0.0837415384615394
40.6216500154385,9,0.536748159092064,3.38513750128654,9,0.109803921568627,3.95410096228573,36,3.33624304852277,7.62755935152889,8.146,1,1.18519571409419,0.887666268723232,0.633644307692308
40.6216500154385,9,0.66581188486039,3.38513750128654,9,0.113725490196078,4.05369123455442,28.5555555555556,3.02453869019341,69.6993526774978,7.683,1,1.34026760765133,0.965226527421804,1.097712
38.2984589185375,8,0.580947501931112,3.19153824321146,8,0.115686274509804,3.65148371670111,32.25,2.97209241668783,45,6.831,1,1.22859023366791,1,2.15335384615385
57.4476883778063,18,0.570423794156919,4.78730736481719,18,0.129411764705882,5.38401841759365,32.1666666666667,4.42216638714053,90,12.066,1,1.21750697424008,0.978050832064206,7.66833230769231
140.717523428041,108,0.664621147905502,11.7264602856701,108,0.133333333333333,13.8455654130908,36.3333333333333,10.3451367677276,-31.6211737653881,38.291,0.892561983471074,1.33836465616221,0.790586509063032,18.6528
46.9058411426803,12,0.732519215246639,3.90882009522336,12,0.109803921568627,4.99035943387617,38.25,3.39716899273021,1.90703741714518,10.106,0.923076923076923,1.46897591628657,0.859245326725582,-0.169658181818183
75.3905917717706,30,0.702492974884892,6.18038723237103,30,0.0901960784313725,8.68708200440427,25.3666666666667,6.18251527597339,63.8835184734982,25.117,0.769230769230769,1.40510481844892,0.472095717088658,-0.282763636363636
86.7018239261228,41,0.730501112857002,7.22515199384357,41,0.109803921568627,9.30610202810622,28.7073170731707,6.35524414478626,16.6519342659157,22.842,0.872340425531915,1.46431857157538,0.763124369439068,0.0876567272727266
30.2775902642419,5,0.765092055676006,2.52313252202016,5,0.113725490196078,3.3065591380366,28,2.12916258968951,18.434948822922,4.962,1,1.55298573911107,0.95680770565741,-3.78809018181818
42.8189787876665,9,0.837704027705399,3.38513750128654,9,0.117647058823529,5.61884482783225,30,3.0685887834199,19.968191573485,11.81,0.75,1.83108432716427,0.505914888673574,-4.14908509090909
48.8211473415386,13,0.725286026917756,4.06842894512822,13,0.109803921568627,5.21965780205523,28.2307692307692,3.59346119451228,23.3030014946411,10.685,0.866666666666667,1.45254324995255,0.854521275045973,-0.876567272727273
38.2984589185375,6,0.5,2.76395319577068,6,0.145098039215686,4,37.8333333333333,3.46410161513775,90,8.998,0.75,1.15470053837925,0.51162632939287,-1.46094545454545
137.421573733937,103,0.213529070826324,11.4517978111614,103,0.113725490196078,12.058555108232,30.747572815534,11.7804451582857,10.0171645366082,38.481,0.865546218487395,1.02360776237311,0.747117365972782,18.76608
385.608618929027,811,0.845087470978411,32.1340515774189,811,0.192156862745098,44.5766454336888,53.0875462392109,23.8319256302731,-46.3386012701341,112.285,0.957497048406139,1.87045923712787,0.764925196837864,169.0543872
54.1622000205846,16,0.327326835353989,4.51351666838205,16,0.158823529411765,4.83045891539648,39.125,4.56435464587638,-18.434948822922,11.81,1,1.05830052442584,0.899404246530798,0.0414719999999976
30.2775902642419,5,0.765092055676006,2.52313252202016,5,0.145098039215686,3.3065591380366,38.6,2.12916258968951,-71.565051177078,4.962,1,1.55298573911107,0.95680770565741,1.6236288
40.6216500154385,9,0.907935861168361,3.38513750128654,9,0.113725490196078,5.39917918412766,27.1111111111111,2.26284534954427,4.73116110401281,8.882,1,2.38601333724156,0.782318976012059,0.466559999999996
27.0811000102923,4,0,2.25675833419103,4,0.123529411764706,2.3094010767585,31.5,2.3094010767585,0,3.556,1,1,1,1.76256
260.809412096135,371,0.414050035927762,21.7341176746779,371,0.207843137254902,22.8815861211326,55.4393530997305,20.8280580988646,-44.4405539163993,69.04,0.951282051282051,1.09859431025785,0.894810049508791,19.3591296
42.8189787876665,10,0.650027085026159,3.56824823230554,10,0.131372549019608,4.35124503255486,40,3.3065591380366,-71.565051177078,8.998,0.909090909090909,1.31594350831378,0.852710548988117,1.74621046153846
46.9058411426803,12,0.661437827766148,3.90882009522336,12,0.12156862745098,4.61880215351701,33.75,3.46410161513775,90,9.436,1,1.33333333333334,0.953226395020662,-4.15522683870968
50.664098947737,14,0.745495551972498,4.22200824564475,14,0.105882352941176,5.48707094188664,27,3.65719095426834,8.51026280575993,11.421,0.933333333333333,1.5003512287163,0.829584246944417,5.58747677922078
30.2775902642419,5,0.765092055676006,2.52313252202016,5,0.0862745098039216,3.3065591380366,23,2.12916258968951,-18.434948822922,4.962,1,1.55298573911107,0.95680770565741,2.2891452631579
55.8291179001753,17,0.64200492564601,4.65242649168128,17,0.133333333333333,5.48918500061523,36.2352941176471,4.20856095167014,79.0044350414114,12.455,0.944444444444444,1.30429024639334,0.878211917576716,-2.09952
78.9542957097545,34,0.6128183177001,6.57952464247954,34,0.133333333333333,7.53331719667089,32.9411764705882,5.95300680584948,-53.5349504929553,18.616,0.944444444444444,1.26546423385046,0.902541328300408,5.0690448
174.457783080461,166,0.460685278253268,14.5381485900385,166,0.152941176470588,15.6565242990442,41.0903614457831,13.8961604560887,38.0370927305073,47.777,0.902173913043478,1.12667987308568,0.804572471035061,13.5756
54.1622000205846,16,0.586269107471624,4.51351666838205,16,0.247058823529412,5.13092891446943,63.25,4.15664950907918,62.0096749949132,11.512,1,1.23439055981559,0.936357335894372,4.93813028571428
278.816989517049,424,0.670422572193211,23.2347491264207,424,0.315686274509804,27.0531727269807,79.8632075471698,20.0728995054448,63.6833437785263,71.868,0.974712643678161,1.34774613501365,0.946982834063196,51.725952
99.5023150477446,54,0.524735535859443,8.29185958731205,54,0.107843137254902,9.23488352363951,28.3333333333333,7.86133592805148,-53.1418836749859,26.043,0.885245901639344,1.17472190581334,0.79670281537668,1.534464
72.918093356958,29,0.482073428503726,6.0765077797465,29,0.125490196078431,6.6317385363354,31.551724137931,5.81027050588166,34.8717689127385,16.474,0.935483870967742,1.14138206295596,0.94711996951662,19.001088
38.2984589185375,8,0.580947501931112,3.19153824321146,8,0.145098039215686,3.65148371670111,42.125,2.97209241668783,45,6.831,1,1.22859023366791,1,0.31104
38.2984589185375,8,0.580947501931112,3.19153824321146,8,0.133333333333333,3.65148371670111,37.375,2.97209241668783,45,6.831,1,1.22859023366791,1,2.025216
42.8189787876665,10,0.770752493308062,3.56824823230554,10,0.101960784313725,5.18973345494095,39.5,3.3065591380366,0,12.844,0.769230769230769,1.56952688226304,0.491759071303358,-1.1522304
40.6216500154385,9,0.750304835049144,3.38513750128654,9,0.0862745098039216,4.59342724747826,21.8888888888889,3.03667808245215,43.0929625828548,8.907,0.818181818181818,1.51264873086877,0.779075828162837,-0.0207359999999988
42.8189787876665,10,0.568759495306829,3.56824823230554,10,0.176470588235294,4.33233423076925,47.6,3.56336172449159,54.217474411461,9.461,0.909090909090909,1.21579973231243,0.791206899879709,1.53224228571429
27.0811000102923,4,0,2.25675833419103,4,0.123529411764706,2.3094010767585,31.5,2.3094010767585,0,3.556,1,1,1,1.907712
205.35260826595,230,0.465620124728673,17.1127173554958,230,0.152941176470588,18.3618991465807,41.704347826087,16.2499996023998,59.1256423215911,55.146,0.92741935483871,1.12996305205257,0.850717687456767,26.67168
30.2775902642419,5,0.765092055676006,2.52313252202016,5,0.133333333333333,3.3065591380366,33.4,2.12916258968951,71.565051177078,4.962,1,1.55298573911107,0.95680770565741,-0.0735793548387093
113.288369265916,70,0.533249519148131,9.4406974388263,70,0.133333333333333,10.4799989104606,33.8857142857143,8.86563899612061,-55.9518755398721,29.508,0.921052631578947,1.1820917719576,0.825186984900833,3.3944832
70.3587617140205,27,0.614029814174739,5.86323014283504,27,0.131372549019608,7.80918167157739,33.037037037037,6.16365301750208,86.5460317362449,21.825,0.75,1.26697295409114,0.544320984130545,0.29376
30.2775902642419,3,0.942809041582063,1.95441004761168,3,0.0980392156862745,3.46410161513775,31.6666666666667,1.15470053837925,0,3.92,1,3,0.756006962533367,2.33815122580645
35.8249279286511,7,0.3530939318019,2.98541066072092,7,0.117647058823529,3.23669437485075,30,3.0282120182066,0,6.368,1,1.06884668424492,0.972711556537156,0.4032
35.8249279286511,7,0.3530939318019,2.98541066072092,7,0.164705882352941,3.23669437485075,42,3.0282120182066,90,6.368,1,1.06884668424492,0.972711556537156,1.56065684210526
40.6216500154385,9,0.759113363612185,3.38513750128654,9,0.0980392156862745,4.43077101395282,26.8888888888889,2.88424782324025,-83.9526214614939,8.237,1,1.53619636227207,0.873524867514907,1.44781714285714
88.791324243983,43,0.731479659689044,7.39927702033192,43,0.162745098039216,9.17341406444678,43.3488372093023,6.25501403359687,-54.4298834611795,22.47,0.934782608695652,1.46656970155057,0.823768437210729,1.75145142857143
185.164236451396,187,0.95256259111601,15.4303530376163,187,0.149019607843137,32.7867269120676,48.8609625668449,9.97840266040087,-84.4787320985057,70.214,0.748,3.28576907826953,0.436701828331761,11.5834293975904
104.88464933684,60,0.682577635889031,8.74038744473663,60,0.145098039215686,10.450083245936,34.8166666666667,7.63705761677214,52.9493237085287,27.151,0.923076923076923,1.36833892977133,0.821652582487663,8.97197070422535
52.4423246684198,15,0.475270820628803,4.37019372236832,15,0.12156862745098,4.76095228569523,31.0666666666667,4.18887415264134,45,10.751,1,1.1365708570388,0.976640026261239,-0.373513846153846
30.2775902642419,5,0.901281139438573,2.52313252202016,5,0.0862745098039216,4.16333199893227,21,1.80369990112916,-45,5.814,1,2.30821767874241,0.783413778480016,0.169162105263158
578.135502600832,1821,0.710498216795035,48.1515234542245,1821,0.545098039215686,58.8739394064233,117.365733113674,41.429532342,-59.6276569526534,210.297,0.847370870172173,1.42106212834893,0.502312415397529,235.37952
38.2984589185375,8,0.717405907733603,3.19153824321146,8,0.17843137254902,4.13664260866049,48.75,2.88181446225832,17.296144343755,7.865,1,1.43542988725889,0.829839423823584,2.91246545454545
38.2984589185375,8,0.580947501931112,3.19153824321146,8,0.0862745098039216,3.65148371670111,22.875,2.97209241668783,45,6.831,1,1.22859023366791,1,0.29218909090909
63.5108091408147,22,0.724786372517532,5.29256742840123,22,0.103921568627451,6.77347105707108,31,4.66674319444269,19.6612916689773,15.457,0.916666666666667,1.45143428186431,0.799231108533062,-0.018850909090908
69.0435287010191,26,0.567140736923652,5.75362739175159,26,0.105882352941176,6.48012282189346,27.8461538461538,5.33716458125624,47.7653819528171,15.829,0.896551724137931,1.21415083294437,0.907865294761535,-0.414719999999999
27.0811000102923,4,0,2.25675833419103,4,0.145098039215686,2.3094010767585,37.25,2.3094010767585,0,3.556,1,1,1,1.38672
82.3639502109324,37,0.466580198180972,6.8636625175777,37,0.12156862745098,7.88286072274283,29.7027027027027,6.9722239547031,64.8710954155227,22.214,0.880952380952381,1.13060922511324,0.723209389446829,3.15648
35.8249279286511,6,0.833333333333333,2.76395319577068,6,0.101960784313725,4,28.8333333333333,2.21108319357027,-36.869897645844,6.186,1,1.80906806746658,0.866606557577131,-0.972288
33.1674383492482,6,0.74535599249993,2.76395319577068,6,0.0941176470588235,3.46410161513775,24.1666666666667,2.3094010767585,90,5.516,1,1.5,1,-1.76256
40.6216500154385,9,0.66581188486039,3.38513750128654,9,0.117647058823529,4.05369123455442,34.8888888888889,3.02453869019341,-20.3006473225022,7.683,1,1.34026760765133,0.965226527421804,-1.03032
59.0218891123912,19,0.616565197589454,4.91849075936594,19,0.180392156862745,5.75429254941204,52.1578947368421,4.53037669607289,-54.664064575555,13.588,0.95,1.27015763488279,0.853085837225243,-1.53216
221.668357034601,268,0.685994375945681,18.4723630862168,268,0.262745098039216,21.7983682418155,69.2761194029851,15.8606418718729,-4.76158838542839,57.362,0.985294117647059,1.37436860487169,0.919988356980413,65.4368914285714
42.8189787876665,10,0.657535505639407,3.56824823230554,10,0.123529411764706,4.25832517937902,35.7,3.20832251080426,0,8.146,1,1.32727466301745,0.986295854136924,-0.274447058823529
38.2984589185375,8,0.866025403784439,3.19153824321146,8,0.0941176470588235,4.61880215351701,23.75,2.3094010767585,0,7.476,1,2,0.891759474057926,-0.490955294117646
42.8189787876665,10,0.80618001979291,3.56824823230554,10,0.0980392156862745,4.88875530875829,30.5,2.89253145147193,-20.620722157264,9.18,1,1.69013038951419,0.827706126569492,1.1232
67.7027500257308,25,0.597177202396037,5.64189583547756,25,0.168627450980392,6.98511396887816,38.6,5.60282513634415,56.2450890135564,20.138,0.833333333333333,1.24671282770677,0.579694418935961,2.57980235294118
150.781183543541,124,0.638216908084043,12.5650986286284,124,0.205882352941176,14.4564401551899,53.3145161290323,11.1293858065648,87.0221855674982,38.134,0.961240310077519,1.29894321272092,0.914628886826998,15.9123665454545
30.2775902642419,4,0.866025403784439,2.25675833419103,4,0.125490196078431,3.65148371670111,44.5,1.82574185835055,-18.434948822922,5.053,0.8,2.00000000000001,0.748540176585029,-0.82944
71.6498558573022,28,0.44488215218778,5.97082132144185,28,0.180392156862745,6.45095358466468,47.9285714285714,5.77740383973749,70.3153413788176,16.565,0.933333333333333,1.11658346267825,0.906034669324176,-1.52470588235294
46.9058411426803,11,0.929658996809373,3.74241031850956,11,0.0843137254901961,6.75716155262934,20.9090909090909,2.48948128391492,16.8982825673853,11.512,0.846153846153846,2.71428493810692,0.643745668427381,-0.908724705882353
33.1674383492482,6,0.456435464587639,2.76395319577068,6,0.207843137254902,3.2659863237109,56.3333333333333,2.90593262902712,26.565051177078,6.277,0.857142857142857,1.12390297389803,0.849941598934415,-0.403806315789472
300.953764313192,494,0.715977510436809,25.0794803594327,494,0.417647058823529,30.9070861248194,97.834008097166,21.5769583433471,83.3506599959785,84.844,0.904761904761905,1.43241163249263,0.801887946626005,69.6011815384615
48.8211473415386,13,0.752321233583435,4.06842894512822,13,0.0941176470588235,5.47580228975047,25.1538461538462,3.60743910509599,-17.7316821207703,11.33,0.866666666666667,1.51791953522242,0.780046616340938,2.3976
77.7845377731429,33,0.635988609601191,6.48204481442857,33,0.145098039215686,7.67058643629982,37.3030303030303,5.91937961738813,27.3504066910431,19.286,0.916666666666667,1.29584296532825,0.824438918384089,4.747248
27.0811000102923,4,0.7319250547114,2.25675833419103,4,0.0941176470588235,3.05505046330389,24,2.08166599946613,90,4.59,1,1.46759877141069,0.840875939413586,-0.653184000000001
27.0811000102923,4,0,2.25675833419103,4,0.111764705882353,2.3094010767585,28.75,2.3094010767585,0,3.556,1,1,1,-0.251794285714288
52.4423246684198,15,0.695894647535026,4.37019372236832,15,0.149019607843137,5.27676895745313,40.2666666666667,3.78947935923966,-58.1473950352919,11.049,1,1.39247861176156,0.936052172984956,1.2636
94.7838500360231,49,0.398723940030933,7.89865416966859,49,0.113725490196078,8.45940690377082,29.6734693877551,7.75787675143935,64.8383311256627,24.728,0.924528301886792,1.09042811258909,0.792765426875766,11.73528
82.3639502109324,37,0.54472375195523,6.8636625175777,37,0.270588235294118,7.62272843338836,66.972972972973,6.39253856746175,-42.5891506791171,19.956,0.925,1.19244152427774,0.871521594034856,10.4245527272727
46.9058411426803,12,0.773768908869994,3.90882009522336,12,0.137254901960784,5.02934427355694,40.6666666666667,3.18592853380055,-9.41687645632942,9.643,1,1.57861176740124,0.922608221044785,3.86208
38.2984589185375,8,0.580947501931112,3.19153824321146,8,0.129411764705882,3.65148371670111,37.75,2.97209241668783,-45,6.831,1,1.22859023366791,1,3.0875904
48.8211473415386,13,0.710197961544802,4.06842894512822,13,0.0823529411764706,5.03299649557468,21,3.54323973976392,-70.2059345761585,10.404,0.928571428571429,1.4204504536038,0.89034268275111,4.204224
71.6498558573022,28,0.536073144724764,5.97082132144185,28,0.209803921568627,7.02858556335945,50.9285714285714,5.9333318763917,-47.9290572433504,19.865,0.848484848484849,1.18459336335554,0.664757566270863,10.6912376470588
27.0811000102923,4,0,2.25675833419103,4,0.113725490196078,2.3094010767585,28,2.3094010767585,0,3.556,1,1,1,1.65888
54.1622000205846,16,0.795947496078528,4.51351666838205,16,0.0882352941176471,6.35027529041757,23.0625,3.84423859854962,-46.7531934343787,13.588,0.842105263157895,1.65189415995496,0.718388073452837,-1.3824
134.726771466344,99,0.322914344576718,11.2272309555287,99,0.247058823529412,11.6218636674121,62.8484848484849,10.9992594396276,61.4968994629535,33.238,0.951923076923077,1.05660419514621,0.940003335824021,28.651968
33.1674383492482,6,0.833333333333333,2.76395319577068,6,0.12156862745098,4,33,2.21108319357027,0,6.368,1,1.80906806746658,0.833752762746134,3.43557818181818
217.493437983772,258,0.5453089280635,18.1244531653143,258,0.176470588235294,20.2754377222425,46.968992248062,16.9955846563551,-5.29753980616557,65.434,0.883561643835616,1.19298265591946,0.689430402099153,9.72409263157895
54.1622000205846,16,0.821184351644115,4.51351666838205,16,0.0901960784313725,6.20507392515241,24.1875,3.54100610703516,-51.1148078787789,12.364,0.941176470588235,1.75234770502778,0.836282686585807,5.79951797468355
60.5551805284838,20,0.799466103152028,5.04626504404032,20,0.0862745098039216,6.74252552909426,21.6,4.05031062465324,-5.71684063271333,13.935,0.952380952380952,1.66469344056087,0.861861383119479,4.1553852631579
57.4476883778063,18,0.570423794156919,4.78730736481719,18,0.158823529411765,5.38401841759365,39.8888888888889,4.42216638714053,0,12.066,1,1.21750697424008,0.978050832064206,1.51743865263158
33.1674383492482,6,0.632455532033676,2.76395319577068,6,0.0862745098039216,3.33333333333333,23,2.58198889747161,45,5.905,1,1.2909944487358,0.92127872757792,0.809431578947368
57.4476883778063,18,0.552810811787287,4.78730736481719,18,0.23921568627451,5.75145093414593,65.7222222222222,4.79272311615863,56.6544226225634,15.821,0.818181818181818,1.2000382235216,0.629052564911404,7.40212363636364
104.006938095831,59,0.472285067314874,8.66724484131922,59,0.2,9.28014665812572,50.4067796610169,8.17994691032596,-84.2025348765748,24.058,0.983333333333333,1.13449961960156,1,8.2689347368421
306.3876713483,512,0.675105260434625,25.5323059456917,512,0.447058823529412,30.0932136960177,101.119140625,22.2004082138703,-80.246204057818,89.195,0.919210053859964,1.35552524107265,0.754626645904714,93.249792
150.781183543541,124,0.675999121443209,12.5650986286284,124,0.270588235294118,14.8775058233175,72.9435483870968,10.9632701578886,82.4285073337992,38.688,0.946564885496183,1.35703176233529,0.89056224304403,17.2182857142857
182.169469159838,181,0.627200128247407,15.1807890966532,181,0.329411764705882,17.4590739107295,81.1657458563536,13.5981417972884,-50.1696848448012,49.572,0.923469387755102,1.28393086136306,0.818546218393754,31.166208
106.618397358971,62,0.407854552586871,8.88486644658095,62,0.12156862745098,9.4640108153078,32.1129032258064,8.6410858522355,14.3959298564657,26.415,0.925373134328358,1.09523397604705,0.891852062642997,5.08182260869566
42.8189787876665,10,0.764470787156438,3.56824823230554,10,0.156862745098039,4.53137212479105,38.5,2.92118697336089,-26.565051177078,8.146,1,1.55120920574886,0.986295854136924,1.264896
63.5108091408147,22,0.786592070129511,5.29256742840123,22,0.109803921568627,6.83965059029319,30.5,4.22329962144638,7.20857581287259,14.324,1,1.61950399056716,0.906287293136746,0.476434285714286
113.288369265916,70,0.628161014448028,9.4406974388263,70,0.331372549019608,10.8794345684451,79.3142857142857,8.46510717742804,19.7866148995866,28.259,0.933333333333333,1.28520931163811,0.892138361100293,38.092032
57.4476883778063,18,0.570423794156919,4.78730736481719,18,0.184313725490196,5.38401841759365,49.1111111111111,4.42216638714053,0,12.066,1,1.21750697424008,0.978050832064206,6.6212496
35.8249279286511,7,0.3530939318019,2.98541066072092,7,0.164705882352941,3.23669437485075,37.2857142857143,3.0282120182066,0,6.368,1,1.06884668424492,0.972711556537156,4.22318262857143
35.8249279286511,7,0.856222400720973,2.98541066072092,7,0.129411764705882,4.31282648363321,31,2.22803805452514,8.34962211699681,6.922,1,1.93570593413962,0.868563960642361,5.54688
38.2984589185375,8,0.580947501931112,3.19153824321146,8,0.143137254901961,3.65148371670111,36.875,2.97209241668783,-45,6.831,1,1.22859023366791,1,2.026944
127.021618281629,88,0.411437544552501,10.5851348568025,88,0.115686274509804,11.346825760854,32.3409090909091,10.3419276741734,2.15290422420307,33.122,0.916666666666667,1.0971673868103,0.84091264054433,11.1735138461538
88.791324243983,43,0.58576982869774,7.39927702033192,43,0.0980392156862745,8.32062233841366,27.093023255814,6.74367683083712,67.8984766303123,20.51,0.977272727272727,1.23384061056508,0.965956431289816,5.57737411764706
131.976956215761,95,0.50077188274087,10.9980796846468,95,0.270588235294118,11.8923030071227,67.0631578947368,10.2937312907754,-14.342030845611,31.832,0.969387755102041,1.15529565239184,0.976007094504995,15.2379105882353
35.8249279286511,7,0.856222400720973,2.98541066072092,7,0.113725490196078,4.31282648363321,26.5714285714286,2.22803805452514,81.6503778830032,6.922,1,1.93570593413962,0.868563960642361,3.38220972972973
330.566953410879,596,0.742172797718738,27.5472461175733,596,0.186274509803922,33.8641106397615,51.9026845637584,22.6960174447278,61.5648450264944,96.498,0.946031746031746,1.49207281507567,0.754383597477438,56.04552
50.664098947737,13,0.901900959757948,4.06842894512822,13,0.0862745098039216,7.42072084651715,21.9230769230769,3.2053275960111,-83.7750017460967,14.324,0.764705882352941,2.31512088054648,0.535533400489896,7.59480685714286
72.918093356958,29,0.569813221808937,6.0765077797465,29,0.12156862745098,6.88492035923218,32.8620689655172,5.65785015681144,54.5982292582467,17.715,0.935483870967742,1.21687923299691,0.837762938273333,-1.51749818181818
27.0811000102923,4,0.7319250547114,2.25675833419103,4,0.111764705882353,3.05505046330389,30,2.08166599946613,0,4.59,1,1.46759877141069,0.840875939413586,1.47131345454545
62.0505953499169,4,0.866025403784439,2.25675833419103,4,0.0823529411764706,4.61880215351701,25.25,2.3094010767585,90,7.22,0.666666666666667,2,0.468184278061001,5.9776704
27.0811000102923,4,0,2.25675833419103,4,0.117647058823529,2.3094010767585,30.75,2.3094010767585,0,3.556,1,1,1,3.73248
35.8249279286511,7,0.3530939318019,2.98541066072092,7,0.0901960784313725,3.23669437485075,23.5714285714286,3.0282120182066,90,6.368,1,1.06884668424492,0.972711556537156,0.0491115789473703
30.2775902642419,5,0,2.52313252202016,5,0.0980392156862745,2.78088714861523,27.8,2.78088714861523,0,5.624,1,1,0.817743873391467,0.754036363636364
42.8189787876665,10,0.587407799848354,3.56824823230554,10,0.119607843137255,4.08574758561188,33.5,3.3065591380366,0,8.328,1,1.23564933063255,0.955243026453948,2.73517714285714
46.9058411426803,10,0.85104977192037,3.56824823230554,10,0.0843137254901961,6.11010092660779,22,3.20832251080426,0,11.628,0.833333333333333,1.9044534662683,0.576066776407691,0.89856
23.4529205713402,3,0.730296743340221,1.95441004761168,3,0.0980392156862745,2.58198889747161,28,1.76383420737639,-45,3.093,1,1.4638501094228,0.969873184255889,1.047168
35.8249279286511,7,0.3530939318019,2.98541066072092,7,0.137254901960784,3.23669437485075,39,3.0282120182066,90,6.368,1,1.06884668424492,0.972711556537156,3.07741090909091
173.931514059148,165,0.784878933196498,14.4942928382623,165,0.26078431372549,18.6722917990521,66.8848484848485,11.5702696081708,69.3546965215194,49.241,0.926966292134832,1.61381648236321,0.755648506911699,57.58776
54.1622000205846,16,0.408991294902405,4.51351666838205,16,0.127450980392157,5.42076861948214,36.0625,4.94665889674074,20.6957655737168,14.878,0.8,1.09584443411972,0.619212775803472,1.67773090909091
201.294747253007,221,0.485416516082356,16.7745622710839,221,0.16078431372549,18.0444962283745,45.5339366515837,15.7759967276539,-52.5414310679329,52.359,0.944444444444444,1.14379436937535,0.901585454123757,14.46498
33.1674383492482,6,0.74535599249993,2.76395319577068,6,0.096078431372549,3.46410161513775,24.1666666666667,2.3094010767585,90,5.516,1,1.5,1,-5.59872
42.8189787876665,10,0.657535505639407,3.56824823230554,10,0.156862745098039,4.25832517937902,42.6,3.20832251080426,90,8.146,1,1.32727466301745,0.986295854136924,-5.27641043478261
38.2984589185375,8,0.580947501931112,3.19153824321146,8,0.1,3.65148371670111,25.625,2.97209241668783,-45,6.831,1,1.22859023366791,1,-4.05090327272727
66.3348766984964,24,0.51064556017425,5.52790639154137,24,0.0980392156862745,6.07531535498746,25.5,5.22350340115694,-2.64961450734446,14.514,1,1.16307292030132,0.967512322706522,-4.3335
33.1674383492482,6,0.74535599249993,2.76395319577068,6,0.156862745098039,3.46410161513775,39.6666666666667,2.3094010767585,90,5.516,1,1.5,1,-3.35763692307693
40.6216500154385,9,0.50395263067897,3.38513750128654,9,0.0980392156862745,3.94405318873308,28.4444444444444,3.40660215927909,63.434948822922,8.626,0.9,1.15776747748194,0.816727390150733,-0.387435789473684
69.0435287010191,26,0.354242633787794,5.75362739175159,26,0.113725490196078,6.19316385592282,28.8076923076923,5.79155914682109,-88.3084971043347,16.292,0.928571428571429,1.06934310760206,0.865121333107297,0.368827534883721
57.4476883778063,18,0.805387282796419,4.78730736481719,18,0.1,6.60826275683671,24.8888888888889,3.91704084936795,37.8849724546532,13.778,0.857142857142857,1.68705484853522,0.790137298369577,5.48777579617834
59.0218891123912,19,0.667712060632636,4.91849075936594,19,0.101960784313725,5.81118709857687,28.3157894736842,4.32596182221201,85.7679771680186,12.827,1,1.34332833654214,0.936332676741022,9.70395428571429
46.9058411426803,12,0.623100272611471,3.90882009522336,12,0.115686274509804,4.68949178609742,30,3.66784831100869,-72.5345313494447,10.404,1,1.27854027442257,0.821854784077947,3.25539249230769
50.664098947737,14,0.196396101212395,4.22200824564475,14,0.101960784313725,4.36435780471985,26,4.27936036926876,0,10.106,1,1.01986218222272,1,0.630144
23.4529205713402,3,0.730296743340221,1.95441004761168,3,0.125490196078431,2.58198889747161,36,1.76383420737639,-45,3.093,1,1.4638501094228,0.969873184255889,2.72453008695652
42.8189787876665,10,0.59225774015139,3.56824823230554,10,0.101960784313725,4.16333199893227,33.6,3.35459883344243,-45,8.626,1,1.24108193129607,0.907474877945258,4.1596416
104.88464933684,60,0.51136626316367,8.74038744473663,60,0.16078431372549,9.74501918955167,38.6333333333333,8.37450767347237,-40.2873828535774,30.443,0.869565217391304,1.16365278647014,0.668468495661285,7.47565714285714
40.6216500154385,9,0.66581188486039,3.38513750128654,9,0.137254901960784,4.05369123455442,35.4444444444444,3.02453869019341,69.6993526774978,7.683,1,1.34026760765133,0.965226527421804,5.20897745454546
54.1622000205846,16,0.770265303021161,4.51351666838205,16,0.16078431372549,5.7713139329335,43.375,3.68050297570784,31.9605906945943,11.512,1,1.56807750761934,0.936357335894372,6.711552
167.487353700526,153,0.472586792196696,13.9572794750438,153,0.125490196078431,14.9648206140399,31.5751633986928,13.1882589668285,24.5019815328475,42.401,0.950310559006211,1.13470782244115,0.926970244752572,10.5240896703297
35.8249279286511,7,0.3530939318019,2.98541066072092,7,0.137254901960784,3.23669437485075,36.4285714285714,3.0282120182066,90,6.368,1,1.06884668424492,0.972711556537156,8.377344
46.9058411426803,11,0.868845762950432,3.74241031850956,11,0.0901960784313725,6.72749990978641,28.8181818181818,3.33066990914945,25.0120376292698,14.804,0.6875,2.01986389924314,0.429226906386885,8.802432
27.0811000102923,4,0.7319250547114,2.25675833419103,4,0.129411764705882,3.05505046330389,33.75,2.08166599946613,0,4.59,1,1.46759877141069,0.840875939413586,4.292352
40.6216500154385,9,0.536748159092064,3.38513750128654,9,0.133333333333333,3.95410096228573,38.8888888888889,3.33624304852277,-82.3724406484711,8.146,0.9,1.18519571409419,0.887666268723232,5.11494912
30.2775902642419,5,0.765092055676006,2.52313252202016,5,0.0980392156862745,3.3065591380366,28.4,2.12916258968951,-18.434948822922,4.962,1,1.55298573911107,0.95680770565741,6.1699968
44.9089238221147,11,0.68469019539811,3.74241031850956,11,0.270588235294118,4.49690773447605,63.6363636363636,3.27750029068392,-74.9293072239623,8.791,1,1.37205410698459,0.970807043706446,10.564992
114.094702354545,71,0.767278877650981,9.50789186287878,71,0.0941176470588235,13.6078618097049,25.8028169014085,8.72690674327044,59.8103673865655,39.168,0.771739130434783,1.55929955596217,0.49841433492464,130.61952
42.8189787876665,10,0.657535505639407,3.56824823230554,10,0.113725490196078,4.25832517937902,31.4,3.20832251080426,1.29818558427082e-15,8.146,1,1.32727466301745,0.986295854136924,9.725184
57.4476883778063,18,0.570423794156919,4.78730736481719,18,0.0862745098039216,5.38401841759365,23.3333333333333,4.42216638714053,90,12.066,1,1.21750697424008,0.978050832064206,1.3447296
183.672956575819,183,0.621052403632935,15.2644304409478,183,0.298039215686275,17.7152061624376,76.0491803278689,13.8846301711761,88.1927887868039,53.649,0.875598086124402,1.2758860656738,0.713030573346839,24.6625476923077
42.8189787876665,10,0.657535505639407,3.56824823230554,10,0.101960784313725,4.25832517937902,28.8,3.20832251080426,90,8.146,1,1.32727466301745,0.986295854136924,2.57271069767442
46.9058411426803,12,0.773768908869994,3.90882009522336,12,0.207843137254902,5.02934427355694,58.0833333333333,3.18592853380055,80.5831235436706,9.643,1,1.57861176740124,0.922608221044785,7.24896
35.8249279286511,7,0.353093931801899,2.98541066072092,7,0.125490196078431,3.23669437485075,41,3.0282120182066,0,6.368,1,1.06884668424492,0.972711556537156,7.69377103448276
133.358951558794,97,0.886993599887977,11.1132459632328,97,0.243137254901961,17.0603089604972,63.1340206185567,7.87813875698243,-77.6237519579373,41.591,0.850877192982456,2.16552532098734,0.609162917484566,10.2698941935484
33.1674383492482,6,0.632455532033676,2.76395319577068,6,0.0941176470588235,3.33333333333333,28.3333333333333,2.58198889747161,45,5.905,1,1.2909944487358,0.92127872757792,2.35995428571429
38.2984589185375,8,0.580947501931112,3.19153824321146,8,0.131372549019608,3.65148371670111,34.25,2.97209241668783,-45,6.831,1,1.22859023366791,1,0.467662978723404
30.2775902642419,5,0.765092055676006,2.52313252202016,5,0.149019607843137,3.3065591380366,37.2,2.12916258968951,-71.565051177078,4.962,1,1.55298573911107,0.95680770565741,3.76901485714286
30.2775902642419,5,0.765092055676006,2.52313252202016,5,0.109803921568627,3.3065591380366,29.2,2.12916258968951,-71.565051177078,4.962,1,1.55298573911107,0.95680770565741,5.14368
64.9381965576721,23,0.744238228875446,5.41151637980601,23,0.101960784313725,6.76815279186818,27.3913043478261,4.52054576339046,26.9612056103215,14.514,0.958333333333333,1.4971981583905,0.927199309260417,2.46329379310345
71.6498558573022,28,0.452891102051672,5.97082132144185,28,0.158823529411765,6.45329890658694,43,5.75354086993146,64.2016308510529,15.829,0.96551724137931,1.1216221545088,0.977701086666269,0.12096
72.918093356958,29,0.465442081548659,6.0765077797465,29,0.109803921568627,6.6426451213722,27.5172413793103,5.87926132018459,-26.9527776016586,16.772,0.966666666666667,1.12984348876733,0.918985425350193,-0.0799199999999997
76.5969178370751,32,0,6.38307648642292,32,0.209803921568627,6.42910050732864,57.125,6.42910050732864,0,16.656,1,1,1,14.4608914285714
33.1674383492482,6,0.456435464587638,2.76395319577068,6,0.145098039215686,3.2659863237109,44,2.90593262902712,-26.565051177078,6.277,1,1.12390297389803,0.849941598934415,3.34777263157895
67.7027500257308,25,0.59767045702487,5.64189583547756,25,0.105882352941176,6.44815444736077,26.48,5.1697553994022,-57.0012990095691,15.366,0.925925925925926,1.24728424252072,0.917170353498436,7.32402
59.0218891123912,19,0.560447469697553,4.91849075936594,19,0.125490196078431,5.63111403336068,36.5263157894737,4.66363218717644,-53.0077198031328,13.108,0.95,1.20745243350119,0.904229159362279,0.56465723076923
33.1674383492482,6,0.841578677369368,2.76395319577068,6,0.0823529411764706,5.24644693311414,21.8333333333333,2.83378724211483,-12.1138726589771,10.495,0.6,1.8513905543589,0.405461272591951,0.798891428571428
48.8211473415386,13,0.491217355978626,4.06842894512822,13,0.141176470588235,4.51192321135169,36.5384615384615,3.93005219762903,13.7764057883589,10.197,0.928571428571429,1.14805681565087,0.918191348959463,9.56567630769231
106.618397358971,62,0.369858111091453,8.88486644658095,62,0.107843137254902,9.3160461735009,40.0483870967742,8.65542904313472,6.23607952514786,25.563,0.953846153846154,1.07632401895665,0.94558108712228,3.35799771428571
33.1674383492482,6,0.74535599249993,2.76395319577068,6,0.092156862745098,3.46410161513775,25.5,2.3094010767585,0,5.516,1,1.5,1,3.45193411764706
256.556799762994,359,0.59094867473248,21.3797333135828,359,0.149019607843137,23.9230859993242,42.5682451253482,19.2989725370443,-84.0842777364901,68.006,0.932467532467532,1.23960412676913,0.891217883845947,48.8660210526316
63.5108091408147,22,0.678238265047287,5.29256742840123,22,0.0980392156862745,6.62505084854136,25.3181818181818,4.86836602523052,59.7095380758742,16.863,0.88,1.36083663681135,0.690833071662668,-2.46560914285714
71.6498558573022,28,0.541564044525597,5.97082132144185,28,0.23921568627451,6.65664619118573,59.1785714285714,5.59597282208452,-18.3179825863002,16.772,0.903225806451613,1.18954226598729,0.887296272751911,-2.39453672727273
55.8291179001753,17,0.65876185943086,4.65242649168128,17,0.176470588235294,5.64120789026242,50.5294117647059,4.24417134179548,-37.0904030262499,12.736,0.944444444444444,1.32916591625538,0.84740197902367,-2.96053527272727
30.2775902642419,5,0.765092055676006,2.52313252202016,5,0.137254901960784,3.3065591380366,39,2.12916258968951,18.434948822922,4.962,1,1.55298573911107,0.95680770565741,-2.21184
83.4695560596246,38,0.521546075903115,6.95579633830205,38,0.127450980392157,7.91976418994129,41.6842105263158,6.75732590348696,20.6437194214198,23.413,0.863636363636364,1.17202637597433,0.677195670915581,-1.534464
88.791324243983,42,0.580400211617219,7.31273279143145,42,0.188235294117647,8.58401798177045,48.2380952380952,6.99023519798216,26.682296873873,24.058,0.875,1.22800131020604,0.713402052363659,-1.09512
104.006938095831,59,0.494338052208352,8.66724484131922,59,0.113725490196078,9.63604061590504,29.6610169491525,8.37631857213723,-71.1123871915993,27.449,0.921875,1.15039089462979,0.792293501379322,-1.18682181818182
84.5607076793511,39,0.756203144094608,7.04672563994593,39,0.0980392156862745,9.3218568732781,38.6410256410256,6.09963511504434,2.62356945080822,22.751,0.866666666666667,1.52826467443706,0.731010126315269,-1.17707294117647
150.781183543541,124,0.586970040977366,12.5650986286284,124,0.262745098039216,14.4641337160851,60.9193548387097,11.7102878145357,36.0336328733547,42.79,0.892086330935252,1.23516466419648,0.73859870178022,13.402368
38.2984589185375,8,0.767144629171017,3.19153824321146,8,0.12156862745098,4.58453833790926,36,2.94086295071818,52.0181217339632,9.089,0.888888888888889,1.5589092095535,0.672055047155384,-1.36790709677419
30.2775902642419,5,0.765092055676006,2.52313252202016,5,0.145098039215686,3.3065591380366,38.8,2.12916258968951,-71.565051177078,4.962,1,1.55298573911107,0.95680770565741,1.689984
23.4529205713402,3,0.730296743340221,1.95441004761168,3,0.109803921568627,2.58198889747161,32.3333333333333,1.76383420737639,45,3.093,1,1.4638501094228,0.969873184255889,5.16703418181818
50.664098947737,14,0.62455679596411,4.22200824564475,14,0.143137254901961,5.15786957809343,35.7142857142857,4.02818984013507,-57.0727709802108,11.512,0.933333333333333,1.28044351999073,0.819312668907576,2.602368
78.9542957097545,34,0.476222702712344,6.57952464247954,34,0.137254901960784,7.1827463503088,32.6470588235294,6.31596631801754,-4.90387091015473,18.343,0.971428571428571,1.13723632911382,0.925623843520791,3.44971636363636
140.064538357428,106,0.631136081006685,11.6173745632104,106,0.2,13.4759138223849,52.877358490566,10.4528907261234,-5.31232193402586,37.803,0.921739130434783,1.28920450576475,0.794552538835669,0.0754036363636374
420.193615072284,962,0.722823772809294,34.9979491118441,962,0.572549019607843,42.6218526435376,122.390852390852,29.4530816061719,-49.7580317982725,133.483,0.891566265060241,1.44711012631718,0.647630324459574,126.62784
129.168614586553,91,0.557774227871629,10.7640512155461,91,0.235294117647059,12.0705810026216,60.4285714285714,10.0184943254006,49.7845606572815,35.107,0.900990099009901,1.20482984873467,0.781664405937594,11.66976
63.5108091408147,22,0.552711465939394,5.29256742840123,22,0.109803921568627,6.11010092660779,28.5909090909091,5.0919912269806,90,15.366,0.916666666666667,1.19994333341201,0.807109911078623,6.21282461538462
63.5108091408147,22,0.533135457920462,5.29256742840123,22,0.103921568627451,5.94385769248433,26.7272727272727,5.02868130043077,-15.0128130150782,14.514,0.956521739130435,1.1819913288152,0.886886295814312,9.99936
44.9089238221147,11,0.68469019539811,3.74241031850956,11,0.113725490196078,4.49690773447605,29.4545454545455,3.27750029068392,15.0706927760377,8.791,1,1.37205410698459,0.970807043706446,3.37874823529412
27.0811000102923,4,0,2.25675833419103,4,0.115686274509804,2.3094010767585,29.25,2.3094010767585,0,3.556,1,1,1,1.03114472727273
27.0811000102923,4,0,2.25675833419103,4,0.162745098039216,2.3094010767585,40.75,2.3094010767585,0,3.556,1,1,1,3.00672
104.88464933684,60,0.636472382527366,8.74038744473663,60,0.125490196078431,10.3313722872145,33.3,7.96858219625881,-84.2728468006553,28.466,0.869565217391304,1.2965132357002,0.754706820800893,8.7105024
30.2775902642419,4,0.866025403784439,2.25675833419103,4,0.101960784313725,3.65148371670111,25.5,1.82574185835055,18.434948822922,5.053,1,2.00000000000001,0.748540176585029,-1.25084903225806
33.1674383492482,6,0.74535599249993,2.76395319577068,6,0.145098039215686,3.46410161513775,37.3333333333333,2.3094010767585,90,5.516,1,1.5,1,3.01029517241379
38.2984589185375,8,0.782272678051271,3.19153824321146,8,0.1,4.27914326017336,27.875,2.66563306281633,-70.670095872955,7.774,0.888888888888889,1.60530093952703,0.843733339521361,0.589494857142858
38.2984589185375,8,0.866025403784439,3.19153824321146,8,0.131372549019608,4.61880215351701,33.625,2.3094010767585,90,7.476,1,2,0.891759474057926,2.9808
80.1069741374945,35,0.643186152637915,6.67558117812455,35,0.0980392156862745,8.02324700844514,21.5142857142857,6.14347925637004,54.8306926809026,21.18,0.897435897435897,1.30597771614936,0.74352210966282,3.26592
55.8291179001753,17,0.645535416641197,4.65242649168128,17,0.113725490196078,5.52877321525971,29.5882352941176,4.22249182439964,-45.7471667956333,12.736,0.894736842105263,1.30936268089656,0.84740197902367,4.55887058823529
55.8291179001753,17,0.471362556619427,4.65242649168128,17,0.125490196078431,5.09064320221188,32.6470588235294,4.48963948943543,11.3099324740202,12.157,0.944444444444444,1.13386458182014,0.912758368119037,0.396549278350516
30.2775902642419,4,0.866025403784439,2.25675833419103,4,0.0862745098039216,3.65148371670111,23.75,1.82574185835055,18.434948822922,5.053,0.8,2.00000000000001,0.748540176585029,-0.32256
23.4529205713402,3,0.730296743340221,1.95441004761168,3,0.109803921568627,2.58198889747161,30.3333333333333,1.76383420737639,45,3.093,1,1.4638501094228,0.969873184255889,1.495584
128.456936363,90,0.696031653975619,10.7047446969166,90,0.274509803921569,13.1314314261925,70.5888888888889,9.42851349492036,14.7460723769892,36.447,0.865384615384615,1.392736133142,0.721626124280563,5.64644571428571
30.2775902642419,5,0.765092055676006,2.52313252202016,5,0.168627450980392,3.3065591380366,39.8,2.12916258968951,-71.565051177078,4.962,1,1.55298573911107,0.95680770565741,3.024
62.0505953499169,21,0.669112567311403,5.17088294582641,21,0.152941176470588,6.69456219604425,40.9523809523809,4.97513798813938,-49.5778742150606,18.451,0.777777777777778,1.3456033203509,0.566004097362136,2.23904680851064
149.560263178116,122,0.653437272822254,12.463355264843,122,0.266666666666667,14.4179382955883,68.5819672131148,10.9141005503768,-82.7024956799353,37.166,0.968253968253968,1.32103770063677,0.943617470073534,15.7831554098361
38.2984589185375,8,0.782272678051271,3.19153824321146,8,0.117647058823529,4.27914326017336,31.875,2.66563306281633,-70.670095872955,7.774,1,1.60530093952703,0.843733339521361,-0.538630243902439
33.1674383492482,6,0.74535599249993,2.76395319577068,6,0.117647058823529,3.46410161513775,30.3333333333333,2.3094010767585,0,5.516,1,1.5,1,-0.52002
42.8189787876665,10,0.630126037812605,3.56824823230554,10,0.103921568627451,4.25832517937902,29.7,3.3065591380366,63.434948822922,8.791,0.909090909090909,1.28784183243357,0.882551857914951,-1.11250285714286
30.2775902642419,5,0.765092055676006,2.52313252202016,5,0.164705882352941,3.3065591380366,41.8,2.12916258968951,-18.434948822922,4.962,1,1.55298573911107,0.95680770565741,-0.608256000000001
60.5551805284838,20,0.547389799530932,5.04626504404032,20,0.125490196078431,5.6700944581947,33.75,4.74517602432369,47.3818208453631,13.77,0.952380952380952,1.19491762352543,0.878761134865925,1.19536941176471
48.8211473415386,13,0.740687639210531,4.06842894512822,13,0.0980392156862745,5.45490979097656,26.2307692307692,3.66487870169619,18.9666351417995,11.628,0.866666666666667,1.48842846789224,0.748886809329998,3.2040464516129
27.0811000102923,4,0.7319250547114,2.25675833419103,4,0.0941176470588235,3.05505046330389,25,2.08166599946613,0,4.59,1,1.46759877141069,0.840875939413586,2.27108571428571
69.0435287010191,26,0.59871568893018,5.75362739175159,26,0.12156862745098,6.63003685563702,30.1923076923077,5.31040509000174,61.3676131360538,16.102,0.962962962962963,1.24849926573772,0.882289074916207,11.7587420689655
72.918093356958,29,0.416608657816885,6.0765077797465,29,0.145098039215686,6.6128619471108,35.4137931034483,6.01165974626962,83.9225291513889,17.144,0.90625,1.10000602599211,0.885589505159427,10.12608
92.8293339347406,47,0.661095279025132,7.73577782789505,47,0.356862745098039,9.42053242552377,84.2127659574468,7.06824394858103,-84.8906418756212,26.622,0.839285714285714,1.33279673056771,0.666710074517509,11.9587474285714
54.1622000205846,15,0.900045067952749,4.37019372236832,15,0.125490196078431,7.24983257550657,39.9333333333333,3.15945404292355,4.90421050241353,14.051,0.882352941176471,2.29464726405644,0.637702876648641,9.9072
104.006938095831,59,0.596864945292679,8.66724484131922,59,0.152941176470588,9.93242090449923,38.135593220339,7.96919568111997,69.9456245032458,26.208,0.936507936507937,1.24635174011731,0.860711725992877,10.2775557446808
102.228910701358,57,0.265168728081876,8.51907589177983,57,0.149019607843137,8.80360776238768,37.9824561403509,8.48845643469126,43.0309691696901,24.984,0.966101694915254,1.03712704778792,0.905485196646703,6.42511058823529
44.9089238221147,11,0.68469019539811,3.74241031850956,11,0.113725490196078,4.49690773447605,28.6363636363636,3.27750029068392,-74.9293072239623,8.791,1,1.37205410698459,0.970807043706446,10.6733045106383
44.9089238221147,11,0.68469019539811,3.74241031850956,11,0.137254901960784,4.49690773447605,37.7272727272727,3.27750029068392,-74.9293072239623,8.791,1,1.37205410698459,0.970807043706446,6.28805189189189
150.781183543541,124,0.721010270876864,12.5650986286284,124,0.219607843137255,15.2601490132847,58.5403225806452,10.5741292154654,88.7338845518035,40.284,0.932330827067669,1.44315893085226,0.82630435319051,28.3717270588235
54.1622000205846,16,0,4.51351666838205,16,0.294117647058824,4.61880215351701,84.6875,4.61880215351701,0,11.396,1,1,0.951359929497573,2.225664
80.1069741374945,35,0.546421527550325,6.67558117812455,35,0.137254901960784,7.42115431820743,36.5428571428571,6.21529323088585,-66.8563355292375,18.732,0.972222222222222,1.19401515624866,0.919258529377151,17.8800872727273
114.895376755613,75,0.668712980150916,9.7720502380584,75,0.284313725490196,11.5095795643763,66.76,8.55761002631007,73.065689861261,28.747,0.9375,1.3449525660775,0.926830723360521,6.88249756097561
63.5108091408147,23,0.55514520247107,5.41151637980601,23,0.137254901960784,6.00965406899478,34.9130434782609,4.99855051453687,-45,14.026,1,1.20227935108736,0.98066099090024,-11.1462098823529
48.8211473415386,13,0.72419619234885,4.06842894512822,13,0.119607843137255,5.04173633084778,26.1538461538462,3.47675108733237,39.2652348335666,10.015,0.928571428571429,1.45012864142546,0.943770415331972,-13.1271077647059
81.2433000308769,38,0.523295579616914,6.95579633830205,38,0.156862745098039,7.63306297251093,40.3947368421053,6.50452407935158,-70.6576672881571,19.17,1,1.17350060963597,0.959251122222835,-8.2718496
63.5108091408147,29,0.567607113912866,6.0765077797465,29,0.117647058823529,6.82682462318925,26.8965517241379,5.62052170324205,-78.8296760200029,16.631,1,1.21462472411616,0.932138880663772,-9.766656
40.6216500154385,16,0.684169250916662,4.51351666838205,16,0.105882352941176,5.42614457216939,22.875,3.95741351751158,-20.385195694113,11.33,0.941176470588235,1.37113408749393,0.960057373958077,-10.53648
33.1674383492482,6,0.74535599249993,2.76395319577068,6,0.152941176470588,3.46410161513775,40.3333333333333,2.3094010767585,0,5.516,1,1.5,1,-10.2704188235294
44.9089238221147,14,0.913883528956613,4.22200824564475,14,0.12156862745098,7.11166757486977,29.0714285714286,2.88716970931677,-8.0791669204756,12.62,0.933333333333333,2.46319693363391,0.708170287271846,-12.39266304
42.8189787876665,11,0.68469019539811,3.74241031850956,11,0.117647058823529,4.49690773447605,32.9090909090909,3.27750029068392,15.0706927760377,8.791,1,1.37205410698459,0.970807043706446,-12.8944594285714
27.0811000102923,4,0,2.25675833419103,4,0.117647058823529,2.3094010767585,29.75,2.3094010767585,0,3.556,1,1,1,-12.9970285714286
42.8189787876665,10,0.73251955590082,3.56824823230554,10,0.0980392156862745,4.63704813152459,31.7,3.15665191185074,-9.7200174140881,9.734,0.909090909090909,1.46897670728791,0.758010824035883,-12.83712
23.4529205713402,4,0.7319250547114,2.25675833419103,4,0.105882352941176,3.05505046330389,27.75,2.08166599946613,0,4.59,1,1.46759877141069,0.840875939413586,-10.5948316097561
27.0811000102923,6,0.74535599249993,2.76395319577068,6,0.168627450980392,3.46410161513775,35.5,2.3094010767585,0,5.516,1,1.5,1,-10.329984
40.6216500154385,13,0.683581563232075,4.06842894512822,13,0.105882352941176,4.97171486691953,22.7692307692308,3.62872606570964,-45,10.197,1,1.37009925160809,0.918191348959463,-12.6544168421053
27.0811000102923,6,0.74535599249993,2.76395319577068,6,0.143137254901961,3.46410161513775,30,2.3094010767585,90,5.516,1,1.5,1,-13.1833107692308
128.456936363,107,0.606392940277802,11.672044863119,107,0.196078431372549,13.2474312669152,45.5420560747664,10.5338955555735,-83.9369357182133,35.504,0.946902654867257,1.25760040025325,0.900313366613555,3.44278588235294
55.8291179001753,17,0.765072456664546,4.65242649168128,17,0.156862745098039,5.96165962640565,39.8823529411765,3.83897615425732,13.9644893543405,12.182,0.944444444444444,1.55292957988143,0.909782519637404,-8.21899636363636
33.1674383492482,10,0.587407799848354,3.56824823230554,10,0.0901960784313725,4.08574758561188,21.4,3.3065591380366,90,8.328,1,1.23564933063255,0.955243026453948,-11.3542243902439
60.5551805284838,32,0.448452797675615,6.38307648642292,32,0.127450980392157,7.13600753075776,31.09375,6.37821003006606,-14.6122095951005,19.749,0.914285714285714,1.11881037111032,0.767442362361589,-1.50521142857143
44.9089238221147,15,0.815286165913947,4.37019372236832,15,0.168627450980392,6.39318280674521,33.8,3.70202530749253,39.1097381115423,13.381,0.882352941176471,1.72694195088457,0.690469868664307,-3.52669090909091
74.1646467884524,39,0.432800609497318,7.04672563994593,39,0.129411764705882,7.62759101169453,29.8205128205128,6.8761945349191,-54.4623222080256,19.84,0.951219512195122,1.10927504638789,0.927927885238344,-13.3324016326531
33.1674383492482,12,0.661437827766148,3.90882009522336,12,0.0901960784313725,4.61880215351701,20.9166666666667,3.46410161513775,90,9.436,1,1.33333333333334,0.953226395020662,-12.23424
30.2775902642419,5,0.765092055676006,2.52313252202016,5,0.109803921568627,3.3065591380366,25.6,2.12916258968951,-18.434948822922,4.962,1,1.55298573911107,0.95680770565741,-6.218208
30.2775902642419,7,0.3530939318019,2.98541066072092,7,0.156862745098039,3.23669437485075,30.8571428571429,3.0282120182066,0,6.368,1,1.06884668424492,0.972711556537156,-5.93756509090909
30.2775902642419,10,0.657535505639407,3.56824823230554,10,0.113725490196078,4.25832517937902,23,3.20832251080426,1.29818558427082e-15,8.146,1,1.32727466301745,0.986295854136924,-7.85730694736842
33.1674383492482,7,0.688972486206282,2.98541066072092,7,0.123529411764706,3.76358333265239,28.1428571428571,2.72779813678576,30.4726979504614,6.831,0.875,1.37971475304515,0.884487590623178,-9.38304
33.1674383492482,6,0.74535599249993,2.76395319577068,6,0.141176470588235,3.46410161513775,36,2.3094010767585,90,5.516,1,1.5,1,-8.6427648
38.2984589185375,16,0.609984238427377,4.51351666838205,16,0.0980392156862745,5.22343933241261,21.5,4.13912408696231,-63.9993662212523,11.33,0.941176470588235,1.2619673202999,0.960057373958077,-9.082368
62.0505953499169,28,0.794442296657162,5.97082132144185,28,0.105882352941176,8.16318771821223,26.1428571428571,4.95782748308762,-82.0005693733952,19.104,0.875,1.64652516572206,0.711016917955969,-9.36576000000001
27.0811000102923,6,0.74535599249993,2.76395319577068,6,0.113725490196078,3.46410161513775,25.5,2.3094010767585,90,5.516,1,1.5,1,-5.88013714285714
38.2984589185375,7,0.904041941290464,2.98541066072092,7,0.0666666666666667,4.93372983077034,17.5714285714286,2.10889203214042,33.4007047431759,7.592,0.875,2.33948905661275,0.763515195803554,0.794348307692307
30.2775902642419,4,0.866025403784439,2.25675833419103,4,0.0666666666666667,3.65148371670111,17,1.82574185835055,-71.565051177078,5.053,1,2.00000000000001,0.748540176585029,-10.7534191304348
44.9089238221147,11,0.87929375818441,3.74241031850956,11,0.0745098039215686,5.8375544246473,21.6363636363636,2.78030949243352,-53.7627841868614,10.313,0.916666666666667,2.09960597571383,0.763592126488347,-7.78248
30.2775902642419,5,0.765092055676006,2.52313252202016,5,0.0666666666666667,3.3065591380366,21.6,2.12916258968951,71.565051177078,4.962,1,1.55298573911107,0.95680770565741,-7.6225536
50.664098947737,14,0.611429250513635,4.22200824564475,14,0.0941176470588235,4.88141184658825,24.2857142857143,3.86265681930401,24.3576445527144,10.404,1,1.26374463871419,0.958830581424272,-7.60634181818182
40.6216500154385,9,0.667389883096677,3.38513750128654,9,0.0901960784313725,4.1798509183313,24.2222222222222,3.11277049068599,78.0187555127109,8.146,1,1.34280729364347,0.887666268723232,-5.77032827586207
30.2775902642419,5,0.765092055676006,2.52313252202016,5,0.0901960784313725,3.3065591380366,23.2,2.12916258968951,-18.434948822922,4.962,1,1.55298573911107,0.95680770565741,-4.78523076923077
40.6216500154385,8,0.916698517841549,3.19153824321146,8,0.0666666666666667,5.6991821691616,18.75,2.27727672217874,4.21348451074034,9.552,0.888888888888889,2.50263049442187,0.623922627477508,-7.29326592
48.8211473415386,13,0.505789614981344,4.06842894512822,13,0.113725490196078,4.47037145070718,31.1538461538462,3.85639661754271,45,9.461,1,1.15920946262931,1,-7.29324
30.2775902642419,5,0.765092055676006,2.52313252202016,5,0.141176470588235,3.3065591380366,33.8,2.12916258968951,-18.434948822922,4.962,1,1.55298573911107,0.95680770565741,-5.5242
35.8249279286511,7,0.856222400720973,2.98541066072092,7,0.0862745098039216,4.31282648363321,23.8571428571429,2.22803805452514,8.34962211699681,6.922,1,1.93570593413962,0.868563960642361,-6.69229714285714
23.4529205713402,3,0.730296743340221,1.95441004761168,3,0.0705882352941176,2.58198889747161,17.6666666666667,1.76383420737639,-45,3.093,1,1.4638501094228,0.969873184255889,-5.21975172413793
27.0811000102923,4,0,2.25675833419103,4,0.0901960784313725,2.3094010767585,22.5,2.3094010767585,0,3.556,1,1,1,-6.640704
48.8211473415386,13,0.64306203190975,4.06842894512822,13,0.0686274509803922,4.8867598207358,15.5384615384615,3.74234953369557,-73.7644038545758,10.677,1,1.30579994646041,0.855510977717487,-5.5296
178.098128958286,173,0.419911307673898,14.8415107465239,173,0.156862745098039,15.698445884088,41.9190751445087,14.2473623260397,-17.4182826515621,46.619,0.935135135135135,1.10184927742002,0.87798051705567,29.53908
46.9058411426803,12,0.732519215246639,3.90882009522336,12,0.0627450980392157,4.99035943387617,20.5,3.39716899273021,-88.0929625828548,10.106,0.923076923076923,1.46897591628657,0.859245326725582,11.4657882352941
33.1674383492482,6,0.74535599249993,2.76395319577068,6,0.0941176470588235,3.46410161513775,22.8333333333333,2.3094010767585,90,5.516,1,1.5,1,11.7626632258065
27.0811000102923,4,0,2.25675833419103,4,0.0686274509803922,2.3094010767585,17.5,2.3094010767585,0,3.556,1,1,1,10.86912
38.2984589185375,8,0.273861278752583,3.19153824321146,8,0.0882352941176471,3.65148371670111,21.75,3.51188458428425,90,8.146,0.8,1.03975048982007,0.789036683309539,9.69133552941177
62.0505953499169,20,0.914622838791506,5.04626504404032,20,0.0666666666666667,8.88785241187016,22.55,3.59343097491526,1.73516367608302,17.996,0.8,2.47336110639491,0.562508139572598,12.9965929411765
52.4423246684198,15,0.756062753760625,4.37019372236832,15,0.0823529411764706,5.85039054299478,31.9333333333333,3.82907552593653,81.1117971773208,12.637,1,1.5278859096319,0.757119783254669,13.75704
42.8189787876665,10,0.660621878423489,3.56824823230554,10,0.0901960784313725,5.2237752090256,25,3.92158631579572,-41.9149124524852,12.182,0.714285714285714,1.33205667002274,0.535166188022002,13.1969828571429
35.8249279286511,7,0.613667301054468,2.98541066072092,7,0.0901960784313725,3.86235240152839,24.8571428571429,3.04957718401056,72.2311611040128,7.774,0.875,1.26652062514743,0.738266672081191,12.90816
44.9089238221147,11,0.873401118674052,3.74241031850956,11,0.0784313725490196,5.86803685138879,18.8181818181818,2.85774289867555,2.3099617408302,11.14,0.916666666666667,2.05338165798903,0.677718382520307,12.6123991578947
27.0811000102923,4,0,2.25675833419103,4,0.111764705882353,2.3094010767585,29.5,2.3094010767585,0,3.556,1,1,1,11.8096457142857
23.4529205713402,3,0.730296743340221,1.95441004761168,3,0.101960784313725,2.58198889747161,23.3333333333333,1.76383420737639,45,3.093,1,1.4638501094228,0.969873184255889,9.58735058823529
35.8249279286511,7,0.692995696294582,2.98541066072092,7,0.0627450980392157,3.82702156039222,17.2857142857143,2.75905950962527,-79.0992952568241,7.22,1,1.38707467056845,0.819322486606751,7.87227428571428
30.2775902642419,NaN,NaN,NaN,NaN,0.0549019607843137,NaN,NaN,NaN,NaN,NaN,NaN,NaN,NaN,7.29034105263158
27.0811000102923,4,0.7319250547114,2.25675833419103,4,0.0862745098039216,3.05505046330389,23,2.08166599946613,90,4.59,1,1.46759877141069,0.840875939413586,9.07425391304348
74.1646467884524,26,0.71405850760954,5.75362739175159,26,0.096078431372549,7.01784054902992,26.8076923076923,4.91309212066926,-23.1874173902847,16.011,1,1.42839588118164,0.890693059148239,6.48681325714286
46.9058411426803,10,0.861063073818794,3.56824823230554,10,0.0627450980392157,5.72335068545157,16.3,2.91031331612384,74.0973355375015,10.776,0.833333333333333,1.96657543837044,0.648756349781969,10.8626478545455
35.8249279286511,6,0.778498944161523,2.76395319577068,6,0.0784313725490196,3.82970843102535,20.1666666666667,2.40370085030933,45,6.459,1,1.59325501363138,0.818022082978878,9.626563584
77.7845377731429,29,0.78501296899589,6.0765077797465,29,0.0941176470588235,8.49285071843678,31.6551724137931,5.261145460584,-77.8693545737611,22.032,0.852941176470588,1.61425886854192,0.575065695279571,10.3383771428571
42.8189787876665,10,0.657535505639407,3.56824823230554,10,0.0843137254901961,4.25832517937902,22,3.20832251080426,90,8.146,1,1.32727466301745,0.986295854136924,11.1374147368421
127.741293266218,89,0.614866402360607,10.6451077721848,89,0.0745098039215686,12.9030586639661,21.4494382022472,10.1757557637774,75.3157145080441,40.549,0.760683760683761,1.26801968949541,0.585900675805474,15.91488
38.2984589185375,6,0.74535599249993,2.76395319577068,6,0.0901960784313725,3.46410161513775,25.1666666666667,2.3094010767585,0,5.516,1,1.5,1,12.680064
44.9089238221147,10,0.89051036097828,3.56824823230554,10,0.0784313725490196,5.56552712373515,25.1,2.53210870652012,-66.5761948670027,9.461,0.909090909090909,2.19798111724195,0.791206899879709,12.16512
50.664098947737,14,0.652071200401997,4.22200824564475,14,0.105882352941176,4.91838146044775,26.8571428571429,3.72890894294322,45,10.106,1,1.318986742692,1,11.6417828571429
35.8249279286511,6,0.74535599249993,2.76395319577068,6,0.0941176470588235,3.46410161513775,22.6666666666667,2.3094010767585,90,5.516,1,1.5,1,11.2771938461538
40.6216500154385,7,0.885965902155361,2.98541066072092,7,0.0705882352941176,5.23982655370626,18,2.42997158517582,0,9.362,0.777777777777778,2.15633243848287,0.562649932037429,9.02016
55.8291179001753,14,0.611429250513635,4.22200824564475,14,0.0705882352941176,4.88141184658825,20.8571428571429,3.86265681930401,65.6423554472856,10.404,1,1.26374463871419,0.958830581424272,9.02930823529412
30.2775902642419,5,0.765092055676006,2.52313252202016,5,0.117647058823529,3.3065591380366,31.4,2.12916258968951,18.434948822922,4.962,1,1.55298573911107,0.95680770565741,9.36082285714286
89.8178476442293,47,0.654962145163331,7.73577782789505,47,0.168627450980392,9.19493365503229,53.3617021276596,6.94825909710412,24.1271661371466,23.694,0.886792452830189,1.3233435205179,0.820134988389218,4.24007391549296
192.447374305955,100,0.921767610108653,11.2837916709551,100,0.0941176470588235,26.3370878468385,15.06,10.2120159818999,-58.403496260774,83.679,0.495049504950495,2.57902924295449,0.166711044244093,14.79744
30.2775902642419,6,0.74535599249993,2.76395319577068,6,0.133333333333333,3.46410161513775,35.6666666666667,2.3094010767585,90,5.516,1,1.5,1,6.20980363636363
35.8249279286511,9,0.66581188486039,3.38513750128654,9,0.105882352941176,4.05369123455442,26.1111111111111,3.02453869019341,20.3006473225022,7.683,1,1.34026760765133,0.965226527421804,4.83129949090909
70.3587617140205,36,0.45389262884356,6.77027500257308,36,0.172549019607843,7.30296743340222,36.9166666666667,6.5073557619317,76.4295656148385,18.525,0.972972972972973,1.12226343549939,0.963676188311097,6.445332
38.2984589185375,10,0.657535505639407,3.56824823230554,10,0.105882352941176,4.25832517937902,24.4,3.20832251080426,90,8.146,1,1.32727466301745,0.986295854136924,4.96872261818182
50.664098947737,17,0.693796960798381,4.65242649168128,17,0.162745098039216,5.67098042662255,33.9411764705882,4.08407370748293,26.2781720282197,12.157,1,1.38855976478389,0.912758368119037,4.47817846153846
40.6216500154385,11,0.468451788532486,3.74241031850956,11,0.152941176470588,4.42923650946577,40.6363636363636,3.91318200698606,-84.6901723619224,10.958,0.846153846153846,1.13187592643491,0.695327518671748,4.60297728
63.5108091408147,28,0.423735990158086,5.97082132144185,28,0.105882352941176,6.59577775492124,24.6071428571429,5.97436144866133,-53.5073416382614,17.21,0.933333333333333,1.10401384509455,0.849515079787497,13.7005714285714
27.0811000102923,6,0.74535599249993,2.76395319577068,6,0.12156862745098,3.46410161513775,26.1666666666667,2.3094010767585,0,5.516,1,1.5,1,4.63768615384615
33.1674383492482,6,0.74535599249993,2.76395319577068,6,0.096078431372549,3.46410161513775,25.5,2.3094010767585,0,5.516,1,1.5,1,5.930496
101.328197895474,72,0.461779741483181,9.57461472963438,72,0.164705882352941,10.3173791596836,44.7916666666667,9.15145989116078,44.2520205520672,28.143,0.96,1.12740254368038,0.924445582215922,4.26285430985916
181.160212257255,7,0.800313910155302,2.98541066072092,7,0.0941176470588235,4.16333199893227,16.5714285714286,2.49625569944403,-59.0362434679265,7.402,1,1.66783074340483,0.791280870059082,13.17384
82.3639502109324,43,0.453359501917659,7.39927702033192,43,0.129411764705882,8.02656927050383,33.0697674418605,7.15430394656204,73.7988640100761,21.337,0.955555555555556,1.12192175932935,0.901790028813587,6.55157264516129
42.8189787876665,15,0.717299122057223,4.37019372236832,15,0.147058823529412,5.38383961346941,30.8,3.75127295650628,27.5487521920376,10.867,1,1.43520337653158,0.960532600136046,4.8970656
40.6216500154385,11,0.892336341269404,3.74241031850956,11,0.113725490196078,6.02238229321464,30.3636363636364,2.71832921446823,-7.97269795046143,10.751,0.916666666666667,2.21547201169037,0.716202685924909,4.69131906976744
30.2775902642419,6,0.74535599249993,2.76395319577068,6,0.117647058823529,3.46410161513775,27.6666666666667,2.3094010767585,90,5.516,1,1.5,1,7.16210526315789
30.2775902642419,7,0.3530939318019,2.98541066072092,7,0.113725490196078,3.23669437485075,23.7142857142857,3.0282120182066,0,6.368,1,1.06884668424492,0.972711556537156,4.69815915789474
52.4423246684198,19,0.767013576552045,4.91849075936594,19,0.101960784313725,6.81697975739293,28.8947368421053,4.37398465276278,-36.5169259457319,15.73,0.95,1.55852850400082,0.670419067519825,4.73225142857143
50.664098947737,16,0.754217941476946,4.51351666838205,16,0.107843137254902,5.90211068134533,26.8125,3.87546850997606,-17.296144343755,13.497,0.941176470588235,1.52294120469625,0.726267596237728,4.26957584516129
55.8291179001753,34,0.689573459121091,6.57952464247954,34,0.0980392156862745,7.88133815092846,21.3823529411765,5.70778917605459,-24.9425204466462,18.434,0.944444444444444,1.3808040044633,0.917832248849309,14.15232
27.0811000102923,4,0,2.25675833419103,4,0.150980392156863,2.3094010767585,39.75,2.3094010767585,0,3.556,1,1,1,4.12603645360825
27.0811000102923,7,0.856222400720973,2.98541066072092,7,0.101960784313725,4.31282648363321,22.8571428571429,2.22803805452514,8.34962211699681,6.922,1,1.93570593413962,0.868563960642361,5.74303135135135
33.1674383492482,6,0.632455532033676,2.76395319577068,6,0.0980392156862745,3.33333333333333,26.5,2.58198889747161,45,5.905,1,1.2909944487358,0.92127872757792,5.364144
27.0811000102923,4,0.7319250547114,2.25675833419103,4,0.0784313725490196,3.05505046330389,21,2.08166599946613,0,4.59,1,1.46759877141069,0.840875939413586,7.317504
30.2775902642419,4,0,2.25675833419103,4,0.149019607843137,2.3094010767585,30.5,2.3094010767585,0,3.556,1,1,1,7.57940676923077
44.9089238221147,5,0.765092055676006,2.52313252202016,5,0.0823529411764706,3.3065591380366,40.8,2.12916258968951,-18.434948822922,4.962,1,1.55298573911107,0.95680770565741,7.75346086956522
46.9058411426803,11,0.813081236161138,3.74241031850956,11,0.0686274509803922,5.72758360677323,23.7272727272727,3.33431417853757,-26.2157039855863,12.455,0.846153846153846,1.71776962220319,0.568254770196698,7.444224
50.664098947737,14,0.678030283467602,4.22200824564475,14,0.0647058823529412,5.47536562901959,17.9285714285714,4.02457972673548,82.4468505843996,12.091,0.875,1.36048134234898,0.758211282850444,3.19384975609756
35.8249279286511,6,0.85748877586545,2.76395319577068,6,0.0901960784313725,4.43615552257681,28.5,2.28241386878018,-5.30982763807757,7.774,0.857142857142857,1.9436245035383,0.632800004641021,4.43085283018868
30.2775902642419,5,0.765092055676006,2.52313252202016,5,0.0941176470588235,3.3065591380366,30.6,2.12916258968951,-18.434948822922,4.962,1,1.55298573911107,0.95680770565741,4.39226181818182
35.8249279286511,7,0.3530939318019,2.98541066072092,7,0.0784313725490196,3.23669437485075,19.5714285714286,3.0282120182066,0,6.368,1,1.06884668424492,0.972711556537156,7.36766030769231
35.8249279286511,7,0.3530939318019,2.98541066072092,7,0.0705882352941176,3.23669437485075,20,3.0282120182066,0,6.368,1,1.06884668424492,0.972711556537156,5.54960842105263
40.6216500154385,9,0.867926073205492,3.38513750128654,9,0.0666666666666667,5.12076383191241,17.6666666666667,2.5434495871688,18.434948822922,9.18,0.9,2.01331445991525,0.744935513912543,6.06118736842105
62.0505953499169,24,0.633843395341619,5.52790639154137,24,0.113725490196078,6.46927550255915,28.4166666666667,5.00373494110918,-48.7973216842957,15.548,0.96,1.29288932741212,0.863418667332086,15.8668101818182
44.9089238221147,15,0.784167272124021,4.37019372236832,15,0.129411764705882,5.94110721065973,27.6,3.68675114434591,18.7728505936258,12.736,0.882352941176471,1.61147497567639,0.747707628550297,4.93344
38.2984589185375,10,0.80618001979291,3.56824823230554,10,0.111764705882353,4.88875530875829,29.3,2.89253145147193,20.620722157264,9.18,1,1.69013038951419,0.827706126569492,5.16178285714286
60.5551805284838,24,0.400320384512718,5.52790639154137,24,0.096078431372549,5.8878405775519,23.4166666666667,5.39547135207955,45,14.671,1,1.09125601700815,0.950532198856551,7.7112
60.5551805284838,34,0.532375281328091,6.57952464247954,34,0.0941176470588235,7.42349045715791,22.1470588235294,6.2840474176205,-11.419289940548,19.749,0.894736842105263,1.18132311292598,0.815407510009188,5.5258848
30.2775902642419,6,0.632455532033676,2.76395319577068,6,0.141176470588235,3.33333333333333,30.6666666666667,2.58198889747161,-45,5.905,1,1.2909944487358,0.92127872757792,4.97213217391304
27.0811000102923,5,0.765092055676006,2.52313252202016,5,0.0941176470588235,3.3065591380366,24.6,2.12916258968951,71.565051177078,4.962,1,1.55298573911107,0.95680770565741,4.65588
33.1674383492482,7,0.688972486206282,2.98541066072092,7,0.111764705882353,3.76358333265239,27.4285714285714,2.72779813678576,-30.4726979504614,6.831,1,1.37971475304515,0.884487590623178,4.82311384615385
42.8189787876665,12,0.661437827766148,3.90882009522336,12,0.12156862745098,4.61880215351701,30.1666666666667,3.46410161513775,0,9.436,1,1.33333333333334,0.953226395020662,4.44253090909091
33.1674383492482,6,0.74535599249993,2.76395319577068,6,0.162745098039216,3.46410161513775,40,2.3094010767585,90,5.516,1,1.5,1,5.0112
42.8189787876665,13,0.680728966871897,4.06842894512822,13,0.123529411764706,5.02707385065019,28.2307692307692,3.6825094215967,25.4530705568853,10.867,0.928571428571429,1.3651217892799,0.832461586784573,4.015008
48.8211473415386,16,0.720150693450055,4.51351666838205,16,0.109803921568627,5.59761854124889,26.875,3.88372673257701,90,12.066,0.888888888888889,1.44130082435914,0.869378517390405,3.50486068965517
35.8249279286511,9,0,3.38513750128654,9,0.0941176470588235,3.46410161513775,23,3.46410161513775,0,7.476,1,1,1,3.66394348051948
30.2775902642419,6,0.74535599249993,2.76395319577068,6,0.16078431372549,3.46410161513775,41.3333333333333,2.3094010767585,0,5.516,1,1.5,1,5.18876367567568
40.6216500154385,10,0.657535505639407,3.56824823230554,10,0.0980392156862745,4.25832517937902,25.2,3.20832251080426,90,8.146,1,1.32727466301745,0.986295854136924,4.42224543396226
44.9089238221147,14,0.854918956733945,4.22200824564475,14,0.0941176470588235,5.98920327767236,24.2857142857143,3.1069685583424,53.23000740602,10.958,1,1.92766781034555,0.884962296491316,3.7979712
23.4529205713402,6,0.632455532033676,2.76395319577068,6,0.0901960784313725,3.33333333333333,20.3333333333333,2.58198889747161,-45,5.905,1,1.2909944487358,0.92127872757792,4.37122285714286
75.3905917717706,37,0.570496674169827,6.8636625175777,37,0.113725490196078,7.8504724118098,28.7027027027027,6.4475922976799,-69.3662105902753,21.337,0.925,1.21758201346489,0.775958862002389,6.96541090909091
27.0811000102923,4,0,2.25675833419103,4,0.117647058823529,2.3094010767585,30.25,2.3094010767585,0,3.556,1,1,1,5.453568
118.81784408086,92,0.479127169377093,10.823032759612,92,0.168627450980392,11.8876216130407,41.4673913043478,10.4343063277555,81.6420633947826,35.107,0.910891089108911,1.13928240552219,0.790254124684161,2.75616
38.2984589185375,8,0.717405907733603,3.19153824321146,8,0.0901960784313725,4.13664260866049,23.25,2.88181446225832,72.703855656245,7.865,1,1.43542988725889,0.829839423823584,3.905334
23.4529205713402,3,0.730296743340221,1.95441004761168,3,0.0784313725490196,2.58198889747161,20.3333333333333,1.76383420737639,-45,3.093,1,1.4638501094228,0.969873184255889,3.02267076923077
33.1674383492482,6,0.74535599249993,2.76395319577068,6,0.0764705882352941,3.46410161513775,19.1666666666667,2.3094010767585,90,5.516,1,1.5,1,4.19904
35.8249279286511,7,0.856222400720973,2.98541066072092,7,0.0784313725490196,4.31282648363321,20.8571428571429,2.22803805452514,-81.6503778830032,6.922,1,1.93570593413962,0.868563960642361,5.08634790697674
27.0811000102923,4,0.7319250547114,2.25675833419103,4,0.0764705882352941,3.05505046330389,20,2.08166599946613,90,4.59,1,1.46759877141069,0.840875939413586,4.70016
30.2775902642419,4,0.866025403784439,2.25675833419103,4,0.0784313725490196,3.65148371670111,22,1.82574185835055,-71.565051177078,5.053,0.8,2.00000000000001,0.748540176585029,3.3315244137931
44.9089238221147,11,0.781582173964939,3.74241031850956,11,0.0823529411764706,5.03353163418305,20,3.13992859380271,-80.00844673905,9.643,1,1.60307200747105,0.845724202624386,3.39751384615385
40.6216500154385,9,0.66581188486039,3.38513750128654,9,0.0745098039215686,4.05369123455442,21,3.02453869019341,-69.6993526774978,7.683,1,1.34026760765133,0.965226527421804,3.02806588235294
40.6216500154385,8,0.931551438144909,3.19153824321146,8,0.0862745098039216,5.67134718411593,24.5,2.06215610075645,-60.3498612754072,8.998,0.888888888888889,2.75020265538362,0.682168439190493,3.51072
23.4529205713402,3,0.928994796803029,1.95441004761168,3,0.0862745098039216,3.85412939307993,21,1.42638547044137,28.1549662370101,4.59,1,2.70202513482371,0.63065695456019,3.77340631578947
124.837702748642,85,0.538486529055043,10.4031418957202,85,0.0784313725490196,12.3179950369574,21.3764705882353,10.379562892329,63.3438185139972,38.018,0.80952380952381,1.18675469908863,0.630502268869309,11.232
33.1674383492482,3,0.942809041582063,1.95441004761168,3,0.0803921568627451,3.46410161513775,18.6666666666667,1.15470053837925,0,3.92,1,3,0.756006962533367,4.41304615384615
30.2775902642419,4,0.866025403784439,2.25675833419103,4,0.0901960784313725,3.65148371670111,25.25,1.82574185835055,18.434948822922,5.053,0.8,2.00000000000001,0.748540176585029,4.36690285714286
300.649000929387,491,0.656961245059599,25.0032121229446,491,0.117647058823529,29.3214370574912,30.8411405295316,22.1061453156521,-64.9875705130105,94.612,0.876785714285714,1.32639302957673,0.645692736403064,9.57231627906976
57.4476883778063,18,0.613849814044852,4.78730736481719,18,0.0803921568627451,5.53774924194538,21.0555555555556,4.371625682868,-11.3099324740202,12.918,0.947368421052632,1.2667482633857,0.877027716402732,6.76512
42.8189787876665,9,0.913743208260138,3.38513750128654,9,0.133333333333333,5.78661246009458,34,2.35105548970894,-23.6453050213193,9.552,0.9,2.46128280911437,0.701912955912196,6.99099428571428
55.8291179001753,16,0.875079811475475,4.51351666838205,16,0.0745098039215686,8.33118826249713,19.0625,4.03211716118179,-24.4070374171452,18.178,0.695652173913043,2.06620689068849,0.442356121564946,3.77770212765957
30.2775902642419,4,0.7319250547114,2.25675833419103,4,0.101960784313725,3.05505046330389,26.75,2.08166599946613,90,4.59,1,1.46759877141069,0.840875939413586,5.3144064
63.5108091408147,5,0.931487698837005,2.52313252202016,5,0.0725490196078431,4.88188997858735,27.4,1.77589890017284,-10.9007047431759,7.013,0.833333333333333,2.74896841149697,0.609333219001905,3.79728
38.2984589185375,19,0.821344226235329,4.91849075936594,19,0.123529411764706,8.16200356621981,19.4210526315789,4.65587513964322,84.023658926533,20.32,0.730769230769231,1.75305465061189,0.433758985623419,5.15808
30.2775902642419,8,0.273861278752583,3.19153824321146,8,0.0627450980392157,3.65148371670111,35.375,3.51188458428425,0,8.146,0.888888888888889,1.03975048982007,0.789036683309539,3.14928
338.242830717405,624,0.798853770186879,28.1869025597837,624,0.274509803921569,36.736699698175,71.9054487179487,22.0980533089713,89.49641341763,98.589,0.916299559471366,1.66244054100733,0.757689562228036,59.62248
91.8364782879097,46,0.536336296902505,7.65303985732581,46,0.101960784313725,8.52777925971541,27.0217391304348,7.19748296182661,49.5336865034919,21.825,0.938775510204082,1.18482798847101,0.927361676666855,7.91361163636364
52.4423246684198,15,0.695894647535026,4.37019372236832,15,0.0823529411764706,5.27676895745313,21.8666666666667,3.78947935923966,-58.1473950352919,11.049,1,1.39247861176156,0.936052172984956,8.01691957894737
38.2984589185375,6,0.953154309205757,2.76395319577068,6,0.0627450980392157,5.52621944591929,16.8333333333333,1.67159563557602,72.3912035159036,8.328,0.857142857142857,3.30595469879592,0.573145815872369,9.131616
126.297842485302,87,0.457465234099631,10.5248202071085,87,0.101960784313725,11.3281755771192,27.9655172413793,10.0733253297506,4.4420005176608,32.204,0.91578947368421,1.12457159937667,0.875101806858401,5.83034112
63.5108091408147,22,0.827668178769086,5.29256742840123,22,0.111764705882353,7.37863378505653,32.9545454545455,4.14102040171257,64.2069695850736,15.73,1,1.78183951520862,0.776274709759797,9.4083984
44.9089238221147,11,0.734877711243911,3.74241031850956,11,0.0666666666666667,5.14414191644856,18.6363636363636,3.48875518757965,-46.0605481983307,11.81,0.785714285714286,1.47449208667959,0.618340419489924,8.8464327804878
42.8189787876665,10,0.840822419068787,3.56824823230554,10,0.0745098039215686,5.33097623812347,21.6,2.88571637816844,2.74179522223222,10.106,0.833333333333333,1.84736666377,0.716037772271318,10.34208
38.2984589185375,8,0.856680200592909,3.19153824321146,8,0.0686274509803922,4.65343323482671,19.75,2.40046366264456,-35.3549768904056,7.683,1,1.93855599951056,0.857979135486048,9.84997028571429
91.8364782879097,46,0.45479875741178,7.65303985732581,46,0.0901960784313725,8.30907309901683,25.6521739130435,7.40001259477352,-74.2995986621339,23.802,0.92,1.12284580500381,0.796263278522091,6.835968
35.8249279286511,7,0.613667301054468,2.98541066072092,7,0.0941176470588235,3.86235240152839,24.8571428571429,3.04957718401056,-17.7688388959872,7.774,1,1.26652062514743,0.738266672081191,10.4050285714286
33.1674383492482,6,0.887101009498983,2.76395319577068,6,0.0823529411764706,4.64938032712149,26.1666666666667,2.14603932769135,54.9276071846605,7.683,0.857142857142857,2.16649353398531,0.643484351614536,9.72895418181818
33.1674383492482,6,0.778498944161523,2.76395319577068,6,0.113725490196078,3.82970843102535,28.1666666666667,2.40370085030933,-45,6.459,1,1.59325501363138,0.818022082978878,9.26602971428571
30.2775902642419,5,0.765092055676006,2.52313252202016,5,0.0901960784313725,3.3065591380366,34,2.12916258968951,18.434948822922,4.962,1,1.55298573911107,0.95680770565741,9.55646836363636
23.4529205713402,3,0.730296743340221,1.95441004761168,3,0.0666666666666667,2.58198889747161,19.3333333333333,1.76383420737639,45,3.093,1,1.4638501094228,0.969873184255889,8.56835446153846
23.4529205713402,3,0.730296743340221,1.95441004761168,3,0.0666666666666667,2.58198889747161,17,1.76383420737639,45,3.093,1,1.4638501094228,0.969873184255889,8.798976
33.1674383492482,6,0.894482618677882,2.76395319577068,6,0.0980392156862745,4.51354114838608,25.6666666666667,2.01801653766021,12.9331783970473,6.922,0.857142857142857,2.23662247764298,0.74448339483631,9.03845647058824
52.4423246684198,15,0.573736650357177,4.37019372236832,15,0.0784313725490196,5.12650715176532,21.5333333333333,4.19881358648013,-76.2962122810908,11.901,0.9375,1.22094183182418,0.833020583510705,9.87626057142857
38.2984589185375,8,0.76533286778399,3.19153824321146,8,0.0882352941176471,4.26009462802185,24.25,2.7419446433081,24.4070374171452,7.501,1,1.55367638016285,0.887574816669867,9.309888
40.6216500154385,9,0.760175561368687,3.38513750128654,9,0.0803921568627451,4.4645049379061,17.1111111111111,2.90066796992654,-60.4818782660368,8.328,1,1.53912994668575,0.859718723808554,8.94882816
48.8211473415386,12,0.822164419910126,3.90882009522336,12,0.0901960784313725,6.1177917923749,29.4166666666667,3.48255353737826,22.6779349153109,13.77,0.705882352941177,1.75669712660914,0.527256680919555,7.80328421052632
33.1674383492482,6,0.632455532033676,2.76395319577068,6,0.0901960784313725,3.33333333333333,23.1666666666667,2.58198889747161,45,5.905,1,1.2909944487358,0.92127872757792,9.69408
35.8249279286511,7,0.3530939318019,2.98541066072092,7,0.0627450980392157,3.23669437485075,17.2857142857143,3.0282120182066,0,6.368,1,1.06884668424492,0.972711556537156,7.39584
214.094893938333,250,0.65726693949177,17.8412411615277,250,0.101960784313725,20.8165608266696,28.368,15.6885646894874,-85.7226086314479,58.933,0.932835820895522,1.32686203223029,0.815308774085669,8.5688064
44.9089238221147,11,0.827448474261695,3.74241031850956,11,0.105882352941176,5.38235050602402,25.5454545454545,3.02241397328283,-81.869897645844,10.106,0.916666666666667,1.78081181254529,0.78764154949845,14.0015127272727
54.1622000205846,16,0.917347189881735,4.51351666838205,16,0.103921568627451,8.73622676331119,25.1875,3.47778788983342,19.2602437421349,19.675,0.8,2.51200678133641,0.386214227757055,11.77092
30.2775902642419,3,0.942809041582063,1.95441004761168,3,0.0725490196078431,3.46410161513775,19.3333333333333,1.15470053837925,0,3.92,1,3,0.756006962533367,11.356416
40.6216500154385,9,0,3.38513750128654,9,0.0666666666666667,3.46410161513775,18.2222222222222,3.46410161513775,0,7.476,1,1,1,15.9033156923077
27.0811000102923,4,0,2.25675833419103,4,0.0882352941176471,2.3094010767585,22.5,2.3094010767585,0,3.556,1,1,1,11.200032
50.664098947737,14,0.847347184515868,4.22200824564475,14,0.0784313725490196,6.08066286885181,19.6428571428571,3.22907101494912,60.9653410518589,11.421,0.933333333333333,1.88309976482435,0.829584246944417,11.8440261818182
66.3348766984964,24,0.686881781983469,5.52790639154137,24,0.109803921568627,7.53796426211237,32.4166666666667,5.47835998419693,-11.5291372997184,19.013,0.727272727272727,1.37595270917878,0.614459930217375,8.42200615384616
59.0218891123912,17,0.906758654339657,4.65242649168128,17,0.0666666666666667,8.56372805950779,25.6470588235294,3.61089614223661,1.3156134054439,19.493,0.68,2.37163510723501,0.416978266264092,10.47936
46.9058411426803,12,0.53748384988657,3.90882009522336,12,0.0823529411764706,4.47213595499958,20.75,3.77123616632825,0,10.214,1,1.18585412256314,0.845404939381118,9.88389415384615
30.2775902642419,5,0.765092055676006,2.52313252202016,5,0.117647058823529,3.3065591380366,29.2,2.12916258968951,-18.434948822922,4.962,1,1.55298573911107,0.95680770565741,10.885248
33.1674383492482,6,0.74535599249993,2.76395319577068,6,0.0666666666666667,3.46410161513775,18,2.3094010767585,0,5.516,1,1.5,1,8.62488
46.9058411426803,12,0.709285563152097,3.90882009522336,12,0.0823529411764706,4.91913930704695,21.0833333333333,3.46760590322601,-55.7064847374359,10.106,1,1.41859814648214,0.859245326725582,12.4361431578947
40.6216500154385,9,0.50395263067897,3.38513750128654,9,0.0745098039215686,3.94405318873308,27.1111111111111,3.40660215927909,63.434948822922,8.626,0.9,1.15776747748194,0.816727390150733,13.3599085714286
30.2775902642419,5,0.765092055676006,2.52313252202016,5,0.101960784313725,3.3065591380366,29.6,2.12916258968951,71.565051177078,4.962,1,1.55298573911107,0.95680770565741,13.09608
42.8189787876665,10,0.630126037812604,3.56824823230554,10,0.0784313725490196,4.25832517937902,19.4,3.3065591380366,-63.434948822922,8.791,1,1.28784183243357,0.882551857914951,12.369024
38.2984589185375,8,0.866025403784439,3.19153824321146,8,0.092156862745098,4.61880215351701,23.5,2.3094010767585,90,7.476,1,2,0.891759474057926,13.2668928
38.2984589185375,8,0.547722557505166,3.19153824321146,8,0.096078431372549,3.65148371670111,26.375,3.05505046330389,0,7.22,1,1.1952286093344,0.936368556122002,13.0896
30.2775902642419,5,0,2.52313252202016,5,0.0784313725490196,2.78088714861523,19.4,2.78088714861523,0,5.624,1,1,0.817743873391467,11.0562938181818
44.9089238221147,11,0.468451788532486,3.74241031850956,11,0.0823529411764706,4.42923650946577,21.4545454545455,3.91318200698606,-84.6901723619224,10.958,0.846153846153846,1.13187592643491,0.695327518671748,11.958048
50.664098947737,14,0.750235453604572,4.22200824564475,14,0.0705882352941176,5.72822474400898,18.0714285714286,3.787334665323,81.7837921544524,12.827,0.823529411764706,1.51246859604377,0.689929340756543,11.0304
23.4529205713402,3,0.730296743340221,1.95441004761168,3,0.0627450980392157,2.58198889747161,16,1.76383420737639,45,3.093,1,1.4638501094228,0.969873184255889,8.76802909090909
33.1674383492482,6,0.456435464587638,2.76395319577068,6,0.0843137254901961,3.2659863237109,25.6666666666667,2.90593262902712,26.565051177078,6.277,1,1.12390297389803,0.849941598934415,11.2964072727273
63.5108091408147,22,0.554328106636255,5.29256742840123,22,0.0764705882352941,6.36836722794568,20.4545454545455,5.30038079679888,80.39801324725,15.829,0.88,1.20149239688435,0.768193710952068,9.89773714285715
23.4529205713402,3,0.730296743340221,1.95441004761168,3,0.0784313725490196,2.58198889747161,21.6666666666667,1.76383420737639,45,3.093,1,1.4638501094228,0.969873184255889,9.83607652173913
44.9089238221147,5,0.765092055676006,2.52313252202016,5,0.0862745098039216,3.3065591380366,19.2,2.12916258968951,18.434948822922,4.962,1,1.55298573911107,0.95680770565741,11.1822650181818
123.360281446966,99,0.733249937189318,11.2272309555287,99,0.274509803921569,14.3127961872784,57.5252525252525,9.73211761310531,-86.6062355100671,40.135,0.883928571428571,1.47067645051933,0.664261282051256,23.37408
88.791324243983,45,0.544834450495623,7.56939756606048,45,0.192156862745098,8.36122207122118,47.1333333333333,7.01124951750481,-4.07122130184938,21.246,0.978260869565217,1.19254378985457,0.950789797878027,15.314688
92.8293339347406,49,0.397597066768559,7.89865416966859,49,0.207843137254902,8.39379531948168,49.4489795918367,7.7018118345734,-24.1006718001595,22.908,0.96078431372549,1.08984684380394,0.907411065696613,22.0158
70.3587617140205,32,0.797925348727508,6.38307648642292,32,0.149019607843137,8.7036549122187,34.53125,5.24618269179391,-36.008510810979,21.089,0.864864864864865,1.65904533325402,0.684907258948748,16.7072914285714
81.2433000308769,36,0.857636027869035,6.77027500257308,36,0.0705882352941176,10.7771851599647,25.6944444444444,5.54224481223093,-68.8119150613244,26.779,0.765957446808511,1.94455234748581,0.505326392714307,11.97792
191.970428407124,201,0.466608408385448,15.9975357005936,201,0.0862745098039216,17.4037832576178,22.1044776119403,15.393020010261,-83.0221018502831,53.442,0.913636363636364,1.13062824877876,0.788905319121022,0.6048
59.0218891123912,19,0.425816730808043,4.91849075936594,19,0.0901960784313725,5.48422340434662,25.0526315789474,4.96217707413927,-86.2642204117038,13.935,0.904761904761905,1.1052050989732,0.818768313963505,9.64674782608696
33.1674383492482,6,0.632455532033676,2.76395319577068,6,0.0764705882352941,3.33333333333333,23.8333333333333,2.58198889747161,-45,5.905,1,1.2909944487358,0.92127872757792,14.46048
77.7845377731429,33,0.745156099826843,6.48204481442857,33,0.0784313725490196,8.6122938168539,20.2121212121212,5.74345336473272,16.1760241720393,21.891,0.785714285714286,1.49949747476616,0.661777716298999,16.36416
59.0218891123912,19,0.804218073549106,4.91849075936594,19,0.0941176470588235,6.72335156171998,23.7894736842105,3.99591861389066,18.1222492860813,14.696,0.904761904761905,1.68255467925402,0.750396813221085,10.7091406451613
42.8189787876665,9,0.913743208260138,3.38513750128654,9,0.103921568627451,5.78661246009457,26.2222222222222,2.35105548970894,23.6453050213193,9.552,0.9,2.46128280911437,0.701912955912196,12.4416
62.0505953499169,21,0.460038389399601,5.17088294582641,21,0.0666666666666667,6.41979363554739,17.4761904761905,5.70012851578685,-43.3307647281178,17.417,0.777777777777778,1.12625419194802,0.624370528982509,26.47728
40.6216500154385,9,0.760175561368687,3.38513750128654,9,0.105882352941176,4.4645049379061,27,2.90066796992654,60.4818782660368,8.328,1,1.53912994668575,0.859718723808554,14.6982177391304
38.2984589185375,8,0.866025403784439,3.19153824321146,8,0.0784313725490196,4.61880215351701,22.375,2.3094010767585,90,7.476,1,2,0.891759474057926,15.0471234782609
40.6216500154385,9,0.8786394088918,3.38513750128654,9,0.0823529411764706,5.46250101356066,18.3333333333333,2.60826723812779,47.9530705568853,9.461,0.9,2.09430265952412,0.712086209891738,15.7883904
59.0218891123912,19,0.728713554231112,4.91849075936594,19,0.0745098039215686,6.26323160799907,18.7894736842105,4.28917768863574,-45,13.563,1,1.46024064813021,0.855641194954334,14.9833550769231
30.2775902642419,5,0.765092055676006,2.52313252202016,5,0.0784313725490196,3.3065591380366,22.6,2.12916258968951,71.565051177078,4.962,1,1.55298573911107,0.95680770565741,14.950656
81.2433000308769,36,0.727895999931596,6.77027500257308,36,0.105882352941176,8.34557203185562,26.8055555555556,5.72245482197145,88.3314025917241,20.32,0.947368421052632,1.45839019992131,0.821859130654899,14.69664
67.7027500257308,25,0.906925871946586,5.64189583547756,25,0.0666666666666667,9.33268724683056,18.52,3.93177001101449,-4.08821502063031,18.707,0.892857142857143,2.37366051948255,0.658116739194668,13.5228342857143
35.8249279286511,7,0.856222400720973,2.98541066072092,7,0.141176470588235,4.31282648363321,43.1428571428571,2.22803805452514,-81.6503778830032,6.922,1,1.93570593413962,0.868563960642361,9.165312
174.457783080461,166,0.659476740040166,14.5381485900385,166,0.266666666666667,17.2554703941001,67.1807228915663,12.9713679508492,-16.1930852383928,53.955,0.855670103092783,1.33027375828703,0.639878574608756,31.5387870967742
64.9381965576721,23,0.611792468131071,5.41151637980601,23,0.117647058823529,6.55306087518475,36.5652173913044,5.18359117685261,16.6656129998155,15.738,0.92,1.26419323044756,0.810872292072001,18.8826306206897
55.8291179001753,17,0.914092513204787,4.65242649168128,17,0.0666666666666667,7.98238872778899,17.0588235294118,3.23690417371904,53.4637565320735,15.92,0.85,2.46605654643697,0.587950029555696,18.13752
106.618397358971,62,0.780998052137061,8.88486644658095,62,0.0784313725490196,11.7108989517025,21.0967741935484,7.31384824106592,53.613406379424,31.874,0.837837837837838,1.60119523480785,0.635445913007352,8.8776
50.664098947737,14,0.841497986449233,4.22200824564475,14,0.103921568627451,6.02599379578901,29,3.25560492058891,-83.952621461494,11.603,1,1.8509597886647,0.809230684347605,15.3366646153846
48.8211473415386,13,0.73458330918516,4.06842894512822,13,0.135294117647059,5.30531096504978,34.3076923076923,3.59975166550062,62.9349117588607,11.231,1,1.47379915561813,0.790829720365258,15.98616
30.2775902642419,5,0.765092055676006,2.52313252202016,5,0.0901960784313725,3.3065591380366,24.8,2.12916258968951,-18.434948822922,4.962,1,1.55298573911107,0.95680770565741,15.9522048
48.8211473415386,13,0.505789614981344,4.06842894512822,13,0.0980392156862745,4.47037145070718,27.6153846153846,3.85639661754271,45,9.461,1,1.15920946262931,1,16.1424
52.4423246684198,15,0.4618802153517,4.37019372236832,15,0.0980392156862745,4.76095228569523,26.0666666666667,4.2226900325635,-75.9637565320735,10.867,1,1.12746904200424,0.960532600136046,17.0315416216216
33.1674383492482,5,0.889463640050389,2.52313252202016,5,0.0764705882352941,4.25308721534519,22.4,1.94368613858668,-5.15242323438302,6.55,1,2.18815534612896,0.668943694239983,15.88248
38.2984589185375,8,0.580947501931112,3.19153824321146,8,0.143137254901961,3.65148371670111,37,2.97209241668783,45,6.831,1,1.22859023366791,1,20.2176
64.9381965576721,23,0.510647737670795,5.41151637980601,23,0.0784313725490196,5.99135312002465,24.0869565217391,5.15130565206294,-37.8920732631632,14.58,0.958333333333333,1.16307466974422,0.920305888114905,20.176128
35.8249279286511,7,0.838373447974913,2.98541066072092,7,0.129411764705882,4.60299252564282,30.2857142857143,2.5090741332522,63.9374918255491,8.237,0.875,1.83453827236126,0.679408230289372,18.5764937142857
60.5551805284838,20,0.753060616420467,5.04626504404032,20,0.0784313725490196,6.73448257645683,16.4,4.43096051596785,-41.4264393994939,16.193,0.833333333333333,1.51986968788997,0.672310364261526,17.9303563636364
30.2775902642419,5,0.765092055676006,2.52313252202016,5,0.117647058823529,3.3065591380366,31.4,2.12916258968951,-18.434948822922,4.962,1,1.55298573911107,0.95680770565741,18.47808
33.1674383492482,6,0.833333333333333,2.76395319577068,6,0.0823529411764706,4,24.3333333333333,2.21108319357027,0,6.368,1,1.80906806746658,0.833752762746134,16.2665513513514
60.5551805284838,20,0.742991324507385,5.04626504404032,20,0.0686274509803922,6.36309980493782,18.7,4.25882936252052,-9.39581211188473,13.472,1,1.494095974104,0.910568755024263,16.22592
81.2433000308769,36,0.687631738478462,6.77027500257308,36,0.0666666666666667,8.88805188049895,18.6388888888889,6.45325569601895,-53.4149204736631,24.637,0.765957446808511,1.37729733628594,0.58626219025578,20.6377768421053
40.6216500154385,9,0.50395263067897,3.38513750128654,9,0.0980392156862745,3.94405318873308,24.6666666666667,3.40660215927909,-26.565051177078,8.626,1,1.15776747748194,0.816727390150733,18.4184470588235
40.6216500154385,9,0.759113363612185,3.38513750128654,9,0.0901960784313725,4.43077101395282,24.7777777777778,2.88424782324025,83.952621461494,8.237,0.9,1.53619636227207,0.873524867514907,19.2605538461539
167.487353700526,153,0.678296822457129,13.9572794750438,153,0.170588235294118,16.572646865441,56.4705882352941,12.1773822220214,83.6844348118941,48.232,0.88953488372093,1.36093674020277,0.728486350976934,28.7507781818182
66.3348766984964,24,0.626671581338812,5.52790639154137,24,0.105882352941176,6.43764760673451,27.875,5.01675237605132,12.8451872029783,15.548,0.96,1.28323009073882,0.863418667332086,18.4270183783784
46.9058411426803,12,0.624895320353377,3.90882009522336,12,0.0705882352941176,4.61113487338034,19,3.5999524165908,37.2379445016229,9.37,1,1.28088772844035,0.963309664208456,17.87816448
70.3587617140205,27,0.896616370075937,5.86323014283504,27,0.131372549019608,9.30010891711516,35,4.1181643100782,22.8580799727352,19.493,0.9,2.25831419459282,0.662259599360617,20.408147027027
40.6216500154385,9,0,3.38513750128654,9,0.0784313725490196,3.46410161513775,21.8888888888889,3.46410161513775,0,7.476,1,1,1,16.6505142857143
54.1622000205846,16,0.845004663115476,4.51351666838205,16,0.0627450980392157,6.47134752332623,15,3.46061091413151,32.8424443255977,12.918,0.941176470588235,1.87000147774495,0.779580192357984,15.6962504347826
50.664098947737,14,0.652071200401997,4.22200824564475,14,0.0843137254901961,4.91838146044775,21.5,3.72890894294322,45,10.106,1,1.318986742692,1,14.0125090909091
87.7527934971774,42,0.778122531458549,7.31273279143145,42,0.0823529411764706,9.53123252003045,20.9047619047619,5.98668638775658,-48.2999972744462,22.768,0.91304347826087,1.59207145701215,0.78620895135244,12.51936
33.1674383492482,6,0.833333333333333,2.76395319577068,6,0.0803921568627451,4,20.1666666666667,2.21108319357027,90,6.368,1,1.80906806746658,0.833752762746134,18.3274685217391
40.6216500154385,9,0.66581188486039,3.38513750128654,9,0.0784313725490196,4.05369123455442,22.7777777777778,3.02453869019341,69.6993526774978,7.683,1,1.34026760765133,0.965226527421804,16.53696
40.6216500154385,9,0,3.38513750128654,9,0.0784313725490196,3.46410161513775,19.1111111111111,3.46410161513775,0,7.476,1,1,1,18.6624
50.664098947737,8,0.974761792918433,3.19153824321146,8,0.0450980392156863,9.48337421848704,14.375,2.11713960304985,63.6361009747492,14.415,0.533333333333333,4.47933343877076,0.326151503909963,15.899328
30.2775902642419,5,0.765092055676006,2.52313252202016,5,0.0705882352941176,3.3065591380366,19.6,2.12916258968951,-18.434948822922,4.962,1,1.55298573911107,0.95680770565741,17.2182857142857
66.3348766984964,24,0.574717566567462,5.52790639154137,24,0.0745098039215686,6.18979878767913,20.3333333333333,5.06543316906542,-70.3951160037717,14.142,1,1.2219683057868,1,15.3310543448276
30.2775902642419,4,0.866025403784439,2.25675833419103,4,0.0784313725490196,3.65148371670111,29.25,1.82574185835055,18.434948822922,5.053,1,2.00000000000001,0.748540176585029,17.62518528
38.2984589185375,7,0.904041941290464,2.98541066072092,7,0.0725490196078431,4.93372983077034,22.1428571428571,2.10889203214042,56.5992952568241,7.592,1,2.33948905661275,0.763515195803554,18.4113852631579
48.8211473415386,13,0.793186027452907,4.06842894512822,13,0.0862745098039216,5.66184149146363,24.0769230769231,3.4479449098098,-6.23523086083445,11.81,0.928571428571429,1.64209163416592,0.730765950306274,19.3504581818182
92.8293339347406,47,0.690701265831308,7.73577782789505,47,0.0705882352941176,9.5410191798396,18.5106382978723,6.8994946005264,69.4340060514748,25.208,0.87037037037037,1.3828576920854,0.734876019829483,8.24256
52.4423246684198,15,0.762468759881104,4.37019372236832,15,0.0784313725490196,5.81033561853358,20.4,3.75943258129912,90,12.455,0.9375,1.54553526174042,0.774892868450043,18.2639725714286
44.9089238221147,10,0.912779266489196,3.56824823230554,10,0.0627450980392157,6.31325115338785,17.9,2.57866759023216,-73.9973083959583,10.958,0.833333333333333,2.44826094580863,0.632115926065226,19.3840128
35.8249279286511,7,0.856222400720973,2.98541066072092,7,0.0705882352941176,4.31282648363321,15.1428571428571,2.22803805452514,8.34962211699681,6.922,1,1.93570593413962,0.868563960642361,17.9446153846154
63.5108091408147,22,0.845122706966648,5.29256742840123,22,0.0941176470588235,7.80548151643523,25.0909090909091,4.17259469046036,81.9734920308407,18.269,0.814814814814815,1.87065413620944,0.603080334496216,16.9596553846154
72.918093356958,29,0.550077137493923,6.0765077797465,29,0.0745098039215686,7.01149328354199,19.448275862069,5.85539515171479,17.6580982739725,18.178,0.878787878787879,1.19744152219831,0.801770470336466,18.211392
27.0811000102923,4,0,2.25675833419103,4,0.1,2.3094010767585,26.25,2.3094010767585,0,3.556,1,1,1,17.1835158857143
30.2775902642419,5,0.765092055676006,2.52313252202016,5,0.0901960784313725,3.3065591380366,24.6,2.12916258968951,18.434948822922,4.962,1,1.55298573911107,0.95680770565741,20.404224
42.8189787876665,10,0.657535505639407,3.56824823230554,10,0.0784313725490196,4.25832517937902,20.5,3.20832251080426,1.29818558427082e-15,8.146,1,1.32727466301745,0.986295854136924,19.85472
60.5551805284838,20,0.70866522594201,5.04626504404032,20,0.0686274509803922,6.16173336306476,18.25,4.34737951289754,79.1662555316661,13.654,1,1.41734425181526,0.890941509683794,15.9054545454545
30.2775902642419,5,0.765092055676006,2.52313252202016,5,0.0941176470588235,3.3065591380366,22.4,2.12916258968951,18.434948822922,4.962,1,1.55298573911107,0.95680770565741,15.5877517241379
99.5023150477446,54,0.363441632314193,8.29185958731205,54,0.133333333333333,8.75974471220669,33,8.16072683197246,-63.5838321412769,24.728,0.915254237288136,1.07340251580133,0.87365985818962,18.36432
27.0811000102923,4,0,2.25675833419103,4,0.0901960784313725,2.3094010767585,23.25,2.3094010767585,0,3.556,1,1,1,13.69728
150.171964148936,123,0.310554588632896,12.5143303457446,123,0.137254901960784,12.9238586526892,37.1707317073171,12.2848455278753,58.53149974652,37.166,0.968503937007874,1.05201637443173,0.951352039500367,148.83264
30.2775902642419,5,0.765092055676006,2.52313252202016,5,0.0627450980392157,3.3065591380366,17.6,2.12916258968951,-71.565051177078,4.962,1,1.55298573911107,0.95680770565741,16.6074624
38.2984589185375,6,0.840168050416806,2.76395319577068,6,0.0705882352941176,4.76095228569523,20.3333333333333,2.58198889747161,90,8.328,0.75,1.84390889145858,0.573145815872369,16.008192
35.8249279286511,7,0.856222400720973,2.98541066072092,7,0.0784313725490196,4.31282648363321,19.7142857142857,2.22803805452514,81.6503778830032,6.922,1,1.93570593413962,0.868563960642361,16.837632
46.9058411426803,12,0.783575964430351,3.90882009522336,12,0.0666666666666667,5.17450724388029,17,3.21490060408428,-6.64243324245109,10.106,0.923076923076923,1.6095387948562,0.859245326725582,15.3643392
60.5551805284838,19,0.856606403654732,4.91849075936594,19,0.0784313725490196,7.35187229568593,20.6315789473684,3.79334859987688,65.3700966161652,15.457,0.863636363636364,1.93809561713483,0.690245048278553,16.48512
63.5108091408147,22,0.68419410836501,5.29256742840123,22,0.0784313725490196,6.5985706458474,25.1363636363636,4.81233726474645,-23.8475282402899,15.159,0.88,1.37117792931644,0.825471790191294,17.62342272
40.6216500154385,9,0.66581188486039,3.38513750128654,9,0.105882352941176,4.05369123455442,33.4444444444444,3.02453869019341,-20.3006473225022,7.683,1,1.34026760765133,0.965226527421804,17.0180352
57.4476883778063,18,0.419579443250393,4.78730736481719,18,0.0686274509803922,5.2033214181089,18.5555555555556,4.72315173049013,-2.97343152698676,12.645,0.947368421052632,1.10166298163132,0.907623147548868,16.0071552
30.2775902642419,5,0.765092055676006,2.52313252202016,5,0.0784313725490196,3.3065591380366,20.6,2.12916258968951,-18.434948822922,4.962,1,1.55298573911107,0.95680770565741,13.2845184
38.2984589185375,7,0.875419940655965,2.98541066072092,7,0.0647058823529412,5.14907661087564,19.8571428571429,2.48887385146992,22.5,9.089,0.777777777777778,2.06883792355913,0.588048166260961,14.090112
33.1674383492482,6,0.833333333333333,2.76395319577068,6,0.0784313725490196,4,20.6666666666667,2.21108319357027,90,6.368,1,1.80906806746658,0.833752762746134,14.2694784
38.2984589185375,8,0.782272678051271,3.19153824321146,8,0.0901960784313725,4.27914326017336,21.625,2.66563306281633,19.329904127045,7.774,1,1.60530093952703,0.843733339521361,13.5696384
33.1674383492482,5,0.889463640050389,2.52313252202016,5,0.0686274509803922,4.25308721534519,18,1.94368613858668,-84.847576765617,6.55,1,2.18815534612896,0.668943694239983,13.250304
46.9058411426803,12,0.624895320353377,3.90882009522336,12,0.105882352941176,4.61113487338034,33.5,3.5999524165908,-52.7620554983771,9.37,0.923076923076923,1.28088772844035,0.963309664208456,12.928896
35.8249279286511,7,0.688972486206282,2.98541066072092,7,0.0901960784313725,3.76358333265239,22.4285714285714,2.72779813678576,59.5273020495386,6.831,1,1.37971475304515,0.884487590623178,13.9968
30.2775902642419,5,0.901281139438573,2.52313252202016,5,0.0705882352941176,4.16333199893227,23,1.80369990112916,45,5.814,1,2.30821767874241,0.783413778480016,13.0192457142857
30.2775902642419,3,0.942809041582063,1.95441004761168,3,0.0784313725490196,3.46410161513775,30.3333333333333,1.15470053837925,90,3.92,1,3,0.756006962533367,16.31232
42.8189787876665,10,0.928131764044616,3.56824823230554,10,0.0666666666666667,6.11010092660779,13.3,2.27449628123093,0,10.288,1,2.68635344758668,0.696761562379293,13.9375542857143
66.3348766984964,24,0.620928072205805,5.52790639154137,24,0.0686274509803922,6.69227469159292,21.9166666666667,5.24585693741456,-39.950626284309,17.144,0.857142857142857,1.27572573393342,0.732901659442284,13.001472
30.2775902642419,5,0.765092055676006,2.52313252202016,5,0.0705882352941176,3.3065591380366,17.4,2.12916258968951,-71.565051177078,4.962,1,1.55298573911107,0.95680770565741,12.731904
27.0811000102923,4,0,2.25675833419103,4,0.119607843137255,2.3094010767585,32,2.3094010767585,0,3.556,1,1,1,15.531264
30.2775902642419,5,0.765092055676006,2.52313252202016,5,0.0666666666666667,3.3065591380366,17.6,2.12916258968951,18.434948822922,4.962,1,1.55298573911107,0.95680770565741,15.6956708571429
42.8189787876665,10,0.587407799848354,3.56824823230554,10,0.0686274509803922,4.08574758561188,17.8,3.3065591380366,0,8.328,1,1.23564933063255,0.955243026453948,14.56704
35.8249279286511,7,0.3530939318019,2.98541066072092,7,0.0901960784313725,3.23669437485075,21.7142857142857,3.0282120182066,0,6.368,1,1.06884668424492,0.972711556537156,15.443136
42.8189787876665,10,0.804984471899924,3.56824823230554,10,0.0941176470588235,5.77350269189626,20.1,3.4253953543107,90,12.918,0.666666666666667,1.68549965615811,0.48723762022374,14.4384768
50.664098947737,14,0.893150443705783,4.22200824564475,14,0.0764705882352941,6.64162000008272,16.7857142857143,2.9871219225106,4.80764270274153,11.975,0.933333333333333,2.22341778219103,0.769892482555178,14.950656
46.9058411426803,12,0.472903607729549,3.90882009522336,12,0.105882352941176,4.32462625520298,29.6666666666667,3.81048946659497,-70.1946558799867,9.552,1,1.1349267051163,0.935883941216262,13.8783085714286
38.2984589185375,8,0.547722557505166,3.19153824321146,8,0.0843137254901961,3.65148371670111,21.75,3.05505046330389,90,7.22,1,1.1952286093344,0.936368556122002,15.427584
75.3905917717706,31,0.869053338651912,6.28254931431422,31,0.0784313725490196,9.47098279674288,33.7096774193548,4.68546944873456,60.5519100579973,22.123,0.837837837837838,2.02135194783967,0.610305040833059,7.67720054634146
194.343453337188,206,0.629878789211787,16.195287778099,206,0.117647058823529,18.6315708989517,32.1601941747573,14.4710190279902,68.358036007797,56.279,0.88034188034188,1.2875092530052,0.733167366621994,11.723334939759
66.3348766984964,24,0.762714578550889,5.52790639154137,24,0.211764705882353,7.21653961833647,59.9166666666667,4.66719048765864,-70.3090933158666,16.102,0.923076923076923,1.54622778680644,0.814420684538037,10.8186624
42.8189787876665,10,0.916419090533595,3.56824823230554,10,0.0901960784313725,6.27664876846181,22.5,2.51204038662468,-14.4600220188032,11.603,0.833333333333333,2.49862573941157,0.578021917391146,8.09856
54.1622000205846,16,0.525000445306045,4.51351666838205,16,0.0784313725490196,6.44115465215015,25.1875,5.48207929655812,82.0703168666972,18.178,0.695652173913043,1.17494737009627,0.442356121564946,8.64
44.9089238221147,11,0.781582173964939,3.74241031850956,11,0.109803921568627,5.03353163418305,26.1818181818182,3.13992859380271,-9.99155326094999,9.643,1,1.60307200747105,0.845724202624386,8.24792275862069
38.2984589185375,4,0.968245836551854,2.25675833419103,4,0.0627450980392157,4.61880215351701,16,1.15470053837925,0,5.88,1,4.00000000000001,0.617594511485095,8.462016
78.9542957097545,34,0.368757718289333,6.57952464247954,34,0.113725490196078,6.91653986070723,28.1176470588235,6.42910050732864,-71.5650511770779,18.153,0.971428571428571,1.07581765953463,0.942215202884336,3.29509506976744
75.3905917717706,27,0.625887405465158,5.86323014283504,27,0.0588235294117647,8.43656006142315,16.5555555555556,6.57978648076585,-55.3730401378417,25.762,0.692307692307692,1.28219359185667,0.406134583296952,8.46712024615385
42.8189787876665,10,0.587407799848354,3.56824823230554,10,0.0843137254901961,4.08574758561188,21.8,3.3065591380366,90,8.328,1,1.23564933063255,0.955243026453948,6.90695424
71.6498558573022,28,0.799990425067174,5.97082132144185,28,0.101960784313725,8.42897497016209,29.3571428571429,5.05749258946734,36.3843518158359,20.138,0.848484848484849,1.6666312052965,0.649257749208276,6.91793530434783
52.4423246684198,15,0.655594221621628,4.37019372236832,15,0.0784313725490196,5.48991725689606,23.8666666666667,4.14550997548905,54.6153361878306,12.827,0.882352941176471,1.3243044376581,0.739210007953438,6.63755294117647
40.6216500154385,9,0.66581188486039,3.38513750128654,9,0.109803921568627,4.05369123455442,27.2222222222222,3.02453869019341,20.3006473225022,7.683,1,1.34026760765133,0.965226527421804,6.36644571428571
46.9058411426803,12,0.856821386587265,3.90882009522336,12,0.0784313725490196,5.60567500816166,16.3333333333333,2.89036078728063,-72.0066021778214,10.015,1,1.93943781441752,0.871172691075666,5.96094171428571
40.6216500154385,9,0.902873500539961,3.38513750128654,9,0.109803921568627,5.40916159985373,23.5555555555556,2.32543274539051,31.717474411461,9.18,1,2.32608817028822,0.744935513912543,6.55088818604651
57.4476883778063,18,0.798385739734778,4.78730736481719,18,0.0843137254901961,6.61393743994763,22.4444444444444,3.98255819945722,-86.7458600993604,14.903,0.9,1.66072587234231,0.694685451961317,9.56818285714286
44.9089238221147,11,0.68469019539811,3.74241031850956,11,0.101960784313725,4.49690773447605,24.6363636363636,3.27750029068392,74.9293072239623,8.791,1,1.37205410698459,0.970807043706446,6.096384
30.2775902642419,5,0.765092055676006,2.52313252202016,5,0.0980392156862745,3.3065591380366,30.4,2.12916258968951,71.565051177078,4.962,1,1.55298573911107,0.95680770565741,5.75649391304348
48.8211473415386,13,0.859122036523228,4.06842894512822,13,0.0745098039215686,6.06421305505945,18.3076923076923,3.10348701623311,-2.00009288025655,11.512,1,1.95399981483407,0.760790335414178,6.23561142857143
33.1674383492482,6,0.894482618677882,2.76395319577068,6,0.0784313725490196,4.51354114838608,18.6666666666667,2.01801653766021,77.0668216029527,6.922,1,2.23662247764298,0.74448339483631,7.57340928
142.658546477408,111,0.653599423938781,11.8882122064507,111,0.203921568627451,14.0532736961087,55.1531531531532,10.6360890172888,-41.0239984768452,38.82,0.925,1.32128206836792,0.792189197250424,12.531456
27.0811000102923,4,0,2.25675833419103,4,0.131372549019608,2.3094010767585,33.5,2.3094010767585,0,3.556,1,1,1,5.79388235294118
54.1622000205846,16,0.695608343640252,4.51351666838205,16,0.101960784313725,5.45053514192261,26.3125,3.91578004149024,71.565051177078,11.33,0.941176470588235,1.39194109070751,0.960057373958077,5.98381714285714
38.2984589185375,8,0.580947501931112,3.19153824321146,8,0.101960784313725,3.65148371670111,26,2.97209241668783,45,6.831,1,1.22859023366791,1,3.747708
40.6216500154385,9,0.50395263067897,3.38513750128654,9,0.0823529411764706,3.94405318873308,20.5555555555556,3.40660215927909,-26.565051177078,8.626,0.9,1.15776747748194,0.816727390150733,6.44701090909091
33.1674383492482,6,0.74535599249993,2.76395319577068,6,0.101960784313725,3.46410161513775,26.1666666666667,2.3094010767585,0,5.516,1,1.5,1,6.1592832
30.2775902642419,5,0.765092055676006,2.52313252202016,5,0.0901960784313725,3.3065591380366,24.6,2.12916258968951,18.434948822922,4.962,1,1.55298573911107,0.95680770565741,5.77386514285714
48.8211473415386,13,0.895491036925257,4.06842894512822,13,0.0705882352941176,6.61745604508127,16.1538461538462,2.9452943360777,42.9902087560813,12.455,0.928571428571429,2.24678938332997,0.671573819323371,6.43897878260869
35.8249279286511,7,0.856222400720973,2.98541066072092,7,0.0627450980392157,4.31282648363321,16.8571428571429,2.22803805452514,-81.6503778830032,6.922,1,1.93570593413962,0.868563960642361,4.83934806486486
42.8189787876665,10,0.630126037812605,3.56824823230554,10,0.0627450980392157,4.25832517937902,17,3.3065591380366,63.434948822922,8.791,0.909090909090909,1.28784183243357,0.882551857914951,4.52694034285714
38.2984589185375,8,0.580947501931112,3.19153824321146,8,0.0784313725490196,3.65148371670111,19.25,2.97209241668783,-45,6.831,1,1.22859023366791,1,6.10553223529412
35.8249279286511,7,0.856222400720973,2.98541066072092,7,0.0901960784313725,4.31282648363321,21.8571428571429,2.22803805452514,81.6503778830032,6.922,1,1.93570593413962,0.868563960642361,3.6706064516129
50.664098947737,14,0.792643146951708,4.22200824564475,14,0.207843137254902,5.69853778904916,55.7142857142857,3.47431788324752,41.4374918255491,11.512,0.933333333333333,1.6401889465919,0.819312668907576,4.54276173913044
33.1674383492482,6,0.74535599249993,2.76395319577068,6,0.109803921568627,3.46410161513775,28,2.3094010767585,0,5.516,1,1.5,1,5.298048
38.2984589185375,8,0.580947501931112,3.19153824321146,8,0.0705882352941176,3.65148371670111,19.125,2.97209241668783,-45,6.831,1,1.22859023366791,1,3.43951753846154
48.8211473415386,13,0.491217355978626,4.06842894512822,13,0.0862745098039216,4.51192321135169,21.1538461538462,3.93005219762903,-76.2235942116411,10.197,1,1.14805681565087,0.918191348959463,6.71351563636364
23.4529205713402,3,0.730296743340221,1.95441004761168,3,0.109803921568627,2.58198889747161,31,1.76383420737639,-45,3.093,1,1.4638501094228,0.969873184255889,4.95236945454545
30.2775902642419,5,0.765092055676006,2.52313252202016,5,0.105882352941176,3.3065591380366,29.2,2.12916258968951,18.434948822922,4.962,1,1.55298573911107,0.95680770565741,7.08486912
30.2775902642419,5,0.765092055676006,2.52313252202016,5,0.0784313725490196,3.3065591380366,20.2,2.12916258968951,-18.434948822922,4.962,1,1.55298573911107,0.95680770565741,-0.186173217391304
27.0811000102923,4,0.7319250547114,2.25675833419103,4,0.0725490196078431,3.05505046330389,19,2.08166599946613,0,4.59,1,1.46759877141069,0.840875939413586,3.9045888
33.1674383492482,6,0.833333333333333,2.76395319577068,6,0.0784313725490196,4,24.1666666666667,2.21108319357027,0,6.368,1,1.80906806746658,0.833752762746134,5.3923968
38.2984589185375,8,0.547722557505166,3.19153824321146,8,0.0725490196078431,3.65148371670111,18.25,3.05505046330389,0,7.22,1,1.1952286093344,0.936368556122002,5.66685257142857
35.8249279286511,7,0.856222400720973,2.98541066072092,7,0.0784313725490196,4.31282648363321,20.5714285714286,2.22803805452514,8.34962211699681,6.922,1,1.93570593413962,0.868563960642361,5.539968
50.664098947737,6,0.778498944161523,2.76395319577068,6,0.0627450980392157,3.82970843102535,9.33333333333333,2.40370085030933,-45,6.459,1,1.59325501363138,0.818022082978878,5.038848
60.5551805284838,20,0.383661650001982,5.04626504404032,20,0.0862745098039216,5.3416601664027,22.25,4.93288286231625,26.565051177078,12.645,1,1.08286783114378,1,4.99356734693878
48.8211473415386,13,0.805967314674431,4.06842894512822,13,0.0745098039215686,5.80201363300796,14.9230769230769,3.43456021600152,59.503207951135,12.091,0.866666666666667,1.68930322024245,0.704053334075413,3.84558545454545
46.9058411426803,12,0,3.90882009522336,12,0.105882352941176,4,28.4166666666667,4,0,8.816,1,1,1,0.84539076923077
57.4476883778063,18,0.760853734411761,4.78730736481719,18,0.0784313725490196,6.43595576534984,23.1666666666667,4.17644237567387,56.6457763784326,14.903,0.857142857142857,1.54101390284629,0.694685451961317,1.97537684210527
33.1674383492482,6,0.632455532033676,2.76395319577068,6,0.0901960784313725,3.33333333333333,23.1666666666667,2.58198889747161,45,5.905,1,1.2909944487358,0.92127872757792,2.48073365853659
107.474783785953,46,0.405801640084749,7.65303985732581,46,0.0666666666666667,10.5267642378845,16.8695652173913,9.621053808909,27.1538837468255,40.441,0.686567164179104,1.09413838098866,0.304327761459906,-1.48716
72.918093356958,29,0.78691636592167,6.0765077797465,29,0.137254901960784,8.08163601756336,36.1724137931034,4.9868516324747,10.9657679728247,18.087,0.966666666666667,1.62058882300312,0.808659056325168,1.838592
50.664098947737,14,0.359571779325918,4.22200824564475,14,0.0941176470588235,5.34080974774338,24.0714285714286,4.98360265832824,58.8497364040276,16.21,0.7,1.071676478625,0.469790761852657,4.09156682926829
23.4529205713402,3,0.730296743340221,1.95441004761168,3,0.0862745098039216,2.58198889747161,23.3333333333333,1.76383420737639,45,3.093,1,1.4638501094228,0.969873184255889,2.56946086956522
40.6216500154385,9,0.759113363612185,3.38513750128654,9,0.0784313725490196,4.43077101395282,19.5555555555556,2.88424782324025,-83.9526214614939,8.237,1,1.53619636227207,0.873524867514907,6.07619368421053
35.8249279286511,7,0.353093931801899,2.98541066072092,7,0.0901960784313725,3.23669437485075,23,3.0282120182066,0,6.368,1,1.06884668424492,0.972711556537156,0.67392
35.8249279286511,7,0.856222400720973,2.98541066072092,7,0.0941176470588235,4.31282648363321,28,2.22803805452514,8.34962211699681,6.922,1,1.93570593413962,0.868563960642361,3.16668342857143
104.006938095831,59,0.76114726526543,8.66724484131922,59,0.117647058823529,11.0471561684396,30.7966101694915,7.16495453393659,-35.5787510175156,27.449,0.936507936507937,1.5418319985305,0.792293501379322,-1.525824
54.1622000205846,16,0.657191767332214,4.51351666838205,16,0.141176470588235,5.49893737704275,40.3125,4.14467783911233,-47.7461622785637,12.645,0.888888888888889,1.32674663520301,0.806776131154549,4.44418169491525
114.895376755613,72,0.608510586824269,9.57461472963438,72,0.0862745098039216,11.3022751991553,21.5416666666667,8.96887250929522,86.2884061735197,37.39,0.8,1.26016678099078,0.550750654404032,2.40669957446809
162.486600061754,144,0.837363169997228,13.5405500051462,144,0.231372549019608,18.5054952316883,59.1666666666667,10.1159730951629,82.1069406797939,44.907,0.947368421052632,1.82933416860677,0.783810384009313,4.888512
57.4476883778063,18,0.476105876831302,4.78730736481719,18,0.101960784313725,5.26122325679877,27.1111111111111,4.62665641637741,59.0892950549796,12.455,1,1.13715452009255,0.929871442140052,0.602331428571428
33.1674383492482,6,0.833333333333333,2.76395319577068,6,0.0784313725490196,4,23.6666666666667,2.21108319357027,90,6.368,1,1.80906806746658,0.833752762746134,5.75143783783784
38.2984589185375,8,0.913849903848607,3.19153824321146,8,0.0745098039215686,5.66750954241373,18.5,2.30130446775649,-70.3365110699627,9.734,0.888888888888889,2.46273781753829,0.606408659228706,8.82875076923077
38.2984589185375,7,0.867628581487931,2.98541066072092,7,0.0647058823529412,5.51481654348777,18.1428571428571,2.74203779711172,46.6352439615918,10.586,0.7,2.01121098669636,0.466787413058523,5.60196
30.2775902642419,3,0.942809041582063,1.95441004761168,3,0.0627450980392157,3.46410161513775,17.6666666666667,1.15470053837925,0,3.92,1,3,0.756006962533367,-1.21503085714286
100.419406462608,55,0.509387056828284,8.368283871884,55,0.101960784313725,9.62359550559393,34.9090909090909,8.28146502668691,37.7341288296809,28.466,0.859375,1.16206437805171,0.691814585734152,8.17625302325581
27.0811000102923,4,0,2.25675833419103,4,0.101960784313725,2.3094010767585,26.25,2.3094010767585,0,3.556,1,1,1,7.37568
101.328197895474,56,0.404368891641981,8.4440164912895,56,0.0901960784313725,9.00333596262076,22.7142857142857,8.23441484276102,-86.1953911869838,24.984,0.949152542372881,1.09337896311305,0.889599491442375,1.47701508196721
67.7027500257308,25,0.934005652053287,5.64189583547756,25,0.0784313725490196,9.90344422253422,22.4,3.53808694039875,23.4456916475163,19.774,0.892857142857143,2.79909577954523,0.598256857492396,5.83882105263158
63.5108091408147,22,0.731784761014596,5.29256742840123,22,0.103921568627451,7.69423587275452,37.6818181818182,5.24389729612659,-6.81525691217895,22.297,0.666666666666667,1.46727432637513,0.427214891691734,6.88744421052631
60.5551805284838,20,0.803506356845113,5.04626504404032,20,0.0745098039215686,7.04741883646253,23.2,4.19530146832618,75.1984807966325,16.193,0.869565217391304,1.67983609513389,0.672310364261526,6.74506867924528
27.0811000102923,4,0.7319250547114,2.25675833419103,4,0.0647058823529412,3.05505046330389,17.25,2.08166599946613,90,4.59,1,1.46759877141069,0.840875939413586,6.303744
40.6216500154385,9,0.66581188486039,3.38513750128654,9,0.0823529411764706,4.05369123455442,20.6666666666667,3.02453869019341,20.3006473225022,7.683,1,1.34026760765133,0.965226527421804,6.35904
38.2984589185375,4,0.968245836551854,2.25675833419103,4,0.0588235294117647,4.61880215351701,28,1.15470053837925,0,5.88,1,4.00000000000001,0.617594511485095,7.51488
42.8189787876665,10,0.587407799848354,3.56824823230554,10,0.0843137254901961,4.08574758561188,21.8,3.3065591380366,90,8.328,1,1.23564933063255,0.955243026453948,4.63019707317073
35.8249279286511,7,0.838373447974913,2.98541066072092,7,0.109803921568627,4.60299252564282,25,2.5090741332522,-63.9374918255491,8.237,0.875,1.83453827236126,0.679408230289372,6.885
38.2984589185375,8,0.866025403784439,3.19153824321146,8,0.0725490196078431,4.61880215351701,18.125,2.3094010767585,0,7.476,1,2,0.891759474057926,5.698944
106.618397358971,62,0.457734021370387,8.88486644658095,62,0.0901960784313725,9.61704125865557,25.2096774193548,8.55040730335808,30.4511815556248,26.208,0.939393939393939,1.12474656673707,0.904476729009464,3.1283712
74.1646467884524,30,0.879756235741344,6.18038723237103,30,0.0686274509803922,9.6814196429016,25.6,4.60278929059267,31.409782035355,22.396,0.789473684210526,2.10338102217471,0.578057723343374,13.8964525714286
35.8249279286511,5,0.979795897113271,2.52313252202016,5,0.0784313725490196,5.77350269189626,21.6,1.15470053837925,0,7.84,1,5.00000000000001,0.521013777855742,6.74797292307693
44.9089238221147,11,0.581074625911237,3.74241031850956,11,0.141176470588235,4.42507256636892,38.6363636363636,3.60134654951408,0,10.288,0.916666666666667,1.22872722897661,0.766437718617222,7.190208
98.5766919987619,21,0.870869185858458,5.17088294582641,21,0.0901960784313725,8.52919822489952,31.1904761904762,4.19222770197702,32.1387365418312,17.789,0.807692307692308,2.03452646927485,0.602373846228926,6.97297371428571
64.9381965576721,23,0.923805332263256,5.41151637980601,23,0.0627450980392157,10.6356760391669,21.3913043478261,4.07200171444184,41.9785839720971,23.529,0.676470588235294,2.61190362505158,0.406323899077511,7.00290782608696
33.1674383492482,6,0.74535599249993,2.76395319577068,6,0.111764705882353,3.46410161513775,30,2.3094010767585,0,5.516,1,1.5,1,7.09314206896552
54.1622000205846,16,0.821184351644115,4.51351666838205,16,0.0627450980392157,6.20507392515241,14.5625,3.54100610703516,51.1148078787789,12.364,0.941176470588235,1.75234770502778,0.836282686585807,5.43318951724138
38.2984589185375,8,0.580947501931112,3.19153824321146,8,0.0803921568627451,3.65148371670111,22.25,2.97209241668783,-45,6.831,1,1.22859023366791,1,6.799104
46.9058411426803,12,0.7374382114214,3.90882009522336,12,0.0725490196078431,4.99510201554308,18.1666666666667,3.37376483881891,-58.9120481921266,10.106,0.923076923076923,1.48057207724406,0.859245326725582,5.4713232
30.2775902642419,5,0.765092055676006,2.52313252202016,5,0.0627450980392157,3.3065591380366,17.8,2.12916258968951,71.565051177078,4.962,1,1.55298573911107,0.95680770565741,5.67412363636364
40.6216500154385,9,0,3.38513750128654,9,0.101960784313725,3.46410161513775,24.6666666666667,3.46410161513775,0,7.476,1,1,1,5.43783724137931
30.2775902642419,5,0.765092055676006,2.52313252202016,5,0.180392156862745,3.3065591380366,40.4,2.12916258968951,-18.434948822922,4.962,1,1.55298573911107,0.95680770565741,6.61949672727272
35.8249279286511,7,0.353093931801899,2.98541066072092,7,0.113725490196078,3.23669437485075,27.7142857142857,3.0282120182066,0,6.368,1,1.06884668424492,0.972711556537156,3.77767384615385
52.4423246684198,15,0.499004630745737,4.37019372236832,15,0.0901960784313725,5.07223849785018,24.6666666666667,4.39559842453964,43.7275978100934,12.273,0.882352941176471,1.15393582578723,0.793299203067919,6.075648
191.492294592688,200,0.727038338539918,15.9576912160573,200,0.170588235294118,19.7330272794603,55.03,13.548634656479,64.4665170419145,56.378,0.865800865800866,1.45645873401892,0.709447004182513,14.5748945454545
138.087057402038,104,0.476620940294407,11.5072547835032,104,0.101960784313725,12.7065069826105,34.9038461538462,11.1704035296346,28.6577959241045,40.251,0.866666666666667,1.13751548445861,0.694083954007603,6.334848
90.8327707927258,45,0.85006466192808,7.56939756606048,45,0.0803921568627451,11.1628409008664,22.3777777777778,5.87922648054993,14.4340313155405,26.597,0.865384615384615,1.89869210478557,0.639413135078252,8.1648
54.1622000205846,16,0.52921433853737,4.51351666838205,16,0.096078431372549,5.09251190976494,23.375,4.32093613879781,-16.7082906976565,12.364,0.941176470588235,1.17856680732657,0.836282686585807,6.09786514285714
33.1674383492482,6,0.778498944161523,2.76395319577068,6,0.0725490196078431,3.82970843102535,18.5,2.40370085030933,45,6.459,1,1.59325501363138,0.818022082978878,6.70721361702128
57.4476883778063,18,0.809768538080481,4.78730736481719,18,0.113725490196078,6.42293189664024,28.6111111111111,3.7686517449319,17.1061212256462,12.645,1,1.70430496935086,0.907623147548868,6.97220715789474
72.918093356958,29,0.551525400221563,6.0765077797465,29,0.0980392156862745,7.17450171732377,29.2758620689655,5.98466870856204,-60.9953119314186,19.584,0.878787878787879,1.19881351277799,0.70563063292471,6.7716
30.2775902642419,5,0.765092055676006,2.52313252202016,5,0.0784313725490196,3.3065591380366,20.8,2.12916258968951,-18.434948822922,4.962,1,1.55298573911107,0.95680770565741,5.91424345945946
38.2984589185375,8,0.547722557505166,3.19153824321146,8,0.0686274509803922,3.65148371670111,18.75,3.05505046330389,0,7.22,1,1.1952286093344,0.936368556122002,5.18976
38.2984589185375,8,0.717405907733603,3.19153824321146,8,0.0882352941176471,4.13664260866049,24,2.88181446225832,72.703855656245,7.865,1,1.43542988725889,0.829839423823584,6.1077024
30.2775902642419,5,0.765092055676006,2.52313252202016,5,0.0901960784313725,3.3065591380366,23,2.12916258968951,-71.565051177078,4.962,1,1.55298573911107,0.95680770565741,5.936256
40.6216500154385,9,0.760175561368687,3.38513750128654,9,0.0823529411764706,4.4645049379061,24.6666666666667,2.90066796992654,29.5181217339632,8.328,1,1.53912994668575,0.859718723808554,5.539968
33.1674383492482,6,0.632455532033676,2.76395319577068,6,0.0705882352941176,3.33333333333333,18.3333333333333,2.58198889747161,-45,5.905,1,1.2909944487358,0.92127872757792,4.78536827586207
70.3587617140205,27,0.669432597259396,5.86323014283504,27,0.0901960784313725,6.9093789747713,23.3333333333333,5.13278970872197,66.7102002969389,15.895,0.964285714285714,1.34612547306009,0.936257251252781,5.42906181818182
27.0811000102923,4,0,2.25675833419103,4,0.0666666666666667,2.3094010767585,17,2.3094010767585,0,3.556,1,1,1,5.790528
42.8189787876665,10,0.657535505639407,3.56824823230554,10,0.096078431372549,4.25832517937902,27.4,3.20832251080426,1.29818558427082e-15,8.146,1,1.32727466301745,0.986295854136924,5.84928
42.8189787876665,10,0.843827963448098,3.56824823230554,10,0.0745098039215686,5.20002841059513,20.5,2.79040699462823,47.1445766644095,9.37,0.909090909090909,1.86353762035632,0.802758053507047,4.78872
64.9381965576721,21,0.913441153195195,5.17088294582641,21,0.0784313725490196,9.75538591347521,19.7142857142857,3.9701575402733,-24.7050317119672,20.692,0.75,2.4571785412837,0.464568900834357,7.12739720930233
35.8249279286511,7,0.3530939318019,2.98541066072092,7,0.0980392156862745,3.23669437485075,25.1428571428571,3.0282120182066,90,6.368,1,1.06884668424492,0.972711556537156,6.87733835294118
40.6216500154385,9,0.536748159092064,3.38513750128654,9,0.105882352941176,3.95410096228573,31.3333333333333,3.33624304852277,-7.62755935152889,8.146,1,1.18519571409419,0.887666268723232,6.31460571428571
40.6216500154385,9,0,3.38513750128654,9,0.0862745098039216,3.46410161513775,21.1111111111111,3.46410161513775,0,7.476,1,1,1,7.21905808695652
48.8211473415386,11,0.939551952502103,3.74241031850956,11,0.0823529411764706,8.34341524070695,22,2.85683860313014,51.7190940791753,14.994,0.6875,2.92050633576757,0.420280310305478,32.4375393103448
59.0218891123912,17,0.913828152450715,4.65242649168128,17,0.0764705882352941,9.69114645173777,22.7647058823529,3.93558528642218,7.52823571369399,19.865,0.62962962962963,2.46244097038688,0.403602808093024,8.80308
48.8211473415386,13,0.787291448959024,4.06842894512822,13,0.0901960784313725,5.33012724146961,24.4615384615385,3.28645537846402,90,10.106,1,1.62184683120838,0.930849103952713,9.27511854545455
44.9089238221147,11,0.770003209083213,3.74241031850956,11,0.0666666666666667,5.23987492020778,18.4545454545455,3.34324986143789,-66.512532994559,10.867,0.846153846153846,1.56729982423574,0.7043905734331,14.49792
40.6216500154385,9,0.667389883096677,3.38513750128654,9,0.0784313725490196,4.1798509183313,22,3.11277049068599,-78.0187555127109,8.146,0.9,1.34280729364347,0.887666268723232,10.70334
64.9381965576721,23,0.55514520247107,5.41151637980601,23,0.113725490196078,6.00965406899478,27.1304347826087,4.99855051453687,-45,14.026,1,1.20227935108736,0.98066099090024,7.973316
60.5551805284838,20,0.744504365892617,5.04626504404032,20,0.0784313725490196,6.40271499445149,19.8,4.27456516694888,77.2813364243904,13.96,0.952380952380952,1.49786346549529,0.859343397094416,7.71768
33.1674383492482,6,0.74535599249993,2.76395319577068,6,0.111764705882353,3.46410161513775,25.8333333333333,2.3094010767585,90,5.516,1,1.5,1,10.4124342857143
59.0218891123912,17,0.931811707304599,4.65242649168128,17,0.0784313725490196,8.43426680468996,27.5294117647059,3.06115020601713,-82.147226029122,16.681,0.85,2.75526068211589,0.543673133849769,11.14128
33.1674383492482,6,0.74535599249993,2.76395319577068,6,0.125490196078431,3.46410161513775,29,2.3094010767585,0,5.516,1,1.5,1,10.312704
35.8249279286511,7,0.353093931801899,2.98541066072092,7,0.101960784313725,3.23669437485075,30.1428571428571,3.0282120182066,0,6.368,1,1.06884668424492,0.972711556537156,12.566016
30.2775902642419,5,0.765092055676006,2.52313252202016,5,0.0901960784313725,3.3065591380366,23.8,2.12916258968951,-18.434948822922,4.962,1,1.55298573911107,0.95680770565741,10.2979188
46.9058411426803,12,0.773768908869994,3.90882009522336,12,0.0901960784313725,5.02934427355694,19.5833333333333,3.18592853380055,80.5831235436706,9.643,1,1.57861176740124,0.922608221044785,11.9478857142857
33.1674383492482,6,0.74535599249993,2.76395319577068,6,0.0862745098039216,3.46410161513775,21.3333333333333,2.3094010767585,90,5.516,1,1.5,1,9.6714
38.2984589185375,8,0.908403436625896,3.19153824321146,8,0.0980392156862745,5.10917439001668,22.25,2.13611884478938,10.9007047431759,8.328,1,2.39180249847964,0.764194421163159,7.342812
27.0811000102923,4,0,2.25675833419103,4,0.0843137254901961,2.3094010767585,21.5,2.3094010767585,0,3.556,1,1,1,6.0217344
30.2775902642419,5,0.765092055676006,2.52313252202016,5,0.0980392156862745,3.3065591380366,24.2,2.12916258968951,18.434948822922,4.962,1,1.55298573911107,0.95680770565741,7.51248
62.0505953499169,21,0.429576533345862,5.17088294582641,21,0.0745098039215686,5.76924781372353,21.0952380952381,5.20980647612956,-82.8177087751514,15.366,0.875,1.10738236442318,0.770423096938686,6.98976
33.1674383492482,6,0.778498944161523,2.76395319577068,6,0.103921568627451,3.82970843102535,25,2.40370085030933,-45,6.459,1,1.59325501363138,0.818022082978878,6.99516
48.8211473415386,13,0.72419619234885,4.06842894512822,13,0.0901960784313725,5.04173633084778,24.3846153846154,3.47675108733237,39.2652348335666,10.015,0.928571428571429,1.45012864142546,0.943770415331972,9.98734628571429
23.4529205713402,3,0.730296743340221,1.95441004761168,3,0.0901960784313725,2.58198889747161,28,1.76383420737639,-45,3.093,1,1.4638501094228,0.969873184255889,10.8601750588235
52.4423246684198,15,0.857184118215076,4.37019372236832,15,0.0666666666666667,7.17318846563711,27.1333333333333,3.6942644002119,-2.26547579090318,14.787,0.75,1.94170954987024,0.586419931909616,9.96204169014084
42.8189787876665,10,0.857763406322387,3.56824823230554,10,0.0941176470588235,5.57593896596708,22.2,2.86628179258018,-39.1485492598893,11.049,0.909090909090909,1.94535616853907,0.624034781989971,10.3792086486486
133.358951558794,97,0.741431721675583,11.1132459632328,97,0.196078431372549,13.959768137603,48.2886597938144,9.36739971780996,66.8677713332409,38.407,0.858407079646018,1.49025007559587,0.706104473004461,9.9696505263158
30.2775902642419,5,0.765092055676006,2.52313252202016,5,0.0784313725490196,3.3065591380366,19.8,2.12916258968951,-71.565051177078,4.962,1,1.55298573911107,0.95680770565741,9.31234909090909
23.4529205713402,3,0.730296743340221,1.95441004761168,3,0.12156862745098,2.58198889747161,38.3333333333333,1.76383420737639,-45,3.093,1,1.4638501094228,0.969873184255889,6.50013784615385
44.9089238221147,11,0.529361329831674,3.74241031850956,11,0.0745098039215686,4.64129873181332,18.4545454545455,3.93766149357597,-75.5946031285135,10.958,0.846153846153846,1.17869419181544,0.695327518671748,5.92763586206897
33.1674383492482,6,0.778498944161523,2.76395319577068,6,0.101960784313725,3.82970843102535,26.6666666666667,2.40370085030933,-45,6.459,1,1.59325501363138,0.818022082978878,5.20684474576271
46.9058411426803,12,0.677097414762313,3.90882009522336,12,0.0784313725490196,5.1781299363955,17.5,3.81055162609537,20.3006473225022,11.239,0.8,1.35889247659963,0.729184688832203,5.01962926829268
60.5551805284838,20,0.570943468357981,5.04626504404032,20,0.107843137254902,5.81812504360183,27.65,4.77661885057619,48.3306508198851,13.96,0.952380952380952,1.21804255805338,0.859343397094416,6.53184
40.6216500154385,9,0.66581188486039,3.38513750128654,9,0.0627450980392157,4.05369123455442,17.5555555555556,3.02453869019341,-69.6993526774978,7.683,1,1.34026760765133,0.965226527421804,5.43348
42.8189787876665,10,0.657535505639407,3.56824823230554,10,0.0784313725490196,4.25832517937902,21.9,3.20832251080426,90,8.146,1,1.32727466301745,0.986295854136924,7.70564571428571
57.4476883778063,18,0.595462142708243,4.78730736481719,18,0.0882352941176471,5.49747416749021,23.9444444444444,4.4165793143004,90,12.918,0.9,1.24473575051398,0.877027716402732,5.43085714285714
63.5108091408147,22,0.805551465271377,5.29256742840123,22,0.0745098039215686,7.09032866226823,18.5909090909091,4.20120274145295,-38.5592649114571,14.787,1,1.68769019221769,0.860082566800771,8.03121230769231
35.8249279286511,7,0.692995696294582,2.98541066072092,7,0.0745098039215686,3.82702156039222,19.4285714285714,2.75905950962527,-79.0992952568241,7.22,0.875,1.38707467056845,0.819322486606751,6.08851862068965
30.2775902642419,5,0.765092055676006,2.52313252202016,5,0.0784313725490196,3.3065591380366,25.8,2.12916258968951,18.434948822922,4.962,1,1.55298573911107,0.95680770565741,6.68961391304348
35.8249279286511,5,0.576018432884783,2.52313252202016,5,0.0705882352941176,3.40196021924615,21,2.78088714861523,0,6.368,0.714285714285714,1.22333630868127,0.694793968955111,12.7365696
35.8249279286511,7,0.3530939318019,2.98541066072092,7,0.0705882352941176,3.23669437485075,18.5714285714286,3.0282120182066,90,6.368,1,1.06884668424492,0.972711556537156,12.9284452173913
66.3348766984964,24,0.723614894992261,5.52790639154137,24,0.119607843137255,7.13004263968706,30.0833333333333,4.92118354786732,-19.1524911717188,16.383,0.888888888888889,1.44884712596769,0.79114692064667,11.6254902857143
30.2775902642419,3,0.942809041582063,1.95441004761168,3,0.0627450980392157,3.46410161513775,16,1.15470053837925,90,3.92,1,3,0.756006962533367,11.8274953846154
35.8249279286511,7,0.856222400720973,2.98541066072092,7,0.0823529411764706,4.31282648363321,21.1428571428571,2.22803805452514,-8.34962211699681,6.922,1,1.93570593413962,0.868563960642361,13.1395301052632
30.2775902642419,5,0.765092055676006,2.52313252202016,5,0.0901960784313725,3.3065591380366,21,2.12916258968951,18.434948822922,4.962,1,1.55298573911107,0.95680770565741,11.9523031578947
66.3348766984964,24,0.885236857138838,5.52790639154137,24,0.092156862745098,9.20088799836895,40.25,4.27970586181953,-44.5801489306378,19.766,0.8,2.14988793516225,0.57472779645168,14.590944
38.2984589185375,8,0.782272678051271,3.19153824321146,8,0.0745098039215686,4.27914326017336,19.625,2.66563306281633,-19.329904127045,7.774,0.888888888888889,1.60530093952703,0.843733339521361,12.95232
60.5551805284838,20,0.383661650001982,5.04626504404032,20,0.092156862745098,5.3416601664027,26.05,4.93288286231625,63.4349488229221,12.645,1,1.08286783114378,1,11.7616984615385
40.6216500154385,9,0.892982707476442,3.38513750128654,9,0.0784313725490196,6.35017803550165,20.8888888888889,2.8581578119352,21.2552235390004,12.844,0.818181818181818,2.22177306269946,0.442583164173022,11.7416270769231
35.8249279286511,7,0.861379034261848,2.98541066072092,7,0.0627450980392157,4.78375937328547,17.4285714285714,2.42997158517582,45,8.626,0.875,1.96864827657618,0.635232414561681,13.81968
40.6216500154385,9,0.66581188486039,3.38513750128654,9,0.0627450980392157,4.05369123455442,17,3.02453869019341,-69.6993526774978,7.683,1,1.34026760765133,0.965226527421804,10.7235943783784
101.328197895474,56,0.669814122119921,8.4440164912895,56,0.162745098039216,9.87876854744018,40.0178571428571,7.33527030786923,71.652514165283,24.033,1,1.34674908119504,0.952953710806613,11.2828916093023
35.8249279286511,7,0.856222400720973,2.98541066072092,7,0.145098039215686,4.31282648363321,33.2857142857143,2.22803805452514,8.34962211699681,6.922,1,1.93570593413962,0.868563960642361,12.3661963636364
30.2775902642419,5,0.931487698837005,2.52313252202016,5,0.0627450980392157,4.88188997858735,16.8,1.77589890017284,10.9007047431759,7.013,0.833333333333333,2.74896841149697,0.609333219001905,10.7638690909091
33.1674383492482,6,0.908344026174849,2.76395319577068,6,0.0627450980392157,4.92035251917964,15,2.05780842923898,-61.1378221572888,7.774,0.857142857142857,2.39106442041317,0.632800004641021,11.0138754098361
48.8211473415386,13,0.505789614981344,4.06842894512822,13,0.0901960784313725,4.47037145070718,23.6153846153846,3.85639661754271,45,9.461,1,1.15920946262931,1,11.8639542857143
60.5551805284838,19,0.926088401448749,4.91849075936594,19,0.0784313725490196,9.28941806551551,18.9473684210526,3.50495877457366,72.7457385061658,18.616,0.791666666666667,2.65036443021943,0.504361330520816,11.4765784615385
42.8189787876665,10,0.59225774015139,3.56824823230554,10,0.0784313725490196,4.16333199893227,21,3.35459883344243,-45,8.626,1,1.24108193129607,0.907474877945258,12.8399494736842
23.4529205713402,3,0.730296743340221,1.95441004761168,3,0.0784313725490196,2.58198889747161,20.3333333333333,1.76383420737639,45,3.093,1,1.4638501094228,0.969873184255889,11.4375410526316
52.4423246684198,14,0.817421369332589,4.22200824564475,14,0.0666666666666667,6.12803080506483,16.7857142857143,3.52999205301561,-17.4654686505553,13.125,0.875,1.73598997194052,0.664882216666477,12.1141894736842
27.0811000102923,4,0,2.25675833419103,4,0.096078431372549,2.3094010767585,24.75,2.3094010767585,0,3.556,1,1,1,11.7863874782609
40.6216500154385,9,0.759113363612185,3.38513750128654,9,0.0784313725490196,4.43077101395282,20.3333333333333,2.88424782324025,-83.9526214614939,8.237,1,1.53619636227207,0.873524867514907,11.9656145454545
57.4476883778063,18,0.497884915804638,4.78730736481719,18,0.0647058823529412,5.34068523515999,15.2777777777778,4.63167246908926,69.4823273614281,12.827,0.947368421052632,1.1530792107608,0.887052009544126,5.70512842105263
27.0811000102923,4,0,2.25675833419103,4,0.0843137254901961,2.3094010767585,22.5,2.3094010767585,0,3.556,1,1,1,11.847168
30.2775902642419,3,0.942809041582063,1.95441004761168,3,0.0705882352941176,3.46410161513775,19,1.15470053837925,90,3.92,1,3,0.756006962533367,11.7010285714286
27.0811000102923,4,0,2.25675833419103,4,0.0725490196078431,2.3094010767585,19.25,2.3094010767585,0,3.556,1,1,1,10.8506482758621
23.4529205713402,3,0.730296743340221,1.95441004761168,3,0.0627450980392157,2.58198889747161,17,1.76383420737639,45,3.093,1,1.4638501094228,0.969873184255889,12.3857723076923
63.5108091408147,22,0.384395775364917,5.29256742840123,22,0.096078431372549,5.63899775492998,26.6363636363636,5.20574451401901,-67.642525638792,13.935,1,1.08322599000858,0.948047521431427,11.3511724137931
30.2775902642419,3,0.942809041582063,1.95441004761168,3,0.0666666666666667,3.46410161513775,18,1.15470053837925,90,3.92,1,3,0.756006962533367,12.54528
23.4529205713402,3,0.730296743340221,1.95441004761168,3,0.0666666666666667,2.58198889747161,18,1.76383420737639,45,3.093,1,1.4638501094228,0.969873184255889,11.52576
33.1674383492482,6,0.74535599249993,2.76395319577068,6,0.0803921568627451,3.46410161513775,19.6666666666667,2.3094010767585,90,5.516,1,1.5,1,11.6617460869565
33.1674383492482,6,0.632455532033676,2.76395319577068,6,0.0745098039215686,3.33333333333333,19.1666666666667,2.58198889747161,-45,5.905,1,1.2909944487358,0.92127872757792,12.1976470588235
60.5551805284838,20,0.511953222537938,5.04626504404032,20,0.0843137254901961,5.84760200986498,21.25,5.02316806416924,-31.6031121855984,15.457,0.869565217391304,1.16412629144872,0.726573735030056,12.037248
40.6216500154385,8,0.796390779422918,3.19153824321146,8,0.0627450980392157,4.69976554696022,13.125,2.84233539018047,27.5877554215216,9.089,0.888888888888889,1.65348732707501,0.672055047155384,10.70496
195.284589366155,207,0.698323289182404,16.234549139418,207,0.190196078431373,20.2233869971233,51.7584541062802,14.4755464535311,79.3261029618715,67.478,0.793103448275862,1.39707243951333,0.521590644628451,19.4664489795918
48.8211473415386,13,0.756669330086174,4.06842894512822,13,0.117647058823529,5.26636141368737,36.6923076923077,3.44313535170611,-29.5767062939257,10.867,0.866666666666667,1.52952494623188,0.832461586784573,10.3192094117647
54.1622000205846,16,0.745423492986488,4.51351666838205,16,0.101960784313725,5.9191295527988,25.5,3.94563961910493,-35.9279450997143,13.216,0.941176470588235,1.50016983916579,0.751434393104515,12.0804078139535
72.918093356958,29,0.786069330016038,6.0765077797465,29,0.0901960784313725,8.372291657517,27.2068965517241,5.17523447414998,49.7021987758823,20.254,0.90625,1.61776083756903,0.665793819955581,9.18207123287671
42.8189787876665,10,0.630126037812605,3.56824823230554,10,0.0980392156862745,4.25832517937902,25.5,3.3065591380366,-63.434948822922,8.791,0.909090909090909,1.28784183243357,0.882551857914951,13.35168
72.918093356958,29,0.386969537652456,6.0765077797465,29,0.0784313725490196,6.44534086875925,20.0344827586207,5.94320046933938,35.7271138786161,16.193,1,1.08448989765874,0.974850028179213,12.6656389565217
94.7838500360231,49,0.650843593685706,7.89865416966859,49,0.125490196078431,9.19903959462385,33.265306122449,6.98401976815596,81.2473729327446,23.14,0.907407407407407,1.31715543483531,0.891461485076637,11.90784
44.9089238221147,11,0.288859418474458,3.74241031850956,11,0.117647058823529,4.61104010805877,33.8181818181818,4.41447849883077,13.282525588539,13.679,0.6875,1.04452657528631,0.488562311813248,10.170036
52.4423246684198,15,0.802295557085754,4.37019372236832,15,0.0901960784313725,6.21825270205921,23.7333333333333,3.71184290855335,45,13.191,1,1.67524673194823,0.706628031928349,9.41223410526316
38.2984589185375,8,0.580947501931112,3.19153824321146,8,0.119607843137255,3.65148371670111,35.875,2.97209241668783,45,6.831,1,1.22859023366791,1,7.18272
62.0505953499169,21,0.552234112715864,5.17088294582641,21,0.117647058823529,5.92749896367563,34.2380952380952,4.9416911671188,-47.7201660155028,14.622,0.954545454545455,1.19948794111543,0.836310496440164,11.4884736
35.8249279286511,7,0.3530939318019,2.98541066072092,7,0.117647058823529,3.23669437485075,29,3.0282120182066,90,6.368,1,1.06884668424492,0.972711556537156,9.2596608
60.5551805284838,20,0.583462083964079,5.04626504404032,20,0.0784313725490196,5.79577347694594,24.25,4.70698167306785,-30.9107049450204,13.29,0.952380952380952,1.23131422204337,0.930851792986715,8.587008
52.4423246684198,15,0.475270820628803,4.37019372236832,15,0.0901960784313725,4.76095228569523,23.3333333333333,4.18887415264134,-45,10.751,1,1.1365708570388,0.976640026261239,11.1415073684211
69.0435287010191,26,0.690885738186062,5.75362739175159,26,0.0745098039215686,7.03250586762801,19.0769230769231,5.08424833607508,5.19866676121817,16.565,0.928571428571429,1.383194801428,0.841317907229592,4.02192
30.2775902642419,5,0.765092055676006,2.52313252202016,5,0.0901960784313725,3.3065591380366,22.8,2.12916258968951,18.434948822922,4.962,1,1.55298573911107,0.95680770565741,11.5973485714286
86.7018239261228,41,0.838588274180719,7.22515199384357,41,0.0784313725490196,10.2336083765018,31.8780487804878,5.57491919246363,-76.3200725318639,24.265,0.854166666666667,1.83565142797692,0.685936054358353,9.29027368421053
99.5023150477446,54,0.53493071953135,8.29185958731205,54,0.103921568627451,9.16177701589712,28.4259259259259,7.74074807310514,-76.4950391980949,25.208,0.964285714285714,1.18357772780764,0.844325639804086,3.52636416
50.664098947737,14,0.196396101212394,4.22200824564475,14,0.0627450980392157,4.36435780471985,18.2142857142857,4.27936036926876,90,10.106,1,1.01986218222272,1,10.9012114285714
48.8211473415386,13,0.505789614981344,4.06842894512822,13,0.12156862745098,4.47037145070718,35.4615384615385,3.85639661754271,45,9.461,1,1.15920946262931,1,8.66172342857143
44.9089238221147,11,0.68469019539811,3.74241031850956,11,0.129411764705882,4.49690773447605,29.3636363636364,3.27750029068392,-74.9293072239623,8.791,1,1.37205410698459,0.970807043706446,10.76976
104.006938095831,59,0.81136925735547,8.66724484131922,59,0.0901960784313725,13.2827450118856,29.1186440677966,7.76421528952097,-60.7669128160345,37.373,0.710843373493976,1.71076464479453,0.451688384185562,8.36643972413793
113.288369265916,70,0.386354250590235,9.4406974388263,70,0.111764705882353,9.88751283910591,31.7285714285714,9.11975213326338,-38.9553077048215,26.572,0.985915492957746,1.08418657597526,0.996317075251869,8.85632
63.5108091408147,22,0.644867189899253,5.29256742840123,22,0.0862745098039216,6.19933605967984,22.8636363636364,4.73811936519942,-74.5689338299461,13.96,0.956521739130435,1.30839592290831,0.945277736803858,10.681789773913
50.664098947737,14,0.652071200401997,4.22200824564475,14,0.117647058823529,4.91838146044775,29.9285714285714,3.72890894294322,45,10.106,1,1.318986742692,1,11.1695261538462
48.8211473415386,13,0.787291448959024,4.06842894512822,13,0.105882352941176,5.33012724146961,26,3.28645537846402,90,10.106,1,1.62184683120838,0.930849103952713,8.72482909090909
44.9089238221147,11,0.781582173964939,3.74241031850956,11,0.117647058823529,5.03353163418305,29.0909090909091,3.13992859380271,-9.99155326094999,9.643,1,1.60307200747105,0.845724202624386,6.179328
74.1646467884524,30,0.356012796849272,6.18038723237103,30,0.12156862745098,7.12086719811196,31.2666666666667,6.65431566831028,-81.308805559386,23.297,0.714285714285714,1.07011262360509,0.53932984244768,9.78152727272727
179.635695288459,176,0.576813919736942,14.9696412740382,176,0.490196078431373,16.8551576706054,103.994318181818,13.7685665825914,-69.5369879149071,57.892,0.826291079812207,1.22417664682078,0.59372407861297,44.872704
67.7027500257308,25,0.514391390779901,5.64189583547756,25,0.129411764705882,6.22653523669703,32.68,5.33959976148371,58.0267476552455,15.432,0.961538461538462,1.16610523537945,0.910663729381771,11.88224
40.6216500154385,9,0.834965721446866,3.38513750128654,9,0.0764705882352941,4.76095228569523,16.3333333333333,2.61996136056702,26.565051177078,8.055,1,1.81718416055756,0.902153870791509,11.9341136842105
27.0811000102923,4,0.7319250547114,2.25675833419103,4,0.0705882352941176,3.05505046330389,18,2.08166599946613,0,4.59,1,1.46759877141069,0.840875939413586,10.6714368
38.2984589185375,4,0.968245836551854,2.25675833419103,4,0.0352941176470588,4.61880215351701,13,1.15470053837925,0,5.88,1,4.00000000000001,0.617594511485095,10.0184502857143
59.0218891123912,19,0.563537730144115,4.91849075936594,19,0.105882352941176,5.71581984072782,34.3684210526316,4.7217834755607,28.426502083872,13.588,0.904761904761905,1.21052137826991,0.853085837225243,10.8885345882353
60.5551805284838,18,0.955160043863218,4.78730736481719,18,0.0941176470588235,9.91214578860585,26.1666666666667,2.93488728851509,-73.5489374376587,17.21,0.782608695652174,3.37735143267492,0.546116837006248,11.9375006896552
71.6498558573022,28,0.826782806410129,5.97082132144185,28,0.096078431372549,9.10425886459804,22.0357142857143,5.12133935459187,-13.3563601924691,22.768,0.756756756756757,1.77771052340732,0.524139300901627,10.7875052307692
70.3587617140205,27,0.763779548234571,5.86323014283504,27,0.092156862745098,8.00829932984789,25.9259259259259,5.16917454121277,82.729157279954,19.675,0.870967741935484,1.5492414245252,0.651736509340031,11.6346991304348
54.1622000205846,16,0.752855139113753,4.51351666838205,16,0.0784313725490196,5.819726259075,18.625,3.83046380169551,-66.3125192421193,11.975,0.941176470588235,1.51932678661497,0.879877122920203,11.674368
60.5551805284838,20,0.608453896209322,5.04626504404032,20,0.115686274509804,6.12922130072047,31.4,4.86408397475425,33.487253995736,16.011,0.869565217391304,1.26009775582259,0.685148507037107,9.70280554455446
57.4476883778063,18,0.834926671196481,4.78730736481719,18,0.0843137254901961,6.96253899918932,27.6111111111111,3.83191133925725,11.1650196993347,15.085,0.9,1.81698854246948,0.680881279868874,11.1242541176471
59.0218891123912,18,0.770060144663207,4.78730736481719,18,0.0627450980392157,7.56599900837547,22.9444444444444,4.82689018746073,31.4565379344294,19.212,0.72,1.56746864223893,0.452676244225952,11.04192
48.8211473415386,13,0.684635109388063,4.06842894512822,13,0.0666666666666667,5.07251946167212,17.9230769230769,3.69728830202287,56.0677459390502,10.776,0.866666666666667,1.37195670104948,0.84338325471656,10.7419885714286
40.6216500154385,9,0,3.38513750128654,9,0.0980392156862745,3.46410161513775,25.1111111111111,3.46410161513775,0,7.476,1,1,1,11.2234929230769
104.88464933684,60,0.530499802259985,8.74038744473663,60,0.133333333333333,9.59174418006072,36.2666666666667,8.13077823430097,81.5990376337427,25.001,0.983606557377049,1.17968340836015,0.951991137203738,7.76719698113207
124.837702748642,85,0.471134021576417,10.4031418957202,85,0.101960784313725,11.3070944257407,28.3058823529412,9.97355423327882,-29.2229037909441,33.354,0.923913043478261,1.13370761929707,0.801951212947444,14.3509932972973
69.0435287010191,26,0.789215854561306,5.75362739175159,26,0.113725490196078,7.61463243754745,27.9230769230769,4.67626682946767,-77.6832395703211,16.565,0.928571428571429,1.62835713085566,0.841317907229592,9.72244528301887
71.6498558573022,28,0.45436505518084,5.97082132144185,28,0.0980392156862745,6.44423732775564,28.4642857142857,5.74062700938145,-44.3862105839328,15.92,0.933333333333333,1.12256680624335,0.968388283974088,9.33729882352941
54.1622000205846,16,0.866947781736203,4.51351666838205,16,0.0784313725490196,6.88068855740149,20.3125,3.42932816200359,-43.036061836806,13.679,0.888888888888889,2.00642465006365,0.710636089910178,9.794304
69.0435287010191,26,0.534222294739976,5.75362739175159,26,0.101960784313725,6.42737410294265,28.1538461538462,5.43334236735194,59.9295080824616,15.92,0.928571428571429,1.18295032199032,0.899217692261653,13.1615113846154
55.8291179001753,15,0.8669635977851,4.37019372236832,15,0.0862745098039216,7.15012414734614,25,3.56341786768826,-25.5045029787473,15.639,0.789473684210526,2.0065354142664,0.534419796075609,11.041258212766
59.0218891123912,19,0.695183195707788,4.91849075936594,19,0.101960784313725,6.04901562579882,29.6315789473684,4.34822970371348,61.0483577020628,13.497,1,1.39114445141498,0.862442770532301,11.7562752
313.778691939527,537,0.367053939372291,26.1482243282939,537,0.141176470588235,27.2048333339997,41.3091247672253,25.3059266902565,68.7983135073166,85.787,0.950442477876106,1.0750380204205,0.853299145847896,52.94016
62.0505953499169,21,0.646911091725818,5.17088294582641,21,0.101960784313725,6.12534484222299,34.0952380952381,4.6709762410633,-43.2778987426734,14.142,0.954545454545455,1.31136287707356,0.883407565993613,13.2488228571429
52.4423246684198,15,0.449366459911333,4.37019372236832,15,0.0784313725490196,4.89353314760069,25.3333333333333,4.371625682868,-45,11.719,0.9375,1.11938521332647,0.853549797099836,13.5984505263158
54.1622000205846,16,0.632983080859772,4.51351666838205,16,0.0882352941176471,5.27732525148406,22.125,4.08552381668684,-4.83667771620175,11.33,1,1.29171325104738,0.960057373958077,13.84992
60.5551805284838,20,0.717137165600636,5.04626504404032,20,0.0823529411764706,6.11010092660779,22.4,4.25832517937902,0,12.736,1,1.43486010795888,0.99694350473373,14.3172654545455
33.1674383492482,6,0.632455532033676,2.76395319577068,6,0.0843137254901961,3.33333333333333,23.3333333333333,2.58198889747161,45,5.905,1,1.2909944487358,0.92127872757792,14.59296
52.4423246684198,15,0.327987172640028,4.37019372236832,15,0.0784313725490196,5.34223945148215,22.8,5.04671839237307,-38.3037511231243,14.324,0.882352941176471,1.05855707335596,0.617923154411418,14.61888
42.8189787876665,10,0.676387462923434,3.56824823230554,10,0.0666666666666667,4.61880215351701,12.4,3.40196021924615,-39.8055710922652,9.643,0.909090909090909,1.35768846660426,0.768840184203987,12.7198989473684
30.2775902642419,5,0.765092055676006,2.52313252202016,5,0.0745098039215686,3.3065591380366,20.8,2.12916258968951,-71.565051177078,4.962,1,1.55298573911107,0.95680770565741,12.74112
46.9058411426803,12,0.426401432711221,3.90882009522336,12,0.0823529411764706,4.42216638714053,21.1666666666667,4,0,9.924,1,1.10554159678513,0.883350139513799,11.757312
38.2984589185375,8,0.580947501931112,3.19153824321146,8,0.145098039215686,3.65148371670111,37.5,2.97209241668783,45,6.831,1,1.22859023366791,1,13.9597714285714
59.0218891123912,19,0.638123367967184,4.91849075936594,19,0.0901960784313725,6.25969239226647,23.3157894736842,4.81955082714547,90,15.366,0.863636363636364,1.2988124032243,0.697049468658811,13.7162541176471
35.8249279286511,7,0.3530939318019,2.98541066072092,7,0.0901960784313725,3.23669437485075,23.7142857142857,3.0282120182066,90,6.368,1,1.06884668424492,0.972711556537156,12.5846174117647
81.2433000308769,36,0.781168638299386,6.77027500257308,36,0.0705882352941176,8.94836998908479,23.1111111111111,5.58664704055399,34.6423436457936,21.362,0.837209302325581,1.60174249851973,0.753447222862873,14.41152
30.2775902642419,5,0.765092055676006,2.52313252202016,5,0.0823529411764706,3.3065591380366,23,2.12916258968951,71.565051177078,4.962,1,1.55298573911107,0.95680770565741,13.6136347826087
33.1674383492482,6,0.632455532033676,2.76395319577068,6,0.0901960784313725,3.33333333333333,26,2.58198889747161,-45,5.905,1,1.2909944487358,0.92127872757792,14.37264
33.1674383492482,6,0.74535599249993,2.76395319577068,6,0.105882352941176,3.46410161513775,24.6666666666667,2.3094010767585,0,5.516,1,1.5,1,14.898816
52.4423246684198,15,0.695894647535026,4.37019372236832,15,0.0980392156862745,5.27676895745313,24.4,3.78947935923967,-31.8526049647081,11.049,1,1.39247861176156,0.936052172984956,13.72416
257.982126284742,363,0.446422208648139,21.4985105237285,363,0.141176470588235,22.9091541355277,40.038567493113,20.4996253618773,-53.3593314947776,71.017,0.928388746803069,1.11754013700813,0.829456338555864,13.7140363636364
50.664098947737,14,0.835298596379655,4.22200824564475,14,0.0686274509803922,6.66501908648725,18.8571428571429,3.66440455092162,34.8279493720408,14.903,0.777777777777778,1.8188546034883,0.540310907081024,14.6613394285714
38.2984589185375,7,0.815930159367409,2.98541066072092,7,0.105882352941176,4.42933941113657,31.7142857142857,2.560824697095,-18.434948822922,7.592,0.875,1.72965350426416,0.763515195803554,15.2810292705882
48.8211473415386,13,0.505789614981344,4.06842894512822,13,0.109803921568627,4.47037145070718,29.3846153846154,3.85639661754271,45,9.461,1,1.15920946262931,1,13.94208
257.982126284742,363,0.446422208648139,21.4985105237285,363,0.141176470588235,22.9091541355277,40.038567493113,20.4996253618773,-53.3593314947776,71.017,0.928388746803069,1.11754013700813,0.829456338555864,26.54208
89.8178476442293,44,0.720177214752801,7.48482063701911,44,0.0725490196078431,9.62079937036857,18.3409090909091,6.67481588761203,57.2236100276805,24.521,0.830188679245283,1.44135801381789,0.722564760780427,6.61284
57.4476883778063,18,0.782313155058986,4.78730736481719,18,0.0882352941176471,6.64210544841787,21.3888888888889,4.13727000730339,7.52646038485367,13.96,0.9,1.60543194828783,0.773409057384974,14.1861286956522
38.2984589185375,8,0.580947501931112,3.19153824321146,8,0.135294117647059,3.65148371670111,37.625,2.97209241668783,-45,6.831,1,1.22859023366791,1,12.8266626976744
48.8211473415386,13,0.739137475974564,4.06842894512822,13,0.0784313725490196,5.25594882611142,22.6923076923077,3.54016847965174,-33.1647307576398,10.776,0.866666666666667,1.48466064717588,0.84338325471656,12.1796715789474
113.288369265916,70,0.492389274581299,9.4406974388263,70,0.135294117647059,10.300330648232,35.6857142857143,8.96515124448061,20.2399025902964,28.35,0.945945945945946,1.148929936299,0.886989857255865,23.22432
46.9058411426803,12,0.7374382114214,3.90882009522336,12,0.115686274509804,4.99510201554308,39.8333333333333,3.37376483881891,-58.9120481921266,10.106,0.923076923076923,1.48057207724406,0.859245326725582,10.585728
50.664098947737,14,0.196396101212394,4.22200824564475,14,0.129411764705882,4.36435780471985,32.2857142857143,4.27936036926876,90,10.106,1,1.01986218222272,1,11.3689107692308
44.9089238221147,11,0.901867247893243,3.74241031850956,11,0.0666666666666667,6.28221052086938,15.3636363636364,2.71399832246505,-70.0065568775179,11.421,0.785714285714286,2.31474370078587,0.651816194027756,15.6439741935484
154.386023581936,130,0.625102514648789,12.8655019651614,130,0.111764705882353,15.0425747546379,31.0461538461538,11.7413713324684,4.88744057564718,49.109,0.838709677419355,1.28115995386678,0.598371327082769,49.641984
42.8189787876665,10,0.808097780968902,3.56824823230554,10,0.0862745098039216,5.7430370390466,20.3,3.38292657839415,31.5271257857476,13.489,0.714285714285714,1.69765346836844,0.45435405846686,15.13728
30.2775902642419,5,0.765092055676006,2.52313252202016,5,0.0941176470588235,3.3065591380366,23.8,2.12916258968951,18.434948822922,4.962,1,1.55298573911107,0.95680770565741,15.9408
23.4529205713402,3,0.730296743340221,1.95441004761168,3,0.0705882352941176,2.58198889747161,18,1.76383420737639,-45,3.093,1,1.4638501094228,0.969873184255889,16.754688
38.2984589185375,8,0.580947501931112,3.19153824321146,8,0.109803921568627,3.65148371670111,29.75,2.97209241668783,-45,6.831,1,1.22859023366791,1,15.7355136
54.1622000205846,16,0.66392684745624,4.51351666838205,16,0.117647058823529,5.40447345569699,28.5,4.04145188432738,45,12.083,1,1.33726037334636,0.867438080143041,18.144
27.0811000102923,4,0,2.25675833419103,4,0.0705882352941176,2.3094010767585,18,2.3094010767585,0,3.556,1,1,1,17.86752
38.2984589185375,8,0.19364916731037,3.19153824321146,8,0.0803921568627451,3.65148371670111,21.75,3.58236421003411,-45,8.626,0.888888888888889,1.01929438287525,0.725979902356207,15.3002057142857
50.664098947737,14,0.196396101212394,4.22200824564475,14,0.168627450980392,4.36435780471985,42.8571428571429,4.27936036926876,90,10.106,1,1.01986218222272,1,16.222464
42.8189787876665,10,0.657535505639407,3.56824823230554,10,0.0901960784313725,4.25832517937902,24.4,3.20832251080426,90,8.146,1,1.32727466301745,0.986295854136924,16.6192941176471
267.747043544403,391,0.441645979603025,22.3122536287003,391,0.125490196078431,23.7418141871485,35.7570332480818,21.3009041475786,-44.2568132483448,74.581,0.917840375586854,1.11459185125,0.813377328223386,19.80288
166.939112119249,152,0.592909814987022,13.9115926766041,152,0.105882352941176,15.7601367973426,30.1184210526316,12.6911475332155,11.2158846788961,46.892,0.910179640718563,1.24182125817188,0.763009728081466,47.07072
30.2775902642419,5,0.765092055676006,2.52313252202016,5,0.0941176470588235,3.3065591380366,27.6,2.12916258968951,-71.565051177078,4.962,1,1.55298573911107,0.95680770565741,15.44832
44.9089238221147,11,0.724342457709562,3.74241031850956,11,0.149019607843137,4.67806444435336,37.5454545454545,3.22524641413449,-48.9717359052952,9.089,1,1.45045179303261,0.924075689838654,16.889472
38.2984589185375,8,0.894059341018905,3.19153824321146,8,0.0764705882352941,5.03322295684717,20.625,2.25462487641145,0,8.328,1,2.23239928269498,0.764194421163159,13.5329684210526
92.8293339347406,47,0.451733160053196,7.73577782789505,47,0.0745098039215686,8.57126774569697,19.2978723404255,7.64688308193713,-21.6973642293255,25.77,0.87037037037037,1.12088384951816,0.706583821587445,11.6776421052632
60.5551805284838,20,0.889679136745569,5.04626504404032,20,0.0901960784313725,8.05794835080231,22.6,3.67914868447431,-84.707977990096,17.045,0.869565217391304,2.19016654173455,0.616756621497353,11.57976
52.4423246684198,15,0.719131003153973,4.37019372236832,15,0.0784313725490196,5.40638399290446,19.5333333333333,3.75675848884229,-9.89943817726246,11.421,0.9375,1.43910874466954,0.888840264583303,10.741248
66.3348766984964,24,0.648854148359487,5.52790639154137,24,0.096078431372549,7.01213389970537,26.2916666666667,5.33562246242101,-76.0813413376487,18.451,0.8,1.31421103143862,0.646861825556727,14.815872
46.9058411426803,12,0.833333333333333,3.90882009522336,12,0.0823529411764706,8,26.75,4.42216638714053,1.52666624710249e-15,18.542,0.5,1.80906806746658,0.320721910249952,15.552
33.1674383492482,6,0.74535599249993,2.76395319577068,6,0.0901960784313725,3.46410161513775,22.3333333333333,2.3094010767585,0,5.516,1,1.5,1,13.9144016842105
44.9089238221147,11,0.869581129595822,3.74241031850956,11,0.0784313725490196,5.64895685580252,17.6363636363636,2.78939894894549,-85.2688388959872,10.197,0.916666666666667,2.02515199840384,0.776931141427238,15.833088
52.4423246684198,15,0.85173036478737,4.37019372236832,15,0.0784313725490196,6.71213436251861,23.2666666666667,3.51702637489672,-26.3905231114918,15.085,0.882352941176471,1.90846858881339,0.567401066557395,17.0746148571429
62.0505953499169,21,0.769369776353102,5.17088294582641,21,0.145098039215686,6.9553425515977,34.8571428571429,4.44309844839545,83.3340165195191,16.102,0.91304347826087,1.56542616203103,0.712618098970782,16.6480457142857
66.3348766984964,24,0.86895308418667,5.52790639154137,24,0.113725490196078,8.1474446521836,32.5416666666667,4.032125311606,-39.908638399108,16.59,0.96,2.02063279847284,0.77463447883362,19.19808
27.0811000102923,4,0,2.25675833419103,4,0.0980392156862745,2.3094010767585,25.75,2.3094010767585,0,3.556,1,1,1,16.454016
75.3905917717706,31,0.769790161471667,6.28254931431422,31,0.0705882352941176,8.09410752907133,19.1612903225806,5.16644485206811,58.2715367552626,17.88,0.96875,1.56666871723818,0.881536553449649,6.723648
42.8189787876665,10,0.587407799848354,3.56824823230554,10,0.0941176470588235,4.08574758561188,23,3.3065591380366,0,8.328,1,1.23564933063255,0.955243026453948,10.865664
60.5551805284838,20,0.728089632798578,5.04626504404032,20,0.096078431372549,6.39256297489862,26.25,4.38198645349594,-5.1051104949768,14.051,0.909090909090909,1.45882764420658,0.850270502198188,11.0789485714286
33.1674383492482,6,0.74535599249993,2.76395319577068,6,0.092156862745098,3.46410161513775,25.6666666666667,2.3094010767585,90,5.516,1,1.5,1,15.250752
46.9058411426803,12,0.773768908869994,3.90882009522336,12,0.092156862745098,5.02934427355694,24.0833333333333,3.18592853380055,-9.41687645632942,9.643,1,1.57861176740124,0.922608221044785,9.90144
30.2775902642419,5,0.765092055676006,2.52313252202016,5,0.0784313725490196,3.3065591380366,21,2.12916258968951,-71.565051177078,4.962,1,1.55298573911107,0.95680770565741,13.198464
44.9089238221147,11,0.68469019539811,3.74241031850956,11,0.0901960784313725,4.49690773447605,23.3636363636364,3.27750029068392,74.9293072239623,8.791,1,1.37205410698459,0.970807043706446,10.4777788235294
35.8249279286511,7,0.861379034261848,2.98541066072092,7,0.109803921568627,4.78375937328547,27,2.42997158517582,45,8.626,0.875,1.96864827657618,0.635232414561681,11.68128
46.9058411426803,12,0.661437827766148,3.90882009522336,12,0.0666666666666667,4.61880215351701,17.0833333333333,3.46410161513775,0,9.436,1,1.33333333333334,0.953226395020662,14.053824
166.939112119249,152,0.48628635942046,13.9115926766041,152,0.170588235294118,14.9923694695339,46.8684210526316,13.1003250358686,1.31131458061826,43.187,0.944099378881988,1.14442728928365,0.889928748805928,20.04912
71.6498558573022,28,0.500095046019206,5.97082132144185,28,0.0901960784313725,7.5484302669401,27.3214285714286,6.53671809842982,8.32211386368225,24.836,0.717948717948718,1.15477371874937,0.449518127518273,12.4095534545455
46.9058411426803,12,0.772423883280537,3.90882009522336,12,0.0823529411764706,5.14241620684717,19,3.2659863237109,-45,9.924,0.923076923076923,1.57453696897427,0.883350139513799,11.6372360930233
69.0435287010191,26,0.534866781756732,5.75362739175159,26,0.101960784313725,6.30831766756176,27.8076923076923,5.33012724146961,90,14.696,1,1.18352102713076,1,10.27512
35.8249279286511,7,0.692995696294582,2.98541066072092,7,0.0784313725490196,3.82702156039222,21.8571428571429,2.75905950962527,10.9007047431759,7.22,1,1.38707467056845,0.819322486606751,11.0459076923077
71.6498558573022,28,0.711483340229828,5.97082132144185,28,0.0784313725490196,7.31875037268868,20.4642857142857,5.14290758466903,82.8982044922721,16.656,0.96551724137931,1.42307639252664,0.897724601851148,13.6767443478261
33.1674383492482,5,0.889463640050389,2.52313252202016,5,0.0862745098039216,4.25308721534519,24.8,1.94368613858668,5.15242323438302,6.55,0.833333333333333,2.18815534612896,0.668943694239983,11.7433469387755
42.8189787876665,10,0.764470787156438,3.56824823230554,10,0.0705882352941176,4.53137212479105,18.5,2.92118697336089,-63.434948822922,8.146,1,1.55120920574886,0.986295854136924,13.913856
46.9058411426803,12,0,3.90882009522336,12,0.0784313725490196,4,24.9166666666667,4,0,8.816,1,1,1,12.0448246153846
27.0811000102923,4,0.870424023370417,2.25675833419103,4,0.0686274509803922,3.43590880093359,18.5,1.69150742780922,31.717474411461,4.408,1,2.03127030035195,0.881907054258295,12.1237809230769
38.2984589185375,8,0.580947501931112,3.19153824321146,8,0.0666666666666667,3.65148371670111,17.75,2.97209241668783,-45,6.831,1,1.22859023366791,1,11.9917701818182
52.4423246684198,15,0.78399739797768,4.37019372236832,15,0.0784313725490196,5.84471459177604,19,3.6281890503562,17.8139536457105,12.066,0.9375,1.61091787408438,0.815042360053505,12.9674057142857
40.6216500154385,9,0.761302566431461,3.38513750128654,9,0.0862745098039216,4.40449823807301,22.2222222222222,2.85586253632197,54.217474411461,8.146,1,1.54226549144256,0.887666268723232,11.6988258461538
30.2775902642419,5,0.765092055676006,2.52313252202016,5,0.0901960784313725,3.3065591380366,22.8,2.12916258968951,-71.565051177078,4.962,1,1.55298573911107,0.95680770565741,11.41344
59.0218891123912,19,0.432519474519884,4.91849075936594,19,0.0784313725490196,5.34859981149525,22.3684210526316,4.82242912062134,58.282525588539,13.307,1,1.10910905639316,0.882482240002037,13.3148683636364
33.1674383492482,6,0.74535599249993,2.76395319577068,6,0.0627450980392157,3.46410161513775,17.1666666666667,2.3094010767585,90,5.516,1,1.5,1,12.1591613793103
40.6216500154385,9,0.536748159092064,3.38513750128654,9,0.129411764705882,3.95410096228573,32.3333333333333,3.33624304852277,-82.3724406484711,8.146,1,1.18519571409419,0.887666268723232,13.1255242105263
48.8211473415386,13,0.683581563232075,4.06842894512822,13,0.0666666666666667,4.97171486691953,22.0769230769231,3.62872606570964,-45,10.197,1,1.37009925160809,0.918191348959463,12.1135941818182
38.2984589185375,8,0.866025403784439,3.19153824321146,8,0.101960784313725,4.61880215351701,26.25,2.3094010767585,0,7.476,1,2,0.891759474057926,12.4203927272727
46.9058411426803,12,0,3.90882009522336,12,0.0784313725490196,4,21.3333333333333,4,0,8.816,1,1,1,12.7412352
38.2984589185375,8,0.927619543300139,3.19153824321146,8,0.0705882352941176,5.7493300467673,22,2.14752664244368,-39.9376641723011,8.998,0.888888888888889,2.67718683118413,0.682168439190493,13.706496
33.1674383492482,6,0.74535599249993,2.76395319577068,6,0.0784313725490196,3.46410161513775,20,2.3094010767585,90,5.516,1,1.5,1,11.4048
54.1622000205846,15,0.679004575706318,4.37019372236832,15,0.0784313725490196,5.51193341690448,18.4,4.04649793811479,-75.4161933102111,12.182,0.9375,1.36214907339664,0.802749282033004,10.1928165517241
33.1674383492482,6,0.74535599249993,2.76395319577068,6,0.149019607843137,3.46410161513775,35.1666666666667,2.3094010767585,0,5.516,1,1.5,1,11.446272
54.1622000205846,16,0.784910252755107,4.51351666838205,16,0.0784313725490196,5.95288868780732,18.6875,3.68846620389048,-22.3840172743509,11.975,0.941176470588235,1.61391981347922,0.879877122920203,11.61216
75.3905917717706,31,0.659357505054518,6.28254931431422,31,0.0882352941176471,7.39858532551491,23.0322580645161,5.56247511663507,-65.4006471385952,17.235,0.96875,1.33008870518608,0.938228088536736,11.706148173913
50.664098947737,6,0.74535599249993,2.76395319577068,6,0.0882352941176471,3.46410161513775,24.5,2.3094010767585,90,5.516,1,1.5,1,15.0065530434783
44.9089238221147,11,0.68469019539811,3.74241031850956,11,0.184313725490196,4.49690773447605,48.6363636363636,3.27750029068392,15.0706927760377,8.791,1,1.37205410698459,0.970807043706446,12.41352
59.0218891123912,19,0.505045945491979,4.91849075936594,19,0.129411764705882,5.43782392063457,38.8421052631579,4.6933448197718,-14.7889193406307,12.827,0.95,1.15862442020592,0.936332676741022,12.7094801860465
55.8291179001753,17,0.814735726346839,4.65242649168128,17,0.0901960784313725,6.52688815202634,27.1764705882353,3.78450169519406,-34.6825898489084,14.531,0.944444444444444,1.72463607568596,0.684003384894027,12.3268114285714
38.2984589185375,8,0.273861278752583,3.19153824321146,8,0.135294117647059,3.65148371670111,36.75,3.51188458428425,0,8.146,0.888888888888889,1.03975048982007,0.789036683309539,14.3460378947368
112.476255789782,69,0.346875671803805,9.37302131581521,69,0.129411764705882,10.2199359431472,43.0434782608696,9.58539156290268,-20.6895313765597,31.857,0.884615384615385,1.06619910893367,0.707876985271944,12.4683054545455
64.9381965576721,23,0.612594862547932,5.41151637980601,23,0.12156862745098,6.56922615606268,32.6086956521739,5.19229713133233,81.8656173695041,15.829,0.884615384615385,1.26518687006979,0.803111606904435,14.2795636363636
40.6216500154385,9,0.759113363612185,3.38513750128654,9,0.0901960784313725,4.43077101395282,24.8888888888889,2.88424782324025,-83.9526214614939,8.237,1,1.53619636227207,0.873524867514907,13.4113129411765
33.1674383492482,6,0.833333333333333,2.76395319577068,6,0.0941176470588235,4,22.6666666666667,2.21108319357027,90,6.368,1,1.80906806746658,0.833752762746134,13.0365818181818
46.9058411426803,12,0.472903607729549,3.90882009522336,12,0.0901960784313725,4.32462625520298,23.8333333333333,3.81048946659497,-19.8053441200133,9.552,0.923076923076923,1.1349267051163,0.935883941216262,12.5397343255814
48.8211473415386,12,0.805879953085168,3.90882009522336,12,0.0882352941176471,5.7794328532737,22.8333333333333,3.42188062410303,63.9632311625193,12.273,0.923076923076923,1.68896390264598,0.634639362454335,12.96864
38.2984589185375,8,0.866025403784439,3.19153824321146,8,0.147058823529412,4.61880215351701,35,2.3094010767585,90,7.476,1,2,0.891759474057926,20.98944
27.0811000102923,4,0,2.25675833419103,4,0.117647058823529,2.3094010767585,30,2.3094010767585,0,3.556,1,1,1,12.8890610526316
46.9058411426803,12,0.848868286909832,3.90882009522336,12,0.0862745098039216,5.89388593490114,24.5833333333333,3.11553414855606,-81.7478193091225,11.421,0.857142857142857,1.89177381914839,0.711072211666643,12.2820923076923
195.284589366155,208,0.693884324982789,16.2737157805129,208,0.147058823529412,19.3130248184662,40.9663461538462,13.9070481249144,86.6974958894352,52.714,0.912280701754386,1.38872208142194,0.837799063389992,6.70126829268293
57.4476883778063,18,0.783222360339788,4.78730736481719,18,0.101960784313725,6.26766073854271,25.9444444444444,3.89686600603606,7.11779092839066,12.645,0.947368421052632,1.60838497624358,0.907623147548868,7.52837358139535
46.9058411426803,11,0.919292099601809,3.74241031850956,11,0.0803921568627451,6.86959550543353,21.6363636363636,2.70370763992628,-26.67903422185,12.455,0.846153846153846,2.54080559746498,0.568254770196698,7.8336
46.9058411426803,12,0.694808333779651,3.90882009522336,12,0.107843137254902,5.07718207057594,27.9166666666667,3.65148371670111,45,10.958,0.923076923076923,1.39044357430761,0.758539111278271,6.59108571428571
23.4529205713402,3,0.730296743340221,1.95441004761168,3,0.0784313725490196,2.58198889747161,21.3333333333333,1.76383420737639,-45,3.093,1,1.4638501094228,0.969873184255889,4.13879351351351
89.8178476442293,44,0.657854996631088,7.48482063701911,44,0.109803921568627,8.86816174557912,28.1590909090909,6.67900821832238,77.8096866297066,24.174,0.88,1.3277662574589,0.74103937581987,-13.4784
64.9381965576721,23,0.824655807114236,5.41151637980601,23,0.0901960784313725,7.68020709406094,23.2173913043478,4.34419289799557,78.1284161689421,17.508,0.884615384615385,1.7679249688946,0.677820535427551,5.67648
46.9058411426803,12,0.750747411790997,3.90882009522336,12,0.0745098039215686,5.4359569094258,21.9166666666667,3.59093538278125,35.661649133905,12.364,0.8,1.51379970118414,0.627212014939355,10.2070231578947
46.9058411426803,12,0.772423883280537,3.90882009522336,12,0.0803921568627451,5.14241620684717,21.3333333333333,3.2659863237109,45,9.924,0.923076923076923,1.57453696897427,0.883350139513799,4.58709942857143
38.2984589185375,4,0.968245836551854,2.25675833419103,4,0.0823529411764706,4.61880215351701,31,1.15470053837925,0,5.88,1,4.00000000000001,0.617594511485095,6.37466112
52.4423246684198,15,0.745506526139905,4.37019372236832,15,0.0843137254901961,5.94378380850076,23.6,3.96152196258287,-45.8301411844914,12.554,0.833333333333333,1.50037886060979,0.765148418842594,4.698
55.8291179001753,17,0.610958500409594,4.65242649168128,17,0.141176470588235,5.30899411292551,39.4705882352941,4.20293221204544,-15.1716244421198,11.421,1,1.26316434457595,1,4.002048
46.9058411426803,12,0.922614935536563,3.90882009522336,12,0.0686274509803922,6.9749963890721,19.5,2.69041154125537,-43.231011313239,12.182,0.857142857142857,2.59253882988381,0.642199425626403,7.4594304
48.8211473415386,13,0.874350078327476,4.06842894512822,13,0.0745098039215686,6.20321889007083,20.6923076923077,3.01039560747511,-8.22598834182689,11.421,1,2.06059923641518,0.77032822930553,7.46853517241379
48.8211473415386,13,0.491217355978626,4.06842894512822,13,0.0862745098039216,4.51192321135169,22.1538461538462,3.93005219762903,-13.7764057883589,10.197,1,1.14805681565087,0.918191348959463,6.87168
33.1674383492482,6,0.74535599249993,2.76395319577068,6,0.0843137254901961,3.46410161513775,22.3333333333333,2.3094010767585,90,5.516,1,1.5,1,7.4592
55.8291179001753,17,0.693796960798381,4.65242649168128,17,0.0745098039215686,5.67098042662255,19.2941176470588,4.08407370748293,-63.7218279717803,12.157,1,1.38855976478389,0.912758368119037,6.15699692307693
40.6216500154385,8,0.942086686740184,3.19153824321146,8,0.0745098039215686,6.11997577380238,21.875,2.05245297016489,66.8905623824344,9.37,0.888888888888889,2.9817861177646,0.642206442805638,6.88176
