ESD_um_,Area,Eccentricity,EquivDiameter,FilledArea,OD,MajorAxisLength,MeanIntensity,MinorAxisLength,Orientation,Perimeter,Solidity,AspectRatio,Circularity,SettlingVelocity_mpd_
46.90584114,12,0.737438211,3.908820095,12,0.285897885,4.995102016,50.25,3.373764839,-31.08795181,10.106,0.923076923,1.480572077,0.859245327,2.917050811
64.93819656,23,0.549489916,5.41151638,23,0.222440471,6.240180716,26.08695652,5.213673164,-41.60202799,16.747,0.884615385,1.196887592,0.730683994,5.5648512
59.02188911,19,0.488462358,4.918490759,19,0.234078146,5.449397756,29,4.755062561,-21.73961517,13.29,0.904761905,1.146020202,0.884309203,1.5444864
141.3674924,109,0.58586818,11.78062436,109,0.277372834,13.17386391,47.13761468,10.67618316,54.92902851,35.107,0.96460177,1.233948848,0.936279343,10.76291596
104.8846493,60,0.446258184,8.740387445,60,0.275744913,9.337334387,47.95,8.356020311,63.35281718,24.612,0.983606557,1.117437972,0.978864762,2.732544
152.5942489,127,0.747851557,12.71618741,127,0.261843668,15.74240457,43.44094488,10.45084694,-10.6038713,39.308,0.962121212,1.506328114,0.885658981,14.30474507
52.44232467,15,0.475270821,4.370193722,15,0.247750155,4.760952286,35.2,4.188874153,45,10.751,1,1.136570857,0.976640026,3.66903403
86.70182393,41,0.643013565,7.225151994,41,0.231271157,8.594463005,30.02439024,6.582110639,86.16727852,22.95,0.854166667,1.305730559,0.756819897,19.66303256
256.9138727,360,0.550635854,21.40948939,360,0.293119465,23.6629993,53.29444444,19.7525837,-87.87088701,72.795,0.918367347,1.197969828,0.784531079,70.74166154
63.51080914,22,0.526810031,5.292567428,22,0.257508807,5.867217605,36.36363636,4.987035534,90,13.588,1,1.176494044,0.987783601,10.45948235
57.44768838,18,0.603036487,4.787307365,18,0.234078146,5.534556249,29.66666667,4.414990817,-22.589805,12.62,1,1.253582732,0.910504655,11.03328
151.9922968,126,0.655608695,12.66602474,126,0.269390484,14.73845979,44.41269841,11.12902298,-17.20731157,38.87,0.926470588,1.324326476,0.897102604,14.31712478
54.16220002,16,0.609984238,4.513516668,16,0.243662652,5.223439332,33,4.139124087,-63.99936622,11.33,0.941176471,1.26196732,0.960057374,3.723464348
89.81784764,44,0.446509418,7.484820637,44,0.238211875,8.089740894,30.93181818,7.23852973,86.65356232,21.842,0.977777778,1.117594484,0.885834846,19.75104
249.6754055,340,0.450423241,20.80628379,340,0.314981511,22.10886964,58.09705882,19.73913392,-88.54341562,64.896,0.95505618,1.12005267,0.922977053,70.76558769
55.8291179,17,0.471362557,4.652426492,17,0.25608116,5.090643202,36.76470588,4.489639489,-11.30993247,12.157,0.944444444,1.133864582,0.912758368,10.45795765
66.3348767,24,0.507385924,5.527906392,24,0.214316055,6.110100927,22.29166667,5.265189666,-36.25383774,15.25,0.96,1.160471192,0.89162539,6.334848
63.51080914,22,0.384395775,5.292567428,22,0.234078146,5.638997755,28.77272727,5.205744514,-22.35747436,13.935,1,1.08322599,0.948047521,11.016
173.9315141,165,0.639488153,14.49429284,165,0.332803483,16.77970484,62.15151515,12.90025303,0.278410025,44.659,0.970588235,1.3007268,0.907459488,16.31817763
59.02188911,19,0.346868678,4.918490759,19,0.247750155,5.363814667,32.68421053,5.030795292,-43.53216328,13.679,0.95,1.066196169,0.843880357,2.775248372
78.95429571,34,0.597970543,6.579524642,34,0.289461605,7.764291412,47,6.22321993,53.07123943,21.18,0.829268293,1.247632496,0.722278621,9.0459072
46.90584114,12,0.571051554,3.908820095,12,0.22983912,4.514224593,27.66666667,3.705791067,55.27802261,9.734,1,1.218154103,0.909612989,5.5728
30.27759026,5,0.765092056,2.523132522,5,0.239580502,3.306559138,32.2,2.12916259,18.43494882,4.962,1,1.552985739,0.956807706,7.5852288
181.6655416,180,0.431077927,15.13879513,180,0.247750155,16.07959498,37.41666667,14.50885495,-57.06833305,48.025,0.942408377,1.108260785,0.863991312,9.609689302
35.82492793,7,0.353093932,2.985410661,7,0.347215448,3.236694375,59.28571429,3.028212018,0,6.368,1,1.068846684,0.972711557,3.20436
46.90584114,11,0.709493445,3.742410319,11,0.217664963,4.775971815,27.54545455,3.365684814,-86.02826409,10.197,0.916666667,1.419019332,0.776931141,1.648154483
30.27759026,5,0.765092056,2.523132522,5,0.264809505,3.306559138,40,2.12916259,-71.56505118,4.962,1,1.552985739,0.956807706,4.7609856
30.27759026,5,0.765092056,2.523132522,5,0.253270458,3.306559138,37.2,2.12916259,-18.43494882,4.962,1,1.552985739,0.956807706,5.549133913
40.62165002,9,0.759113364,3.385137501,9,0.222440471,4.430771014,24.66666667,2.884247823,6.047378539,8.237,1,1.536196362,0.873524868,1.036460066
44.90892382,11,0.478395283,3.742410319,11,0.222440471,4.163331999,27.90909091,3.656007547,-18.43494882,8.907,0.916666667,1.138764607,0.95220379,6.31872
129.8763931,92,0.620550243,10.82303276,92,0.293119465,12.33738854,51.31521739,9.674569118,-87.66728495,32.295,0.948453608,1.275239072,0.920648349,8.027059835
67.70275003,25,0.54290281,5.641895835,25,0.239580502,6.448787562,30.32,5.415662992,-83.35918428,15.92,0.925925926,1.190766037,0.864632396,1.58112
177.5826485,172,0.857096675,14.79855404,172,0.349714147,20.86150258,62.43023256,10.74691983,86.11283564,48,0.950276243,1.941161088,0.826399058,14.25213134
46.90584114,12,0.866025404,3.908820095,12,0.236843247,5.887840578,28.5,2.943920289,-78.69006753,10.66,0.923076923,2,0.791649058,4.234929231
48.82114734,13,0.505789615,4.068428945,13,0.258936453,4.470371451,43.84615385,3.856396618,-45,9.461,1,1.159209463,1,1.503905684
157.9085914,136,0.385074897,13.15904928,136,0.234078146,14.06151293,31.80882353,12.97716393,48.50379819,48.141,0.855345912,1.083558241,0.649843569,37.003392
27.08110001,4,0,2.256758334,4,0.222440471,2.309401077,24.25,2.309401077,0,3.556,1,1,1,4.958125714
27.08110001,4,0.731925055,2.256758334,4,0.223954969,3.055050463,25.75,2.081665999,90,4.59,1,1.467598771,0.840875939,0.98496
153.1938357,127,0.344902318,12.71618741,127,0.225469467,13.63120844,26.28346457,12.79477819,59.96015101,49.564,0.835526316,1.065372783,0.574513426,125.9712
214.0948939,249,0.436118608,17.80552293,249,0.39830791,19.05890329,73.81927711,17.15090111,41.42334336,62.357,0.889285714,1.111247926,0.729365596,26.83584
27.08110001,4,0.870424023,2.256758334,4,0.212602917,3.435908801,21.75,1.691507428,58.28252559,4.408,1,2.0312703,0.881907054,4.1256
30.27759026,5,0.765092056,2.523132522,5,0.274116992,3.306559138,42.4,2.12916259,18.43494882,4.962,1,1.552985739,0.956807706,3.78432
123.3602814,83,0.4477566,10.28002345,83,0.239580502,11.03367973,34.19277108,9.865825219,-47.87808164,32.13,0.922222222,1.118373727,0.838374028,9.215670857
33.16743835,5,0.923686818,2.523132522,5,0.212602917,4.492622032,23.2,1.72134074,-69.00639375,6.368,1,2.609955094,0.694793969,4.704031385
85.63795758,40,0.431397674,7.136496465,40,0.266324787,7.630623597,40.9,6.884057683,65.57306649,19.584,0.975609756,1.108448527,0.973283632,7.158331915
40.62165002,9,0.867926073,3.385137501,9,0.264809505,5.120763832,36.88888889,2.543449587,71.56505118,9.18,1,2.01331446,0.744935514,2.38464
67.70275003,25,0.854201153,5.641895835,25,0.291266718,9.463572165,62.88,4.920515069,86.35397052,25.671,0.625,1.92328893,0.378429683,6.605897143
46.90584114,10,0.802871409,3.568248232,10,0.216029193,6.046079881,24.7,3.604384099,70.67009587,13.009,0.769230769,1.677423858,0.481762439,1.251565714
185.1642365,187,0.72227549,15.43035304,187,0.25608116,18.69454511,39.05882353,12.92924953,22.87305153,48.488,0.944444444,1.445911077,0.88156446,7.67232
198.5434368,215,0.913152954,16.5452864,215,0.42501065,26.85571969,73.58139535,10.94685001,80.69110231,62.548,0.86,2.453282877,0.626116554,21.68797091
57.44768838,11,0.783564971,3.742410319,11,0.220870602,5.351343866,19,3.324842685,23.10943762,11.438,0.846153846,1.609502877,0.650297027,2.431463226
35.82492793,5,0.576018433,2.523132522,5,0.222440471,3.401960219,34.4,2.780887149,0,6.368,1,1.223336309,0.694793969,3.085294629
110.0039483,66,0.548603183,9.166995688,66,0.342313839,10.25991488,62.75757576,8.578138967,-76.08762543,27.887,0.956521739,1.196053703,0.861449144,13.01184
27.08110001,4,0,2.256758334,4,0.225469467,2.309401077,25.5,2.309401077,0,3.556,1,1,1,7.376091429
146.463442,117,0.553444777,12.20528684,117,0.342313839,13.42560565,63.46153846,11.1819973,70.78622048,35.661,0.983193277,1.200644688,0.976504472,13.82943086
90.83277079,43,0.872809201,7.39927702,43,0.310778771,11.74429142,63.23255814,5.731937336,78.51656707,26.878,0.86,2.04892181,0.59960981,8.491667257
76.59691784,32,0.866025404,6.383076486,32,0.212602917,9.237604307,22,4.618802154,90,19.236,1,2,0.803032485,4.187076923
38.29845892,4,0.968245837,2.256758334,4,0.207090218,4.618802154,30.25,1.154700538,0,5.88,1,4,0.617594511,2.72256
46.90584114,12,0.571051554,3.908820095,12,0.226938275,4.514224593,27.16666667,3.705791067,-55.27802261,9.734,1,1.218154103,0.909612989,8.419674041
30.27759026,5,0.765092056,2.523132522,5,0.216029193,3.306559138,23,2.12916259,18.43494882,4.962,1,1.552985739,0.956807706,8.36352
59.02188911,19,0.619000533,4.918490759,19,0.222440471,5.663657108,26.57894737,4.448182857,12.82050291,12.711,1,1.273251863,0.950085882,7.052173017
54.16220002,16,0.270033922,4.513516668,16,0.232674652,5.009182908,27.0625,4.823095817,-86.07334335,12.736,0.888888889,1.038582499,0.797554804,7.090971429
114.8953768,72,0.664323996,9.57461473,72,0.325943925,11.52789446,55.59722222,8.616463996,-23.92481436,34.09,0.818181818,1.33789156,0.652708294,10.75595609
115.69051,73,0.836102304,9.64087583,73,0.250496356,13.23713424,38.71232877,7.261541701,75.53449044,30.699,0.948051948,1.822909622,0.801044796,3.695887059
63.51080914,22,0.526810031,5.292567428,22,0.247750155,5.867217605,32.27272727,4.987035534,90,13.588,1,1.176494044,0.987783601,4.991191579
57.44768838,18,0.419579443,4.787307365,18,0.222440471,5.203321418,20.72222222,4.72315173,87.02656847,12.645,0.9,1.101662982,0.907623148,2.695433143
48.82114734,13,0.632147035,4.068428945,13,0.222440471,4.877606302,24.76923077,3.779405701,22.90346473,10.751,0.928571429,1.290574944,0.846421356,9.789696
89.81784764,44,0.347912069,7.484820637,44,0.222440471,7.863591396,26.54545455,7.37233058,-61.0026916,20.907,0.956521739,1.066635755,0.956055729,6.68574
33.16743835,6,0.632455532,2.763953196,6,0.264809505,3.333333333,38.83333333,2.581988897,45,5.905,1,1.290994449,0.921278728,5.989513846
27.08110001,4,0,2.256758334,4,0.239580502,2.309401077,31,2.309401077,0,3.556,1,1,1,3.776134737
143.9380209,113,0.36433482,11.99483508,113,0.337509439,13.17005858,60.2300885,12.26485447,-41.55855106,47.984,0.768707483,1.073804716,0.543264838,20.60301913
66.3348767,24,0.813723799,5.527906392,24,0.264809505,7.628796076,36,4.434250956,-85.6049388,16.772,0.96,1.720424972,0.760539662,6.049502609
271.8246443,403,0.49906797,22.65205369,403,0.267840069,24.48319413,43.73200993,21.21622631,-73.60479795,73.721,0.939393939,1.153984397,0.857205307,27.44165647
119.5868996,78,0.488945117,9.96557497,78,0.261843668,10.78792681,40.57692308,9.410465516,73.66118475,29.326,0.939759036,1.146375468,0.929831575,0.91881931
94.78385004,49,0.199160899,7.89865417,49,0.234078146,8.237636234,30.04081633,8.07261005,-78.17718868,23.876,0.924528302,1.02044273,0.843553526,3.64310069
329.4558008,592,0.736884882,27.45465007,592,0.431133902,34.86457934,74.80574324,23.56909182,-26.83811198,102.634,0.882265276,1.479250011,0.664906588,20.34995745
109.1674042,65,0.616347492,9.097283683,65,0.234078146,10.62282432,31.27692308,8.365201118,74.68305231,28.582,0.928571429,1.269882716,0.811630747,3.1374
120.351041,79,0.250845544,10.02925341,79,0.258936453,10.29746761,39.58227848,9.968227952,44.38353797,29.69,0.94047619,1.033028905,0.920986054,1.2672
82.36395021,37,0.50571801,6.863662518,37,0.231271157,7.55575791,28.78378378,6.518343608,39.46196328,19.402,0.925,1.159153056,0.914882523,4.891474286
55.8291179,16,0.779602801,4.513516668,16,0.222440471,6.29127063,26,3.94006098,-72.2052041,13.679,0.941176471,1.596744482,0.71063609,0.859934118
126.2978425,87,0.604201174,10.52482021,87,0.236843247,12.15414632,33.31034483,9.684810474,-82.06987496,35.868,0.887755102,1.254969971,0.718433022,6.559488
35.82492793,7,0.856222401,2.985410661,7,0.212602917,4.312826484,22.85714286,2.228038055,8.349622117,6.922,1,1.935705934,0.868563961,6.1236
94.78385004,49,0.547526416,7.89865417,49,0.25608116,8.769268311,37.30612245,7.338021984,21.28167588,22.933,0.924528302,1.195045249,0.905671871,3.22272
38.29845892,8,0.580947502,3.191538243,8,0.228407082,3.651483717,28.5,2.972092417,-45,6.831,1,1.228590234,1,1.56168
40.62165002,9,0.691146709,3.385137501,9,0.247750155,4.462921352,41.22222222,3.225417905,42.61817915,10.032,0.818181818,1.383672282,0.651694286,1.811671579
140.7175234,108,0.526538425,11.72646029,108,0.245022413,12.87675005,36.32407407,10.9471862,75.70186555,36.356,0.939130435,1.176261169,0.869946142,14.11641132
30.27759026,5,0.765092056,2.523132522,5,0.222440471,3.306559138,28.6,2.12916259,-71.56505118,4.962,1,1.552985739,0.956807706,2.098605176
27.08110001,4,0,2.256758334,4,0.234078146,2.309401077,28,2.309401077,0,3.556,1,1,1,2.663921179
55.8291179,17,0.6109585,4.652426492,17,0.247750155,5.308994113,31.64705882,4.202932212,74.82837556,11.421,1,1.263164345,1,2.942874947
60.55518053,20,0.482654724,5.046265044,20,0.321488199,5.551900391,54.55,4.862413878,69.8724496,13.563,1,1.141799224,0.900674942,4.27441536
57.44768838,18,0.599962792,4.787307365,18,0.258936453,5.728921871,35.66666667,4.58329736,-34.72197739,14.787,0.9,1.2499564,0.703703918,31.872
260.4576798,370,0.254780871,21.70480665,370,0.258936453,22.31134736,40.97297297,21.57504646,67.06902672,77.021,0.893719807,1.034127431,0.723549218,4.373074286
186.6436014,190,0.713284636,15.55363345,190,0.323690839,18.78670571,58.45263158,13.16712248,-4.36251201,49.224,0.95,1.426789015,0.870705763,18.99173647
128.4569364,90,0.628310189,10.7047447,90,0.312880141,12.24112363,54.6,9.52314029,59.5244217,31.377,0.947368421,1.285408306,0.949174827,12.03306985
27.08110001,4,0,2.256758334,4,0.225469467,2.309401077,26,2.309401077,0,3.556,1,1,1,3.30624
38.29845892,8,0.782272678,3.191538243,8,0.222440471,4.27914326,25,2.665633063,70.67009587,7.774,1,1.60530094,0.84373334,1.0368
57.44768838,18,0.667544364,4.787307365,18,0.225469467,5.830424064,26.22222222,4.341158993,-38.97871243,13.1,1,1.343057021,0.857482255,9.423966316
50.66409895,14,0.668139199,4.222008246,14,0.231271157,5.113673813,28.92857143,3.804758925,-90,10.594,0.933333333,1.344020453,0.932487662,8.221988571
71.64985586,28,0.652271356,5.970821321,28,0.251883407,7.408570869,41.78571429,5.615589585,-15.34447937,19.766,0.875,1.319286382,0.670515763,5.508370286
117.2646029,75,0.703138284,9.772050238,75,0.395421462,12.03228431,70.48,8.555593416,-47.04410616,33.999,0.862068966,1.40636467,0.68324029,14.5421568
40.62165002,9,0.872742868,3.385137501,9,0.231271157,5.321085497,29.11111111,2.597648462,-59.22146431,9.461,0.9,2.048424017,0.71208621,1.966464
33.16743835,6,0.908344026,2.763953196,6,0.258936453,4.920352519,40.5,2.057808429,-28.86217784,7.774,0.857142857,2.39106442,0.632800005,5.4432
48.82114734,13,0.403254991,4.068428945,13,0.250496356,4.449142816,37.23076923,4.071355657,30.96375653,10.015,0.928571429,1.09279149,0.943770415,2.42568
176.5471723,170,0.504259828,14.71226436,170,0.263326587,15.9788945,42.30588235,13.79860602,-52.25085817,45.428,0.928961749,1.15800788,0.90558634,22.87131429
104.0069381,59,0.528026141,8.667244841,59,0.304676613,9.916810909,56.81355932,8.421634654,-35.64281052,32.999,0.808219178,1.17753991,0.567637836,7.189982609
40.62165002,9,0.78357864,3.385137501,9,0.222440471,4.677236707,22.22222222,2.905932629,90,8.998,0.9,1.609547537,0.767439494,0.93312
46.90584114,12,0.821944765,3.908820095,12,0.223954969,5.418786822,26.75,3.086363275,-85.16332228,10.015,1,1.755719058,0.871172691,3.347382857
143.9380209,113,0.304429616,11.99483508,113,0.319285559,12.37359913,56.61946903,11.78628418,-68.02237426,35.413,0.949579832,1.049830373,0.955291843,11.083392
54.16220002,16,0.929586163,4.513516668,16,0.236843247,7.831560083,28.875,2.886751346,90,14.696,0.888888889,2.712931993,0.631913106,2.2685184
54.16220002,16,0.911583025,4.513516668,16,0.222440471,7.594048001,28.5625,3.122034853,-21.76018211,14.051,0.888888889,2.432403339,0.680216402,2.629701818
27.08110001,4,0.731925055,2.256758334,4,0.212602917,3.055050463,23,2.081665999,0,4.59,1,1.467598771,0.840875939,0.780068571
33.16743835,6,0.745355992,2.763953196,6,0.246386284,3.464101615,32.33333333,2.309401077,0,5.516,1,1.5,1,2.122272
59.02188911,19,0.656685446,4.918490759,19,0.231271157,5.871338644,32.21052632,4.427955689,-76.71747441,13.381,0.95,1.325970506,0.874595167,1.587656348
172.8741698,163,0.347814945,14.40618082,163,0.247750155,15.08813819,36.99386503,14.14608321,-7.446581914,45.304,0.936781609,1.066594758,0.87274812,19.2865536
98.576692,53,0.270435088,8.214724333,53,0.323690839,8.697512274,53.9245283,8.373427407,61.95955927,26.597,0.898305085,1.038703968,0.753086581,9.389886792
42.81897879,10,0.5874078,3.568248232,10,0.277372834,4.085747586,41.9,3.306559138,90,8.328,1,1.235649331,0.955243026,1.70215513
38.29845892,8,0.580947502,3.191538243,8,0.222440471,3.651483717,25,2.972092417,-45,6.831,1,1.228590234,1,1.83168
97.64229468,52,0.594276946,8.13685789,52,0.384109922,9.139082927,67.46153846,7.350203175,77.56827889,22.652,0.981132075,1.243378273,0.982176489,7.470542769
135.4055001,100,0.64879212,11.28379167,100,0.41895269,13.28783321,68.21,10.1115852,55.0792305,38.589,0.862068966,1.31411969,0.721607036,22.65408
30.27759026,5,0.765092056,2.523132522,5,0.264809505,3.306559138,48.8,2.12916259,18.43494882,4.962,1,1.552985739,0.956807706,0.996923077
23.45292057,3,0.730296743,1.954410048,3,0.216029193,2.581988897,23.33333333,1.763834207,45,3.093,1,1.463850109,0.969873184,1.558816744
33.16743835,6,0.755928946,2.763953196,6,0.217664963,3.944053189,25.83333333,2.581988897,0,7.402,1,1.527525232,0.678240746,0.326916
83.46955606,38,0.436605283,6.955796338,38,0.238211875,7.473931303,31.84210526,6.72394599,-8.05e-15,19.212,1,1.111539461,0.955649849,8.93184
33.16743835,6,0.745355992,2.763953196,6,0.287656491,3.464101615,48.83333333,2.309401077,90,5.516,1,1.5,1,0.7399296
44.90892382,11,0.726101471,3.742410319,11,0.219300732,4.739293244,24.18181818,3.258679081,-14.7137282,9.643,0.916666667,1.454360226,0.845724203,30.81950208
76.59691784,32,0.541938633,6.383076486,32,0.231271157,7.072038115,29.0625,5.943468564,12.99632879,17.235,0.96969697,1.189883994,0.968493511,6.174267429
33.16743835,6,0.456435465,2.763953196,6,0.216029193,3.265986324,24.16666667,2.905932629,-63.43494882,6.277,0.857142857,1.123902974,0.849941599,1.176231724
30.27759026,5,0.765092056,2.523132522,5,0.219300732,3.306559138,24.6,2.12916259,-18.43494882,4.962,1,1.552985739,0.956807706,0.613948235
74.16464679,30,0.468893831,6.180387232,30,0.235460697,6.703009385,30.26666667,5.920463445,38.18194757,17.028,0.967741935,1.132176467,0.926695095,4.698702651
82.36395021,37,0.598161313,6.863662518,37,0.234078146,7.996201708,29.02702703,6.407961898,72.00998569,21.428,0.925,1.247854128,0.770221568,6.102308571
130.5803354,93,0.538215238,10.88169461,93,0.239580502,12.14381162,33.77419355,10.23489462,-81.16150402,34.644,0.902912621,1.186510665,0.818540808,111.6337371
57.44768838,18,0.602439488,4.787307365,18,0.216029193,5.874451413,23.88888889,4.68877892,-80.56820622,15.937,0.857142857,1.252874472,0.621426398,3.4176
57.44768838,18,0.650867752,4.787307365,18,0.293119465,5.910111554,58.11111111,4.486904258,76.93126066,14.994,0.857142857,1.317191367,0.687731417,3.806758209
103.1217566,58,0.314152353,8.593479714,58,0.28071242,8.909195328,46.53448276,8.458145771,90,25.092,0.966666667,1.053327239,0.914335472,8.140483299
42.81897879,10,0.676387463,3.568248232,10,0.219300732,4.618802154,26,3.401960219,-39.80557109,9.643,0.909090909,1.357688467,0.768840184,1.585402435
54.16220002,16,0.647503632,4.513516668,16,0.225469467,6.283768766,26.625,4.788623682,-37.562159,17.343,0.727272727,1.312228561,0.479154071,5.356224
23.45292057,3,0.730296743,1.954410048,3,0.222440471,2.581988897,25.66666667,1.763834207,-45,3.093,1,1.463850109,0.969873184,0.608244083
66.3348767,24,0.673879384,5.527906392,24,0.235460697,6.738489526,30.16666667,4.978674859,-4.026846736,16.102,0.888888889,1.353470495,0.814420685,2.8944
27.08110001,4,0.731925055,2.256758334,4,0.212602917,3.055050463,22.25,2.081665999,0,4.59,1,1.467598771,0.840875939,5.148288
92.82933393,47,0.31046246,7.735777828,47,0.342313839,8.042653992,58.93617021,7.6452314,-83.6922778,22.007,0.94,1.051983069,0.933856937,6.84288
109.1674042,65,0.167702755,9.097283683,65,0.337509439,9.391543111,61.18461538,9.25853638,-39.27641619,28.656,0.902777778,1.014365849,0.807857456,8.02368
109.1674042,65,0.65583054,9.097283683,65,0.354758642,10.8840216,62.18461538,8.216436527,-67.87038727,30.451,0.890410959,1.324664478,0.723829324,10.00571586
27.08110001,4,0,2.256758334,4,0.208996853,2.309401077,21.75,2.309401077,0,3.556,1,1,1,2.8944
74.16464679,30,0.738736855,6.180387232,30,0.242302891,8.181041497,32.66666667,5.513972557,-75.50113862,20.229,0.882352941,1.483692821,0.69022656,1.388571429
230.1893501,289,0.674674515,19.18244584,289,0.367763114,22.5932599,67.16262976,16.67643237,-75.0675369,60.488,0.947540984,1.354801758,0.896993758,34.55232
164.170444,147,0.892013298,13.68087033,147,0.342313839,21.11159211,60.20408163,9.542632905,77.37641504,50.556,0.875,2.212344572,0.640645185,11.51218286
70.35876171,27,0.469825579,5.863230143,27,0.267840069,6.373894552,40.07407407,5.626614488,1.543244632,16.102,0.964285714,1.13281167,0.91622327,0.326788861
77.78453777,33,0.56450641,6.482044814,33,0.267840069,7.212825488,40.72727273,5.953673056,-61.42252915,17.417,1,1.211491699,0.981153688,2.402246038
44.90892382,10,0.861063074,3.568248232,10,0.258936453,5.723350685,53.6,2.910313316,-74.09733554,10.776,0.909090909,1.966575438,0.64875635,2.411396129
163.6110882,145,0.582779894,13.58748446,145,0.247750155,15.3998828,34.13103448,12.5144075,-68.72066754,47.579,0.90625,1.230572266,0.708286929,27.49192258
30.27759026,3,0.942809042,1.954410048,3,0.208996853,3.464101615,22.33333333,1.154700538,0,3.92,1,3,0.756006963,0.573696
35.82492793,7,0.688972486,2.985410661,7,0.222440471,3.763583333,25.85714286,2.727798137,-59.52730205,6.831,0.875,1.379714753,0.884487591,0.186014118
35.82492793,7,0.688972486,2.985410661,7,0.234078146,3.763583333,29.42857143,2.727798137,-59.52730205,6.831,0.875,1.379714753,0.884487591,0.558042353
42.81897879,10,0.231455025,3.568248232,10,0.253270458,3.864367132,36.4,3.759432581,-26.56505118,8.907,0.909090909,1.027912338,0.865639809,1.073392941
27.08110001,4,0.731925055,2.256758334,4,0.226938275,3.055050463,26.5,2.081665999,90,4.59,1,1.467598771,0.840875939,0.805513846
182.6720066,182,0.746890815,15.22266722,182,0.42501065,18.7343701,72.73076923,12.45735753,-87.3845746,46.503,0.973262032,1.50387994,0.927977292,27.11380114
35.82492793,7,0.688972486,2.985410661,7,0.284139278,3.763583333,44.42857143,2.727798137,-30.47269795,6.831,1,1.379714753,0.884487591,0.41184
135.4055001,100,0.143562788,11.28379167,100,0.274116992,11.57177832,43.83,11.45190871,-71.87397401,34.743,0.917431193,1.010467217,0.875557394,7.796736
40.62165002,9,0.536748159,3.385137501,9,0.264809505,3.954100962,41,3.336243049,7.627559352,8.146,0.9,1.185195714,0.887666269,1.093147826
27.08110001,4,0,2.256758334,4,0.239580502,2.309401077,32.5,2.309401077,0,3.556,1,1,1,1.442504348
27.08110001,4,0,2.256758334,4,0.247750155,2.309401077,34,2.309401077,0,3.556,1,1,1,0.57024
156.7431984,134,0.73827995,13.0619332,134,0.325943925,16.33064062,61.23880597,11.01492589,-79.29150209,47.008,0.842767296,1.482591965,0.669545111,11.78704193
40.62165002,9,0.907935861,3.385137501,9,0.25608116,5.399179184,28,2.26284535,-4.731161104,8.882,1,2.386013337,0.782318976,2.0119296
132.6697534,96,0.422652126,11.05581278,96,0.222440471,11.83808371,25.63541667,10.7287605,-2.77384896,36.513,0.905660377,1.103397145,0.767174415,50.92325053
52.44232467,15,0.918945592,4.370193722,15,0.212602917,7.406910594,21.06666667,2.921169459,-6.655509584,13.381,0.9375,2.535597712,0.690469869,7.52516129
35.82492793,7,0.91084894,2.985410661,7,0.219300732,5.125684723,24.42857143,2.115574495,-4.307824092,8.328,1,2.422833483,0.668670119,3.015606857
27.08110001,4,0.870424023,2.256758334,4,0.219300732,3.435908801,24,1.691507428,-58.28252559,4.408,1,2.0312703,0.881907054,1.027862069
157.326974,135,0.288252085,13.11058117,135,0.367763114,13.4697062,66.54074074,12.89797859,81.78301049,39.242,0.950704225,1.044326915,0.944382865,15.89193443
33.16743835,6,0.632455532,2.763953196,6,0.217664963,3.333333333,23.5,2.581988897,-45,5.905,1,1.290994449,0.921278728,0.605709474
83.46955606,38,0.471326539,6.955796338,38,0.279042627,7.531632863,44.18421053,6.642589749,-59.43188284,19.402,1,1.133839835,0.939609077,2.062228645
77.78453777,33,0.56450641,6.482044814,33,0.225469467,7.212825488,26.51515152,5.953673056,-61.42252915,17.417,0.970588235,1.211491699,0.981153688,0.744056471
42.81897879,10,0.093933644,3.568248232,10,0.257508807,4.258325179,44.9,4.239496825,90,12.844,0.714285714,1.004441177,0.491759071,5.6016
250.4086682,342,0.819409178,20.86738901,342,0.41895269,28.80940977,71.73099415,16.51381398,-89.60913926,73.994,0.886010363,1.744564266,0.722314493,36.52327385
82.36395021,37,0.531368234,6.863662518,37,0.274116992,7.815138202,39.40540541,6.620523651,-53.02603598,22.652,0.840909091,1.180441097,0.698856348,4.150902857
30.27759026,4,0.866025404,2.256758334,4,0.208996853,3.651483717,22.5,1.825741858,-18.43494882,5.053,0.8,2,0.748540177,3.416626286
27.08110001,4,0,2.256758334,4,0.226938275,2.309401077,27.25,2.309401077,0,3.556,1,1,1,2.847212308
23.45292057,3,0.730296743,1.954410048,3,0.231271157,2.581988897,29.33333333,1.763834207,-45,3.093,1,1.463850109,0.969873184,2.962285714
109.1674042,65,0.530269235,9.097283683,65,0.250496356,9.997214729,36.12307692,8.475931665,33.37231842,26.018,0.970149254,1.179482696,0.960639223,7.806680816
137.4215737,103,0.625162308,11.45179781,103,0.264809505,13.09711799,42.5631068,10.22223212,-44.97164342,34.28,0.962616822,1.281238563,0.92427787,4.311868235
44.90892382,11,0.684690195,3.742410319,11,0.247750155,4.496907734,35.90909091,3.277500291,74.92930722,8.791,1,1.372054107,0.970807044,3.356827826
38.29845892,8,0.547722558,3.191538243,8,0.240941697,3.651483717,34.375,3.055050463,0,7.22,1,1.195228609,0.936368556,2.523296386
27.08110001,4,0,2.256758334,4,0.235460697,2.309401077,29.25,2.309401077,0,3.556,1,1,1,2.296207059
27.08110001,4,0,2.256758334,4,0.222440471,2.309401077,25.25,2.309401077,0,3.556,1,1,1,3.655954286
38.29845892,8,0.580947502,3.191538243,8,0.212602917,3.651483717,22,2.972092417,-45,6.831,1,1.228590234,1,4.244898462
27.08110001,4,0,2.256758334,4,0.306677132,2.309401077,52.25,2.309401077,0,3.556,1,1,1,4.156625455
38.29845892,8,0.580947502,3.191538243,8,0.289461605,3.651483717,45.875,2.972092417,-45,6.831,1,1.228590234,1,4.67712
46.90584114,12,0.732519215,3.908820095,12,0.208996853,4.990359434,21.83333333,3.397168993,-1.907037417,10.106,1,1.468975916,0.859245327,3.09312
42.81897879,10,0.871779222,3.568248232,10,0.216029193,5.408076231,23.8,2.649410905,11.4368326,9.734,0.909090909,2.041237251,0.758010824,3.112182
113.2883693,70,0.565134683,9.440697439,70,0.302676093,10.98409974,55.82857143,9.061867577,-24.92501525,34.28,0.833333333,1.21212318,0.628150009,10.91533395
55.8291179,17,0.71667283,4.652426492,17,0.270940899,5.803237994,41.88235294,4.047233489,-80.66654286,12.455,1,1.433877736,0.878211918,4.943437714
27.08110001,4,0,2.256758334,4,0.251883407,2.309401077,35.5,2.309401077,0,3.556,1,1,1,4.538356364
30.27759026,5,0.765092056,2.523132522,5,0.212602917,3.306559138,22,2.12916259,-18.43494882,4.962,1,1.552985739,0.956807706,3.720782769
30.27759026,5,0.765092056,2.523132522,5,0.236843247,3.306559138,28.2,2.12916259,-18.43494882,4.962,1,1.552985739,0.956807706,2.320950857
27.08110001,4,0,2.256758334,4,0.214316055,2.309401077,22.5,2.309401077,0,3.556,1,1,1,1.93591296
40.62165002,9,0.665811885,3.385137501,9,0.231271157,4.053691235,27,3.02453869,69.69935268,7.683,1,1.340267608,0.965226527,1.673883106
80.10697414,35,0.385567988,6.675581178,35,0.231271157,7.067582859,30.11428571,6.521113309,52.3358754,18.459,0.945945946,1.083800039,0.94264154,7.18811234
107.4747838,63,0.628310465,8.956231982,63,0.247750155,10.24779402,35.88888889,7.972401483,-14.21452442,25.464,0.984375,1.285408674,0.967494519,7.333705532
131.9769562,95,0.388126356,10.99807968,95,0.431133902,11.79046992,73.07368421,10.86616982,2.053521498,37.828,0.871559633,1.085062181,0.711230181,19.41566694
52.44232467,15,0.461880215,4.370193722,15,0.284139278,4.760952286,48.33333333,4.222690033,-75.96375653,10.867,1,1.127469042,0.9605326,6.024469787
38.29845892,8,0.547722558,3.191538243,8,0.270940899,3.651483717,46,3.055050463,0,7.22,1,1.195228609,0.936368556,3.46752
182.6720066,182,0.710271143,15.22266722,182,0.342313839,18.58698445,63.15384615,13.0839024,64.66152951,50.448,0.91,1.420599442,0.796379992,18.0774883
35.82492793,7,0.353093932,2.985410661,7,0.314981511,3.236694375,58.14285714,3.028212018,90,6.368,1,1.068846684,0.972711557,3.073218207
128.4569364,90,0.560571804,10.7047447,90,0.222440471,12.4116089,25.73333333,10.27812559,-7.967238488,39.83,0.789473684,1.207575136,0.612476561,12.14166857
57.44768838,18,0.608391296,4.787307365,18,0.240941697,5.634987704,30.16666667,4.472135955,-45,13.563,0.9,1.260021556,0.810607448,1.51488
106.6183974,62,0.619455577,8.884866447,62,0.247750155,10.27206639,36.67741935,8.063897863,-24.47574523,26.787,0.953846154,1.273833891,0.869819146,11.342592
40.62165002,8,0.767144629,3.191538243,8,0.279042627,4.584538338,50.625,2.940862951,52.01812173,9.089,0.8,1.55890921,0.672055047,0.714096
66.3348767,24,0.507209416,5.527906392,24,0.263326587,6.347769645,39.45833333,5.470652864,15.48187827,16.4,0.923076923,1.160331281,0.78977102,1.248886588
35.82492793,7,0.692995696,2.985410661,7,0.270940899,3.82702156,37.85714286,2.75905951,10.90070474,7.22,1,1.387074671,0.819322487,1.718695385
87.7527935,42,0.58798622,7.312732791,42,0.235460697,8.665076001,29.38095238,7.008928212,-82.96245597,23.967,0.84,1.236291162,0.718199686,7.846136471
263.9539124,380,0.478861976,21.99615937,380,0.267840069,23.56337503,45.19210526,20.68605607,35.44348748,70.578,0.954773869,1.139094613,0.878673659,26.51616
78.95429571,34,0.402082654,6.579524642,34,0.222440471,7.012100793,24.20588235,6.420303149,-78.41380391,17.971,0.971428571,1.092175966,0.958529855,1.411461818
46.90584114,12,0.472903608,3.908820095,12,0.264809505,4.324626255,42,3.810489467,19.80534412,9.552,0.923076923,1.134926705,0.935883941,5.223642353
38.29845892,8,0.580947502,3.191538243,8,0.260390061,3.651483717,45.125,2.972092417,45,6.831,1,1.228590234,1,0.260872258
59.02188911,19,0.619000533,4.918490759,19,0.239580502,5.663657108,31.26315789,4.448182857,-77.17949709,12.711,1,1.273251863,0.950085882,2.810356364
151.9922968,126,0.697273614,12.66602474,126,0.247750155,15.09844166,36.83333333,10.82263951,-76.3311577,39.217,0.947368421,1.39507942,0.882464745,21.5136
81.24330003,36,0.540955796,6.770275003,36,0.267840069,7.501836357,40.16666667,6.309427156,-69.24743517,18.616,1,1.188988504,0.955631995,3.527599304
46.90584114,12,0.616682298,3.908820095,12,0.220870602,4.962588718,25.83333333,3.906610053,42.61817915,11.81,0.8,1.270305623,0.674553185,4.612608
30.27759026,5,0.765092056,2.523132522,5,0.332803483,3.306559138,62.6,2.12916259,18.43494882,4.962,1,1.552985739,0.956807706,2.0304
102.2289107,57,0.638136811,8.519075892,57,0.239580502,9.907136174,31.54385965,7.627731901,64.51953486,26.87,0.904761905,1.298831199,0.795255412,10.365408
46.90584114,12,0.773768909,3.908820095,12,0.239580502,5.029344274,29.91666667,3.185928534,9.416876456,9.643,1,1.578611767,0.922608221,4.417166769
33.16743835,6,0.745355992,2.763953196,6,0.260390061,3.464101615,39.5,2.309401077,0,5.516,1,1.5,1,4.2354144
84.56070768,39,0.680989657,7.04672564,39,0.272528946,8.549041538,44.35897436,6.260403561,-47.67127312,21.825,0.886363636,1.365573554,0.786241422,3.472263529
30.27759026,5,0.765092056,2.523132522,5,0.250496356,3.306559138,34.2,2.12916259,-18.43494882,4.962,1,1.552985739,0.956807706,5.033192727
33.16743835,6,0.745355992,2.763953196,6,0.267840069,3.464101615,45.5,2.309401077,0,5.516,1,1.5,1,2.0736
153.1938357,128,0.9414346,12.76615297,128,0.367763114,24.04965852,69.78125,8.109439794,-84.74279357,54.211,0.795031056,2.96563747,0.489005477,11.02778182
30.27759026,5,0.765092056,2.523132522,5,0.247750155,3.306559138,31.6,2.12916259,-71.56505118,4.962,1,1.552985739,0.956807706,5.139372522
30.27759026,5,0.765092056,2.523132522,5,0.234078146,3.306559138,35,2.12916259,-71.56505118,4.962,1,1.552985739,0.956807706,4.14576
44.90892382,11,0.684690195,3.742410319,11,0.247750155,4.496907734,34.81818182,3.277500291,-15.07069278,8.791,1,1.372054107,0.970807044,1.047379592
74.16464679,30,0.671456761,6.180387232,30,0.231271157,7.380779022,27.76666667,5.469480061,78.67571168,17.21,1,1.349448017,0.910194728,4.5729792
81.24330003,36,0.770923807,6.770275003,36,0.231271157,9.34675502,31.61111111,5.953204157,89.5095252,21.916,0.857142857,1.57003771,0.720499485,9.43488
38.29845892,8,0.547722558,3.191538243,8,0.226938275,3.651483717,26.875,3.055050463,90,7.22,1,1.195228609,0.936368556,9.317376
158.4880744,137,0.550406513,13.20733954,137,0.298774836,14.54484913,52.47445255,12.14344803,-75.04238974,39.209,0.978571429,1.197752821,0.959867853,16.65494069
38.29845892,8,0.580947502,3.191538243,8,0.298774836,3.651483717,60.75,2.972092417,45,6.831,1,1.228590234,1,6.918283636
46.90584114,12,0.695678425,3.908820095,12,0.250496356,5.064757435,34.41666667,3.638285449,67.86261215,11.512,0.857142857,1.392072586,0.702268002,0.45504
78.95429571,34,0.368757718,6.579524642,34,0.282425849,6.916539861,42.85294118,6.429100507,18.43494882,18.153,0.971428571,1.07581766,0.942215203,2.889216
44.90892382,11,0.615531158,3.742410319,11,0.225469467,4.49915817,25.18181818,3.545843025,-23.19859051,9.461,1,1.2688543,0.87032759,1.407534545
30.27759026,5,0.765092056,2.523132522,5,0.228407082,3.306559138,31.8,2.12916259,71.56505118,4.962,1,1.552985739,0.956807706,2.002661053
44.90892382,11,0.805757197,3.742410319,11,0.245022413,5.199535991,34.63636364,3.079404457,-60.40785288,10.015,0.916666667,1.688487519,0.798574967,0.808045714
40.62165002,9,0.665811885,3.385137501,9,0.264809505,4.053691235,49.88888889,3.02453869,69.69935268,7.683,1,1.340267608,0.965226527,2.159506286
83.46955606,38,0.406203142,6.955796338,38,0.238211875,7.470224057,30.97368421,6.826162262,90,20.303,0.95,1.094351961,0.868776526,6.697576642
114.8953768,72,0.558908003,9.57461473,72,0.239580502,10.9779046,32.55555556,9.1032042,-14.32472431,32.204,0.86746988,1.20593852,0.724222185,7.719073811
40.62165002,9,0.897813857,3.385137501,9,0.228407082,6.373144231,25.77777778,2.806574383,-40.83717483,11.901,0.818181818,2.270791136,0.49981235,6.269862857
104.0069381,59,0.672240389,8.667244841,59,0.337509439,10.20389561,60.86440678,7.554280018,71.50236443,25.927,0.921875,1.350743629,0.877432797,7.627885714
62.05059535,21,0.404176242,5.170882946,21,0.245022413,5.550360372,34.14285714,5.076809884,-21.33134707,13.679,1,1.093277176,0.932709868,8.924455385
82.36395021,37,0.853415952,6.863662518,37,0.247750155,10.10665852,37.35135135,5.267898466,-36.26929074,22.652,0.860465116,1.918537076,0.698856348,11.54304
30.27759026,5,0.765092056,2.523132522,5,0.225469467,3.306559138,25.8,2.12916259,-18.43494882,4.962,1,1.552985739,0.956807706,6.225984
40.62165002,9,0.665811885,3.385137501,9,0.228407082,4.053691235,26.44444444,3.02453869,20.30064732,7.683,1,1.340267608,0.965226527,11.202624
268.0892124,392,0.472689247,22.3407677,392,0.300725465,23.88551116,55.45663265,21.04860953,78.17543478,72.844,0.933333333,1.134778577,0.853165766,152.036352
30.27759026,5,0.84711745,2.523132522,5,0.212602917,4.00666112,22,2.12916259,-45,6.277,0.833333333,1.88180139,0.708284666,7.0848
38.29845892,8,0.580947502,3.191538243,8,0.217664963,3.651483717,24.25,2.972092417,-45,6.831,1,1.228590234,1,2.45376
203.5591014,226,0.537658596,16.96325845,226,0.298774836,18.55567388,54.60619469,15.64545094,-83.93330144,53.103,0.949579832,1.186010806,0.897752765,31.73680552
60.55518053,20,0.808951349,5.046265044,20,0.231271157,6.985779369,28.95,4.106769202,-84.36614495,15.73,0.833333333,1.701040167,0.705704282,0.421632
142.6585465,111,0.498709947,11.88821221,111,0.250496356,13.11651771,34.71171171,11.3689901,55.48479833,37.348,0.902439024,1.153710013,0.850836334,8.124432787
192.4473743,81,0.368971837,10.1554125,81,0.257508807,10.71044411,34.60493827,9.954721338,-58.73467571,31.278,0.941860465,1.075916015,0.859178559,8.404390957
134.0446062,98,0.48062139,11.17038385,98,0.239580502,12.14075665,32.62244898,10.64657195,86.93841541,36.447,0.890909091,1.140344207,0.785770669,7.521220465
120.351041,79,0.629870375,10.02925341,79,0.247750155,11.60578751,34.12658228,9.014218301,70.5065377,31.204,0.951807229,1.287497942,0.841579069,2.947349558
135.4055001,100,0.468463715,11.28379167,100,0.250496356,12.1191069,38.29,10.70702174,5.147081113,33.916,0.943396226,1.131884028,0.915072403,7.55244
78.95429571,34,0.433937401,6.579524642,34,0.264809505,7.339276059,39.88235294,6.612269566,69.43645758,20.808,0.894736842,1.109948103,0.744890643,4.035933659
110.8341785,67,0.646753815,9.236181543,67,0.310778771,10.79843748,60.04477612,8.235955613,-87.85009998,29.5,0.930555556,1.311133521,0.790209025,3.500434286
181.1602123,179,0.895684362,15.09668435,179,0.250496356,22.98677768,38.36312849,10.22199864,-60.18029076,53.93,0.913265306,2.248755697,0.690594174,5.08224
38.29845892,8,0.547722558,3.191538243,8,0.247750155,3.651483717,35,3.055050463,90,7.22,1,1.195228609,0.936368556,2.658793846
40.62165002,9,0,3.385137501,9,0.261843668,3.464101615,37.77777778,3.464101615,0,7.476,1,1,1,3.825792
204.9057033,229,0.444978437,17.07547527,229,0.222440471,18.43120712,27.00436681,16.50590688,57.07051396,62.499,0.874045802,1.116643106,0.667882954,12.7287936
385.3708091,810,0.770677767,32.11423409,810,0.294972211,40.46936311,53.65061728,25.78809243,-80.76552746,111.185,0.942956927,1.569304252,0.77875413,24.00192
35.82492793,7,0.353093932,2.985410661,7,0.222440471,3.236694375,26.28571429,3.028212018,90,6.368,1,1.068846684,0.972711557,0.397518545
35.82492793,7,0.903392718,2.985410661,7,0.222440471,5.256170293,27.57142857,2.253920327,-50.0039899,8.626,0.875,2.332012463,0.635232415,2.617134545
40.62165002,9,0.665811885,3.385137501,9,0.222440471,4.053691235,24.88888889,3.02453869,-69.69935268,7.683,1,1.340267608,0.965226527,0.6912
312.9009876,534,0.722431483,26.0750823,534,0.43732013,31.73747853,74.42134831,21.94464198,-82.35499927,83.959,0.956989247,1.446251826,0.884522533,20.35436936
57.44768838,18,0.933012785,4.787307365,18,0.242302891,8.274518273,46.5,2.977529292,-36.32298768,15.085,0.947368421,2.778988034,0.68088128,3.37796129
30.27759026,5,0.901281139,2.523132522,5,0.222440471,4.163331999,26.4,1.803699901,45,5.814,1,2.308217679,0.783413778,4.396997297
38.29845892,6,0.5,2.763953196,6,0.238211875,4,37.33333333,3.464101615,90,8.998,0.6,1.154700538,0.511626329,4.651776
190.0506759,197,0.821562697,15.83755632,197,0.342313839,21.43892681,59.98984772,12.22272185,-71.14447492,57.503,0.871681416,1.75402231,0.673119115,21.95122605
57.44768838,18,0.730732943,4.787307365,18,0.253270458,6.150437782,42.61111111,4.198678984,-20.46777711,13.96,0.857142857,1.464850684,0.773409057,3.9244176
35.82492793,7,0.353093932,2.985410661,7,0.247750155,3.236694375,37,3.028212018,90,6.368,1,1.068846684,0.972711557,2.35872
38.29845892,8,0.580947502,3.191538243,8,0.257508807,3.651483717,39,2.972092417,-45,6.831,1,1.228590234,1,2.921890909
50.66409895,14,0.511342559,4.222008246,14,0.260390061,4.735910433,36.85714286,4.069932389,8.082249576,10.685,1,1.163633687,0.920253681,12.530376
62.05059535,21,0.663769769,5.170882946,21,0.249123256,6.559756968,31.0952381,4.906284677,82.34359082,16.102,0.875,1.337011079,0.712618099,13.976064
74.16464679,30,0.444001142,6.180387232,30,0.339911639,6.592925501,55.26666667,5.907434111,45,16.102,1,1.11603877,1,7.530084
50.66409895,14,0.916146128,4.222008246,14,0.208996853,7.019919487,20.78571429,2.813895754,-42.05468679,12.273,0.933333333,2.494733317,0.74041259,4.300251429
104.8846493,60,0.445189153,8.740387445,60,0.264809505,9.569341072,40.88333333,8.568737772,-75.97696213,28.185,0.909090909,1.11677371,0.768307008,5.72508
60.55518053,20,0.66291085,5.046265044,20,0.261843668,6.673820129,39.55,4.996678052,84.10391493,20.618,0.666666667,1.335651419,0.445206892,16.58009088
44.90892382,11,0.848964552,3.742410319,11,0.274116992,5.323476721,42.81818182,2.813190204,24.33724976,9.643,1,1.892327335,0.845724203,7.17696
169.1214154,156,0.468221819,14.09345128,156,0.247750155,15.1036039,36.94871795,13.34570994,-59.52894816,43.617,0.951219512,1.131719779,0.896626561,11.82204878
46.90584114,12,0.773521476,3.908820095,12,0.212602917,5.342050073,20.25,3.385631554,-25.67009587,10.958,0.923076923,1.577859253,0.758539111,0.496368
38.29845892,8,0.580947502,3.191538243,8,0.25608116,3.651483717,36.625,2.972092417,-45,6.831,1,1.228590234,1,9.775932632
23.45292057,3,0.730296743,1.954410048,3,0.222440471,2.581988897,24,1.763834207,45,3.093,1,1.463850109,0.969873184,2.855586462
27.08110001,4,0,2.256758334,4,0.300725465,2.309401077,51.25,2.309401077,0,3.556,1,1,1,8.253537882
81.24330003,36,0.292053653,6.770275003,36,0.239580502,7.042032072,31.77777778,6.735013109,-39.3614321,19.013,0.947368421,1.045585503,0.921689895,2.047015385
33.16743835,6,0.632455532,2.763953196,6,0.22983912,3.333333333,29.33333333,2.581988897,-45,5.905,1,1.290994449,0.921278728,10.009152
27.08110001,4,0.731925055,2.256758334,4,0.223954969,3.055050463,29.25,2.081665999,90,4.59,1,1.467598771,0.840875939,5.133696
30.27759026,5,0.765092056,2.523132522,5,0.212602917,3.306559138,21.8,2.12916259,-18.43494882,4.962,1,1.552985739,0.956807706,3.65472
27.08110001,4,0.731925055,2.256758334,4,0.220870602,3.055050463,25,2.081665999,0,4.59,1,1.467598771,0.840875939,2.468571429
38.29845892,8,0.707879437,3.191538243,8,0.222440471,4.056653665,25.5,2.865349491,-82.98187827,7.683,1,1.415762258,0.857979135,2.346624
30.27759026,5,0.765092056,2.523132522,5,0.247750155,3.306559138,35.6,2.12916259,-18.43494882,4.962,1,1.552985739,0.956807706,11.76027429
30.27759026,5,0.765092056,2.523132522,5,0.242302891,3.306559138,37.4,2.12916259,18.43494882,4.962,1,1.552985739,0.956807706,2.17728
80.10697414,35,0.614000837,6.675581178,35,0.250496356,7.645839716,36.28571429,6.034902369,-55.56019997,18.616,0.972222222,1.26693677,0.929086661,4.3213824
126.2978425,87,0.723065042,10.52482021,87,0.239580502,12.80461628,33.59770115,8.845172247,-19.83259421,33.453,0.90625,1.447638997,0.816385499,19.153152
60.55518053,20,0.420197661,5.046265044,20,0.251883407,5.447288465,35.9,4.943047141,41.49174913,13.199,0.952380952,1.10201022,0.941248402,9.084724364
33.16743835,6,0.745355992,2.763953196,6,0.231271157,3.464101615,28.33333333,2.309401077,0,5.516,1,1.5,1,13.89783273
100.4194065,55,0.649259698,8.368283872,55,0.245022413,9.959938984,38.2,7.57519884,-51.77379972,25.282,0.948275862,1.314808917,0.85548936,7.688233674
38.29845892,8,0.580947502,3.191538243,8,0.239580502,3.651483717,33.5,2.972092417,45,6.831,1,1.228590234,1,12.0854592
52.44232467,15,0.735177952,4.370193722,15,0.258936453,6.154813404,39.53333333,4.172188976,-34.83843159,15.085,0.789473684,1.475200054,0.567401067,3.971826383
35.82492793,7,0.353093932,2.985410661,7,0.291266718,3.236694375,42.57142857,3.028212018,90,6.368,1,1.068846684,0.972711557,9.77184
50.66409895,14,0.745495552,4.222008246,14,0.243662652,5.487070942,35.35714286,3.657190954,8.510262806,11.421,0.933333333,1.500351229,0.829584247,8.738742857
67.70275003,25,0.526154954,5.641895835,25,0.222440471,6.312478897,34.44,5.368060808,-1.862814097,16.954,0.925925926,1.175932822,0.77794382,8.441944615
42.81897879,10,0.710447575,3.568248232,10,0.216029193,4.736589117,23.6,3.333375197,-78.34755473,10.214,0.909090909,1.420958889,0.704504116,6.99018639
38.29845892,8,0.580947502,3.191538243,8,0.269390484,3.651483717,46.625,2.972092417,-45,6.831,1,1.228590234,1,13.70766423
110.0039483,66,0.294662361,9.166995688,66,0.246386284,9.479387908,34.77272727,9.05851664,-89.70328106,27.06,0.956521739,1.046461389,0.909272608,8.879451429
54.16220002,16,0.609590282,4.513516668,16,0.253270458,5.317347128,36.75,4.215149604,1.022704244,11.884,0.941176471,1.261484794,0.890567055,13.94057354
72.91809336,29,0.532122198,6.07650778,29,0.294972211,7.275051362,46.79310345,6.159550027,-10.02262471,19.931,0.828571429,1.181101108,0.684565589,15.38907429
35.82492793,7,0.353093932,2.985410661,7,0.236843247,3.236694375,35.42857143,3.028212018,90,6.368,1,1.068846684,0.972711557,3.325906286
128.4569364,90,0.846300166,10.7047447,90,0.616025864,14.9241511,92.72222222,7.950189704,-89.49767478,34.354,0.927835052,1.877206917,0.804436798,31.64832
88.79132424,43,0.489918872,7.39927702,43,0.239580502,8.141142606,30.04651163,7.097187853,85.52502854,22.288,0.914893617,1.147094141,0.835602081,6.628608
23.45292057,3,0.730296743,1.954410048,3,0.231271157,2.581988897,29.66666667,1.763834207,45,3.093,1,1.463850109,0.969873184,5.724
30.27759026,5,0.765092056,2.523132522,5,0.234078146,3.306559138,33,2.12916259,18.43494882,4.962,1,1.552985739,0.956807706,9.245551304
27.08110001,4,0,2.256758334,4,0.22983912,2.309401077,27.5,2.309401077,0,3.556,1,1,1,0.495072
33.16743835,6,0.745355992,2.763953196,6,0.272528946,3.464101615,43,2.309401077,0,5.516,1,1.5,1,8.214283636
144.573512,114,0.701583765,12.04779267,114,0.254675809,14.40627434,38.35964912,10.26572369,83.71013136,37.348,0.94214876,1.403337434,0.873831911,5.573500541
82.36395021,37,0.439927996,6.863662518,37,0.236843247,7.337732805,30.83783784,6.589526568,71.60360821,18.914,0.973684211,1.113544764,0.955815621,5.5074816
30.27759026,5,0.765092056,2.523132522,5,0.25608116,3.306559138,34.2,2.12916259,18.43494882,4.962,1,1.552985739,0.956807706,3.071632696
269.4535429,396,0.632473546,22.45446191,396,0.663015285,25.65867206,100.1666667,19.87474451,-77.57121591,75.201,0.936170213,1.291018964,0.810791468,52.72704
129.1686146,91,0.414843409,10.76405122,91,0.370444714,11.40847397,65.61538462,10.38048857,-56.17420655,31.741,0.947916667,1.099030541,0.939796327,4.07996352
121.1103611,80,0.296169857,10.09253009,80,0.293119465,10.37946691,50.325,9.913795102,0,28.648,0.987654321,1.046972103,0.994786596,5.323373115
67.70275003,25,0.48952753,5.641895835,25,0.274116992,6.123142777,41.8,5.339306059,79.12961047,14.605,1,1.14680498,0.997516093,2.433024
121.1103611,80,0.716803505,10.09253009,80,0.242302891,12.30548472,32.5375,8.580309583,87.92885906,31.443,0.930232558,1.434153931,0.840493814,7.046342256
66.3348767,24,0.700295314,5.527906392,24,0.220870602,6.796050738,24.04166667,4.851382957,33.44683657,15.92,0.96,1.400848129,0.830047101,0.307898182
161.3542755,142,0.718678986,13.44618962,142,0.337509439,16.21708882,64.99295775,11.27642318,72.68857822,40.739,0.965986395,1.438141205,0.926730037,270.84672
101.3281979,56,0.675011334,8.444016491,56,0.231271157,10.28536482,27.91071429,7.58861785,-31.56830332,28.102,0.861538462,1.355367344,0.720901546,3.09744
115.69051,73,0.554479472,9.64087583,73,0.314981511,11.29780381,53.32876712,9.402002975,-8.947153932,39.648,0.784946237,1.201637975,0.501021566,9.338178462
114.8953768,72,0.50308452,9.57461473,72,0.32819701,10.68661209,61.20833333,9.235767885,70.42739988,30.335,0.9,1.157089722,0.80734631,10.42382769
77.78453777,33,0.558010815,6.482044814,33,0.267840069,7.366901464,36.48484848,6.113302924,-4.501851847,18.732,0.942857143,1.205060759,0.866729471,4.49088
46.90584114,12,0.835238749,3.908820095,12,0.239580502,6.223553695,30.33333333,3.422254206,47.83185313,13.952,0.705882353,1.818553889,0.51608877,0.49248
334.1526823,608,0.857607311,27.82318535,608,0.863671927,40.17580398,100.84375,20.66261948,-3.122534265,118.629,0.845618915,1.944371284,0.51526258,71.20441728
38.29845892,8,0.580947502,3.191538243,8,0.243662652,3.651483717,36.625,2.972092417,-45,6.831,1,1.228590234,1,17.2948608
23.45292057,3,0.730296743,1.954410048,3,0.212602917,2.581988897,23,1.763834207,45,3.093,1,1.463850109,0.969873184,2.9113344
111.6582358,68,0.764552454,9.304852983,68,0.222440471,15.52978942,23.19117647,10.00990457,71.49754854,57.082,0.492753623,1.551442305,0.235605518,12.22272
52.44232467,15,0.863111643,4.370193722,15,0.294972211,6.585865264,53.06666667,3.325948629,31.94304368,13.679,0.882352941,1.980146418,0.666221334,12.51072
84.56070768,39,0.659147418,7.04672564,39,0.222440471,8.456036513,26.25641026,6.359055733,79.14973163,21.734,0.886363636,1.329762919,0.792004407,2.6496
35.82492793,7,0.353093932,2.985410661,7,0.228407082,3.236694375,29.42857143,3.028212018,0,6.368,1,1.068846684,0.972711557,8.425728
110.8341785,67,0.723047169,9.236181543,67,0.287656491,11.22537578,47.10447761,7.754474564,-82.68865009,27.523,0.971014493,1.447599794,0.895385933,6.69312
130.5803354,92,0.452285048,10.82303276,92,0.239580502,12.8492827,44.08695652,11.45993397,-8.688586411,53.972,0.676470588,1.121235316,0.354420417,8.513583158
42.81897879,10,0.657191767,3.568248232,10,0.234078146,4.399149902,29.5,3.315742271,-47.74616228,9.089,1,1.326746635,0.840068809,7.600303543
52.44232467,15,0.475270821,4.370193722,15,0.247750155,4.760952286,33.53333333,4.188874153,-45,10.751,1,1.136570857,0.976640026,5.95372032
38.29845892,8,0.765332868,3.191538243,8,0.236843247,4.260094628,36,2.741944643,-65.59296258,7.501,1,1.55367638,0.887574817,9.122785627
23.45292057,3,0.730296743,1.954410048,3,0.231271157,2.581988897,30.33333333,1.763834207,45,3.093,1,1.463850109,0.969873184,5.29632
44.90892382,11,0.478395283,3.742410319,11,0.25608116,4.163331999,35.36363636,3.656007547,-71.56505118,8.907,0.916666667,1.138764607,0.95220379,6.655805217
153.1938357,128,0.422442135,12.76615297,128,0.285897885,13.52527502,48.703125,12.25917261,71.31738354,38.754,0.941176471,1.103277966,0.916395941,24.29931789
46.90584114,12,0.773768909,3.908820095,12,0.219300732,5.029344274,21.41666667,3.185928534,80.58312354,9.643,1,1.578611767,0.922608221,3.115856842
27.08110001,4,0,2.256758334,4,0.219300732,2.309401077,23.75,2.309401077,0,3.556,1,1,1,3.000795429
180.1453011,177,0.466961593,15.01210843,177,0.239580502,16.32754404,33.86440678,14.43808142,62.82320049,49.464,0.907692308,1.130866599,0.80374687,11.19369253
64.93819656,23,0.413276406,5.41151638,23,0.258936453,6.191182088,38.08695652,5.637725263,60.89045755,18.079,0.884615385,1.098170237,0.641833945,4.283094857
33.16743835,6,0.745355992,2.763953196,6,0.222440471,3.464101615,24.83333333,2.309401077,90,5.516,1,1.5,1,2.266148571
42.81897879,10,0.657535506,3.568248232,10,0.225469467,4.258325179,26.6,3.208322511,0,8.146,1,1.327274663,0.986295854,2.513815082
46.90584114,12,0.661437828,3.908820095,12,0.232674652,4.618802154,29.5,3.464101615,90,9.436,1,1.333333333,0.953226395,3.602640738
107.4747838,63,0.840881706,8.956231982,63,0.228407082,12.98693,27.57142857,7.028772665,76.5026669,36.555,0.777777778,1.847681042,0.502393431,9.94896
80.10697414,35,0.464926868,6.675581178,35,0.284139278,7.169474812,45.02857143,6.347487985,76.35600603,17.971,0.972222222,1.129497973,0.986721909,12.3264
40.62165002,9,0.665811885,3.385137501,9,0.247750155,4.053691235,41.77777778,3.02453869,-20.30064732,7.683,1,1.340267608,0.965226527,3.205064348
30.27759026,5,0.765092056,2.523132522,5,0.242302891,3.306559138,32.2,2.12916259,71.56505118,4.962,1,1.552985739,0.956807706,3.5856
38.29845892,8,0.894059341,3.191538243,8,0.232674652,5.033222957,35,2.254624876,90,8.328,1,2.232399283,0.764194421,2.05632
44.90892382,11,0.478395283,3.742410319,11,0.239580502,4.163331999,32.18181818,3.656007547,71.56505118,8.907,1,1.138764607,0.95220379,7.5168
23.45292057,3,0.730296743,1.954410048,3,0.222440471,2.581988897,24.66666667,1.763834207,45,3.093,1,1.463850109,0.969873184,10.969344
30.27759026,5,0.765092056,2.523132522,5,0.253270458,3.306559138,37.8,2.12916259,18.43494882,4.962,1,1.552985739,0.956807706,11.88864
124.1011907,84,0.470803717,10.34176589,84,0.446719836,11.25166628,80.14285714,9.926647369,-57.19937022,32.502,0.913043478,1.133481009,0.830856853,35.95104
66.3348767,24,0.602111284,5.527906392,24,0.264809505,6.325969661,41.875,5.050731198,-20.59812251,14.696,0.96,1.25248591,0.947869659,3.495497143
44.90892382,11,0.852822027,3.742410319,11,0.236843247,5.528431549,29.45454545,2.886956222,72.58775542,10.106,0.916666667,1.914968958,0.787641549,6.6528
97.64229468,52,0.501857412,8.13685789,52,0.222440471,8.887101585,26.46153846,7.686901778,44.07097462,24.149,0.962962963,1.156135702,0.877379077,12.29348571
84.56070768,38,0.695280917,6.955796338,38,0.277372834,9.630608908,42.36842105,6.921885478,31.88844785,29.128,0.716981132,1.391327398,0.458570902,7.591163586
50.66409895,14,0.196396101,4.222008246,14,0.260390061,4.364357805,37.71428571,4.279360369,90,10.106,1,1.019862182,1,0.255107368
30.27759026,5,0.765092056,2.523132522,5,0.298774836,3.306559138,49.4,2.12916259,-18.43494882,4.962,1,1.552985739,0.956807706,1.19448
102.2289107,20,0.625413752,5.046265044,20,0.219300732,6.24505865,28.05,4.87297744,54.16996552,15.457,0.909090909,1.281569375,0.726573735,7.978422857
64.93819656,23,0.339758314,5.41151638,23,0.222440471,5.708112489,25.34782609,5.368552743,-31.09927061,14.605,0.958333333,1.063249774,0.917714806,3.780584471
109.1674042,65,0.652203379,9.097283683,65,0.384109922,10.69270586,66,8.105541849,-59.64776894,27.912,0.955882353,1.319184585,0.847031413,12.7142926
40.62165002,9,0,3.385137501,9,0.212602917,3.464101615,24.33333333,3.464101615,0,7.476,1,1,1,4.888010323
35.82492793,7,0.688972486,2.985410661,7,0.216029193,3.763583333,23.57142857,2.727798137,59.52730205,6.831,0.875,1.379714753,0.884487591,7.306971429
33.16743835,6,0.745355992,2.763953196,6,0.263326587,3.464101615,35.5,2.309401077,90,5.516,1,1.5,1,10.99540411
91.83647829,46,0.167024469,7.653039857,46,0.247750155,7.809321817,35.43478261,7.699622328,-1.56e-14,21.172,1,1.014247386,0.977843657,5.32368
204.0089563,227,0.391095739,17.00074636,227,0.264809505,17.84750184,42.42290749,16.42594832,-76.53441442,54.807,0.934156379,1.086543163,0.849473695,11.57904
50.66409895,14,0.798803628,4.222008246,14,0.242302891,5.570349065,32.64285714,3.351076647,7.161359989,10.751,1,1.662256538,0.911530691,3.929806452
35.82492793,7,0.353093932,2.985410661,7,0.231271157,3.236694375,31.28571429,3.028212018,0,6.368,1,1.068846684,0.972711557,6.561940645
40.62165002,9,0.665811885,3.385137501,9,0.264809505,4.053691235,44.77777778,3.02453869,-20.30064732,7.683,1,1.340267608,0.965226527,8.757910588
38.29845892,8,0.580947502,3.191538243,8,0.239580502,3.651483717,30.5,2.972092417,-45,6.831,1,1.228590234,1,7.5810816
30.27759026,5,0.765092056,2.523132522,5,0.219300732,3.306559138,27.2,2.12916259,71.56505118,4.962,1,1.552985739,0.956807706,4.5468
33.16743835,6,0.745355992,2.763953196,6,0.225469467,3.464101615,26.33333333,2.309401077,90,5.516,1,1.5,1,5.174784
23.45292057,3,0.730296743,1.954410048,3,0.239580502,2.581988897,32,1.763834207,45,3.093,1,1.463850109,0.969873184,6.855222857
30.27759026,5,0.765092056,2.523132522,5,0.225469467,3.306559138,28.8,2.12916259,18.43494882,4.962,1,1.552985739,0.956807706,2.592
44.90892382,11,0.78600632,3.742410319,11,0.231271157,6.279415597,36.36363636,3.88205064,16.06862449,15.656,0.647058824,1.617551181,0.391199311,5.296062638
27.08110001,4,0,2.256758334,4,0.208996853,2.309401077,21,2.309401077,0,3.556,1,1,1,3.66336
223.3164716,272,0.685186735,18.60970597,272,0.623636099,22.12017324,92.05882353,16.11161411,-28.9588174,66.245,0.891803279,1.372933406,0.709949807,46.977408
27.08110001,4,0,2.256758334,4,0.274116992,2.309401077,43.75,2.309401077,0,3.556,1,1,1,8.584704
54.16220002,16,0.632983081,4.513516668,16,0.239580502,5.277325251,30.9375,4.085523817,85.16332228,11.33,1,1.291713251,0.960057374,3.727296
23.45292057,3,0.730296743,1.954410048,3,0.222440471,2.581988897,26.33333333,1.763834207,45,3.093,1,1.463850109,0.969873184,6.5375424
142.0144865,110,0.303384412,11.83454055,110,0.253270458,12.242431,37.99090909,11.66542378,14.01944422,36.654,0.94017094,1.049463031,0.87283589,12.79382795
60.55518053,20,0.47375938,5.046265044,20,0.212602917,5.579110096,22.95,4.913267467,-3.949068451,13.497,0.952380952,1.135519312,0.907834495,10.17042113
35.82492793,7,0.353093932,2.985410661,7,0.234078146,3.236694375,29.42857143,3.028212018,90,6.368,1,1.068846684,0.972711557,8.05536
30.27759026,5,0,2.523132522,5,0.212602917,2.780887149,23,2.780887149,0,5.624,1,1,0.817743873,4.549824
62.05059535,21,0.28550896,5.170882946,21,0.228407082,5.62230918,28.28571429,5.388286408,-28.82627825,14.605,0.954545455,1.043431762,0.837913518,6.083674839
93.81168229,48,0.73568513,7.81764019,48,0.246386284,9.657262428,34.4375,6.541092685,87.41099258,23.603,0.923076923,1.476398959,0.843294225,9.408123871
42.81897879,10,0.5874078,3.568248232,10,0.263326587,4.085747586,38.9,3.306559138,0,8.328,1,1.235649331,0.955243026,13.295232
44.90892382,10,0.732519556,3.568248232,10,0.212602917,4.637048132,22.7,3.156651912,-80.27998259,9.734,0.909090909,1.468976707,0.758010824,3.18690869
33.16743835,5,0.88946364,2.523132522,5,0.217664963,4.253087215,26,1.943686139,-5.152423234,6.55,0.833333333,2.188155346,0.668943694,2.026776774
52.44232467,15,0.664972256,4.370193722,15,0.236843247,5.486793607,34.06666667,4.097910894,-18.37373548,13.952,0.882352941,1.338924576,0.645110963,9.077016774
57.44768838,18,0.570423794,4.787307365,18,0.232674652,5.384018418,27.5,4.422166387,0,12.066,1,1.217506974,0.978050832,13.4203392
35.82492793,7,0.353093932,2.985410661,7,0.225469467,3.236694375,26.14285714,3.028212018,0,6.368,1,1.068846684,0.972711557,2.958336
158.4880744,137,0.777072388,13.20733954,137,0.431133902,16.98583226,74.06569343,10.69107367,-6.34252346,41.847,0.931972789,1.588786382,0.850600465,23.39880585
50.66409895,14,0.776885809,4.222008246,14,0.219300732,5.735154171,24.07142857,3.611091168,74.39690431,12.364,0.875,1.588205311,0.731747351,3.561901714
50.66409895,14,0.824762122,4.222008246,14,0.232674652,5.723801601,32.57142857,3.236694375,0,11.14,1,1.76840966,0.862550669,4.810505143
30.27759026,5,0.765092056,2.523132522,5,0.25608116,3.306559138,38.8,2.12916259,-18.43494882,4.962,1,1.552985739,0.956807706,5.837184
70.35876171,26,0.799089811,5.753627392,26,0.219300732,8.787349574,28.96153846,5.283057125,-57.6305711,22.76,0.742857143,1.663307696,0.487001472,9.714816
69.0435287,26,0.687832175,5.753627392,26,0.367763114,7.273277275,72.03846154,5.279451982,85.42917989,19.377,0.838709677,1.377657624,0.64431868,18.93684706
40.62165002,9,0.665811885,3.385137501,9,0.242302891,4.053691235,34.44444444,3.02453869,-69.69935268,7.683,1,1.340267608,0.965226527,4.1856
23.45292057,3,0.730296743,1.954410048,3,0.208996853,2.581988897,21,1.763834207,-45,3.093,1,1.463850109,0.969873184,4.124440976
203.1082501,225,0.396952554,16.92568751,225,0.646972284,17.84002529,91.83555556,16.3742733,10.92189311,56.171,0.914634146,1.089515544,0.803708508,59.77892571
60.55518053,20,0.521749356,5.046265044,20,0.212602917,5.785223725,23.95,4.935367577,59.29519203,14.142,0.909090909,1.172197133,0.841340539,8.2944
69.0435287,26,0.731087669,5.753627392,26,0.234078146,7.37600408,28.88461538,5.032526129,-5.252531935,17.789,0.838709677,1.465666326,0.745796191,5.84496
35.82492793,7,0.353093932,2.985410661,7,0.216029193,3.236694375,23.14285714,3.028212018,0,6.368,1,1.068846684,0.972711557,3.177051429
95.7461473,50,0.372017799,7.978845608,50,0.25608116,8.390683096,39.8,7.788446819,-35.41358687,22.652,0.961538462,1.07732431,0.94440047,3.91392
63.51080914,22,0.632018248,5.292567428,22,0.225469467,6.200878915,26.13636364,4.805392846,-29.23260405,14.514,0.88,1.290399997,0.886886296,3.762102857
33.16743835,6,0.745355992,2.763953196,6,0.231271157,3.464101615,26.83333333,2.309401077,0,5.516,1,1.5,1,8.54784
35.82492793,4,0.94629334,2.256758334,4,0.208996853,4.820545546,21.75,1.558527289,72.39120352,6.55,0.8,3.093013244,0.535154955,2.162468571
35.82492793,7,0.856222401,2.985410661,7,0.253270458,4.312826484,27.57142857,2.228038055,8.349622117,6.922,1,1.935705934,0.868563961,7.627885714
121.1103611,80,0.485828865,10.09253009,80,0.231271157,11.06535424,30.0375,9.671716617,-64.30939159,32.568,0.888888889,1.144094133,0.788369944,26.239464
91.83647829,46,0.458668026,7.653039857,46,0.231271157,8.287248073,30.41304348,7.364112439,-67.09713248,22.561,0.93877551,1.125355994,0.875011637,2.158983529
46.90584114,12,0.69358633,3.908820095,12,0.344764644,4.88334628,59.08333333,3.517833329,15.76739595,10.313,0.923076923,1.388168746,0.833009593,12.72824471
27.08110001,4,0,2.256758334,4,0.232674652,2.309401077,28.5,2.309401077,0,3.556,1,1,1,12.61114729
40.62165002,9,0,3.385137501,9,0.239580502,3.464101615,31,3.464101615,0,7.476,1,1,1,6.928045714
59.02188911,19,0.55757339,4.918490759,19,0.228407082,5.62575531,27.21052632,4.670095034,-80.53767779,13.679,0.95,1.20463401,0.843880357,8.1316224
27.08110001,4,0,2.256758334,4,0.220870602,2.309401077,25,2.309401077,0,3.556,1,1,1,11.386656
33.16743835,5,0.743786467,2.523132522,5,0.212602917,3.529849687,22.2,2.359412608,-34.09929526,5.814,1,1.496071384,0.783413778,8.593242353
27.08110001,4,0,2.256758334,4,0.247750155,2.309401077,34.75,2.309401077,0,3.556,1,1,1,8.840448
83.46955606,38,0.589863484,6.955796338,38,0.267840069,7.855911719,37.94736842,6.343672158,-46.2865138,19.286,0.974358974,1.238385516,0.949353906,13.92768
27.08110001,4,0.926288771,2.256758334,4,0.217664963,4.355771302,23.25,1.641317469,-50.30982764,5.905,1,2.653826199,0.614185818,10.60992
119.5868996,78,0.692855357,9.96557497,78,0.231271157,12.43974762,29.56410256,8.970010846,62.27034924,35.223,0.857142857,1.386815227,0.665952547,22.032
30.27759026,5,0.765092056,2.523132522,5,0.239580502,3.306559138,33,2.12916259,-18.43494882,4.962,1,1.552985739,0.956807706,11.5012224
42.81897879,10,0.657535506,3.568248232,10,0.222440471,4.258325179,25.9,3.208322511,0,8.146,1,1.327274663,0.986295854,2.66976
66.3348767,24,0.659553934,5.527906392,24,0.217664963,6.791978446,25.16666667,5.105239782,-84.89723259,16.4,0.923076923,1.330393622,0.78977102,7.11072
35.82492793,7,0.353093932,2.985410661,7,0.219300732,3.236694375,24.71428571,3.028212018,90,6.368,1,1.068846684,0.972711557,4.94208
35.82492793,5,0.576018433,2.523132522,5,0.208996853,3.401960219,24,2.780887149,0,6.368,1,1.223336309,0.694793969,5.99616
54.16220002,16,0.647503632,4.513516668,16,0.225469467,6.283768766,26.625,4.788623682,-37.562159,17.343,0.727272727,1.312228561,0.479154071,3.151872
35.82492793,7,0.353093932,2.985410661,7,0.222440471,3.236694375,26.42857143,3.028212018,0,6.368,1,1.068846684,0.972711557,0.04032
187.6233646,192,0.709401522,15.63528038,192,0.306677132,18.77218715,53.50520833,13.23072327,75.82495775,49.712,0.927536232,1.418833027,0.863698303,24.45518769
35.82492793,7,0.779483763,2.985410661,7,0.228407082,3.879126068,27.71428571,2.429971585,45,6.186,1,1.596366843,1,7.7262336
27.08110001,4,0,2.256758334,4,0.216029193,2.309401077,23.25,2.309401077,0,3.556,1,1,1,4.707812571
62.05059535,21,0.458849593,5.170882946,21,0.242302891,5.662583969,32.66666667,5.031284886,57.73167253,14.233,0.954545455,1.125474724,0.874178047,1.4112
42.81897879,10,0.630126038,3.568248232,10,0.282425849,4.258325179,45.6,3.306559138,-26.56505118,8.791,1,1.287841832,0.882551858,10.08658286
134.7267715,99,0.483963065,11.22723096,99,0.247750155,12.18000222,38.04040404,10.65857896,-62.61112501,34.809,0.933962264,1.14274166,0.863789526,12.01315765
57.44768838,16,0.854066895,4.513516668,16,0.217664963,7.171952208,27.5625,3.730585503,5.570735507,15.937,0.842105263,1.922473618,0.552379021,7.757149091
33.16743835,6,0.833333333,2.763953196,6,0.222440471,4,26.83333333,2.211083194,0,6.368,1,1.809068067,0.833752763,7.137549474
57.44768838,18,0.419579443,4.787307365,18,0.219300732,5.203321418,24.33333333,4.72315173,87.02656847,12.645,0.947368421,1.101662982,0.907623148,0.784826182
33.16743835,5,0.743786467,2.523132522,5,0.245022413,3.529849687,46,2.359412608,55.90070474,5.814,1,1.496071384,0.783413778,9.81072
27.08110001,4,0,2.256758334,4,0.226938275,2.309401077,26.5,2.309401077,0,3.556,1,1,1,10.21520842
50.66409895,14,0.590914564,4.222008246,14,0.243662652,4.900622461,36.78571429,3.953499463,-20.72413332,10.776,0.933333333,1.239565733,0.90825889,1.65888
38.29845892,8,0.920256815,3.191538243,8,0.219300732,6.344513555,24.875,2.482703047,34.918698,11.049,0.8,2.555486272,0.499227826,1.586754783
88.79132424,43,0.65877963,7.39927702,43,0.337509439,9.044536932,67.86046512,6.80453039,79.45718075,23.694,0.87755102,1.329193407,0.750336266,8.514475472
84.56070768,39,0.672610216,7.04672564,39,0.285897885,8.519251621,46.69230769,6.304220283,82.53665627,21.825,0.847826087,1.351356907,0.786241422,6.429786353
90.83277079,45,0.668796081,7.569397566,45,0.401194357,8.948905503,68.84444444,6.653027079,86.51587163,22.627,0.97826087,1.345087792,0.851610441,9.597469091
71.64985586,28,0.6559319,5.970821321,28,0.234078146,7.133097634,29.92857143,5.384205275,-1.603247927,16.656,0.965517241,1.324819035,0.897724602,1.175488831
42.81897879,10,0.469668218,3.568248232,10,0.270940899,4.258325179,40.9,3.759432581,36.86989765,10.495,0.833333333,1.132704228,0.675768788,3.208189091
66.3348767,24,0.838069607,5.527906392,24,0.22983912,8.292004275,46.33333333,4.52381336,7.193971527,18.732,0.827586207,1.832967812,0.630348706,10.64844176
44.90892382,11,0.684690195,3.742410319,11,0.28071242,4.496907734,52.27272727,3.277500291,74.92930722,8.791,1,1.372054107,0.970807044,2.861568
50.66409895,14,0.718118485,4.222008246,14,0.258936453,5.273542134,45.57142857,3.669967973,82.07209934,10.867,0.933333333,1.436945002,0.896497093,7.46496
97.64229468,52,0.761574106,8.13685789,52,0.449872588,10.23793528,78.88461538,6.634978938,-84.10277524,24.248,0.928571429,1.543024533,0.871047946,10.25922098
70.35876171,27,0.616191359,5.863230143,27,0.239580502,7.588719542,33.55555556,5.976848767,-4.854072088,23.339,0.710526316,1.269685722,0.483858335,2.693840516
35.82492793,7,0.353093932,2.985410661,7,0.222440471,3.236694375,23.85714286,3.028212018,90,6.368,1,1.068846684,0.972711557,2.417436735
50.66409895,14,0.196396101,4.222008246,14,0.243662652,4.364357805,33.71428571,4.279360369,0,10.106,1,1.019862182,1,1.948092632
52.44232467,15,0.57373665,4.370193722,15,0.242302891,5.126507152,34.2,4.198813586,-13.70378772,12.364,0.9375,1.220941832,0.784015019,2.739744
88.79132424,43,0.398673297,7.39927702,43,0.277372834,7.801808576,44.46511628,7.154984168,56.30993247,20.394,0.977272727,1.090401934,0.975501726,2.56608
38.29845892,8,0.580947502,3.191538243,8,0.261843668,3.651483717,41.875,2.972092417,45,6.831,1,1.228590234,1,1.845080816
75.39059177,31,0.548210876,6.282549314,31,0.231271157,6.954038865,29.25806452,5.815941863,43.68679718,16.747,1,1.19568576,0.984834949,3.72384
145.8361867,116,0.52473461,12.15301556,116,0.253270458,13.29028857,38.00862069,11.31356913,29.29205687,37.853,0.943089431,1.174721118,0.867390582,2.631707234
117.2646029,75,0.700532523,9.772050238,75,0.219300732,11.95905694,33.33333333,8.53422791,59.92313106,31.377,0.903614458,1.401305082,0.790979022,0.294776471
48.82114734,12,0.744623011,3.908820095,12,0.212602917,5.375985961,20.25,3.588391384,-54.72001741,11.719,0.857142857,1.498160425,0.682839838,0.548894118
74.16464679,30,0.508243046,6.180387232,30,0.231271157,6.848511497,28.1,5.898031804,69.67199516,17.326,0.9375,1.161152012,0.899906914,3.54765913
138.0870574,104,0.432368742,11.50725478,104,0.245022413,12.31009857,35.48076923,11.09997752,22.8289798,36.058,0.920353982,1.109020135,0.850511314,11.45998452
30.27759026,5,0.765092056,2.523132522,5,0.28071242,3.306559138,47.2,2.12916259,18.43494882,4.962,1,1.552985739,0.956807706,4.038503226
48.82114734,13,0.811272146,4.068428945,13,0.225469467,6.286737207,27,3.675658561,-29.19624888,14.531,0.8125,1.710370292,0.523061412,2.666157559
66.3348767,24,0.567955167,5.527906392,24,0.228407082,6.422643376,26.54166667,5.286217599,-2.635115628,16.218,0.888888889,1.214979001,0.804690132,5.374637419
23.45292057,3,0.730296743,1.954410048,3,0.234078146,2.581988897,29.66666667,1.763834207,45,3.093,1,1.463850109,0.969873184,2.896941176
38.29845892,8,0.782272678,3.191538243,8,0.291266718,4.27914326,45.75,2.665633063,19.32990413,7.774,0.888888889,1.60530094,0.84373334,5.13216
42.81897879,10,0.657535506,3.568248232,10,0.235460697,4.258325179,33.1,3.208322511,90,8.146,1,1.327274663,0.986295854,0.5358528
105.7550763,10,0.767326326,3.568248232,10,0.231271157,4.685884287,32.4,3.004855257,18.22222088,8.7,0.909090909,1.559437605,0.896168406,5.019264
27.08110001,4,0,2.256758334,4,0.250496356,2.309401077,37.25,2.309401077,0,3.556,1,1,1,2.192527059
46.90584114,12,0.414606192,3.908820095,12,0.253270458,4.82478489,41.66666667,4.390558771,45.79557014,12.736,0.75,1.098899967,0.598166103,1.868544
77.78453777,33,0.357442181,6.482044814,33,0.222440471,6.78219459,26.78787879,6.334130731,81.86989765,17.508,0.970588235,1.070738019,0.972525116,3.669044211
55.8291179,17,0.533860308,4.652426492,17,0.222440471,5.306151119,26.17647059,4.486736468,-13.98973719,12.554,0.894736842,1.182630439,0.867168208,5.427227676
71.64985586,28,0.403205195,5.970821321,28,0.250496356,6.398160193,35.21428571,5.855017781,68.30764402,16.491,1,1.092765288,0.91287767,7.956603871
82.36395021,37,0.409981579,6.863662518,37,0.245022413,7.282201919,31.86486486,6.642051241,43.79764549,18.55,0.973684211,1.096378461,0.988163271,14.56976842
78.95429571,34,0.810268899,6.579524642,34,0.247750155,9.330132162,34.73529412,5.468001237,-75.57849378,27.276,0.772727273,1.706314933,0.461784234,5.596537263
83.46955606,38,0.475391653,6.955796338,38,0.365125801,7.504508511,60.23684211,6.602273541,38.15124726,18.732,1,1.136655194,0.998052118,9.193824
44.90892382,11,0.863049606,3.742410319,11,0.219300732,5.80775581,33.18181818,2.933608802,45,11.049,0.916666667,1.979730837,0.68643826,5.144472
35.82492793,7,0.692995696,2.985410661,7,0.239580502,3.82702156,40.57142857,2.75905951,10.90070474,7.22,1,1.387074671,0.819322487,9.147251613
135.4055001,100,0.730555145,11.28379167,100,0.395421462,14.23011307,68.16,9.717085407,-55.60843127,42.352,0.847457627,1.464442523,0.607168727,25.2714816
38.29845892,8,0.580947502,3.191538243,8,0.236843247,3.651483717,30.5,2.972092417,45,6.831,1,1.228590234,1,5.4960768
27.08110001,4,0,2.256758334,4,0.308727952,2.309401077,58.25,2.309401077,0,3.556,1,1,1,4.624128
48.82114734,13,0.643993071,4.068428945,13,0.250496356,5.115455202,39.92307692,3.913483459,-66.4394518,11.512,0.928571429,1.307136022,0.760790335,0.264384
166.3890641,151,0.217834128,13.86575534,151,0.469120204,14.23811731,79.87417219,13.8962004,-50.16887185,45.933,0.904191617,1.024605065,0.78790418,22.70592
69.0435287,26,0.635766993,5.753627392,26,0.239580502,7.069534837,35.34615385,5.456839859,67.28639086,19.493,0.8125,1.295536431,0.637731466,1.754973659
30.27759026,5,0.765092056,2.523132522,5,0.231271157,3.306559138,29.4,2.12916259,-18.43494882,4.962,1,1.552985739,0.956807706,3.1062528
27.08110001,4,0.731925055,2.256758334,4,0.212602917,3.055050463,22,2.081665999,90,4.59,1,1.467598771,0.840875939,1.662021818
82.36395021,37,0.299739011,6.863662518,37,0.258936453,7.148638983,37.7027027,6.819953423,16.15729285,18.823,0.973684211,1.048194693,0.963751975,7.907328
33.16743835,6,0.745355992,2.763953196,6,0.220870602,3.464101615,24.5,2.309401077,0,5.516,1,1.5,1,2.13696
48.82114734,13,0.838350015,4.068428945,13,0.222440471,5.882796514,25.46153846,3.206902542,-50.61122903,11.421,0.928571429,1.834416992,0.770328229,2.6500608
192.4473743,202,0.778335017,16.03728119,202,0.564616878,20.78814334,85.98514851,13.05181888,70.11048221,59.943,0.89380531,1.592739183,0.637844224,34.73678769
78.95429571,34,0.432778371,6.579524642,34,0.25608116,7.086857371,39.91176471,6.388804403,4.571776811,19.096,0.944444444,1.109261909,0.863999,5.932091077
74.16464679,30,0.533960164,6.180387232,30,0.226938275,6.844507615,26.86666667,5.787097138,-72.07602164,16.681,0.967741935,1.182718633,0.959423177,1.722683077
30.27759026,5,0.765092056,2.523132522,5,0.242302891,3.306559138,33.8,2.12916259,-18.43494882,4.962,1,1.552985739,0.956807706,1.567163077
69.0435287,26,0.534866782,5.753627392,26,0.242302891,6.308317668,32.80769231,5.330127241,0,14.696,1,1.183521027,1,4.82112
30.27759026,5,0.765092056,2.523132522,5,0.25608116,3.306559138,35.4,2.12916259,71.56505118,4.962,1,1.552985739,0.956807706,2.733961846
72.91809336,29,0.699897745,6.07650778,29,0.234078146,7.866643735,33.03448276,5.618695681,-60.90740227,20.237,0.828571429,1.40008361,0.666762451,0.801526154
122.6148953,82,0.450852511,10.21790794,82,0.332803483,10.9155419,56.81707317,9.743195902,80.74870283,30.054,0.953488372,1.120324584,0.935110348,11.3408
33.16743835,6,0.894482619,2.763953196,6,0.212602917,4.513541148,22.5,2.018016538,-12.9331784,6.922,0.857142857,2.236622478,0.744483395,2.398464
96.69886874,13,0.787291449,4.068428945,13,0.352212845,5.330127241,52.69230769,3.286455378,90,10.106,1,1.621846831,0.930849104,9.149384348
134.7267715,99,0.845203292,11.22723096,99,0.220870602,19.9195768,26.02020202,10.64591704,-67.43956692,68.602,0.510309278,1.871100134,0.241701206,6.279936
46.90584114,12,0.472903608,3.908820095,12,0.226938275,4.324626255,25.41666667,3.810489467,-19.80534412,9.552,1,1.134926705,0.935883941,7.78368
69.0435287,26,0.793362968,5.753627392,26,0.264809505,7.823893123,35.38461538,4.76278619,46.97259311,17.508,0.928571429,1.64271349,0.76623191,8.577385412
57.44768838,18,0.70823969,4.787307365,18,0.250496356,5.809303732,37.77777778,4.101206089,-77.76418973,12.364,1,1.416486664,0.940818022,6.300200506
35.82492793,7,0.838373448,2.985410661,7,0.28071242,4.602992526,43,2.509074133,-26.06250817,8.237,0.875,1.834538272,0.67940823,5.978144681
80.10697414,35,0.541384665,6.675581178,35,0.231271157,7.357414352,27.6,6.185930242,-81.52839581,17.971,0.972222222,1.18937881,0.986721909,7.503604364
77.78453777,33,0.357442181,6.482044814,33,0.267840069,6.78219459,41.21212121,6.334130731,-81.86989765,17.508,0.970588235,1.070738019,0.972525116,6.594861176
156.1572405,133,0.642598277,13.01310338,133,0.529490408,15.07671882,87.91729323,11.55183129,77.77825109,42.807,0.910958904,1.305136687,0.791620581,32.078592
69.0435287,26,0.383229651,5.753627392,26,0.42198167,6.307233329,69.5,5.825695566,28.28371993,17.624,0.896551724,1.082657557,0.757695226,18.71822769
130.5803354,93,0.488485449,10.88169461,93,0.453053578,11.87921361,74.89247312,10.36546966,58.521839,36.166,0.894230769,1.146037179,0.756379795,25.9056
95.7461473,50,0.407457122,7.978845608,50,0.284139278,8.452813054,44.32,7.719314616,-6.898162677,22.677,0.925925926,1.095021187,0.94257244,12.7208671
157.9085914,136,0.644014224,13.15904928,136,0.453053578,15.12685058,77.63235294,11.57224514,29.00627642,39.49,0.964539007,1.307166448,0.940341617,29.22772645
27.08110001,4,0,2.256758334,4,0.214316055,2.309401077,22.75,2.309401077,0,3.556,1,1,1,9.103772903
23.45292057,3,0.730296743,1.954410048,3,0.216029193,2.581988897,23.33333333,1.763834207,-45,3.093,1,1.463850109,0.969873184,5.346925714
38.29845892,4,0.968245837,2.256758334,4,0.207090218,4.618802154,25,1.154700538,0,5.88,1,4,0.617594511,5.282742857
38.29845892,8,0.707879437,3.191538243,8,0.223954969,4.056653665,24.75,2.865349491,-7.018121734,7.683,1,1.415762258,0.857979135,4.23468
280.7828211,430,0.535030781,23.39856842,430,0.250496356,25.70846325,35.97209302,21.71934695,-22.97484976,83.654,0.912951168,1.183666493,0.717270507,14.41152
94.78385004,49,0.374009466,7.89865417,49,0.234078146,8.280259658,30.30612245,7.679318872,32.0201444,22.007,0.98,1.078254439,0.97359553,3.571304727
52.44232467,15,0.475270821,4.370193722,15,0.384109922,4.760952286,72.66666667,4.188874153,45,10.751,1,1.136570857,0.976640026,6.201006545
40.62165002,9,0,3.385137501,9,0.250496356,3.464101615,33.66666667,3.464101615,0,7.476,1,1,1,4.761874286
93.81168229,48,0.574126587,7.81764019,48,0.239580502,8.896790297,31.20833333,7.284394291,84.22689572,26.134,0.857142857,1.221349359,0.70378452,5.767435636
133.3589516,97,0.668771264,11.11324596,97,0.212602917,13.51449971,23.06185567,10.04760107,88.17626924,40.648,0.829059829,1.345047402,0.635681815,8.76384
42.81897879,10,0.657535506,3.568248232,10,0.222440471,4.258325179,25.3,3.208322511,0,8.146,1,1.327274663,0.986295854,3.476176941
70.35876171,27,0.776929031,5.863230143,27,0.231271157,8.54128858,30,5.377494363,-30.7722583,23.893,0.72972973,1.588339848,0.464230818,0.167862857
33.16743835,6,0.877058019,2.763953196,6,0.226938275,4.163331999,26.66666667,2,71.56505118,6.368,1,2.081665999,0.833752763,0.718998261
128.4569364,6,0.632455532,2.763953196,6,0.231271157,3.333333333,24.33333333,2.581988897,45,5.905,1,1.290994449,0.921278728,3.864436364
69.0435287,26,0.467741199,5.753627392,26,0.235460697,6.223325722,30.69230769,5.50058272,-45,14.994,1,1.131393897,0.993389824,0.681325714
46.90584114,12,0.79816719,3.908820095,12,0.216029193,5.499574153,23.16666667,3.313141464,52.17838798,10.776,0.923076923,1.659927357,0.77850762,2.588297143
33.16743835,6,0.745355992,2.763953196,6,0.242302891,3.464101615,34.83333333,2.309401077,90,5.516,1,1.5,1,6.126545455
33.16743835,6,0.745355992,2.763953196,6,0.240941697,3.464101615,32.16666667,2.309401077,0,5.516,1,1.5,1,6.270958703
27.08110001,4,0,2.256758334,4,0.277372834,2.309401077,44.25,2.309401077,0,3.556,1,1,1,6.332873143
85.63795758,40,0.493453701,7.136496465,40,0.235460697,7.738483187,31.475,6.730716502,-61.16929566,19.658,0.952380952,1.149726509,0.966975966,2.023161081
117.2646029,75,0.831735294,9.772050238,75,0.258936453,13.54960442,36.64,7.5223665,77.99647594,35.223,0.862068966,1.801242258,0.640338987,6.668590345
62.05059535,21,0.553598895,5.170882946,21,0.384109922,5.976919318,75.28571429,4.97747945,-83.48846016,16.193,0.84,1.200792365,0.705925882,0.679752
77.78453777,33,0.502057602,6.482044814,33,0.247750155,7.090683043,32.33333333,6.132265076,-27.12305637,17.698,0.970588235,1.156291021,0.954872427,1.540452414
233.7461344,298,0.405272654,19.47884453,298,0.449872588,20.96623722,77.56040268,19.16724732,-32.98350002,70.297,0.879056047,1.093857499,0.694348396,7.59942
44.90892382,11,0.848964552,3.742410319,11,0.228407082,5.323476721,27.81818182,2.813190204,24.33724976,9.643,1,1.892327335,0.845724203,1.643632941
33.16743835,6,0.456435465,2.763953196,6,0.236843247,3.265986324,29.66666667,2.905932629,-26.56505118,6.277,0.857142857,1.123902974,0.849941599,2.809234286
40.62165002,9,0.665811885,3.385137501,9,0.225469467,4.053691235,28.44444444,3.02453869,-69.69935268,7.683,1,1.340267608,0.965226527,1.340928
38.29845892,8,0.707879437,3.191538243,8,0.212602917,4.056653665,22.625,2.865349491,82.98187827,7.683,0.888888889,1.415762258,0.857979135,0.799133538
54.16220002,16,0.684169251,4.513516668,16,0.25608116,5.426144572,45.375,3.957413518,69.61480431,11.33,1,1.371134087,0.960057374,8.021841231
127.7412933,89,0.614019035,10.64510777,89,0.367763114,12.16192307,63.70786517,9.599299055,13.38647652,31.749,0.967391304,1.266959494,0.918720015,12.01323789
48.82114734,13,0.505789615,4.068428945,13,0.250496356,4.470371451,39.07692308,3.856396618,45,9.461,1,1.159209463,1,2.029578492
60.55518053,20,0.268543078,5.046265044,20,0.386917891,5.266244709,69.6,5.072803301,-45,12.827,1,1.038133039,0.985613344,5.350701176
27.08110001,4,0,2.256758334,4,0.216029193,2.309401077,23,2.309401077,0,3.556,1,1,1,1.268086154
42.81897879,10,0.849207776,3.568248232,10,0.247750155,5.266244709,38.7,2.780887149,-10.30484647,9.643,1,1.893728306,0.768840184,6.77376
142.6585465,111,0.64114042,11.88821221,111,0.212602917,19.6266708,22.03603604,15.0619701,-88.96084328,82.016,0.509174312,1.303061331,0.192347299,13.25484
50.66409895,14,0.759173525,4.222008246,14,0.253270458,6.288529601,47.5,4.093130243,18.49651296,16.218,0.7,1.53636196,0.469402577,9.058357895
62.05059535,21,0.438759693,5.170882946,21,0.302676093,5.64849852,52.28571429,5.075765825,19.38275995,14.051,0.913043478,1.112836706,0.892784027,11.98293943
62.05059535,21,0.533168364,5.170882946,21,0.25608116,5.735232685,35.19047619,4.852059377,-51.04737854,13.29,1,1.182020301,0.977394383,6.1565346
50.66409895,14,0.847347185,4.222008246,14,0.250496356,6.080662869,33.42857143,3.229071015,-29.03465895,11.421,0.933333333,1.883099765,0.829584247,5.25312
59.02188911,18,0.86522219,4.787307365,18,0.216029193,7.886224845,28.44444444,3.954063503,-31.36415023,16.772,0.75,1.994460848,0.570404747,8.208
555.6577154,1683,0.830189894,46.29105911,1683,0.48220985,67.50834575,80.72727273,37.6346004,-40.92321267,233.901,0.765,1.793784045,0.376392709,53.44704
52.44232467,15,0.461880215,4.370193722,15,0.242302891,4.760952286,32.8,4.222690033,75.96375653,10.867,0.9375,1.127469042,0.9605326,0.876342857
50.66409895,14,0.884202622,4.222008246,14,0.245022413,6.678879501,29.42857143,3.1197283,-29.7366281,12.736,0.875,2.140852939,0.697860453,0.555428571
217.493438,258,0.78151101,18.12445317,258,0.39830791,23.30269725,69.70542636,14.53835359,67.23195274,58.04,0.95202952,1.60284293,0.866139837,24.201504
50.66409895,14,0.756835351,4.222008246,14,0.234078146,5.708209484,34.28571429,3.73091756,80.8221492,12.182,0.875,1.529974702,0.749232663,9.026258824
64.93819656,23,0.924928066,5.41151638,23,0.357304439,9.770271125,60.34782609,3.714092103,56.37359435,19.286,0.766666667,2.630594733,0.574608943,6.37632
62.05059535,21,0.766881357,5.170882946,21,0.373126314,6.662678148,75.85714286,4.276032841,-73.68501319,14.787,0.954545455,1.558144756,0.820987905,16.27776
27.08110001,4,0,2.256758334,4,0.231271157,2.309401077,27.25,2.309401077,0,3.556,1,1,1,8.702306743
44.90892382,11,0.684690195,3.742410319,11,0.228407082,4.496907734,27,3.277500291,74.92930722,8.791,1,1.372054107,0.970807044,8.626176
44.90892382,11,0.848964552,3.742410319,11,0.236843247,5.323476721,29.63636364,2.813190204,65.66275024,9.643,1,1.892327335,0.845724203,7.019802514
62.05059535,21,0.577885652,5.170882946,21,0.231271157,6.04765382,28.23809524,4.935597597,14.57689442,15.25,0.875,1.225313389,0.780172216,8.506450286
33.16743835,6,0.745355992,2.763953196,6,0.249123256,3.464101615,35,2.309401077,0,5.516,1,1.5,1,8.010432
180.1453011,177,0.621956823,15.01210843,177,0.310778771,17.70631643,63.96045198,13.8649583,82.61571676,55.932,0.83490566,1.277055152,0.637376963,17.61051927
55.8291179,17,0.471362557,4.652426492,17,0.228407082,5.090643202,27.47058824,4.489639489,78.69006753,12.157,0.944444444,1.133864582,0.912758368,6.387243429
44.90892382,11,0.478395283,3.742410319,11,0.284139278,4.163331999,58,3.656007547,-18.43494882,8.907,0.916666667,1.138764607,0.95220379,11.9937024
38.29845892,8,0.547722558,3.191538243,8,0.226938275,3.651483717,26.875,3.055050463,0,7.22,1,1.195228609,0.936368556,6.039265745
96.69886874,51,0.26086793,8.058239062,51,0.242302891,8.255716973,34.68627451,7.969858636,-23.19859051,22.098,1,1.035867429,1,10.761984
38.29845892,8,0.580947502,3.191538243,8,0.234078146,3.651483717,29,2.972092417,45,6.831,1,1.228590234,1,5.71076129
54.16220002,16,0.665719023,4.513516668,16,0.205183582,5.416025603,17.875,4.041451884,90,11.992,1,1.340118789,0.877901451,5.035885714
27.08110001,4,0.870424023,2.256758334,4,0.247750155,3.435908801,34,1.691507428,-31.71747441,4.408,1,2.0312703,0.881907054,7.208809412
38.29845892,8,0.580947502,3.191538243,8,0.226938275,3.651483717,27.125,2.972092417,-45,6.831,1,1.228590234,1,5.774976
96.69886874,51,0.612982258,8.058239062,51,0.294972211,9.148591448,46.68627451,7.22827166,-79.83609613,22.47,0.962264151,1.265667905,0.977027681,11.40244364
33.16743835,6,0.745355992,2.763953196,6,0.293119465,3.464101615,52.33333333,2.309401077,0,5.516,1,1.5,1,4.819447742
44.90892382,11,0.786338456,3.742410319,11,0.231271157,4.989886653,29.36363636,3.08273175,87.53644503,9.461,1,1.61865743,0.87032759,1.366690909
30.27759026,5,0.765092056,2.523132522,5,0.212602917,3.306559138,23.2,2.12916259,18.43494882,4.962,1,1.552985739,0.956807706,5.821632
82.36395021,37,0.60913069,6.863662518,37,0.219300732,7.911613455,19.75675676,6.274462174,10.46700347,19.931,0.948717949,1.260922966,0.873411268,2.141217391
251.5045538,345,0.661563709,20.95871282,345,0.571787323,24.62094307,91.93623188,18.46297351,-33.15040676,67.609,0.942622951,1.333530759,0.866101508,15.80525115
134.7267715,99,0.64516255,11.22723096,99,0.239580502,13.18740831,32.70707071,10.07577789,-87.84653243,36.306,0.908256881,1.308822848,0.799473456,9.202108235
42.81897879,10,0.630126038,3.568248232,10,0.243662652,4.258325179,30.7,3.306559138,26.56505118,8.791,1,1.287841832,0.882551858,8.725747925
38.29845892,8,0.580947502,3.191538243,8,0.208996853,3.651483717,20.625,2.972092417,-45,6.831,1,1.228590234,1,8.6592
66.3348767,22,0.506594892,5.292567428,22,0.212602917,6.974991563,22.22727273,6.013727603,-72.1870739,21.172,0.733333333,1.159844945,0.467664358,5.843253073
33.16743835,6,0.745355992,2.763953196,6,0.242302891,3.464101615,33,2.309401077,0,5.516,1,1.5,1,6.60096
27.08110001,4,0,2.256758334,4,0.251883407,2.309401077,35.5,2.309401077,0,3.556,1,1,1,4.135968
33.16743835,5,0.88946364,2.523132522,5,0.219300732,4.253087215,30.2,1.943686139,84.84757677,6.55,1,2.188155346,0.668943694,2.006208
77.78453777,33,0.56183524,6.482044814,33,0.250496356,7.308544259,34.72727273,6.045987058,76.47186329,18.641,0.942857143,1.208825654,0.873986378,3.21408
82.36395021,37,0.278921945,6.863662518,37,0.401194357,7.202584433,69.32432432,6.916741055,54.11253756,20.99,0.925,1.041326309,0.798435093,8.624729302
46.90584114,12,0.571051554,3.908820095,12,0.254675809,4.514224593,36.08333333,3.705791067,-34.72197739,9.734,1,1.218154103,0.909612989,8.08704
30.27759026,3,0.942809042,1.954410048,3,0.208996853,3.464101615,21.33333333,1.154700538,0,3.92,1,3,0.756006963,2.197701818
121.86495,81,0.766960336,10.1554125,81,0.264809505,12.913404,41.38271605,8.286460447,64.63468108,31.534,0.952941176,1.558373938,0.846539248,47.97109895
50.66409895,14,0.651304895,4.222008246,14,0.222440471,5.082604427,27.07142857,3.856762273,59.23710181,10.958,1,1.31784229,0.884962296,7.952256
38.29845892,8,0.580947502,3.191538243,8,0.220870602,3.651483717,24.25,2.972092417,45,6.831,1,1.228590234,1,12.793464
38.29845892,8,0.920807131,3.191538243,8,0.220870602,5.445697778,24,2.123921461,8.677012318,8.882,1,2.563982651,0.695394645,4.470203077
207.572701,235,0.542417453,17.29772508,235,0.234078146,19.12171377,31.2893617,16.06432583,-59.95734334,57.379,0.93625498,1.190321584,0.806253071,56.94624
88.79132424,43,0.063367123,7.39927702,43,0.264809505,7.485386279,39.04651163,7.470342781,78.69006753,20.394,1,1.002013763,0.975501726,1.04976
46.90584114,12,0.571051554,3.908820095,12,0.239580502,4.514224593,32.66666667,3.705791067,34.72197739,9.734,1,1.218154103,0.909612989,1.08864
137.4215737,103,0.568807638,11.45179781,103,0.25608116,12.7971259,39.10679612,10.52525968,-7.143507613,34.437,0.971698113,1.215848947,0.916570902,11.03179034
78.95429571,34,0.368757718,6.579524642,34,0.28071242,6.916539861,43.91176471,6.429100507,-71.56505118,18.153,0.971428571,1.07581766,0.942215203,0.791670857
110.8341785,67,0.467580094,9.236181543,67,0.264809505,9.979132948,39.55223881,8.821061644,69.04613405,27.01,0.985294118,1.131284799,0.926113366,8.159967458
69.0435287,26,0.713833112,5.753627392,26,0.243662652,7.217887591,35,5.054801075,-88.46675725,16.565,0.928571429,1.42792713,0.841317907,5.906304
50.66409895,14,0.660613166,4.222008246,14,0.330500247,5.076768749,56.57142857,3.811264725,7.572853072,11.049,1,1.332043066,0.873648695,1.986642581
93.81168229,48,0.373067481,7.81764019,48,0.263326587,8.290858802,42.70833333,7.692293712,-83.19875075,22.379,0.941176471,1.077813603,0.926124962,8.009831489
38.29845892,8,0.580947502,3.191538243,8,0.223954969,3.651483717,25.25,2.972092417,-45,6.831,1,1.228590234,1,3.657984
30.27759026,3,0.942809042,1.954410048,3,0.208996853,3.464101615,25.33333333,1.154700538,0,3.92,1,3,0.756006963,2.428704
130.5803354,93,0.62005745,10.88169461,93,0.287656491,12.41051254,47.43010753,9.736747148,-8.097597415,32.27,0.989361702,1.27460561,0.931969915,8.508298378
93.81168229,48,0.339828868,7.81764019,48,0.250496356,8.157660913,37.91666667,7.672176396,76.10385034,22.007,0.941176471,1.063278592,0.953726233,5.829778286
66.3348767,24,0.574717567,5.527906392,24,0.304676613,6.189798788,61.875,5.065433169,-19.604884,14.142,1,1.221968306,1,3.77088
35.82492793,7,0.353093932,2.985410661,7,0.261843668,3.236694375,35.71428571,3.028212018,0,6.368,1,1.068846684,0.972711557,0.43344
71.64985586,28,0.611100633,5.970821321,28,0.243662652,6.7753053,35.21428571,5.363012657,-45,15.548,1,1.26333942,1,3.115337143
87.7527935,42,0.475175826,7.312732791,42,0.339911639,7.859516501,62.45238095,6.915516774,-48.83056159,19.931,1,1.136504582,0.991439818,4.471618065
106.6183974,62,0.405186445,8.884866447,62,0.242302891,9.418541639,33.46774194,8.610751707,-8.47431376,25.861,0.925373134,1.093811778,0.926249332,10.61716645
35.82492793,7,0.353093932,2.985410661,7,0.228407082,3.236694375,27.57142857,3.028212018,0,6.368,1,1.068846684,0.972711557,1.20528
116.4802154,73,0.907688839,9.64087583,73,0.42198167,16.59562766,75.36986301,6.964253307,79.91310482,38.589,0.768421053,2.382973009,0.526773136,10.89111273
35.82492793,7,0.353093932,2.985410661,7,0.245022413,3.236694375,33.14285714,3.028212018,0,6.368,1,1.068846684,0.972711557,3.4089984
42.81897879,10,0.676387463,3.568248232,10,0.219300732,4.618802154,24.2,3.401960219,-39.80557109,9.643,0.909090909,1.357688467,0.768840184,3.133398109
40.62165002,7,0.425570006,2.985410661,7,0.201132997,4.40661833,20.42857143,3.987661318,-34.09929526,11.438,0.636363636,1.105063339,0.413825381,4.8587904
116.4802154,74,0.67640079,9.70668462,74,0.291266718,11.76518263,50.22972973,8.665454136,64.94983165,31.832,0.891566265,1.357711027,0.760258158,8.135668673
46.90584114,12,0.472903608,3.908820095,12,0.222440471,4.324626255,24.66666667,3.810489467,-70.19465588,9.552,1,1.134926705,0.935883941,0.845390769
50.66409895,14,0.196396101,4.222008246,14,0.253270458,4.364357805,37.78571429,4.279360369,90,10.106,1,1.019862182,1,0.356118261
195.7534606,209,0.541863928,16.31278838,209,0.298774836,17.88722036,53.19617225,15.03360465,-63.77537429,50.754,0.9543379,1.189815801,0.904169069,4.694650435
154.3860236,130,0.691990223,12.86550197,130,0.32819701,15.31613985,61.00769231,11.0568266,76.52537698,42.906,0.915492958,1.385220227,0.770440945,0.75976704
129.1686146,90,0.699607164,10.7047447,90,0.225469467,13.49372836,27.55555556,9.641642514,32.52461969,41.5,0.825688073,1.399525894,0.567509339,26.57978182
42.81897879,10,0.5874078,3.568248232,10,0.226938275,4.085747586,26.3,3.306559138,90,8.328,1,1.235649331,0.955243026,1.46304
40.62165002,9,0.665811885,3.385137501,9,0.222440471,4.053691235,26.55555556,3.02453869,20.30064732,7.683,1,1.340267608,0.965226527,2.25504
64.93819656,23,0.709198063,5.41151638,23,0.347215448,6.852505009,55.60869565,4.831079732,76.5205848,16.284,0.92,1.418421013,0.765930114,5.278585263
286.2793793,447,0.490061949,23.85661494,447,0.25608116,25.72228285,38.1163311,22.42179522,15.64607247,83.083,0.919753086,1.147199972,0.755535864,24.26909538
255.8411588,357,0.55216048,21.32009656,357,0.32819701,23.4912476,61.91316527,19.58554229,85.0214819,68.651,0.952,1.199417777,0.870399846,30.661632
138.0870574,104,0.759665782,11.50725478,104,0.304676613,14.4532559,50.19230769,9.399150231,-5.994443711,35.661,0.962962963,1.537719426,0.868003975,2.458809068
116.4802154,74,0.601874096,9.70668462,74,0.228407082,11.20757571,28.06756757,8.950269,61.85727863,31.212,0.936708861,1.25220546,0.787947461,0.463215484
46.90584114,11,0.753374452,3.742410319,11,0.212602917,5.103685692,21.72727273,3.356141702,31.71747441,10.867,0.846153846,1.520700299,0.704390573,2.070024828
88.79132424,43,0.399166578,7.39927702,43,0.225469467,8.324443934,25.97674419,7.632503027,-15.57429049,24.637,0.895833333,1.090657142,0.700257616,6.677971654
59.02188911,19,0.508644362,4.918490759,19,0.239580502,5.396555107,36.15789474,4.646308317,45,12.182,1,1.161471589,1,2.5560576
89.81784764,44,0.505697096,7.484820637,44,0.212602917,8.459719752,23.34090909,7.298294159,23.46981348,25.58,0.862745098,1.159136583,0.670263397,0.369718468
140.0645384,107,0.51510693,11.67204486,107,0.28071242,12.77277924,46.35514019,10.94788022,-28.50690964,36.141,0.963963964,1.166689714,0.871351443,6.809790638
83.46955606,38,0.594174938,6.955796338,38,0.222440471,7.960312021,25.34210526,6.402764251,-23.36298992,20.113,0.926829268,1.243261771,0.883031076,12.90018462
35.82492793,7,0.856222401,2.985410661,7,0.212602917,4.312826484,22.42857143,2.228038055,-8.349622117,6.922,1,1.935705934,0.868563961,2.589746087
250.7744955,343,0.723079818,20.89787463,343,0.298774836,25.52311382,56.31778426,17.63046064,76.13971631,67.03,0.960784314,1.447671411,0.875349155,59.291136
52.44232467,15,0.751178845,4.370193722,15,0.212602917,5.792778766,21.2,3.82380595,-80.57838731,13.1,0.882352941,1.514924879,0.714568545,3.967753846
101.3281979,30,0.524813289,6.180387232,30,0.232674652,7.223692759,39.43333333,6.148932755,-53.63473388,19.865,0.882352941,1.174788056,0.71224025,0.758287059
42.81897879,9,0.913743208,3.385137501,9,0.228407082,5.78661246,28.88888889,2.35105549,-66.35469498,9.552,0.9,2.461282809,0.701912956,0.715790769
147.0880224,118,0.574832063,12.2573352,118,0.472380261,13.69213679,80.98305085,11.20388406,78.26652373,37.737,0.944,1.222088404,0.887360311,14.77519754
46.90584114,12,0.803276539,3.908820095,12,0.284139278,5.303917229,45.91666667,3.159046239,17.13685277,10.288,1,1.678961569,0.836113875,4.403350588
166.9391121,152,0.567246014,13.91159268,152,0.247750155,15.60887321,36.90789474,12.85466249,62.16067914,45.784,0.926829268,1.214257724,0.797960257,16.91969362
85.63795758,40,0.769722505,7.136496465,40,0.261843668,9.405196963,47.825,6.004076678,-45.52478813,21.916,0.909090909,1.566468496,0.800554984,7.249867932
40.62165002,9,0.667389883,3.385137501,9,0.239580502,4.179850918,40.44444444,3.112770491,-11.98124449,8.146,0.9,1.342807294,0.887666269,16.010496
54.16220002,16,0.684169251,4.513516668,16,0.217664963,5.426144572,24,3.957413518,69.61480431,11.33,1,1.371134087,0.960057374,5.255869091
38.29845892,8,0.547722558,3.191538243,8,0.243662652,3.651483717,33.5,3.055050463,90,7.22,1,1.195228609,0.936368556,9.722304
44.90892382,11,0.312268197,3.742410319,11,0.258936453,4.658000612,46.27272727,4.425072566,90,12.918,0.6875,1.052638243,0.535961382,13.96874541
84.56070768,39,0.5628875,7.04672564,39,0.25608116,7.880822681,37.66666667,6.513764121,73.58821979,19.402,0.951219512,1.209872285,0.964335632,5.2488
33.16743835,6,0.632455532,2.763953196,6,0.226938275,3.333333333,29.5,2.581988897,45,5.905,1,1.290994449,0.921278728,13.44790588
64.93819656,23,0.125858163,5.41151638,23,0.219300732,5.527270994,24,5.483319496,90,14.026,1,1.008015491,0.980660991,4.4928
23.45292057,3,0.730296743,1.954410048,3,0.208996853,2.581988897,22,1.763834207,45,3.093,1,1.463850109,0.969873184,5.28768
35.82492793,6,0.833333333,2.763953196,6,0.247750155,4,40.83333333,2.211083194,53.13010235,6.186,1,1.809068067,0.866606558,16.73691429
30.27759026,5,0.765092056,2.523132522,5,0.274116992,3.306559138,39.4,2.12916259,71.56505118,4.962,1,1.552985739,0.956807706,12.97728
30.27759026,5,0.765092056,2.523132522,5,0.222440471,3.306559138,25.8,2.12916259,-71.56505118,4.962,1,1.552985739,0.956807706,16.50456
191.0129639,199,0.573586292,15.917747,199,0.284139278,17.75765639,49.12562814,14.54609798,77.82540839,49.729,0.95215311,1.220784873,0.894611719,17.04980571
59.02188911,19,0.435664198,4.918490759,19,0.25608116,5.33889138,36.84210526,4.805585648,-72.5039899,12.827,1,1.11097622,0.936332677,12.52488393
59.02188911,19,0.432519475,4.918490759,19,0.277372834,5.348599811,43.57894737,4.822429121,-31.71747441,13.307,1,1.109109056,0.88248224,14.7001427
35.82492793,7,0.779483763,2.985410661,7,0.225469467,3.879126068,26.14285714,2.429971585,-45,6.186,1,1.596366843,1,7.53948
46.90584114,12,0.571051554,3.908820095,12,0.225469467,4.514224593,26,3.705791067,-34.72197739,9.734,1,1.218154103,0.909612989,7.140396522
118.0437782,76,0.59239754,9.836981519,76,0.260390061,11.0649271,38.93421053,8.91441204,-80.51910817,28.747,0.962025316,1.241240258,0.939188466,13.0147776
52.44232467,15,0.61926699,4.370193722,15,0.342313839,5.211925882,66.86666667,4.092302495,-47.34934026,11.81,1,1.273592528,0.843191481,13.2069888
33.16743835,6,0.745355992,2.763953196,6,0.242302891,3.464101615,32.66666667,2.309401077,90,5.516,1,1.5,1,9.990469565
88.79132424,43,0.524917557,7.39927702,43,0.250496356,8.375097741,46.3255814,7.128490204,69.35153235,26.134,0.86,1.174876797,0.630473632,7.788096
57.44768838,18,0.570423794,4.787307365,18,0.225469467,5.384018418,27,4.422166387,90,12.066,1,1.217506974,0.978050832,7.223635862
33.16743835,6,0.632455532,2.763953196,6,0.216029193,3.333333333,24.16666667,2.581988897,-45,5.905,1,1.290994449,0.921278728,9.597405405
44.90892382,11,0.684690195,3.742410319,11,0.342313839,4.496907734,64.27272727,3.277500291,15.07069278,8.791,1,1.372054107,0.970807044,12.68585788
44.90892382,11,0.258109284,3.742410319,11,0.231271157,3.98481968,29.81818182,3.849796961,-45,9.271,1,1.035072686,0.897175783,10.09226724
38.29845892,8,0.547722558,3.191538243,8,0.212602917,3.651483717,22.25,3.055050463,0,7.22,1,1.195228609,0.936368556,2.895596308
30.27759026,5,0.901281139,2.523132522,5,0.219300732,4.163331999,23.4,1.803699901,45,5.814,1,2.308217679,0.783413778,3.69024
120.351041,79,0.688390153,10.02925341,79,0.357304439,11.94946852,65.74683544,8.667434757,-67.17764425,29.781,0.963414634,1.378662644,0.91590177,2.730532881
42.81897879,10,0.657535506,3.568248232,10,0.260390061,4.258325179,49,3.208322511,0,8.146,1,1.327274663,0.986295854,7.708487442
40.62165002,9,0,3.385137501,9,0.264809505,3.464101615,41.55555556,3.464101615,0,7.476,1,1,1,8.986834286
66.3348767,24,0.532539617,5.527906392,24,0.392573661,6.318643814,69.625,5.34813221,24.53926768,16.102,0.888888889,1.181467392,0.814420685,3.698413714
139.4084948,106,0.309591155,11.61737456,106,0.294972211,12.00564068,50.98113208,11.41580078,-70.67194055,35.496,0.946428571,1.051668728,0.892268601,6.933036522
235.3096711,302,0.704655628,19.60913926,302,0.298774836,23.44502614,53.33443709,16.63540579,51.16618655,64.847,0.93498452,1.40934501,0.821002924,59.40864
136.7528516,102,0.790874733,11.39607097,102,0.323690839,15.30475585,62.41176471,9.366174925,-69.80209422,42.633,0.836065574,1.634045485,0.611731803,10.41645913
166.9391121,152,0.406715857,13.91159268,152,0.239580502,14.92747286,32.71052632,13.63706317,76.33787105,46.735,0.888888889,1.09462519,0.767820845,11.07072
96.69886874,51,0.601124369,8.058239062,51,0.32819701,9.141637444,60.78431373,7.30558973,-79.13180533,23.578,0.944444444,1.251320945,0.897677571,6.720646737
69.0435287,26,0.663865991,5.753627392,26,0.222440471,6.962562567,25.69230769,5.206963232,-38.5669191,16.772,0.928571429,1.337163766,0.823917968,8.204460723
80.10697414,35,0.72251607,6.675581178,35,0.267840069,8.781542583,38.34285714,6.071155708,40.99015713,23.132,0.921052632,1.446436726,0.637146033,6.2208
46.90584114,12,0,3.908820095,12,0.225469467,4,26.08333333,4,0,8.816,1,1,1,5.590718609
35.82492793,7,0.80031391,2.985410661,7,0.239580502,4.163331999,28.14285714,2.496255699,59.03624347,7.402,1,1.667830743,0.79128087,9.246281143
67.70275003,25,0.642181865,5.641895835,25,0.250496356,6.571551296,34.24,5.037437864,-26.12029506,15.639,0.961538462,1.304542403,0.89069966,1.939167458
60.55518053,19,0.87449234,4.918490759,19,0.264809505,8.02786322,51,3.893829354,24.68817519,16.863,0.791666667,2.061688505,0.596628562,4.240744989
69.0435287,26,0.654217782,5.753627392,26,0.236843247,6.933256805,29.30769231,5.243665228,11.512746,16.838,0.962962963,1.32221576,0.818483545,2.303177143
118.8178441,77,0.800367658,9.901487007,77,0.323690839,13.654273,56.53246753,8.185866047,55.06709828,34.553,0.895348837,1.668030349,0.680992737,8.164360678
62.05059535,21,0.489648937,5.170882946,21,0.231271157,5.687677069,28.85714286,4.959197537,39.60785107,13.472,1,1.146894639,0.956097193,3.602247805
74.16464679,30,0.661689986,6.180387232,30,0.219300732,7.49788146,24.7,5.621743131,-16.99424017,18.823,0.909090909,1.333728932,0.781420521,3.271541205
23.45292057,3,0.730296743,1.954410048,3,0.225469467,2.581988897,26.66666667,1.763834207,45,3.093,1,1.463850109,0.969873184,4.231781053
38.29845892,8,0.547722558,3.191538243,8,0.226938275,3.651483717,27.625,3.055050463,90,7.22,1,1.195228609,0.936368556,6.924342857
120.351041,79,0.613944472,10.02925341,79,0.395421462,11.39061202,68.07594937,8.991170674,21.52922083,29.111,0.975308642,1.266866399,0.954350032,13.74702545
62.05059535,21,0.395615027,5.170882946,21,0.231271157,5.547143406,28.76190476,5.094587679,41.97290405,14.233,0.913043478,1.088830688,0.874178047,1.206458182
254.0432366,352,0.527367194,21.17026971,352,0.536423486,23.18953879,88.0625,19.70270123,-50.6766453,66.062,0.959128065,1.176972564,0.923624076,37.62364235
62.05059535,21,0.890592541,5.170882946,21,0.216029193,8.744416464,23.0952381,3.976978734,-77.62200534,19.584,0.75,2.198758668,0.510973907,3.7870848
91.83647829,46,0.41522587,7.653039857,46,0.260390061,8.153159992,37.95652174,7.417079256,-60.39760094,21.982,0.978723404,1.09924132,0.915807528,1.92024
90.83277079,45,0.571610394,7.569397566,45,0.28071242,8.579338317,40.04444444,7.039563045,0.979033715,22.007,0.957446809,1.218731655,0.894118344,2.054310698
123.3602814,83,0.537792783,10.28002345,83,0.274116992,11.28762253,42.68674699,9.51633557,-48.02094762,30.608,0.954022989,1.1861312,0.91569509,3.937371429
44.90892382,11,0.684690195,3.742410319,11,0.284139278,4.496907734,45.18181818,3.277500291,-15.07069278,8.791,1,1.372054107,0.970807044,0.53568
137.4215737,103,0.6119524,11.45179781,103,0.247750155,13.16428889,35.29126214,10.41156493,88.01448997,36.637,0.911504425,1.264390991,0.817990502,6.130498065
50.66409895,14,0.824762122,4.222008246,14,0.415957539,5.723801601,78.92857143,3.236694375,90,11.14,1,1.76840966,0.862550669,3.51216
35.82492793,6,0.833333333,2.763953196,6,0.219300732,4,25.33333333,2.211083194,53.13010235,6.186,0.857142857,1.809068067,0.866606558,0.364667586
147.0880224,118,0.604197496,12.2573352,118,0.41895269,13.82611505,71.26271186,11.0171269,-89.77639929,36.976,0.959349593,1.254965579,0.921344702,19.5042816
100.4194065,55,0.570602883,8.368283872,55,0.264809505,9.339004973,40.65454545,7.669434874,86.73797852,23.851,0.982142857,1.217691411,0.948600506,4.04994816
284.0289731,439,0.717218288,23.64216911,439,0.247750155,28.5183117,36.20273349,19.87294468,78.93638744,83.422,0.916492693,1.435032008,0.736213605,5.820048
48.82114734,13,0.505789615,4.068428945,13,0.261843668,4.470371451,43.46153846,3.856396618,-45,9.461,1,1.159209463,1,1.29168
40.62165002,9,0.846414739,3.385137501,9,0.25608116,5.456901848,38.22222222,2.905932629,0,10.106,0.818181818,1.877848713,0.644433995,0.075908571
52.44232467,15,0.475270821,4.370193722,15,0.236843247,4.760952286,30.26666667,4.188874153,-45,10.751,1,1.136570857,0.976640026,0.355633548
223.3164716,272,0.388039508,18.60970597,272,0.250496356,19.5420767,37.78676471,18.01081312,-20.19628963,58.454,0.947735192,1.085019126,0.900906026,27.28003765
85.63795758,40,0.611999818,7.136496465,40,0.296873524,8.117089567,49.15,6.419464434,-78.90527986,19.84,1,1.264449652,0.951720908,0.920922353
75.39059177,31,0.285039217,6.282549314,31,0.250496356,6.528679492,36.22580645,6.257842807,-11.30993247,17.508,0.96875,1.04327956,0.9135842,2.866447059
33.16743835,6,0.745355992,2.763953196,6,0.279042627,3.464101615,42.5,2.309401077,0,5.516,1,1.5,1,0.399168
74.16464679,30,0.658063226,6.180387232,30,0.277372834,7.20847704,44.3,5.427714158,4.225093589,16.565,0.967741935,1.328087079,0.970751431,3.361414737
168.0338066,153,0.17846675,13.95727948,153,0.239580502,14.30433728,33.25490196,14.07469463,57.38211426,47.05,0.916167665,1.016315995,0.763201722,10.222848
46.90584114,12,0.661437828,3.908820095,12,0.228407082,4.618802154,27.75,3.464101615,0,9.436,1,1.333333333,0.953226395,2.078347453
35.82492793,7,0.856222401,2.985410661,7,0.212602917,4.312826484,22,2.228038055,8.349622117,6.922,1,1.935705934,0.868563961,5.6490048
86.70182393,41,0.827911845,7.225151994,41,0.225469467,10.12271638,26.34146341,5.677408995,87.36412255,24.422,0.911111111,1.782981706,0.678144236,6.340032
119.5868996,78,0.386740001,9.96557497,78,0.235460697,10.58178276,31.91025641,9.758401484,26.02699917,31.369,0.939759036,1.084376655,0.822999614,5.8158
138.7493492,105,0.500346168,11.56244577,105,0.247750155,12.53066048,52.66666667,10.84936476,47.65428494,34.371,0.963302752,1.154967203,0.937659161,9.08172
62.05059535,21,0.67590208,5.170882946,21,0.208996853,6.515300841,19.61904762,4.80172093,80.27403657,16.102,0.84,1.356867868,0.712618099,8.869272511
50.66409895,14,0.769507075,4.222008246,14,0.240941697,5.619760339,33.14285714,3.588994116,77.61242972,11.421,0.933333333,1.565831584,0.829584247,7.365364364
38.29845892,4,0.968245837,2.256758334,4,0.201132997,4.618802154,25.5,1.154700538,0,5.88,1,4,0.617594511,7.129524706
27.08110001,4,0,2.256758334,4,0.212602917,2.309401077,22,2.309401077,0,3.556,1,1,1,7.481499429
40.62165002,9,0.665811885,3.385137501,9,0.212602917,4.053691235,23.66666667,3.02453869,69.69935268,7.683,1,1.340267608,0.965226527,6.707645217
27.08110001,4,0,2.256758334,4,0.231271157,2.309401077,28,2.309401077,0,3.556,1,1,1,3.549385532
159.6407302,139,0.717920041,13.30339418,139,0.395421462,16.08712403,67.30935252,11.19865844,-88.67804401,40.987,0.95862069,1.436522429,0.896983615,381.5424
60.55518053,20,0.680948765,5.046265044,20,0.216029193,6.259085579,23.05,4.583722765,-37.33924496,14.324,0.952380952,1.365502649,0.823897539,7.250688
40.62165002,9,0.665811885,3.385137501,9,0.219300732,4.053691235,25,3.02453869,69.69935268,7.683,1,1.340267608,0.965226527,3.051648
33.16743835,6,0.745355992,2.763953196,6,0.216029193,3.464101615,23,2.309401077,0,5.516,1,1.5,1,10.99008
44.90892382,11,0.863757745,3.742410319,11,0.216029193,5.700655267,22.72727273,2.872601752,13.28252559,10.958,1,1.984492024,0.695327519,2.45376
27.08110001,4,0,2.256758334,4,0.236843247,2.309401077,30,2.309401077,0,3.556,1,1,1,5.04576
46.90584114,12,0.661437828,3.908820095,12,0.231271157,4.618802154,29.5,3.464101615,90,9.436,1,1.333333333,0.953226395,12.75264
88.79132424,43,0.388637082,7.39927702,43,0.337509439,7.77790278,60.79069767,7.16648896,-8.479555414,20.138,0.977272727,1.085315672,0.997074401,8.092608
38.29845892,8,0.547722558,3.191538243,8,0.359896464,3.651483717,64.25,3.055050463,90,7.22,1,1.195228609,0.936368556,7.574725565
38.29845892,8,0.580947502,3.191538243,8,0.243662652,3.651483717,34,2.972092417,-45,6.831,1,1.228590234,1,9.9035136
59.02188911,19,0.609940642,4.918490759,19,0.25608116,6.339435199,42.89473684,5.023667066,87.44891737,16.284,0.826086957,1.26191388,0.632724877,5.258461091
44.90892382,11,0.71696648,3.742410319,11,0.219300732,4.81160214,23.45454545,3.354204631,45,10.106,0.846153846,1.434498687,0.787641549,3.747291429
33.16743835,6,0.745355992,2.763953196,6,0.289461605,3.464101615,45.5,2.309401077,90,5.516,1,1.5,1,4.105728
40.62165002,9,0.760175561,3.385137501,9,0.250496356,4.464504938,34.88888889,2.90066797,60.48187827,8.328,1,1.539129947,0.859718724,5.574528
92.82933393,47,0.712942646,7.735777828,47,0.274116992,9.493152631,42.14893617,6.656810793,49.56732449,23.603,0.94,1.426081186,0.825725595,11.45664
121.1103611,80,0.419951642,10.09253009,80,0.264809505,11.28600337,47.9875,10.24257266,-0.280571363,37.117,0.824742268,1.101871936,0.620272709,3.14928
62.05059535,21,0.845303644,5.170882946,21,0.289461605,7.425365319,47.47619048,3.967270262,-28.85748185,16.309,0.913043478,1.871656033,0.697530948,5.200722581
30.27759026,5,0.765092056,2.523132522,5,0.212602917,3.306559138,22.4,2.12916259,-71.56505118,4.962,1,1.552985739,0.956807706,3.219684324
30.27759026,5,0.765092056,2.523132522,5,0.247750155,3.306559138,33.2,2.12916259,-18.43494882,4.962,1,1.552985739,0.956807706,4.56768
38.29845892,8,0.911320566,3.191538243,8,0.212602917,5.503065595,21.375,2.265598315,-41.86135076,9.089,1,2.428967906,0.672055047,6.215343158
40.62165002,9,0.8103262,3.385137501,9,0.212602917,4.933083013,20.22222222,2.890683312,-4.265382805,9.552,0.9,1.706545644,0.701912956,11.45232
30.27759026,5,0.765092056,2.523132522,5,0.219300732,3.306559138,25.4,2.12916259,71.56505118,4.962,1,1.552985739,0.956807706,6.86304
67.70275003,25,0.70566247,5.641895835,25,0.222440471,7.221903889,37.36,5.117066629,55.27141258,18.914,0.862068966,1.411336692,0.645821365,2.3712
94.78385004,49,0.705428209,7.89865417,49,0.253270458,9.725030592,35.97959184,6.892920586,-87.81558041,24.802,0.907407407,1.410872281,0.788572196,7.277965714
87.7527935,42,0.311321582,7.312732791,42,0.282425849,7.569875391,45.23809524,7.193687564,57.82219007,19.931,1,1.052294157,0.991439818,0.560075294
42.81897879,10,0.5874078,3.568248232,10,0.277372834,4.085747586,47.5,3.306559138,0,8.328,1,1.235649331,0.955243026,4.804238769
54.16220002,16,0.656852301,4.513516668,16,0.254675809,5.417850529,37.3125,4.085163683,-69.30063906,12.182,0.888888889,1.326226058,0.856265901,2.380455771
30.27759026,5,0.765092056,2.523132522,5,0.236843247,3.306559138,39.6,2.12916259,-18.43494882,4.962,1,1.552985739,0.956807706,4.10184
71.64985586,28,0.722882153,5.970821321,28,0.222440471,7.50043172,24.32142857,5.182583359,-78.60439642,17.21,0.965517241,1.447238028,0.84951508,7.8962688
30.27759026,5,0.765092056,2.523132522,5,0.219300732,3.306559138,28.2,2.12916259,-18.43494882,4.962,1,1.552985739,0.956807706,6.164247273
63.51080914,19,0.384018872,4.918490759,19,0.214316055,7.081687017,24.47368421,6.538700391,51.93484322,25.861,0.633333333,1.08304198,0.283850602,3.445835294
123.3602814,83,0.747675746,10.28002345,83,0.222440471,13.58677906,24.74698795,9.022490675,-55.16165799,41.26,0.754545455,1.50587898,0.529042863,111.20976
59.02188911,19,0.752573871,4.918490759,19,0.272528946,6.508398854,44.05263158,4.285831641,57.57239282,14.597,1,1.518584816,0.758796193,3.1736448
54.16220002,16,0,4.513516668,16,0.234078146,4.618802154,30.5625,4.618802154,0,11.396,1,1,0.951359929,1.13332608
27.08110001,4,0,2.256758334,4,0.293119465,2.309401077,49.5,2.309401077,0,3.556,1,1,1,6.77376
44.90892382,11,0.478395283,3.742410319,11,0.264809505,4.163331999,42.63636364,3.656007547,-71.56505118,8.907,1,1.138764607,0.95220379,6.511104
40.62165002,9,0.759113364,3.385137501,9,0.228407082,4.430771014,27.77777778,2.884247823,83.95262146,8.237,1,1.536196362,0.873524868,3.99168
140.7175234,108,0.42001823,11.72646029,108,0.354758642,12.37727588,61.25,11.23257178,21.72981009,34.652,0.947368421,1.101909351,0.950161138,26.39808
77.78453777,33,0.826212264,6.482044814,33,0.231271157,8.791086903,29.54545455,4.952537399,-33.07384131,18.641,0.970588235,1.775067242,0.873986378,0.833233171
55.8291179,17,0.471362557,4.652426492,17,0.234078146,5.090643202,29.11764706,4.489639489,78.69006753,12.157,1,1.133864582,0.912758368,0.810474146
33.16743835,6,0.745355992,2.763953196,6,0.300725465,3.464101615,51.5,2.309401077,90,5.516,1,1.5,1,3.442176
97.64229468,52,0.4621421,8.13685789,52,0.257508807,8.788339742,37.15384615,7.793551409,-75.30600886,24.43,0.912280702,1.127642493,0.859586331,8.00928
38.29845892,8,0.782272678,3.191538243,8,0.217664963,4.27914326,24.375,2.665633063,19.32990413,7.774,0.888888889,1.60530094,0.84373334,3.649300364
38.29845892,8,0.580947502,3.191538243,8,0.232674652,3.651483717,28.5,2.972092417,45,6.831,1,1.228590234,1,1.394742857
117.2646029,75,0.577680577,9.772050238,75,0.462651053,10.95562725,79.90666667,8.942672263,-68.42658798,29.219,0.974025974,1.225095466,0.899991057,6.664121379
104.8846493,60,0.446670838,8.740387445,60,0.277372834,9.31605888,46.26666667,8.335062637,61.05569267,24.612,0.983606557,1.117695125,0.978864762,8.373053793
52.44232467,15,0.82856584,4.370193722,15,0.222440471,6.310279011,25.06666667,3.533072463,39.75426149,13.216,0.9375,1.786059889,0.704469744,1.83596177
62.05059535,21,0.70834304,5.170882946,21,0.228407082,6.343058347,27.23809524,4.477364174,-3.613596644,13.935,1,1.416694756,0.904954452,0.691452878
82.36395021,37,0.597021086,6.863662518,37,0.294972211,7.750789691,47.94594595,6.217881473,-82.89086065,18.823,0.973684211,1.246532235,0.963751975,2.174439452
106.6183974,62,0.476841201,8.884866447,62,0.381342953,9.72312908,66.14516129,8.546527971,-22.12735916,27.73,0.911764706,1.137670071,0.817491947,7.143006316
104.0069381,59,0.792354642,8.667244841,59,0.579010574,11.25282886,94.57627119,6.864909236,-69.06081008,26.233,0.936507937,1.63918101,0.859247288,162.3456
104.8846493,60,0.814703148,8.740387445,60,0.291266718,12.30005639,49.26666667,7.132535124,-49.87332274,34.578,0.769230769,1.724499939,0.529940519,1.69536
54.16220002,16,0.494461135,4.513516668,16,0.269390484,4.973095614,43.25,4.322613408,75.12755935,11.512,1,1.150483549,0.936357336,6.581952
57.44768838,18,0.773504076,4.787307365,18,0.317133535,6.585523464,56,4.173847645,42.87173375,16.4,0.857142857,1.577806385,0.592328265,3.115222326
57.44768838,18,0.476105877,4.787307365,18,0.266324787,5.261223257,46.11111111,4.626656416,-30.91070495,12.455,1,1.13715452,0.929871442,7.16256
77.78453777,33,0.440416686,6.482044814,33,0.258936453,6.935942659,39.36363636,6.227044136,77.12093914,17.417,1,1.113841898,0.981153688,2.17344
23.45292057,3,0.730296743,1.954410048,3,0.234078146,2.581988897,29.66666667,1.763834207,-45,3.093,1,1.463850109,0.969873184,1.863511579
151.9922968,126,0.397994205,12.66602474,126,0.260390061,13.38968301,41.77777778,12.28353357,30.85347812,41.5,0.90647482,1.090051404,0.794513075,36.72157091
100.4194065,55,0.448228377,8.368283872,55,0.245022413,9.169696878,33.07272727,8.196966999,39.73204877,26.787,0.859375,1.118669488,0.771613759,1.926055385
72.91809336,29,0.678740188,6.07650778,29,0.222440471,7.290231916,25.24137931,5.353789463,62.11668664,16.863,0.966666667,1.361695668,0.910643594,2.670956308
63.51080914,22,0.574129935,5.292567428,22,0.228407082,6.15890689,27.5,5.042692482,36.06995296,16.491,0.846153846,1.221352861,0.717261026,2.53584
23.45292057,3,0.730296743,1.954410048,3,0.225469467,2.581988897,25,1.763834207,-45,3.093,1,1.463850109,0.969873184,1.768658824
42.81897879,10,0.59225774,3.568248232,10,0.217664963,4.163331999,23.9,3.354598833,-45,8.626,1,1.241081931,0.907474878,2.446848
117.2646029,75,0.530163391,9.772050238,75,0.443567083,11.31515604,86,9.59406989,41.74588416,40.268,0.79787234,1.179390621,0.500149347,14.07706839
52.44232467,15,0.867831385,4.370193722,15,0.236843247,6.633249581,30.73333333,3.295788558,90,13.1,1,2.012644156,0.714568545,4.055252211
96.69886874,51,0.382289505,8.058239062,51,0.247750155,8.489397649,32.41176471,7.84456511,-30.65471068,22.561,0.980769231,1.082201184,0.970121598,2.804072727
96.69886874,51,0.61652692,8.058239062,51,0.298774836,9.203900032,52.68627451,7.246541848,-5.028085066,23.504,0.962264151,1.270109278,0.902670546,10.62602182
69.0435287,26,0.601962846,5.753627392,26,0.232674652,6.715850479,27.92307692,5.362768435,31.56904108,16.193,0.962962963,1.252310362,0.874003474,1.98288
46.90584114,12,0.472903608,3.908820095,12,0.226938275,4.324626255,26,3.810489467,-70.19465588,9.552,1,1.134926705,0.935883941,48.034944
54.16220002,16,0.828387098,4.513516668,16,0.247750155,6.491046079,32.4375,3.635998826,63.2367824,13.679,0.941176471,1.78521677,0.71063609,2.355017143
89.81784764,44,0.353818821,7.484820637,44,0.243662652,7.897995372,35.84090909,7.387105489,35.74417502,21.453,0.977777778,1.069159684,0.914078034,3.347382857
121.1103611,80,0.426829475,10.09253009,80,0.321488199,10.70211654,54.5875,9.678267834,38.55131402,29.508,0.952380952,1.105788424,0.94307084,7.814104615
63.51080914,22,0.49038735,5.292567428,22,0.222440471,5.842218558,25.36363636,5.091520278,88.6148921,13.96,0.956521739,1.14744089,0.945277737,12.7471104
63.51080914,22,0.607758442,5.292567428,22,0.293119465,6.121938251,49.59090909,4.861565561,41.70902767,14.713,1,1.259252431,0.867226723,8.857069714
59.02188911,19,0.285811517,4.918490759,19,0.231271157,5.208487994,28.36842105,4.991220362,-26.56505118,12.736,1,1.043529962,0.947096329,10.78311125
38.29845892,8,0.580947502,3.191538243,8,0.300725465,3.651483717,53.75,2.972092417,-45,6.831,1,1.228590234,1,4.738480941
46.90584114,12,0,3.908820095,12,0.231271157,4,30.66666667,4,0,8.816,1,1,1,8.62736577
166.3890641,151,0.345276798,13.86575534,151,0.242302891,14.52166014,34.9205298,13.62859106,-72.81031391,43.088,0.94375,1.065529083,0.887864472,187.06464
38.29845892,8,0.580947502,3.191538243,8,0.235460697,3.651483717,28.875,2.972092417,-45,6.831,1,1.228590234,1,7.128785455
107.4747838,63,0.314049676,8.956231982,63,0.247750155,9.354065506,36.33333333,8.88081108,21.1368445,27.06,0.954545455,1.05328955,0.867942035,11.75088676
108.3244,64,0.639639942,9.027033337,64,0.242302891,10.40335055,32.0625,7.996792026,53.67640928,26.208,0.941176471,1.300940492,0.933653398,10.181376
63.51080914,22,0.639693331,5.292567428,22,0.232674652,6.264814394,29.59090909,4.815325775,53.6207297,15.548,0.956521739,1.301015692,0.791467112,7.690616471
111.6582358,68,0.556955734,9.304852983,68,0.239580502,11.2301954,43.86764706,9.327150948,-55.17837715,38.424,0.755555556,1.204032771,0.494596254,8.989237895
52.44232467,15,0.475270821,4.370193722,15,0.25608116,4.760952286,38.86666667,4.188874153,-45,10.751,1,1.136570857,0.976640026,8.400920548
64.93819656,23,0.671408726,5.41151638,23,0.231271157,6.470029105,29.73913043,4.794856123,-6.483541992,14.787,0.958333333,1.349368769,0.899177229,10.66422857
33.16743835,6,0.456435465,2.763953196,6,0.249123256,3.265986324,37.66666667,2.905932629,-26.56505118,6.277,0.857142857,1.123902974,0.849941599,11.15316584
59.02188911,19,0.681270104,4.918490759,19,0.231271157,5.982311746,28.05263158,4.379244434,-67.39189527,13.588,0.95,1.36606025,0.853085837,9.817317818
156.1572405,133,0.327963279,13.01310338,133,0.250496356,13.63486873,40.94736842,12.88073057,38.53066464,41.359,0.917241379,1.058547778,0.843975647,11.11787163
129.8763931,92,0.701915584,10.82303276,92,0.308727952,12.95386487,51.95652174,9.226521655,-0.493925368,32.568,0.968421053,1.403981409,0.906625436,10.20102063
74.16464679,30,0.333752877,6.180387232,30,0.228407082,6.628062692,27.3,6.248013591,-1.249297195,17.715,0.9375,1.060827189,0.866651315,1.98422069
107.4747838,63,0.404534635,8.956231982,63,0.395421462,9.67288162,73.52380952,8.846069605,-30.71884806,30.079,0.887323944,1.093466596,0.71735753,10.31594841
95.7461473,50,0.540987637,7.978845608,50,0.275744913,9.238463525,42.62,7.769830009,-15.85953115,27.54,0.833333333,1.189017458,0.667458194,7.565981538
38.29845892,8,0.778673936,3.191538243,8,0.238211875,4.652476298,34.25,2.919097628,-53.87233581,10.032,0.8,1.593806337,0.579283809,5.39136
42.81897879,10,0.849207776,3.568248232,10,0.245022413,5.266244709,30.5,2.780887149,-10.30484647,9.643,1,1.893728306,0.768840184,5.859249231
60.55518053,20,0.717137166,5.046265044,20,0.253270458,6.110100927,37.55,4.258325179,90,12.736,1,1.434860108,0.996943505,4.758554483
60.55518053,20,0.38366165,5.046265044,20,0.236843247,5.341660166,31.7,4.932882862,-26.56505118,12.645,1,1.082867831,1,10.52352
42.81897879,10,0.589220679,3.568248232,10,0.239580502,4.239496825,26.2,3.425395354,0,8.998,1,1.237666426,0.852710549,3.4048512
44.90892382,10,0.398780397,3.568248232,10,0.219300732,4.027815112,31.8,3.693693557,30.12755935,9.089,1,1.090457302,0.840068809,3.555132632
153.7910849,10,0.890964884,3.568248232,10,0.25608116,5.969810419,25.4,2.710725037,-71.17618968,10.958,0.833333333,2.202292869,0.632115926,6.026865231
151.9922968,126,0.734238275,12.66602474,126,0.25608116,15.6179018,39.04761905,10.60286638,-67.28637131,40.259,0.940298507,1.472988647,0.840599426,6.013971692
147.0880224,118,0.541940994,12.2573352,118,0.293119465,13.48248581,50.94067797,11.33090406,70.25542654,36.976,0.959349593,1.18988615,0.921344702,41.05728
109.1674042,65,0.669907237,9.097283683,65,0.245022413,10.73812042,33.67692308,7.972461761,-32.71902929,27.126,0.955882353,1.346901464,0.891594662,0.931941818
164.7279004,148,0.476902764,13.72732504,148,0.231271157,14.89988065,30.62162162,13.09634037,34.85643869,45.817,0.902439024,1.137713302,0.775914252,16.04230606
78.95429571,34,0.75018073,6.579524642,34,0.564616878,8.367107652,94.97058824,5.532606375,-8.119233193,19.84,0.894736842,1.512326575,0.808962772,9.6657408
46.90584114,12,0.919899044,3.908820095,12,0.212602917,6.619449273,23.91666667,2.59585186,-16.3211906,11.421,0.923076923,2.550010412,0.711072212,2.83176
131.9769562,95,0.395753167,10.99807968,95,0.646972284,11.66808408,92.50526316,10.71546575,14.27975728,35.57,0.931372549,1.088901253,0.79662034,9.543642353
40.62165002,9,0.667389883,3.385137501,9,0.284139278,4.179850918,49,3.112770491,11.98124449,8.146,1,1.342807294,0.887666269,8.820576
232.1720684,294,0.586008764,19.34767237,294,0.250496356,21.64860912,36.73469388,17.54197,-57.00769084,64.26,0.921630094,1.234103645,0.813236527,37.7519616
38.29845892,8,0.67936622,3.191538243,8,0.208996853,4.163331999,24.5,3.055050463,0,8.146,1,1.362770288,0.789036683,7.26084
106.6183974,62,0.498200301,8.884866447,62,0.239580502,9.609075441,34.4516129,8.331663882,-61.93161789,25.075,0.984126984,1.153320102,0.978571169,0.422619429
35.82492793,7,0.771306956,2.985410661,7,0.258936453,4.207198839,53.14285714,2.677727811,14.87244065,7.683,0.777777778,1.571182411,0.750731744,2.434011429
168.0338066,154,0.558519224,14.00281721,154,0.239580502,15.6200905,32.88311688,12.95673351,-82.06546196,45.42,0.900584795,1.205557751,0.820624996,3.417475765
93.81168229,48,0.380792636,7.81764019,48,0.312880141,8.491101228,57.1875,7.851385578,-26.80863039,27.722,0.827586207,1.081478058,0.633225134,12.49635425
33.16743835,6,0.745355992,2.763953196,6,0.216029193,3.464101615,23.33333333,2.309401077,0,5.516,1,1.5,1,1.862252308
42.81897879,10,0.5874078,3.568248232,10,0.250496356,4.085747586,36.7,3.306559138,90,8.328,1,1.235649331,0.955243026,1.505088
38.29845892,8,0.547722558,3.191538243,8,0.222440471,3.651483717,25.75,3.055050463,0,7.22,1,1.195228609,0.936368556,3.41184
128.4569364,90,0.326199905,10.7047447,90,0.279042627,11.40266316,54.97777778,10.77894673,9.01569561,36.612,0.841121495,1.057864321,0.715648239,6.968036571
93.81168229,47,0.7845398,7.735777828,47,0.222440471,10.83693617,25.65957447,6.719750748,80.96952671,27.73,0.839285714,1.612699128,0.619711637,3.192990545
44.90892382,11,0.684690195,3.742410319,11,0.216029193,4.496907734,23.36363636,3.277500291,74.92930722,8.791,1,1.372054107,0.970807044,0.592245551
52.44232467,15,0.537216475,4.370193722,15,0.220870602,4.915503656,29.26666667,4.145954042,5.884144466,11.049,1,1.185614603,0.936052173,4.726731323
72.91809336,29,0.421816046,6.07650778,29,0.28071242,6.504635555,43,5.897632294,-3.921710537,16.656,0.966666667,1.102923212,0.929786195,2.3616
27.08110001,4,0,2.256758334,4,0.272528946,2.309401077,43.5,2.309401077,0,3.556,1,1,1,3.549851009
66.3348767,24,0.622801349,5.527906392,24,0.250496356,6.731752583,31.79166667,5.266788654,38.79452213,17.897,0.857142857,1.278151266,0.681377417,5.13216
78.95429571,34,0.689536916,6.579524642,34,0.357304439,7.96371587,70.23529412,5.767725501,-47.83174499,18.641,0.944444444,1.38073767,0.900470814,4.499858028
72.91809336,29,0.527569288,6.07650778,29,0.266324787,7.025130867,42.17241379,5.967933006,53.2888148,19.402,0.805555556,1.177146402,0.717070085,3.042496901
57.44768838,18,0.570423794,4.787307365,18,0.264809505,5.384018418,38.55555556,4.422166387,90,12.066,1,1.217506974,0.978050832,2.201206154
94.78385004,49,0.455218597,7.89865417,49,0.287656491,8.49975094,44.12244898,7.568005783,-42.80455937,22.958,0.942307692,1.123116338,0.903937671,7.222130526
46.90584114,12,0.550455911,3.908820095,12,0.285897885,5.162205005,55.66666667,4.30974033,-62.1730487,14.233,0.666666667,1.197799545,0.499530313,3.326208
62.05059535,20,0.843352243,5.046265044,20,0.250496356,7.318514423,39.8,3.932685255,-2.409299629,15.548,0.909090909,1.86094588,0.719515556,3.817645714
120.351041,79,0.92696335,10.02925341,79,0.253270458,18.47719509,38.2278481,6.931754815,-69.21325267,43.46,0.766990291,2.665586938,0.457125488,4.565376
71.64985586,24,0.76688712,5.527906392,24,0.212602917,8.901025263,20.95833333,5.712517867,-60.56095925,23.595,0.727272727,1.558161474,0.421899477,1.341741176
40.62165002,9,0,3.385137501,9,0.267840069,3.464101615,42.66666667,3.464101615,0,7.476,1,1,1,2.625964138
33.16743835,6,0.632455532,2.763953196,6,0.270940899,3.333333333,39.5,2.581988897,45,5.905,1,1.290994449,0.921278728,5.75195904
38.29845892,8,0.782272678,3.191538243,8,0.22983912,4.27914326,27.75,2.665633063,-19.32990413,7.774,1,1.60530094,0.84373334,5.043727059
50.66409895,14,0.728706288,4.222008246,14,0.232674652,5.29572309,30.78571429,3.626650778,18.93749183,10.958,0.933333333,1.460224161,0.884962296,1.9296
23.45292057,3,0.730296743,1.954410048,3,0.222440471,2.581988897,25,1.763834207,-45,3.093,1,1.463850109,0.969873184,0.17496
134.7267715,99,0.512650757,11.22723096,99,0.267840069,12.18147462,43,10.45898035,-77.34607785,32.659,1,1.164690459,0.970654397,12.20536709
62.05059535,21,0.527623374,5.170882946,21,0.231271157,5.903029545,27.95238095,5.014496175,19.4637718,14.994,0.913043478,1.17719295,0.80235332,0.161034894
46.90584114,12,0.736196124,3.908820095,12,0.239580502,5.395471352,46.83333333,3.651483717,45,13.307,0.8,1.477610684,0.557357204,1.829884675
38.29845892,6,0.821198486,2.763953196,6,0.210799885,4.632197491,23.16666667,2.6433295,68.74477646,8.626,0.75,1.752410167,0.544484927,5.3699328
33.16743835,6,0.745355992,2.763953196,6,0.269390484,3.464101615,42.66666667,2.309401077,90,5.516,1,1.5,1,3.70008
91.83647829,46,0.38863907,7.653039857,46,0.231271157,8.195962124,25.43478261,7.55167817,-12.14599784,22.288,0.92,1.085316659,0.8938999,2.641846154
99.50231505,54,0.624477314,8.291859587,54,0.362488488,9.532259741,62.64814815,7.445104233,-31.51908499,23.785,0.947368421,1.280339327,0.935924515,8.827901217
81.24330003,36,0.736761461,6.770275003,36,0.266324787,8.608551322,44.72222222,5.820695702,29.34773522,21.643,0.9,1.47895574,0.736459373,2.150587915
66.3348767,24,0.618309113,5.527906392,24,0.226938275,6.341529675,26.5,4.984030191,35.29146701,14.787,1,1.272369836,0.938271891,1.806965923
38.29845892,8,0.580947502,3.191538243,8,0.254675809,3.651483717,39.375,2.972092417,45,6.831,1,1.228590234,1,1.103544
52.44232467,15,0.774104867,4.370193722,15,0.310778771,5.907761594,53.4,3.739952117,9.525504366,13.952,0.833333333,1.579635624,0.645110963,1.936163721
103.1217566,58,0.712646749,8.593479714,58,0.239580502,10.5638441,31.15517241,7.410780301,-36.77334625,26.225,0.983050847,1.42546988,0.845144052,0.770688
57.44768838,18,0.606265785,4.787307365,18,0.267840069,5.508319207,46.66666667,4.380557465,-38.47416733,12.091,0.947368421,1.257447083,0.974843078,3.2527872
196.2212115,210,0.593143777,16.35176762,210,1.214925473,18.35890439,127.0952381,14.78069064,-66.88865333,52.913,0.92920354,1.242087047,0.839859728,72.01772308
35.82492793,7,0.688972486,2.985410661,7,0.277372834,3.763583333,40.14285714,2.727798137,59.52730205,6.831,0.875,1.379714753,0.884487591,11.85314595
151.3879513,125,0.660122653,12.61566261,125,0.492159644,14.67955,79.048,11.02665889,-78.347952,38.754,0.961538462,1.331278145,0.894917911,1.276242113
30.27759026,5,0.906321816,2.523132522,5,0.212602917,5.902894916,21.8,2.494493591,-50.15242323,11.248,0.625,2.366370047,0.303447014,22.31290047
99.50231505,54,0.355917098,8.291859587,54,0.239580502,8.704954483,31.94444444,8.134932588,-68.34540592,23.785,0.947368421,1.070070881,0.935924515,16.62414545
55.8291179,16,0.7624419,4.513516668,16,0.245022413,6.085683186,35.8125,3.937781967,-14.02645935,13.29,0.888888889,1.545459661,0.744681434,6.226781538
154.3860236,130,0.480824805,12.86550197,130,0.378575983,13.98682854,67.99230769,12.2638847,-30.0597246,39.515,0.942028986,1.14048924,0.897802671,13.82550261
113.2883693,70,0.738263427,9.440697439,70,0.289461605,11.64565863,50.51428571,7.855142321,-80.04369382,28.557,0.95890411,1.482552213,0.875443136,12.3489792
66.3348767,24,0.790795117,5.527906392,24,0.314981511,7.668320721,57.83333333,4.693632991,-5.884144466,18.914,0.857142857,1.633770841,0.619988511,8.163963871
143.2997117,112,0.598470899,11.94164264,112,0.247750155,13.58553307,37.5625,10.88397572,38.27146177,37.53,0.910569106,1.248214202,0.850835356,12.90018462
52.44232467,15,0.475270821,4.370193722,15,0.25608116,4.760952286,44.46666667,4.188874153,45,10.751,1,1.136570857,0.976640026,4.137230769
54.16220002,16,0.586269107,4.513516668,16,0.274116992,5.130928914,44.625,4.156649509,62.00967499,11.512,1,1.23439056,0.936357336,10.28341895
99.50231505,54,0.678210758,8.291859587,54,0.300725465,9.781150392,52.03703704,7.18784904,79.54638469,23.785,0.981818182,1.360789624,0.935924515,6.297563077
85.63795758,40,0.718239908,7.136496465,40,0.258936453,9.277663282,37.725,6.455356744,-32.61783702,24.455,0.888888889,1.437203806,0.660022786,13.35057534
35.82492793,7,0.688972486,2.985410661,7,0.298774836,3.763583333,55.57142857,2.727798137,30.47269795,6.831,0.875,1.379714753,0.884487591,13.622256
63.51080914,22,0.646745577,5.292567428,22,0.270940899,6.22258918,39.45454545,4.746004948,-6.847938252,14.233,1,1.311121511,0.915805573,7.409720656
67.70275003,25,0.53495796,5.641895835,25,0.236843247,6.320211579,28.8,5.339812006,-9.542082499,15.341,0.961538462,1.183601889,0.919653205,7.646775652
103.1217566,58,0.557696093,8.593479714,58,0.287656491,9.643025096,47.29310345,8.004146889,-60.01969923,27.333,0.935483871,1.20475364,0.784805502,10.7487
80.10697414,35,0.600310587,6.675581178,35,0.225469467,7.950053468,27.88571429,6.358190138,-52.13765326,21.155,0.921052632,1.250364222,0.745052992,9.598585263
59.02188911,19,0.451370296,4.918490759,19,0.239580502,5.3179603,31.10526316,4.745411352,90,12.736,0.904761905,1.120653175,0.947096329,6.31152
54.16220002,16,0.561951487,4.513516668,16,0.246386284,5.033222957,31.75,4.163331999,0,10.776,1,1.20894105,1,15.85853217
33.16743835,6,0.745355992,2.763953196,6,0.246386284,3.464101615,33.66666667,2.309401077,90,5.516,1,1.5,1,8.868096
93.81168229,48,0.556992228,7.81764019,48,0.287656491,8.712674502,44.1875,7.236030428,38.79332066,21.916,0.96,1.204068251,0.960665981,8.300498824
46.90584114,11,0.950705141,3.742410319,11,0.212602917,7.418091006,34.72727273,2.300322815,89.2382676,12.918,0.916666667,3.224804343,0.535961382,9.040896
62.05059535,21,0.587382835,5.170882946,21,0.219300732,6.139672806,24.23809524,4.968893777,-74.92930722,15.366,0.875,1.235621666,0.770423097,2.3328
35.82492793,7,0.856222401,2.985410661,7,0.25608116,4.312826484,38.57142857,2.228038055,81.65037788,6.922,1,1.935705934,0.868563961,7.496064
75.39059177,31,0.450436361,6.282549314,31,0.234078146,6.848248944,31,6.114175125,23.20896142,17.789,0.911764706,1.120060974,0.889218535,4.891256471
351.7938086,675,0.680509343,29.31615071,675,0.277372834,34.37942317,48.4,25.19115803,88.57019673,98.391,0.938803894,1.364741673,0.822815918,36.70670769
100.4194065,55,0.541565954,8.368283872,55,0.219300732,10.03970594,24.78181818,8.439961772,69.4513974,33.445,0.753424658,1.189544007,0.516331503,0.96
154.9786784,131,0.800849025,12.91488987,131,0.277372834,16.77368102,46.25954198,10.0451922,-83.96945167,39.887,0.963235294,1.66982181,0.889133301,13.29552
136.0808434,101,0.648915937,11.34007028,101,0.50220217,13.65517112,79.85148515,10.389675,-23.3345143,45.536,0.7890625,1.314302047,0.535640064,6.908323404
86.70182393,41,0.572994948,7.225151994,41,0.231271157,8.322257692,29.63414634,6.820580357,-0.863493875,22.197,0.872340426,1.220168557,0.802469881,3.084816623
69.0435287,26,0.534866782,5.753627392,26,0.266324787,6.308317668,39.07692308,5.330127241,90,14.696,1,1.183521027,1,4.364928
104.0069381,59,0.497248169,8.667244841,59,0.222440471,9.586969723,27.84745763,8.317735035,-47.94869823,27.639,0.893939394,1.152593787,0.782542477,0.6728832
95.7461473,50,0.48877108,7.978845608,50,0.253270458,8.667121229,35.92,7.561301229,89.8978325,23.115,0.943396226,1.146247315,0.911387642,9.5935104
54.16220002,16,0.800464458,4.513516668,16,0.267840069,6.421031314,39.5,3.84863918,43.37248931,14.878,0.8,1.66839005,0.619212776,1.27951488
114.0947024,71,0.601447659,9.507891863,71,0.239580502,10.8499256,32.36619718,8.668137997,-77.61332451,29.227,0.922077922,1.251701992,0.851570441,8.20512
69.0435287,26,0.695401115,5.753627392,26,0.234078146,6.890220001,29.38461538,4.951462288,65.6818705,15.548,1,1.391552555,0.935370223,2.750112
55.8291179,17,0.6109585,4.652426492,17,0.231271157,5.308994113,27.76470588,4.202932212,-74.82837556,11.421,1,1.263164345,1,2.200926316
98.576692,53,0.660807717,8.214724333,53,0.225469467,9.640086887,26.18867925,7.23541768,42.02706841,24.885,0.963636364,1.332346979,0.847900967,2.137403077
64.93819656,23,0.746432796,5.41151638,23,0.222440471,6.766533631,27.04347826,4.502862906,83.83875168,14.671,1,1.502718109,0.910926691,4.062336
143.9380209,113,0.57233944,11.99483508,113,0.277372834,13.51000761,51.81415929,11.07843332,34.60125156,42.923,0.8828125,1.219487199,0.669196772,33.44420571
75.39059177,31,0.501550714,6.282549314,31,0.212602917,6.839252265,23.96774194,5.916830314,-31.17359249,16.954,1,1.15589799,0.964650337,3.221485714
40.62165002,9,0.665811885,3.385137501,9,0.234078146,4.053691235,35.33333333,3.02453869,20.30064732,7.683,1,1.340267608,0.965226527,8.0165376
151.3879513,125,0.686469137,12.61566261,125,0.222440471,15.26384431,26.56,11.09924085,70.99333021,43.617,0.868055556,1.375215163,0.71845077,178.848
27.08110001,4,0.731925055,2.256758334,4,0.258936453,3.055050463,42.75,2.081665999,90,4.59,1,1.467598771,0.840875939,1.214537143
42.81897879,9,0.86402311,3.385137501,9,0.225469467,5.377489512,25.22222222,2.70730865,62.28126232,10.404,0.818181818,1.98628609,0.616391088,3.608064
42.81897879,10,0.84206954,3.568248232,10,0.216029193,5.241561777,22.8,2.827135795,53.84544481,9.552,0.909090909,1.854018398,0.779903284,2.467584
38.29845892,8,0.547722558,3.191538243,8,0.247750155,3.651483717,42.375,3.055050463,0,7.22,1,1.195228609,0.936368556,6.984576
187.6233646,192,0.493035099,15.63528038,192,0.247750155,17.11991207,36.140625,14.89448477,74.26805038,53.302,0.905660377,1.149412842,0.75732413,26.59559226
42.81897879,10,0.5874078,3.568248232,10,0.293119465,4.085747586,50.7,3.306559138,90,8.328,1,1.235649331,0.955243026,4.0932864
131.280503,94,0.697551449,10.94004192,94,0.671204552,13.42032922,99.39361702,9.616131565,85.59280552,37.109,0.886792453,1.395605824,0.729110175,11.03485091
62.05059535,21,0.63893706,5.170882946,21,0.212602917,6.600686884,24.76190476,5.077637895,36.33693165,17.483,0.807692308,1.299952265,0.620380872,0.407314286
57.44768838,18,0.573185258,4.787307365,18,0.249123256,5.413716414,33.94444444,4.436138964,31.58606299,12.182,0.947368421,1.220366733,0.963299138,3.6246528
86.70182393,41,0.37436966,7.225151994,41,0.236843247,7.595908226,28.26829268,7.043530336,47.63384856,19.749,0.976190476,1.078423442,0.983285527,2.254531765
216.6488001,256,0.55982833,18.05406667,256,0.264809505,20.0710959,44.42578125,16.63108302,83.42334848,61.15,0.924187726,1.206842385,0.778290018,332.76096
70.35876171,27,0.642762937,5.863230143,27,0.222440471,6.901246472,36.96296296,5.28680438,-42.11926691,16.656,0.931034483,1.305372012,0.865663009,0.48384
478.9221905,1251,0.666061939,39.91018254,1251,0.352212845,46.54394655,69.07753797,34.71696387,54.91992775,137.03,0.945578231,1.340668692,0.80010532,363.9168
63.51080914,22,0.630166853,5.292567428,22,0.370444714,6.115954163,60.09090909,4.748792219,40.58329267,13.935,0.956521739,1.287896771,0.948047521,3.69792
630.7629451,2170,0.898022143,52.56357876,2170,0.389725859,81.58619474,73.92165899,35.89386754,-87.70808978,215.24,0.892269737,2.272984226,0.571791296,266.976
48.82114734,13,0.77574464,4.068428945,13,0.231271157,5.569812677,26.92307692,3.514813306,69.76238424,12.364,0.8125,1.584668144,0.679479683,3.5437824
83.46955606,38,0.436605283,6.955796338,38,0.469120204,7.473931303,69.34210526,6.72394599,90,19.212,1,1.111539461,0.955649849,9.68256
54.16220002,16,0.585013897,4.513516668,16,0.28071242,5.172572051,37.75,4.195076285,-23.74477646,11.694,1,1.233010248,0.913524178,6.9174
381.545694,794,0.853800893,31.7954745,794,0.28071242,44.47975341,48.1511335,23.15614577,33.45016835,115.883,0.935217903,1.920861695,0.704298817,195.67008
78.95429571,34,0.260903187,6.579524642,34,0.242302891,6.869391636,31.55882353,6.631470056,0.740728585,18.616,0.971428571,1.035877653,0.902541328,6.9722208
40.62165002,9,0.536748159,3.385137501,9,0.291266718,3.954100962,50.11111111,3.336243049,82.37244065,8.146,0.9,1.185195714,0.887666269,3.360813559
129.1686146,91,0.469215934,10.76405122,91,0.310778771,11.52049256,54.68131868,10.17355649,-47.93747704,31.005,0.957894737,1.132395791,0.980745917,4.611078621
54.16220002,16,0.586269107,4.513516668,16,0.239580502,5.130928914,30.5,4.156649509,-62.00967499,11.512,0.941176471,1.23439056,0.936357336,1.87785931
60.55518053,20,0.777824403,5.046265044,20,0.231271157,7.011879208,40,4.406837488,-65.10008194,17.434,0.869565217,1.591136325,0.593656398,8.4271104
121.86495,81,0.428060468,10.1554125,81,0.342313839,10.78484056,60.98765432,9.74680069,-46.5939153,29.483,0.975903614,1.106500574,0.95632319,8.29824
42.81897879,10,0.5874078,3.568248232,10,0.267840069,4.085747586,43,3.306559138,90,8.328,1,1.235649331,0.955243026,7.869481967
42.81897879,10,0.5874078,3.568248232,10,0.257508807,4.085747586,28,3.306559138,0,8.328,1,1.235649331,0.955243026,6.048
98.576692,53,0.84511686,8.214724333,53,0.249123256,12.11763501,36.9245283,6.477864772,66.11319054,29.037,0.803030303,1.870621791,0.643208302,7.661211429
42.81897879,10,0.916515139,3.568248232,10,0.216029193,5.773502692,22.9,2.309401077,0,9.436,1,2.5,0.794355329,1.994946207
46.90584114,12,0.803276539,3.908820095,12,0.242302891,5.303917229,30.33333333,3.159046239,17.13685277,10.288,1,1.678961569,0.836113875,2.677165714
72.91809336,29,0.818348494,6.07650778,29,0.294972211,9.167128373,58.4137931,5.26855327,66.74664241,22.768,0.828571429,1.73997071,0.542858562,15.33795097
70.35876171,27,0.429708728,5.863230143,27,0.245022413,6.384510058,35.92592593,5.76500545,27.36711617,15.829,1,1.107459501,0.942783191,2.955214452
62.05059535,21,0.363952837,5.170882946,21,0.245022413,5.588322036,32.85714286,5.205060258,-0.502543003,14.142,0.913043478,1.073632534,0.883407566,10.55355145
110.8341785,67,0.522228572,9.236181543,67,0.219300732,10.34278146,31.95522388,8.820381502,12.51859597,31.485,0.848101266,1.172600239,0.702206994,9.531870968
44.90892382,11,0.258109284,3.742410319,11,0.298774836,3.98481968,51.54545455,3.849796961,45,9.271,1,1.035072686,0.897175783,14.90738087
44.90892382,11,0.684690195,3.742410319,11,0.222440471,4.496907734,23.54545455,3.277500291,-74.92930722,8.791,1,1.372054107,0.970807044,6.26427871
40.62165002,9,0.665811885,3.385137501,9,0.219300732,4.053691235,24.66666667,3.02453869,-20.30064732,7.683,1,1.340267608,0.965226527,6.439958069
85.63795758,40,0.639764682,7.136496465,40,0.267840069,8.315257876,41.9,6.390864818,-81.28192412,20.99,0.975609756,1.30111622,0.863173073,11.97059657
110.8341785,67,0.531076604,9.236181543,67,0.222440471,10.19872457,37.34328358,8.64162217,45.7310101,28.094,0.943661972,1.180186355,0.862949071,8.489170286
72.91809336,29,0.533637636,6.07650778,29,0.28071242,6.687594599,45.20689655,5.655787253,40.1844151,16.011,0.966666667,1.182433904,0.993465335,12.62674286
67.70275003,25,0.527789528,5.641895835,25,0.264809505,6.239832151,44.76,5.299958622,-6.132386864,14.787,1,1.177336013,0.977366553,1.214537143
69.0435287,26,0.617103782,5.753627392,26,0.247750155,6.611845415,33.61538462,5.202740631,84.84029093,15.639,1,1.270838945,0.926327647,6.502217143
62.05059535,21,0.519651145,5.170882946,21,0.222440471,5.945477048,32.85714286,5.079687993,42.38306918,16.4,0.84,1.170441385,0.691049642,9.368228571
35.82492793,7,0.838373448,2.985410661,7,0.258936453,4.602992526,41.14285714,2.509074133,-26.06250817,8.237,0.777777778,1.834538272,0.67940823,13.78203429
127.7412933,89,0.713033109,10.64510777,89,0.41895269,12.95178179,75.75280899,9.080887467,-84.41449435,34.487,0.908163265,1.426268284,0.789885096,16.69248
96.69886874,51,0.486467332,8.058239062,51,0.253270458,8.753291382,36.58823529,7.647739885,-22.96734254,23.504,0.944444444,1.144559244,0.902670546,3.59424
81.24330003,36,0.536021628,6.770275003,36,0.234078146,7.548188548,30.44444444,6.372212846,35.1265817,19.658,0.923076923,1.184547461,0.870278369,1.816128
33.16743835,6,0.745355992,2.763953196,6,0.253270458,3.464101615,39,2.309401077,90,5.516,1,1.5,1,6.908694261
35.82492793,6,0.881691304,2.763953196,6,0.212602917,4.591736003,22,2.166503695,83.73559615,7.865,0.857142857,2.119422189,0.622379568,0.443321379
30.27759026,5,0.765092056,2.523132522,5,0.314981511,3.306559138,58.8,2.12916259,71.56505118,4.962,1,1.552985739,0.956807706,8.1216
50.66409895,14,0.668139199,4.222008246,14,0.212602917,5.113673813,21.42857143,3.804758925,0,10.594,1,1.344020453,0.932487662,12.15737379
171.2759152,160,0.845853289,14.27299293,160,0.7927936,20.06601495,104.275,10.70352562,-53.18323055,50.589,0.860215054,1.874710789,0.696444615,22.50579349
177.5826485,172,0.797365791,14.79855404,172,0.650956393,19.20711898,97.35465116,11.59142542,-21.83293443,46.346,0.966292135,1.657010962,0.882562876,9.533477647
94.78385004,49,0.473233396,7.89865417,49,0.352212845,8.755324629,57.53061224,7.71289018,-28.40788031,27.168,0.907407407,1.135154841,0.67026377,7.90128
70.35876171,27,0.328093838,5.863230143,27,0.373126314,6.135299851,75.92592593,5.795681164,-33.52295673,15.457,1,1.05859858,0.980874542,8.420676923
50.66409895,14,0.196396101,4.222008246,14,0.253270458,4.364357805,36.78571429,4.279360369,0,10.106,1,1.019862182,1,9.52128
60.55518053,20,0.527139476,5.046265044,20,0.251883407,5.826690647,40.95,4.951398062,-7.87258925,14.233,0.952380952,1.176776857,0.832550521,0.633550979
145.2062218,115,0.737069475,12.10051849,115,0.234078146,15.1401664,31.73913043,10.23198152,57.89766243,43.46,0.839416058,1.479690555,0.665435836,21.238272
50.66409895,14,0.824762122,4.222008246,14,0.243662652,5.723801601,29.21428571,3.236694375,90,11.14,1,1.76840966,0.862550669,0.390454468
144.573512,114,0.499962282,12.04779267,114,0.282425849,13.05839138,49.46491228,11.30918302,66.51507367,35.868,0.95,1.154671506,0.941394994,7.206533731
96.69886874,51,0.651543901,8.058239062,51,0.337509439,9.384019221,57.68627451,7.118819561,85.43624161,23.206,0.962264151,1.318198774,0.923205024,6.887071475
120.351041,79,0.717829865,10.02925341,79,0.219300732,12.39126364,24.36708861,8.627027737,-75.51236995,33.279,0.94047619,1.436330566,0.748415784,16.60667586
177.5826485,172,0.786643376,14.79855404,172,0.407042137,19.42296916,74.02325581,11.99188964,-79.46805482,53.012,0.87755102,1.619675443,0.685461736,21.78929455
230.9844797,291,0.608998589,19.24870665,291,0.242302891,21.78346437,35.1580756,17.27801885,79.06311936,64.632,0.912225705,1.260761697,0.796126054,37.241856
168.0338066,154,0.472454183,14.00281721,154,0.239580502,15.4337416,31.96103896,13.60260891,-81.84145708,49.481,0.870056497,1.134616286,0.698853431,18.94917447
59.02188911,19,0.663103746,4.918490759,19,0.235460697,5.848527712,30.42105263,4.377783843,50.0920166,12.645,1,1.335956256,0.958046656,1.157732352
107.4747838,63,0.678997458,8.956231982,63,0.25608116,10.96907988,40.61904762,8.052847124,23.1124438,30.079,0.887323944,1.362136858,0.71735753,7.4898432
40.62165002,9,0.760175561,3.385137501,9,0.222440471,4.464504938,25.66666667,2.90066797,-29.51812173,8.328,1,1.539129947,0.859718724,7.310886698
64.93819656,23,0.592306303,5.41151638,23,0.212602917,6.137858244,23.60869565,4.945351437,-29.42817575,14.051,0.958333333,1.241136919,0.977811078,4.65024
116.4802154,74,0.392370326,9.70668462,74,0.431133902,10.21955234,73.83783784,9.400019168,-90,28.102,0.948717949,1.087184202,0.952619901,11.22242313
93.81168229,48,0.498041598,7.81764019,48,0.308727952,8.801424144,49.27083333,7.632182573,-79.4953681,25.555,0.905660377,1.153198847,0.732471001,35.74567385
85.63795758,40,0.575880817,7.136496465,40,0.231271157,8.169097054,28.8,6.678511809,-14.78252995,21.271,0.930232558,1.223191227,0.843416409,2.5754112
52.44232467,15,0.181443685,4.370193722,15,0.222440471,4.647580015,25.73333333,4.5704364,-18.43494882,11.81,0.9375,1.016878829,0.843191481,7.408182857
33.16743835,6,0.745355992,2.763953196,6,0.222440471,3.464101615,25,2.309401077,90,5.516,1,1.5,1,2.121236757
176.0271501,169,0.623791586,14.66892917,169,0.443567083,16.76472037,76.36094675,13.1031499,66.74740677,45.693,0.949438202,1.279442004,0.890515391,22.05490605
57.44768838,18,0.751764613,4.787307365,18,0.231271157,6.068426958,29.44444444,4.001712186,22.69226483,12.918,1,1.516457625,0.877027716,2.308873846
109.1674042,65,0.684187946,9.097283683,65,0.239580502,10.79790178,32.4,7.874971687,62.36769113,27.821,0.955882353,1.371167061,0.852017632,10.46722065
69.0435287,26,0.836493634,5.753627392,26,0.239580502,8.808645972,32.23076923,4.826932243,79.4471719,22.487,0.787878788,1.824895302,0.497431971,5.04576
50.66409895,14,0.196396101,4.222008246,14,0.231271157,4.364357805,30.92857143,4.279360369,90,10.106,1,1.019862182,1,6.184512
44.90892382,11,0.798061088,3.742410319,11,0.247750155,5.100421681,41.63636364,3.073394503,30.69477017,10.032,0.916666667,1.659540185,0.796515238,15.71191855
78.95429571,34,0.37098096,6.579524642,34,0.25608116,7.019296256,37.64705882,6.518402591,-56.34591662,19.013,0.918918919,1.076843008,0.870484901,5.45163907
35.82492793,7,0.353093932,2.985410661,7,0.258936453,3.236694375,42.42857143,3.028212018,90,6.368,1,1.068846684,0.972711557,9.0815904
184.6684812,186,0.553459325,15.3890401,186,0.395421462,16.92472629,70.74731183,14.09620183,-29.7716986,46.255,0.96875,1.200658624,0.957919079,25.10693053
48.82114734,13,0.749808756,4.068428945,13,0.287656491,5.564104865,50.53846154,3.681515661,74.62501635,12.364,0.866666667,1.511362541,0.679479683,7.5024
46.90584114,12,0,3.908820095,12,0.238211875,4,36.58333333,4,0,8.816,1,1,1,14.10048
35.82492793,7,0.353093932,2.985410661,7,0.245022413,3.236694375,32.85714286,3.028212018,0,6.368,1,1.068846684,0.972711557,7.595924211
38.29845892,8,0.64480312,3.191538243,8,0.236843247,3.925854651,30,3.000721901,34.72197739,7.683,1,1.308303395,0.857979135,7.611074743
42.81897879,10,0.868724323,3.568248232,10,0.231271157,5.675029751,26.2,2.810819096,-40.45486154,10.313,0.909090909,2.018995018,0.69417466,13.17476571
176.5471723,170,0.795519402,14.71226436,170,0.293119465,19.27079329,49.71176471,11.67671545,70.95551164,48.488,0.939226519,1.650360786,0.801422236,4.477529302
80.10697414,35,0.344397887,6.675581178,35,0.239580502,7.007936599,31.28571429,6.579217548,-84.57179333,18.616,0.972222222,1.06516262,0.929086661,1.423509677
104.0069381,59,0.676124183,8.667244841,59,0.239580502,10.26772675,33.52542373,7.565134591,76.80056112,25.695,0.983333333,1.357243103,0.89160807,6.826791724
35.82492793,7,0.856222401,2.985410661,7,0.267840069,4.312826484,38.14285714,2.228038055,81.65037788,6.922,1,1.935705934,0.868563961,8.76096
108.3244,64,0.604024208,9.027033337,64,0.22983912,10.57967625,40.28125,8.431641942,-72.42070225,29.98,0.876712329,1.25475872,0.733107082,11.47382126
70.35876171,27,0.321984479,5.863230143,27,0.234078146,6.177775614,32.81481481,5.848777848,-65.02486388,16.218,0.931034483,1.056250686,0.905276399,2.873417143
48.82114734,13,0.724196192,4.068428945,13,0.236843247,5.041736331,35.84615385,3.476751087,-39.26523483,10.015,1,1.450128641,0.943770415,9.764770909
54.16220002,16,0.442803433,4.513516668,16,0.272528946,5.126916651,51.625,4.596889418,-37.98187827,13.861,0.842105263,1.11530128,0.695503863,9.183085714
133.3589516,97,0.653827912,11.11324596,97,0.234078146,13.16286019,30.44329897,9.959589778,-77.21754081,37.001,0.906542056,1.321626742,0.756433513,6.20784
38.29845892,8,0.866025404,3.191538243,8,0.317133535,4.618802154,52.25,2.309401077,0,7.476,1,2,0.891759474,3.03264
185.6586679,188,0.466254925,15.47155566,188,0.373126314,16.56392373,66.63297872,14.65328189,-81.67845163,48.298,0.954314721,1.130390028,0.892838012,173.581056
35.82492793,7,0.856222401,2.985410661,7,0.228407082,4.312826484,27.28571429,2.228038055,-8.349622117,6.922,1,1.935705934,0.868563961,7.40016
40.62165002,9,0.665811885,3.385137501,9,0.222440471,4.053691235,24.66666667,3.02453869,-20.30064732,7.683,1,1.340267608,0.965226527,3.84912
60.55518053,20,0.690828098,5.046265044,20,0.222440471,6.185785415,26.3,4.472440661,-74.58269238,13.869,0.869565217,1.383089432,0.86856229,3.77136
35.82492793,7,0.692995696,2.985410661,7,0.231271157,3.82702156,32.85714286,2.75905951,-10.90070474,7.22,0.875,1.387074671,0.819322487,4.09536
103.1217566,58,0.615450564,8.593479714,58,0.228407082,11.01577878,26.31034483,8.682366836,3.083016508,32.849,0.753246753,1.268752978,0.562677904,4.719953455
95.7461473,49,0.789268148,7.89865417,49,0.212602917,12.67759132,21.04081633,7.784658317,-47.29821275,40.301,0.590361446,1.628535358,0.326267993,6.880581818
46.90584114,12,0.72473203,3.908820095,12,0.228407082,4.993804705,29.08333333,3.440885402,-16.44061983,10.404,0.857142857,1.451313869,0.821854784,1.45476
131.9769562,95,0.553895919,10.99807968,95,0.337509439,12.28217844,58.33684211,10.22596881,-89.52151872,33.081,0.969387755,1.201077244,0.90985965,27.64368
30.27759026,5,0,2.523132522,5,0.225469467,2.780887149,27.6,2.780887149,0,5.624,1,1,0.817743873,4.945085217
69.0435287,26,0.618753856,5.753627392,26,0.222440471,7.126170652,24.42307692,5.598212198,-20.5503123,18.823,0.866666667,1.272936859,0.677231118,0.749323636
76.59691784,32,0.794797121,6.383076486,32,0.277372834,8.358880904,43.9375,5.072797718,-10.97603428,18.343,0.941176471,1.647785181,0.871175382,1.84032
122.6148953,82,0.667369645,10.21790794,82,0.347215448,12.37689172,58.92682927,9.217400889,-65.13689548,37.109,0.854166667,1.342774592,0.63603228,6.58368
111.6582358,68,0.506704885,9.304852983,68,0.261843668,10.11728941,39.54411765,8.722313228,33.56414482,26.779,0.971428571,1.159931906,0.954505408,0.89424
470.8140947,1209,0.505925515,39.23450789,1209,0.367763114,42.4479333,70.74276261,36.61461816,63.82717971,132.009,0.94453125,1.159316564,0.831764261,179.283456
75.39059177,31,0.226720143,6.282549314,31,0.247750155,6.489031275,32.93548387,6.320056551,15.2551187,17.508,0.939393939,1.026736268,0.9135842,1.01088
91.83647829,46,0.540650342,7.653039857,46,0.312880141,8.499873184,51.34782609,7.150496316,-2.753230983,21.8,0.978723404,1.188710938,0.929221675,9.519516735
129.1686146,91,0.512735676,10.76405122,91,0.228407082,11.83384767,28.10989011,10.15990873,77.08863088,32.502,0.947916667,1.164759249,0.900094925,15.35132903
124.1011907,84,0.648721571,10.34176589,84,0.485518638,12.40989961,77.57142857,9.444254235,88.32318514,38.523,0.831683168,1.314015835,0.608071809,22.65654857
59.02188911,19,0.789258699,4.918490759,19,0.279042627,6.967114361,53.47368421,4.278232049,-41.12498179,17.045,0.826086957,1.628503149,0.58591879,12.6195373
82.36395021,37,0.575576646,6.863662518,37,0.25608116,7.897925698,42.45945946,6.458511655,-44.64354013,20.419,0.860465116,1.222870859,0.837604818,9.198416842
89.81784764,44,0.479222543,7.484820637,44,0.258936453,8.093723661,38.06818182,7.103808069,-12.86022857,20.783,1,1.139349991,0.965991792,3.081187971
40.62165002,9,0.665811885,3.385137501,9,0.277372834,4.053691235,42.33333333,3.02453869,20.30064732,7.683,1,1.340267608,0.965226527,8.334276923
33.16743835,5,0.743786467,2.523132522,5,0.225469467,3.529849687,33.2,2.359412608,55.90070474,5.814,0.833333333,1.496071384,0.783413778,5.28768
23.45292057,3,0.730296743,1.954410048,3,0.222440471,2.581988897,25.33333333,1.763834207,-45,3.093,1,1.463850109,0.969873184,6.153712941
33.16743835,6,0.456435465,2.763953196,6,0.260390061,3.265986324,38.33333333,2.905932629,-26.56505118,6.277,1,1.123902974,0.849941599,7.79853913
96.69886874,51,0.395834253,8.058239062,51,0.306677132,8.51911886,52.78431373,7.823294031,-45.7129496,22.842,0.944444444,1.088942692,0.949252264,8.43561931
27.08110001,4,0,2.256758334,4,0.220870602,2.309401077,25.5,2.309401077,0,3.556,1,1,1,1.327104
38.29845892,8,0.580947502,3.191538243,8,0.236843247,3.651483717,32.375,2.972092417,-45,6.831,1,1.228590234,1,18.27194553
118.8178441,77,0.548044253,9.901487007,77,0.250496356,10.99330534,35.87012987,9.195342989,55.28051538,30.426,0.93902439,1.195529667,0.858737041,7.45344
27.08110001,4,0.731925055,2.256758334,4,0.246386284,3.055050463,35.75,2.081665999,90,4.59,1,1.467598771,0.840875939,2.943771429
38.29845892,8,0.866025404,3.191538243,8,0.243662652,4.618802154,32.25,2.309401077,90,7.476,1,2,0.891759474,3.278117647
93.81168229,48,0.605272604,7.81764019,48,0.232674652,8.897432906,28.58333333,7.082519084,33.01248713,22.768,0.923076923,1.256252585,0.898524516,4.704147692
63.51080914,22,0.350324525,5.292567428,22,0.232674652,5.613835722,27.72727273,5.258077873,-33.69006753,13.935,0.956521739,1.067659296,0.948047521,3.16224
55.8291179,17,0.836150008,4.652426492,17,0.212602917,6.685379198,22.11764706,3.666936062,-23.14608344,14.622,0.894736842,1.823151286,0.677013259,2.068662857
71.64985586,28,0.504953392,5.970821321,28,0.239580502,6.565374819,32,5.666881025,-83.56249922,16.565,0.933333333,1.158551731,0.906034669,1.591792941
38.29845892,8,0.767144629,3.191538243,8,0.277372834,4.584538338,45.125,2.940862951,52.01812173,9.089,0.8,1.55890921,0.672055047,1.444114286
270.8110001,400,0.300575977,22.56758334,400,0.250496356,23.2073701,39.4,22.13421197,-25.16920429,71.455,0.961538462,1.048484136,0.903299717,49.37350737
55.8291179,16,0.907895114,4.513516668,16,0.242302891,8.137439708,40.875,3.411193583,24.1478155,17.227,0.8,2.385510968,0.484627217,0.02592
172.8741698,163,0.390374383,14.40618082,163,0.543401644,15.06812713,85.96319018,13.87256468,-56.24810546,42.881,0.976047904,1.086181789,0.967064201,28.88587636
508.4472019,1410,0.491966735,42.37060016,1410,0.373126314,45.77831462,72.49219858,39.85524146,-48.09458468,139.511,0.957880435,1.14861466,0.870702193,155.602944
88.79132424,43,0.51263609,7.39927702,43,0.231271157,8.328191484,30.13953488,7.15063506,45.54405405,23.694,0.895833333,1.164678579,0.750336266,1.556496
183.6729566,184,0.26778278,15.30607971,184,0.310778771,15.67281241,54.88586957,15.10043051,-58.43721032,46.247,0.968421053,1.037905006,0.94792589,18.00768
46.90584114,12,0.882039284,3.908820095,12,0.282425849,5.992947861,45.16666667,2.823732428,75.74932019,10.958,0.923076923,2.122349768,0.758539111,1.722683077
131.280503,94,0.200279034,10.94004192,94,0.267840069,11.13015408,46.10638298,10.90464489,-21.62141531,32.022,0.959183673,1.020680103,0.955325206,8.959114766
52.44232467,15,0.789914131,4.370193722,15,0.352212845,5.88205631,55.73333333,3.606979686,-60.90266446,12.364,0.9375,1.630742843,0.784015019,0.551908174
149.5602632,122,0.683679452,12.46335526,122,0.42501065,15.1180885,74.46721311,11.03291548,44.74661047,43.543,0.865248227,1.370271396,0.70343269,7.306298182
171.8103187,161,0.423194061,14.31752656,161,0.298774836,15.12860242,52.44099379,13.70710479,-74.36881899,43.807,0.947058824,1.10370517,0.917889884,12.082608
66.3348767,24,0.269235454,5.527906392,24,0.222440471,5.835553228,25.33333333,5.620071833,-35.47668785,15.184,0.888888889,1.038341395,0.89805937,2.3991552
46.90584114,12,0.5,3.908820095,12,0.208996853,4.618802154,21.33333333,4,90,10.776,0.857142857,1.154700538,0.77850762,1.542439385
33.16743835,6,0.833333333,2.763953196,6,0.250496356,4,40.83333333,2.211083194,90,6.368,1,1.809068067,0.833752763,0.520811163
27.08110001,4,0,2.256758334,4,0.236843247,2.309401077,31.25,2.309401077,0,3.556,1,1,1,1.00224
104.8846493,60,0.526234501,8.740387445,60,0.302676093,9.664972251,56.96666667,8.218507586,-45.27071942,25.762,0.9375,1.176000892,0.902521296,5.731355676
94.78385004,49,0.627359385,7.89865417,49,0.462651053,9.199674854,78.89795918,7.164061554,-47.1914406,23.967,0.907407407,1.284142352,0.837899634,8.145298286
131.9769562,95,0.502954649,10.99807968,95,0.245022413,12.26237404,37.75789474,10.59852688,-7.098434841,37.208,0.896226415,1.156988531,0.733255214,14.1090624
48.82114734,13,0.505789615,4.068428945,13,0.28071242,4.470371451,50.15384615,3.856396618,45,9.461,1,1.159209463,1,1.334016
229.3914643,287,0.833289143,19.11595536,287,0.267840069,25.96727333,44.13240418,14.35568017,-86.88867771,64.73,0.928802589,1.808850087,0.782916922,43.12145455
123.3602814,83,0.888983691,10.28002345,83,0.671204552,15.7802994,103.5542169,7.226412266,-71.51514837,37.117,0.846938776,2.183697638,0.643532935,30.98618182
54.16220002,16,0.685511115,4.513516668,16,0.260390061,5.665038716,39.75,4.124500335,-27.99032501,12.918,0.888888889,1.373509093,0.779580192,3.9937536
145.8361867,116,0.625794375,12.15301556,116,0.253270458,13.94888272,36.98275862,10.87996221,68.71929176,39.449,0.899224806,1.28207088,0.803601033,44.81444571
156.7431984,134,0.884998695,13.0619332,134,0.258936453,19.46405548,38.91791045,9.062337764,-86.71193671,45.651,0.937062937,2.147796296,0.707305233,25.50247784
191.9704284,201,0.235383676,15.9975357,201,0.323690839,16.30877129,58.37810945,15.85053606,76.54256759,48.397,0.966346154,1.028909763,0.950913057,15.66864
40.62165002,9,0.503952631,3.385137501,9,0.234078146,3.944053189,31.33333333,3.406602159,26.56505118,8.626,0.9,1.157767477,0.81672739,4.540032
48.82114734,13,0.486712922,4.068428945,13,0.212602917,4.565475203,25.46153846,3.988225554,-61.23559615,10.495,0.928571429,1.144738466,0.878499424,12.241044
33.16743835,6,0.456435465,2.763953196,6,0.264809505,3.265986324,42.83333333,2.905932629,63.43494882,6.277,1,1.123902974,0.849941599,4.265886316
64.93819656,23,0.65662655,5.41151638,23,0.222440471,6.417415774,26.26086957,4.840116804,-87.06701443,14.514,0.958333333,1.325880353,0.927199309,10.25255092
131.280503,94,0.513689774,10.94004192,94,0.258936453,11.9048067,39.5106383,10.21403843,-88.45678932,32.204,0.969072165,1.165533768,0.945512297,8.868730647
30.27759026,5,0.765092056,2.523132522,5,0.253270458,3.306559138,37.8,2.12916259,71.56505118,4.962,1,1.552985739,0.956807706,0
199.464757,217,0.478631114,16.62206309,217,0.242302891,17.97386988,33.99078341,15.78134697,74.07306722,55.733,0.927350427,1.138931291,0.786708364,270.57024
91.83647829,46,0.393757659,7.653039857,46,0.243662652,8.085094258,33.02173913,7.431934156,10.40059841,21.635,0.978723404,1.087885615,0.94163921,3.35664
245.603332,329,0.451330947,20.46694433,329,0.277372834,21.75942405,50.16717325,19.41716657,-8.867849547,65.351,0.94269341,1.120628181,0.881289407,23.89824
103.1217566,58,0.505100307,8.593479714,58,0.28071242,9.425620488,46.93103448,8.134882115,-65.3215125,25.563,0.950819672,1.158667127,0.884575856,0.164945455
105.7550763,61,0.340713988,8.812923024,61,0.28071242,9.22292414,48.04918033,8.671088875,-32.69955807,25.902,0.968253968,1.063640827,0.908738703,3.44474422
85.63795758,40,0.839564076,7.136496465,40,0.257508807,10.04673737,43.3,5.457997341,16.66858322,23.62,0.909090909,1.840736947,0.701852649,4.644992795
50.66409895,13,0.820854816,4.068428945,13,0.212602917,6.791799131,23.23076923,3.879047172,-57.81420944,14.787,0.722222222,1.750893668,0.508230608,1.62432
67.70275003,25,0.693859016,5.641895835,25,0.291266718,6.789167828,48.4,4.888953556,34.94632841,15.25,1,1.388675051,0.928776448,6.05624367
139.4084948,106,0.464589731,11.61737456,106,0.42198167,12.59339407,68.63207547,11.15177848,-89.9761655,36.331,0.954954955,1.129272258,0.854917926,25.47288
99.50231505,54,0.651634936,8.291859587,54,0.249123256,9.928666391,38.27777778,7.531218476,33.28680213,25.497,0.885245902,1.318334666,0.827370971,0.817242353
50.66409895,14,0.196396101,4.222008246,14,0.317133535,4.364357805,62.85714286,4.279360369,90,10.106,1,1.019862182,1,1.924236
27.08110001,4,0,2.256758334,4,0.279042627,2.309401077,45.5,2.309401077,0,3.556,1,1,1,5.2416
23.45292057,3,0.730296743,1.954410048,3,0.216029193,2.581988897,23,1.763834207,-45,3.093,1,1.463850109,0.969873184,5.528176941
134.0446062,98,0.686943499,11.17038385,98,0.251883407,13.29613895,38.76530612,9.662448153,54.49879707,35.504,0.933333333,1.376063161,0.824586074,12.28608
33.16743835,6,0.745355992,2.763953196,6,0.253270458,3.464101615,34.5,2.309401077,0,5.516,1,1.5,1,5.246208
64.93819656,23,0.587240199,5.41151638,23,0.231271157,6.123784915,25.91304348,4.956669394,9.556486867,14.051,1,1.235463661,0.977811078,0.409769514
80.10697414,35,0.617147702,6.675581178,35,0.469120204,7.671824027,86.74285714,6.036554219,-55.23113576,18.616,0.972222222,1.270894578,0.929086661,9.131245714
40.62165002,9,0.503952631,3.385137501,9,0.231271157,3.944053189,31.66666667,3.406602159,-63.43494882,8.626,0.9,1.157767477,0.81672739,6.810005854
87.7527935,42,0.275948938,7.312732791,42,0.298774836,7.529834839,50.02380952,7.237468645,4.49e-15,20.138,0.954545455,1.040396195,0.973886624,7.090644706
54.16220002,16,0.652779308,4.513516668,16,0.222440471,5.408661769,26.1875,4.097321629,55.58062991,12.066,1,1.320048134,0.869378517,2.761476923
142.0144865,42,0.61943757,7.312732791,42,0.306677132,8.372040561,47.69047619,6.572436284,89.22696528,20.576,1,1.273810837,0.938248638,8.691346286
42.81897879,10,0.657535506,3.568248232,10,0.208996853,4.258325179,22.5,3.208322511,90,8.146,1,1.327274663,0.986295854,8.445384
30.27759026,5,0.84711745,2.523132522,5,0.291266718,4.00666112,47,2.12916259,45,6.277,0.833333333,1.88180139,0.708284666,5.28768
173.4036479,164,0.915166468,14.45030399,164,0.258936453,24.51076048,40.6402439,9.879701529,-85.16157396,55.311,0.836734694,2.48092115,0.603178918,47.63277474
35.82492793,6,0.917811248,2.763953196,6,0.208996853,5.071806318,22,2.013593417,57.75693521,7.774,0.857142857,2.51878372,0.632800005,5.030948571
35.82492793,7,0.856222401,2.985410661,7,0.216029193,4.312826484,23.71428571,2.228038055,-81.65037788,6.922,1,1.935705934,0.868563961,2.640790588
40.62165002,9,0.640783331,3.385137501,9,0.216029193,4.535240521,22.33333333,3.481802901,-39.60785107,10.495,0.75,1.302555213,0.608191909,5.868288
50.66409895,14,0.646290257,4.222008246,14,0.392573661,5.021028396,66.78571429,3.831504967,3.562508174,11.14,1,1.310458537,0.862550669,0.983108571
120.351041,79,0.820380617,10.02925341,79,0.339911639,13.57769538,61.07594937,7.76396846,-8.919467437,35.314,0.887640449,1.748808674,0.671301995,12.96876169
127.0216183,88,0.473674711,10.58513486,88,0.332803483,11.37313732,57.67045455,10.01632061,58.078214,30.707,0.977777778,1.135460591,0.965186643,9.706123636
57.44768838,18,0.642910051,4.787307365,18,0.247750155,5.773502692,37.88888889,4.422166387,0,13.497,0.9,1.30558242,0.817051046,3.63366
78.95429571,34,0.423750541,6.579524642,34,0.260390061,6.996126791,38.08823529,6.336944275,63.43494882,17.971,0.971428571,1.104022142,0.958529855,3.094029474
55.8291179,17,0.696093698,4.652426492,17,0.228407082,5.657611433,26.17647059,4.061887491,4.932903472,12.182,1,1.392852817,0.90978252,0.286484211
83.46955606,38,0.379507861,6.955796338,38,0.267840069,7.329587916,38.34210526,6.78125054,11.37304735,19.104,0.95,1.080860805,0.964951532,13.32
40.62165002,9,0.665811885,3.385137501,9,0.242302891,4.053691235,32.33333333,3.02453869,20.30064732,7.683,1,1.340267608,0.965226527,1.99281039
63.51080914,22,0.384395775,5.292567428,22,0.250496356,5.638997755,35.72727273,5.205744514,67.64252564,13.935,1,1.08322599,0.948047521,2.494418824
376.7096849,774,0.454354856,31.39247374,774,0.302676093,33.33808011,57.18604651,29.69825458,81.60007491,101.881,0.959107807,1.122560251,0.881830984,191.2896
35.82492793,7,0.688972486,2.985410661,7,0.247750155,3.763583333,40.14285714,2.727798137,-30.47269795,6.831,0.875,1.379714753,0.884487591,1.70208
83.46955606,38,0.548563505,6.955796338,38,0.231271157,7.95290405,27.68421053,6.649493799,-83.98523676,21.734,0.88372093,1.196016462,0.771696602,10.196064
146.463442,117,0.365918413,12.20528684,117,0.25608116,12.7494438,41.60683761,11.86523077,-22.44125526,37.191,0.951219512,1.074521351,0.903823118,92.254464
33.16743835,6,0.745355992,2.763953196,6,0.239580502,3.464101615,29.5,2.309401077,0,5.516,1,1.5,1,0.4104
44.90892382,11,0.841412176,3.742410319,11,0.212602917,5.316396755,20.45454545,2.87294829,-41.20267832,9.461,0.916666667,1.850502069,0.87032759,2.361312
30.27759026,5,0.765092056,2.523132522,5,0.212602917,3.306559138,21.8,2.12916259,71.56505118,4.962,1,1.552985739,0.956807706,4.401216
70.35876171,27,0.629826075,5.863230143,27,0.284139278,6.905484413,56.40740741,5.363739684,-40.6622991,16.656,1,1.287438396,0.865663009,3.299616
54.16220002,16,0.663926847,4.513516668,16,0.210799885,5.404473456,21.875,4.041451884,45,12.083,1,1.337260373,0.86743808,0.71712
129.8763931,92,0.661428782,10.82303276,92,0.282425849,12.69282383,47.5,9.519719136,-49.85141292,33.329,0.948453608,1.333319151,0.869184654,14.76487837
44.90892382,11,0.882624355,3.742410319,11,0.247750155,6.550176759,38.54545455,3.079100413,-7.567917752,12.736,0.733333333,2.127302095,0.548318928,3.770677895
42.81897879,10,0.630476011,3.568248232,10,0.212602917,4.618802154,22.9,3.585154576,-74.0546041,10.404,0.833333333,1.288313253,0.684878987,1.2312
23.45292057,3,0.730296743,1.954410048,3,0.231271157,2.581988897,30,1.763834207,45,3.093,1,1.463850109,0.969873184,1.323401143
30.27759026,3,0.942809042,1.954410048,3,0.222440471,3.464101615,38,1.154700538,0,3.92,1,3,0.756006963,2.527445558
72.91809336,29,0.776473489,6.07650778,29,0.28071242,8.084964688,46,5.094739849,86.97957188,19.931,0.828571429,1.58692395,0.684565589,5.116382609
121.1103611,80,0.59383458,10.09253009,80,0.296873524,11.5392776,50.9125,9.28435454,-67.23360096,32.659,0.930232558,1.242873433,0.78436719,10.78112492
48.82114734,13,0.683581563,4.068428945,13,0.222440471,4.971714867,24.92307692,3.628726066,-45,10.197,1,1.370099252,0.918191349,2.2374144
106.6183974,62,0.641671183,8.884866447,62,0.222440471,10.67765012,27.46774194,8.189542505,28.22823434,30.261,0.873239437,1.303815215,0.698298644,5.8288896
62.05059535,21,0.657638023,5.170882946,21,0.231271157,6.178903143,41.85714286,4.654778291,-56.64888763,14.622,0.954545455,1.327432319,0.836310496,6.490368
40.62165002,9,0.665811885,3.385137501,9,0.231271157,4.053691235,29,3.02453869,-69.69935268,7.683,1,1.340267608,0.965226527,1.063556129
145.2062218,115,0.621079079,12.10051849,115,0.319285559,13.7358333,54.33913043,10.76543057,51.51751157,35.504,0.974576271,1.275920477,0.967626516,8.7174144
52.44232467,15,0.475270821,4.370193722,15,0.274116992,4.760952286,39.4,4.188874153,45,10.751,1,1.136570857,0.976640026,0.6156
30.27759026,5,0.765092056,2.523132522,5,0.258936453,3.306559138,38.2,2.12916259,18.43494882,4.962,1,1.552985739,0.956807706,0.370285714
88.79132424,43,0.686064804,7.39927702,43,0.373126314,8.881310069,65.95348837,6.461512193,-26.45020383,21.643,0.955555556,1.374494051,0.879659807,2.17404
133.3589516,97,0.495214526,11.11324596,97,0.332803483,11.99301727,57.1443299,10.41918232,62.72388495,32.204,0.97,1.151051676,0.975688221,9.793528163
76.59691784,32,0.554001214,6.383076486,32,0.235460697,7.151401025,29.34375,5.953654764,-41.25355927,18.153,0.941176471,1.20117832,0.886790779,4.936480405
95.7461473,50,0.607360422,7.978845608,50,0.291266718,9.612587416,41.54,7.636493295,72.14924768,27.73,0.819672131,1.258769836,0.659267699,0.099977143
107.4747838,63,0.419098957,8.956231982,63,0.253270458,9.506100485,36.6031746,8.630974218,-83.42306889,25.836,0.954545455,1.101393683,0.942813532,10.76907789
99.50231505,54,0.306310145,8.291859587,54,0.269390484,8.620439854,40.38888889,8.206070571,9.602465182,23.595,0.981818182,1.050495457,0.949273823,7.615521391
57.44768838,18,0.405973909,4.787307365,18,0.239580502,5.163977795,30.55555556,4.719280129,32.00538321,12.091,1,1.094229979,0.974843078,2.368283586
40.62165002,9,0.759113364,3.385137501,9,0.242302891,4.430771014,32.77777778,2.884247823,-83.95262146,8.237,1,1.536196362,0.873524868,3.91176
35.82492793,7,0.353093932,2.985410661,7,0.225469467,3.236694375,27,3.028212018,0,6.368,1,1.068846684,0.972711557,2.786980299
66.3348767,24,0.729658663,5.527906392,24,0.234078146,6.845741238,28.125,4.681196928,-50.7800654,15.159,0.96,1.462391209,0.90051468,0.859934118
137.4215737,103,0.723492928,11.45179781,103,0.258936453,14.10192643,49.13592233,9.735008142,-72.32669618,40.475,0.887931034,1.448578802,0.680367591,6.016010579
72.91809336,29,0.386969538,6.07650778,29,0.267840069,6.445340869,41.20689655,5.943200469,54.27288612,16.193,1,1.084489898,0.974850028,6.259924528
91.83647829,46,0.58304942,7.653039857,46,0.270940899,9.179833898,40.45652174,7.458033857,-77.54271668,29.037,0.807017544,1.230865141,0.558256262,14.73198545
46.90584114,4,0,2.256758334,4,0.222440471,2.309401077,27,2.309401077,0,3.556,1,1,1,8.212937143
42.81897879,10,0.5874078,3.568248232,10,0.226938275,4.085747586,28.4,3.306559138,90,8.328,1,1.235649331,0.955243026,9.187952327
23.45292057,3,0.730296743,1.954410048,3,0.225469467,2.581988897,25,1.763834207,45,3.093,1,1.463850109,0.969873184,7.019607273
38.29845892,8,0.580947502,3.191538243,8,0.222440471,3.651483717,27.875,2.972092417,-45,6.831,1,1.228590234,1,7.999310769
235.3096711,302,0.460821928,19.60913926,302,0.267840069,20.94799397,43.43377483,18.59119005,82.39210393,65.79,0.926380368,1.126769933,0.798693557,25.6345344
35.82492793,7,0.856222401,2.985410661,7,0.287656491,4.312826484,43.42857143,2.228038055,-8.349622117,6.922,1,1.935705934,0.868563961,8.141348571
117.2646029,75,0.706968449,9.772050238,75,0.239580502,11.82524674,31.54666667,8.363347651,75.48968461,31.187,0.903614458,1.413937006,0.799758987,3.21408
33.16743835,6,0.745355992,2.763953196,6,0.253270458,3.464101615,40.33333333,2.309401077,0,5.516,1,1.5,1,6.041716364
48.82114734,13,0.817192583,4.068428945,13,0.235460697,5.451389783,37,3.141988706,14.87244065,10.106,1,1.735012533,0.930849104,9.474756923
30.27759026,5,0.765092056,2.523132522,5,0.25608116,3.306559138,37.6,2.12916259,-18.43494882,4.962,1,1.552985739,0.956807706,7.16688
23.45292057,3,0.730296743,1.954410048,3,0.212602917,2.581988897,22.66666667,1.763834207,45,3.093,1,1.463850109,0.969873184,7.472935385
70.35876171,27,0.591596558,5.863230143,27,0.222440471,6.756075253,25.14814815,5.446978622,87.95158317,16.656,0.964285714,1.240334454,0.865663009,0.779956364
44.90892382,11,0.684690195,3.742410319,11,0.242302891,4.496907734,31.54545455,3.277500291,74.92930722,8.791,1,1.372054107,0.970807044,5.71008
33.16743835,6,0.833333333,2.763953196,6,0.261843668,4,44.33333333,2.211083194,0,6.368,1,1.809068067,0.833752763,12.0275712
136.7528516,102,0.4335331,11.39607097,102,0.246386284,12.19172162,46.6372549,10.98641928,62.05673106,34.743,0.935779817,1.109708387,0.893068542,4.901272615
55.8291179,17,0.590082506,4.652426492,17,0.287656491,5.690599449,51.35294118,4.594265337,-62.70343287,13.96,0.80952381,1.238630996,0.730441888,7.429832597
52.44232467,15,0.895487724,4.370193722,15,0.277372834,6.888602383,47.53333333,3.066021942,-81.18885139,12.62,0.9375,2.246755736,0.758753879,11.50124651
59.02188911,19,0.586815166,4.918490759,19,0.234078146,5.890508884,29.57894737,4.769668248,-73.09602004,15.341,0.863636364,1.234993416,0.698936436,9.132584096
38.29845892,8,0.920807131,3.191538243,8,0.249123256,5.445697778,35.25,2.123921461,81.32298768,8.882,1,2.563982651,0.695394645,13.312512
38.29845892,8,0.580947502,3.191538243,8,0.263326587,3.651483717,43.75,2.972092417,-45,6.831,1,1.228590234,1,11.74438957
50.66409895,12,0.939797403,3.908820095,12,0.219300732,8.261460407,24.58333333,2.823206362,72.83276429,15.176,0.705882353,2.926268699,0.449421988,0.026985205
57.44768838,17,0.712090758,4.652426492,17,0.222440471,6.2107391,24.35294118,4.360481822,-29.68500076,14.787,0.80952381,1.424324043,0.664609256,4.085934545
132.6697534,96,0.478218376,11.05581278,96,0.235460697,12.00680576,32.5,10.54486862,-49.99752315,34.288,0.932038835,1.138639673,0.861094659,7.342885161
78.95429571,34,0.440499823,6.579524642,34,0.226938275,7.077912535,26.5,6.354215073,49.91892548,18.732,0.944444444,1.113892503,0.892994,1.994679403
27.08110001,4,0.731925055,2.256758334,4,0.217664963,3.055050463,23.5,2.081665999,90,4.59,1,1.467598771,0.840875939,6.899432727
64.93819656,23,0.587240199,5.41151638,23,0.231271157,6.123784915,28.43478261,4.956669394,-9.556486867,14.051,0.958333333,1.235463661,0.977811078,14.19514435
84.56070768,39,0.48696577,7.04672564,39,0.267840069,8.525123279,41.23076923,7.446022168,-70.97049171,24.728,0.829787234,1.144923167,0.630976564,6.362796522
48.82114734,13,0.817192583,4.068428945,13,0.323690839,5.451389783,53.15384615,3.141988706,-75.12755935,10.106,1,1.735012533,0.930849104,9.06624
59.02188911,19,0.741884694,4.918490759,19,0.242302891,6.117887848,33.52631579,4.102211921,-5.582440089,12.645,0.95,1.491363188,0.958046656,13.70171077
116.4802154,74,0.646402911,9.70668462,74,0.257508807,11.35982966,38.54054054,8.667507418,-73.24538265,29.88,0.925,1.310622432,0.852796781,6.710598621
35.82492793,7,0.353093932,2.985410661,7,0.219300732,3.236694375,24,3.028212018,0,6.368,1,1.068846684,0.972711557,1.6761492
113.2883693,70,0.702577132,9.440697439,70,0.228407082,11.8204651,27.47142857,8.411532781,5.870423842,33.627,0.804597701,1.405268862,0.650659671,42.49892571
23.45292057,3,0.730296743,1.954410048,3,0.212602917,2.581988897,22.66666667,1.763834207,-45,3.093,1,1.463850109,0.969873184,2.467584
27.08110001,4,0,2.256758334,4,0.220870602,2.309401077,24.75,2.309401077,0,3.556,1,1,1,3.505052903
27.08110001,4,0,2.256758334,4,0.254675809,2.309401077,36.75,2.309401077,0,3.556,1,1,1,7.543954286
95.7461473,50,0.830189946,7.978845608,50,0.260390061,10.87694656,41.42,6.06368702,81.91055155,23.851,0.961538462,1.793784296,0.862364096,11.08244945
50.66409895,14,0.196396101,4.222008246,14,0.272528946,4.364357805,43.42857143,4.279360369,90,10.106,1,1.019862182,1,3.45984
77.78453777,33,0.613818354,6.482044814,33,0.231271157,7.611973955,26.60606061,6.009252232,-47.54833923,20.138,0.891891892,1.266709012,0.765196633,4.85568
40.62165002,9,0.665811885,3.385137501,9,0.222440471,4.053691235,27.66666667,3.02453869,-69.69935268,7.683,1,1.340267608,0.965226527,2.920712727
59.02188911,19,0.478613772,4.918490759,19,0.250496356,5.476012737,36.94736842,4.808079065,36.36709525,13.381,0.95,1.138919028,0.874595167,4.990282105
35.82492793,7,0.688972486,2.985410661,7,0.242302891,3.763583333,31.14285714,2.727798137,30.47269795,6.831,0.875,1.379714753,0.884487591,3.513270857
50.66409895,14,0.611429251,4.222008246,14,0.275744913,4.881411847,53.21428571,3.862656819,-65.64235545,10.404,1,1.263744639,0.958830581,7.944781395
38.29845892,8,0.782272678,3.191538243,8,0.212602917,4.27914326,24.25,2.665633063,-19.32990413,7.774,1,1.60530094,0.84373334,9.9563904
35.82492793,7,0.891824665,2.985410661,7,0.212602917,4.776412156,23.28571429,2.160759153,29.87178142,7.592,1,2.210525014,0.763515196,4.091700706
30.27759026,5,0.765092056,2.523132522,5,0.264809505,3.306559138,41.6,2.12916259,-18.43494882,4.962,1,1.552985739,0.956807706,7.152977455
35.82492793,7,0.856222401,2.985410661,7,0.212602917,4.312826484,22.71428571,2.228038055,8.349622117,6.922,1,1.935705934,0.868563961,9.27936
124.1011907,84,0.609938916,10.34176589,84,0.239580502,11.88289713,34.58333333,9.416583206,-77.77566871,33.544,0.903225806,1.261911764,0.784328635,9.780966761
86.70182393,41,0.733340828,7.225151994,41,0.25608116,8.972712276,37.14634146,6.100198791,-64.96729318,21.271,0.931818182,1.470888504,0.864501819,4.577167059
71.64985586,28,0.853363712,5.970821321,28,0.231271157,8.656464419,31.03571429,4.512753427,2.058838383,18.55,0.933333333,1.918222336,0.747799232,5.709805714
23.45292057,3,0.730296743,1.954410048,3,0.267840069,2.581988897,45.66666667,1.763834207,-45,3.093,1,1.463850109,0.969873184,9.67104
33.16743835,6,0.632455532,2.763953196,6,0.235460697,3.333333333,30,2.581988897,45,5.905,1,1.290994449,0.921278728,4.358016
174.4577831,166,0.555924617,14.53814859,166,0.260390061,16.02656338,43.1686747,13.32180373,44.1463841,45.048,0.954022989,1.20303254,0.898279403,51.94977882
30.27759026,3,0.942809042,1.954410048,3,0.212602917,3.464101615,26,1.154700538,90,3.92,1,3,0.756006963,2.623597714
30.27759026,3,0.942809042,1.954410048,3,0.212602917,3.464101615,32,1.154700538,90,3.92,1,3,0.756006963,5.154377143
63.51080914,22,0.739067408,5.292567428,22,0.231271157,6.568981287,27.5,4.425072566,1.57e-15,14.026,1,1.484491201,0.938023557,1.179977143
38.29845892,7,0.652382485,2.985410661,7,0.223954969,4.419299248,28.42857143,3.349342245,67.5,10.495,0.636363636,1.319452873,0.473038151,4.97664
38.29845892,4,0.968245837,2.256758334,4,0.205183582,4.618802154,30.25,1.154700538,0,5.88,1,4,0.617594511,7.636032
83.46955606,38,0.638626307,6.955796338,38,0.264809505,8.136444478,50,6.261132488,43.21183281,20.047,0.95,1.29951642,0.888064843,13.54752
145.2062218,115,0.831447652,12.10051849,115,0.298774836,16.71880569,51.7826087,9.289020221,-77.72324705,42.674,0.8984375,1.799845979,0.688463764,7.646195906
50.66409895,14,0.590032056,4.222008246,14,0.257508807,4.878859906,38.78571429,3.939093031,54.4852039,10.66,1,1.23857443,0.923590568,0.09558
94.78385004,49,0.606819992,7.89865417,49,0.242302891,9.197022988,32.55102041,7.310155227,-67.49133195,24.637,0.890909091,1.258115964,0.797967981,5.78448
33.16743835,6,0.833333333,2.763953196,6,0.317133535,4,45.33333333,2.211083194,0,6.368,1,1.809068067,0.833752763,7.60896
78.95429571,34,0.453075182,6.579524642,34,0.222440471,7.133087634,26.26470588,6.35895011,33.24617612,18.641,0.971428571,1.121739833,0.900470814,9.400073143
119.5868996,78,0.484497448,9.96557497,78,0.245022413,10.74006701,33.25641026,9.395331944,13.10707159,29.02,0.951219512,1.143128,0.947609427,12.06464914
60.55518053,20,0.834651024,5.046265044,20,0.212602917,7.352923683,22.2,4.049837031,-9.804399761,16.011,0.909090909,1.815609771,0.685148507,6.139337143
27.08110001,4,0.870424023,2.256758334,4,0.208996853,3.435908801,21.25,1.691507428,-58.28252559,4.408,1,2.0312703,0.881907054,0.662070857
42.81897879,10,0.5874078,3.568248232,10,0.260390061,4.085747586,39.1,3.306559138,0,8.328,1,1.235649331,0.955243026,3.673234286
199.0046301,216,0.763542671,16.58371917,216,0.696547097,21.06030771,100.8333333,13.59984907,83.88629252,54.699,0.915254237,1.548569223,0.811331143,82.55755636
35.82492793,5,0.576018433,2.523132522,5,0.212602917,3.401960219,27.2,2.780887149,0,6.368,0.714285714,1.223336309,0.694793969,9.620022857
240.3209224,315,0.377340281,20.02674353,315,0.294972211,20.92337374,54.91111111,19.37660664,-32.62975859,62.374,0.951661631,1.079826522,0.922212639,24.74761846
42.81897879,10,0.871779222,3.568248232,10,0.212602917,5.408076231,22.9,2.649410905,-78.5631674,9.734,0.909090909,2.041237251,0.758010824,0.293266286
67.70275003,25,0.821732651,5.641895835,25,0.222440471,8.28045366,24,4.718808521,-34.56995144,20.783,0.806451613,1.754776364,0.548858973,0.841782857
40.62165002,8,0.942086687,3.191538243,8,0.216029193,6.119975774,21.875,2.05245297,66.89056238,9.37,0.888888889,2.981786118,0.642206443,5.081307429
103.1217566,58,0.545555119,8.593479714,58,0.291266718,9.497072851,48.03448276,7.959258803,61.82814066,25.373,0.950819672,1.19321071,0.896403439,9.383543301
108.3244,64,0.244632647,9.027033337,64,0.260390061,9.306042917,39.21875,9.023286577,16.32999026,26.481,0.955223881,1.031336292,0.916523711,16.98870857
44.90892382,11,0.615531158,3.742410319,11,0.219300732,4.49915817,25.81818182,3.545843025,66.80140949,9.461,0.916666667,1.2688543,0.87032759,0.787968
110.8341785,67,0.474960928,9.236181543,67,0.267840069,10.03096811,42.46268657,8.827320999,69.9267276,27.498,0.943661972,1.136354746,0.896847687,11.54454261
246.3487156,331,0.210705578,20.52905963,331,0.267840069,20.92869192,43.72507553,20.45883376,-45.79697995,68.668,0.922005571,1.022966028,0.806627328,22.80713143
40.62165002,9,0.665811885,3.385137501,9,0.239580502,4.053691235,35.66666667,3.02453869,69.69935268,7.683,1,1.340267608,0.965226527,0.2304
90.83277079,45,0.418864667,7.569397566,45,0.242302891,8.085778265,31.77777778,7.342280214,-36.34417695,21.8,0.957446809,1.101262555,0.909021204,5.252132571
375.4909509,769,0.72794316,31.29091258,769,0.291266718,38.17315961,52.85175553,26.17294899,-40.76799866,113.534,0.913301663,1.458496695,0.709865668,64.2816
82.36395021,37,0.671155045,6.863662518,37,0.306677132,8.334683023,53.02702703,6.178642277,-9.549079397,21.519,0.948717949,1.34895057,0.76454767,0.14256
83.46955606,38,0.538078189,6.955796338,38,0.253270458,7.837197102,34.21052632,6.6059337,-71.18305435,20.229,0.95,1.18638749,0.874286976,1.1632896
192.9231411,203,0.682334887,16.07692842,203,0.274116992,18.92771332,47.38916256,13.83691063,-78.02815345,50.928,0.95754717,1.36791469,0.872568853,29.70432
131.280503,94,0.511906821,10.94004192,94,0.245022413,11.95432202,35.70212766,10.26925251,5.020841315,33.031,0.959183673,1.164088818,0.902772751,10.60245818
77.78453777,33,0.510216995,6.482044814,33,0.222440471,7.313637422,24.60606061,6.290062465,87.4575197,19.865,0.868421053,1.162728902,0.783464275,0.019008
44.90892382,11,0.570912214,3.742410319,11,0.247750155,4.391623311,35.36363636,3.605571532,-52.31043699,9.37,1,1.218010313,0.883033859,2.54016
86.70182393,41,0.582530943,7.225151994,41,0.337509439,8.431111919,58.41463415,6.852879656,-22.59591892,23.206,0.891304348,1.230302054,0.742184431,8.4326832
383.2238798,801,0.403757869,31.93532332,801,0.323690839,33.47192582,63.13233458,30.62232295,-1.196776567,103.171,0.953571429,1.093056391,0.890580048,66.42925714
104.8846493,60,0.63708569,8.740387445,60,0.267840069,10.06284787,40.76666667,7.756372536,7.060197916,25.009,0.967741935,1.297365208,0.951450129,8.371459459
55.8291179,17,0.39644739,4.652426492,17,0.239580502,5.130525603,29.35294118,4.710117212,-37.2379445,12.645,0.894736842,1.089256461,0.857199639,2.328401455
33.16743835,6,0.745355992,2.763953196,6,0.285897885,3.464101615,43.66666667,2.309401077,0,5.516,1,1.5,1,0.396423529
46.90584114,12,0.772423883,3.908820095,12,0.249123256,5.142416207,31.25,3.265986324,45,9.924,0.923076923,1.574536969,0.88335014,0.396423529
258.3372292,364,0.497184564,21.52810243,364,0.261843668,23.28128439,44.1456044,20.19988548,10.78238073,70.694,0.933333333,1.152545366,0.839034304,29.6136
88.79132424,43,0.511806463,7.39927702,43,0.395421462,8.625727542,63.58139535,7.410369232,40.2981141,27.631,0.781818182,1.164007794,0.570624144,0.092766316
78.95429571,34,0.640267396,6.579524642,34,0.365125801,7.630349203,77.32352941,5.861268831,16.19992009,17.88,0.971428571,1.301825496,0.966846542,3.852654545
151.3879513,125,0.718630964,12.61566261,125,0.389725859,15.28774592,65.224,10.63097076,-88.02926306,38.2,0.961538462,1.438038563,0.919063397,50.47033263
197.153384,125,0.934626357,12.61566261,125,0.485518638,21.75709197,69.84,7.737501384,87.26365093,48.372,0.874125874,2.811901529,0.591937969,41.94327273
151.3879513,125,0.934626357,12.61566261,125,0.395421462,21.75709197,69.84,7.737501384,87.26365093,48.372,0.874125874,2.811901529,0.591937969,45.51058286
160.2139483,140,0.606460325,13.35116236,140,0.277372834,15.08279296,49.15714286,11.99253606,-18.33611597,40.441,0.939597315,1.257681685,0.926214926,14.50127284
101.3281979,56,0.555241719,8.444016491,56,0.293119465,9.345740452,46,7.772749758,-42.52171287,24.058,0.965517241,1.202372486,0.951202736,9.94259134
157.326974,135,0.605715648,13.11058117,135,0.242302891,14.93178169,33.19259259,11.8809378,41.03965123,44.891,0.9,1.25678477,0.735311866,9.879222857
98.576692,53,0.587100386,8.214724333,53,0.242302891,9.293565058,33.22641509,7.523272291,78.73897625,23.967,0.963636364,1.235308879,0.906299604,2.0611584
63.51080914,22,0.653424228,5.292567428,22,0.225469467,6.313401048,25,4.779193627,-67.1852007,14.994,0.956521739,1.321018051,0.840560621,2.213947317
96.69886874,51,0.76604045,8.058239062,51,0.601025627,10.31634253,94.31372549,6.631266248,-59.64844217,24.339,0.944444444,1.555712309,0.848648506,8.329846154
208.4541177,237,0.54791041,17.37117647,237,0.250496356,19.28703459,37.99578059,16.13431841,50.68084819,59.67,0.894339623,1.195404361,0.754881182,32.6592
92.82933393,47,0.248460725,7.735777828,47,0.231271157,8.161768716,30.95744681,7.905831737,27.2311611,23.967,0.886792453,1.032373188,0.803699649,7.511977674
81.24330003,36,0.523273009,6.770275003,36,0.28071242,7.456517552,41.19444444,6.354184026,21.15247176,18.988,0.972972973,1.173481524,0.923773554,2.935268241
104.0069381,59,0.64997816,8.667244841,59,0.261843668,10.06491897,39.08474576,7.648864238,47.48913495,25.1,0.951612903,1.315871045,0.929573012,8.970352941
33.16743835,6,0.745355992,2.763953196,6,0.263326587,3.464101615,41.16666667,2.309401077,0,5.516,1,1.5,1,6.862947097
75.39059177,31,0.580145026,6.282549314,31,0.234078146,7.175519018,28.41935484,5.844554937,20.39617974,17.789,0.939393939,1.227727191,0.889218535,6.966627097
33.16743835,6,0.833333333,2.763953196,6,0.240941697,4,38,2.211083194,90,6.368,1,1.809068067,0.833752763,3.895405714
48.82114734,13,0.505789615,4.068428945,13,0.250496356,4.470371451,47,3.856396618,45,9.461,1,1.159209463,1,8.741021538
117.2646029,75,0.756736115,9.772050238,75,0.449872588,12.59329799,78.46666667,8.232496667,-60.61729335,30.98,0.903614458,1.529705811,0.80949196,24.08832
69.0435287,26,0.754307152,5.753627392,26,0.222440471,7.299682722,25.42307692,4.792399988,-82.30378784,15.829,0.928571429,1.523178937,0.907865295,4.980627692
27.08110001,4,0,2.256758334,4,0.216029193,2.309401077,23.25,2.309401077,0,3.556,1,1,1,2.740758261
35.82492793,7,0.353093932,2.985410661,7,0.253270458,3.236694375,34.57142857,3.028212018,0,6.368,1,1.068846684,0.972711557,4.857009231
172.3430651,162,0.514888595,14.36192209,162,0.25608116,15.64406618,38.37037037,13.41098679,77.11812818,44.386,0.931034483,1.166511191,0.901225028,5.954953846
78.95429571,34,0.666626636,6.579524642,34,0.415957539,7.843051724,72.5,5.846146403,67.75641895,18.914,0.971428571,1.341576345,0.878317057,6.697728
239.556784,313,0.706333933,19.96306533,313,0.373126314,24.2006733,71.81789137,17.13114322,-6.122197482,70.256,0.889204545,1.412671238,0.730113821,8.19072
57.44768838,17,0.803888285,4.652426492,17,0.234078146,6.621719808,31.88235294,3.938468608,77.51860508,14.051,0.894736842,1.681293027,0.722729927,0.336535082
151.9922968,126,0.735772553,12.66602474,126,0.250496356,15.67124897,37.41269841,10.61302,-87.31852,42.633,0.9,1.476605995,0.755668698,6.10787465
165.2834767,149,0.651149674,13.77362306,149,0.239580502,16.26956276,32.54362416,12.34777394,48.03959099,46.917,0.881656805,1.317610999,0.747203437,16.71794526
83.46955606,38,0.628783819,6.955796338,38,0.216029193,8.287160837,23.89473684,6.443931871,61.3100154,21.18,0.904761905,1.286041039,0.807252576,5.65056
267.7470435,391,0.558777384,22.31225363,391,0.274116992,24.63016667,45.42966752,20.42623298,-65.78298684,71.926,0.9513382,1.205810523,0.871930047,74.03616
46.90584114,12,0.62489532,3.908820095,12,0.235460697,4.611134873,30.58333333,3.599952417,-52.7620555,9.37,0.923076923,1.280887728,0.963309664,2.2980024
99.50231505,54,0.609815263,8.291859587,54,0.50220217,9.436552824,84.83333333,7.478879471,11.84051001,23.76,1,1.261760249,0.937664857,6.142339459
44.90892382,11,0.841412176,3.742410319,11,0.231271157,5.316396755,29.72727273,2.87294829,-48.79732168,9.461,1,1.850502069,0.87032759,2.37888
46.90584114,12,0.472903608,3.908820095,12,0.325943925,4.324626255,59.75,3.810489467,-19.80534412,9.552,1,1.134926705,0.935883941,13.23154286
123.3602814,83,0.596416172,10.28002345,83,0.246386284,12.06764906,45.14457831,9.686404677,79.78150882,35.984,0.882978723,1.245833667,0.68134347,10.64448
44.90892382,11,0.86958113,3.742410319,11,0.245022413,5.648956856,36.18181818,2.789398949,-4.731161104,10.197,0.916666667,2.025151998,0.776931141,9.415235368
161.9214276,143,0.557852318,13.4934523,143,0.41895269,14.99505338,73.62237762,12.44499811,77.41406689,40.929,0.959731544,1.204906039,0.925226621,66.71409231
67.70275003,25,0.565827209,5.641895835,25,0.258936453,6.352705701,37.92,5.237957326,-75.80349029,15.159,0.925925926,1.212821202,0.938036125,3.78432
60.55518053,20,0.717137166,5.046265044,20,0.228407082,6.110100927,28.2,4.258325179,0,12.736,1,1.434860108,0.996943505,1.630504421
107.4747838,63,0.449046112,8.956231982,63,0.284139278,9.583694199,48.95238095,8.56311303,65.1870195,25.588,0.954545455,1.119183428,0.959160923,3.295862784
72.91809336,29,0.594106544,6.07650778,29,0.236843247,6.970332569,29.10344828,5.606840436,80.27998259,17.301,0.966666667,1.243183688,0.872039008,1.668913548
52.44232467,15,0.537216475,4.370193722,15,0.245022413,4.915503656,36.46666667,4.145954042,-84.11585553,11.049,1,1.185614603,0.936052173,3.93552
40.62165002,9,0.474803735,3.385137501,9,0.258936453,4.469965708,37.11111111,3.933979752,18.93749183,12.844,0.642857143,1.136245225,0.442583164,3.09312
148.9460501,121,0.553519181,12.41217084,121,0.298774836,13.69789876,50.16528926,11.40810908,-64.67198523,37.828,0.952755906,1.20071597,0.905882651,14.12678687
119.5868996,78,0.196136536,9.96557497,78,0.239580502,10.33284352,47.06410256,10.13214452,63.47897167,32.221,0.906976744,1.019808146,0.783819872,0.002920563
169.6626053,157,0.466756949,14.13855044,157,0.522601858,15.25574317,83.33121019,13.4919601,35.68417846,44.014,0.928994083,1.130728452,0.887244062,12.69608727
131.280503,94,0.584561816,10.94004192,94,0.236843247,12.36039346,31.44680851,10.02859503,84.89752417,35.297,0.921568627,1.232514965,0.799471084,28.92672
60.55518053,20,0.683863022,5.046265044,20,0.270940899,6.040257504,45.4,4.407034826,84.59528483,13.472,1,1.370594457,0.910568755,3.848357647
134.7267715,99,0.511636011,11.22723096,99,0.28071242,12.23446146,48.63636364,10.51187742,29.23440747,34.346,0.933962264,1.163870255,0.885258192,11.97696
57.44768838,18,0.726273039,4.787307365,18,0.240941697,6.359594676,40.33333333,4.371625683,-90,15.341,0.818181818,1.454743644,0.662150308,1.421897143
54.16220002,16,0.532367331,4.513516668,16,0.222440471,5.456265512,34,4.618802154,0,13.679,0.842105263,1.181316136,0.71063609,2.537431579
46.90584114,12,0.824168474,3.908820095,12,0.232674652,5.646621071,30.5,3.197933956,-69.47616829,10.867,0.923076923,1.765709095,0.76842608,2.40768
55.8291179,17,0.776886024,4.652426492,17,0.228407082,6.403153854,29.35294118,4.031689804,-68.04388192,14.324,0.944444444,1.588205979,0.700312908,3.226176
205.7985428,231,0.865710882,17.14987857,231,0.362488488,25.31904931,65.40692641,12.67330766,73.66063124,61.431,0.855555556,1.997824876,0.696186177,13.25232
69.0435287,26,0.394766906,5.753627392,26,0.242302891,6.293061212,32.34615385,5.781947004,-37.55552255,16.565,0.866666667,1.088398287,0.841317907,2.467160816
101.3281979,56,0.768332986,8.444016491,56,0.453053578,10.85077046,81.44642857,6.9450392,-0.92543233,30.443,0.861538462,1.562377137,0.623903929,9.735777391
133.3589516,97,0.561001335,11.11324596,97,0.401194357,12.64386088,69.80412371,10.46677638,-55.7417632,38.515,0.889908257,1.207999524,0.702447888,8.12627027
63.51080914,22,0.350324525,5.292567428,22,0.231271157,5.613835722,29.13636364,5.258077873,-56.30993247,13.935,1,1.067659296,0.948047521,4.035544615
127.0216183,18,0.848388386,4.787307365,18,0.245022413,7.03486232,23.55555556,3.724075299,-54.25515246,13.869,0.857142857,1.889022577,0.781706061,7.454592
46.90584114,36,0.842549902,6.770275003,36,0.236843247,9.520615391,25.83333333,5.127977591,-82.61926612,20.485,0.947368421,1.856602378,0.810420051,1.527915789
66.3348767,12,0.625162953,3.908820095,12,0.225469467,4.566474955,30.5,3.564107467,57.9331784,9.552,1,1.281239412,0.935883941,0.456192
113.2883693,24,0.404442812,5.527906392,24,0.370444714,5.93280704,27.04166667,5.425927526,-72.3114971,15.639,0.923076923,1.09341804,0.855071674,7.57431
96.69886874,39,0.501507642,7.04672564,39,0.291266718,7.71661002,27.61538462,6.676049966,64.19163105,20.51,0.928571429,1.155864629,0.876100019,10.1580048
245.9763061,51,0.425588103,8.058239062,51,0.261843668,8.838344066,48.37254902,7.997967748,89.7758037,26.043,0.86440678,1.105073732,0.752441548,33.59232
239.556784,330,0.478763275,20.49802551,330,0.601025627,22.07685787,41.70909091,19.38224566,55.30429549,66.749,0.942857143,1.139024768,0.848958298,47.081088
67.70275003,313,0.722918839,19.96306533,313,0.247750155,24.50410086,92.34504792,16.93069088,-81.29117081,78.278,0.862258953,1.447318425,0.593330059,6.135970909
33.16743835,25,0.647671183,5.641895835,25,0.266324787,6.561615964,33.88,4.999426228,-65.02756685,14.787,1,1.312473805,0.977366553,2.523194182
50.66409895,6,0.745355992,2.763953196,6,0.226938275,3.464101615,42.5,2.309401077,0,5.516,1,1.5,1,4.590196364
130.5803354,93,0.47782898,10.88169461,93,0.431133902,11.78879501,75.55913978,10.35590095,42.93386853,35.314,0.911764706,1.138364983,0.790266905,18.49569882
70.35876171,27,0.400940435,5.863230143,27,0.267840069,6.215572192,39.7037037,5.694111323,81.99948857,15.548,1,1.091578973,0.971346001,2.2272
46.90584114,12,0.732519215,3.908820095,12,0.240941697,4.990359434,38.75,3.397168993,-1.907037417,10.106,1,1.468975916,0.859245327,1.087002947
52.44232467,15,0.537216475,4.370193722,15,0.245022413,4.915503656,33.46666667,4.145954042,84.11585553,11.049,1,1.185614603,0.936052173,9.29449728
148.9460501,121,0.570603234,12.41217084,121,0.267840069,13.85408374,42.6446281,11.37733214,77.5138284,37.72,0.9453125,1.217691773,0.9106776,5.8176
63.51080914,22,0.68301807,5.292567428,22,0.300725465,6.47636888,54.13636364,4.730349391,15.90521528,14.514,0.956521739,1.369110048,0.886886296,37.47727059
172.3430651,158,0.993073304,14.1835062,158,0.212602917,47.14818288,21.35443038,5.539743569,23.10831994,113.386,0.578754579,8.510896271,0.146220883,44.6197248
122.6148953,82,0.345348429,10.21790794,82,0.298774836,10.63448197,49.73170732,9.980190581,-14.56902773,30.219,0.964705882,1.065559008,0.925883195,70.01856
38.29845892,8,0.547722558,3.191538243,8,0.254675809,3.651483717,46.125,3.055050463,0,7.22,1,1.195228609,0.936368556,12.99456
154.3860236,130,0.763624382,12.86550197,130,0.212602917,16.93350009,23.21538462,10.93329635,0.251750406,53.955,0.792682927,1.548800979,0.501109727,67.95752727
98.576692,53,0.971423954,8.214724333,53,0.212602917,19.64212672,21.62264151,4.662078618,31.93314832,44.866,0.638554217,4.213169346,0.288978729,21.87381394
127.0216183,88,0.602034754,10.58513486,88,0.365125801,12.00350558,68.64772727,9.584437703,-32.91506767,31.956,0.936170213,1.252395388,0.897713751,5.695089231
64.93819656,23,0.603704487,5.41151638,23,0.240941697,6.541822687,29.69565217,5.215194601,27.07616952,16.565,0.884615385,1.254377485,0.744242764,3.025401081
152.5942489,127,0.937124764,12.71618741,127,0.284139278,22.0964743,44.07086614,7.711548513,-86.97385672,46.197,0.927007299,2.865374478,0.655601699,2.205858462
64.93819656,23,0.718108662,5.41151638,23,0.302676093,6.978827855,55.82608696,4.85678261,-56.70801538,16.565,0.884615385,1.436924074,0.744242764,8.651910857
55.8291179,17,0.845626712,4.652426492,17,0.373126314,6.642921348,61.70588235,3.545823558,-82.78683182,13.77,0.944444444,1.873449493,0.746946965,7.527704276
94.78385004,49,0.844291854,7.89865417,49,0.217664963,11.59175752,23.14285714,6.211833103,-82.15707333,29.318,0.844827586,1.866076781,0.584412926,0.766902857
52.44232467,15,0.635251642,4.370193722,15,0.231271157,5.106858134,29.73333333,3.944053189,80.53767779,10.685,0.9375,1.294824864,0.985986087,5.63712
80.10697414,35,0.713484977,6.675581178,35,0.25608116,8.51895641,43.14285714,5.968981675,10.85180477,22.396,0.875,1.427204316,0.674400677,2.387321379
98.576692,53,0.407770965,8.214724333,53,0.247750155,8.71730995,33.33962264,7.959638382,-2.767916535,23.669,0.963636364,1.095189195,0.926558629,7.150344828
72.91809336,29,0.52552925,6.07650778,29,0.274116992,6.720364324,37.44827586,5.717521539,64.46638661,16.474,0.966666667,1.175398165,0.94711997,3.723054545
55.8291179,17,0.734943359,4.652426492,17,0.249123256,6.059416253,34.64705882,4.109062836,14.7137282,13.588,0.944444444,1.474646773,0.763287328,6.168655059
60.55518053,20,0.448174083,5.046265044,20,0.257508807,5.500135514,36.55,4.916825805,-49.54513846,13.199,0.909090909,1.118635423,0.941248402,4.886537143
129.8763931,92,0.767413601,10.82303276,92,0.253270458,13.98499855,44.0326087,8.96651501,-79.90071277,36.149,0.929292929,1.559691646,0.748894312,2.282605714
81.24330003,36,0.539685621,6.770275003,36,0.261843668,7.490628576,39.25,6.306110271,35.65933905,18.823,0.972972973,1.187836599,0.937704625,10.43083636
44.90892382,11,0.478395283,3.742410319,11,0.216029193,4.163331999,25.09090909,3.656007547,71.56505118,8.907,0.916666667,1.138764607,0.95220379,4.22784
57.44768838,18,0.719164792,4.787307365,18,0.245022413,6.244883659,34.16666667,4.339192158,19.76807859,14.787,0.9,1.439181173,0.703703918,4.0712544
138.0870574,104,0.536017417,11.50725478,104,0.508957586,12.62849344,85.22115385,10.66106159,84.83152836,34.536,0.945454545,1.18454371,0.920612591,36.84228923
55.8291179,17,0.81203247,4.652426492,17,0.231271157,6.388163648,28.76470588,3.728210611,-6.903759508,13.472,0.894736842,1.713466409,0.773983442,3.632256
63.51080914,22,0.526810031,5.292567428,22,0.222440471,5.867217605,24.86363636,4.987035534,90,13.588,1,1.176494044,0.987783601,2.086128
98.576692,51,0.981174185,8.058239062,51,0.225469467,22.18530897,24.03921569,4.284535082,-52.27610796,50.325,0.586206897,5.177996805,0.224189374,3.1536
83.46955606,38,0.620995884,6.955796338,38,0.247750155,8.012901535,32.60526316,6.280622998,75.22614739,19.956,0.95,1.27581317,0.895076232,9.065088
55.8291179,17,0.546262568,4.652426492,17,0.264809505,5.259382108,38.82352941,4.405332064,48.46717445,12.546,0.944444444,1.193867348,0.868052871,4.43570087
69.0435287,26,0.821447504,5.753627392,26,0.220870602,7.984648997,24.84615385,4.553518668,66.53020075,17.326,0.962962963,1.753511862,0.779919326,12.15558621
191.9704284,201,0.80733875,15.9975357,201,0.557496981,21.49782721,83.94527363,12.68561524,80.78466943,68.966,0.804,1.694661772,0.485784807,21.360672
69.0435287,26,0.370539837,5.753627392,26,0.250496356,6.158331699,34.23076923,5.719960552,71.56505118,15.821,1,1.076638841,0.908631483,2.253046154
42.81897879,10,0.657535506,3.568248232,10,0.245022413,4.258325179,35.7,3.208322511,1.3e-15,8.146,1,1.327274663,0.986295854,0.249230769
94.78385004,49,0.660093384,7.89865417,49,0.298774836,9.488995311,52.08163265,7.127977177,45.97338085,25.77,0.907407407,1.331232561,0.736651218,11.943936
87.7527935,42,0.814170247,7.312732791,42,0.25608116,10.17023163,35.28571429,5.905103169,78.13496569,25.026,0.875,1.722278399,0.665211412,0.512475429
50.66409895,14,0.196396101,4.222008246,14,0.277372834,4.364357805,47,4.279360369,90,10.106,1,1.019862182,1,2.88050087
114.8953768,72,0.4795835,9.57461473,72,0.428072276,10.59422429,71.68055556,9.296392072,-14.96845439,33.908,0.827586207,1.139606011,0.659136688,6.699910737
71.64985586,28,0.537779963,5.970821321,28,0.261843668,6.609105243,39.32142857,5.572039039,90,15.986,1,1.186119695,0.961716942,2.849098378
242.9764828,322,0.847616481,20.24804024,322,0.300725465,28.20468569,54.03416149,14.96567043,-89.0782947,68.121,0.93877551,1.884625605,0.796787475,19.222272
138.7493492,105,0.664454231,11.56244577,105,0.274116992,13.52922957,47.54285714,10.11078506,-57.1088058,35.694,0.9375,1.338098821,0.874861468,9.011356981
62.05059535,21,0.784452223,5.170882946,21,0.242302891,7.058643601,35.52380952,4.377694901,47.44375605,16.4,0.875,1.612411043,0.691049642,0.059616
112.4762558,69,0.52158208,9.373021316,69,0.270940899,10.24858818,40.37681159,8.74410681,61.16840836,27.614,0.958333333,1.17205661,0.916665221,11.10358232
112.4762558,69,0.544536952,9.373021316,69,0.245022413,10.44222554,34.23188406,8.758279386,80.88422027,29.111,0.932432432,1.192269061,0.83354623,7.140724364
42.81897879,10,0.767326326,3.568248232,10,0.272528946,4.685884287,44.7,3.004855257,-18.22222088,8.7,0.909090909,1.559437605,0.896168406,2.3721984
44.90892382,9,0.937614462,3.385137501,9,0.216029193,6.359594676,23.44444444,2.211083194,18.43494882,9.924,0.818181818,2.876234913,0.662512605,2.483607273
108.3244,228,0.558932066,17.03815178,228,0.257508807,18.89672363,39.76754386,15.66941739,58.38496478,56.602,0.915662651,1.205962108,0.802716224,3.426152727
204.4578214,228,0.558932066,17.03815178,228,0.254675809,18.89672363,39.76754386,15.66941739,58.38496478,56.602,0.915662651,1.205962108,0.802716224,79.08898909
80.10697414,35,0.626102033,6.675581178,35,0.222440471,8.171273435,35.91428571,6.371478056,48.38164373,21.37,0.875,1.282476901,0.732040058,1.821469091
44.90892382,11,0.684690195,3.742410319,11,0.225469467,4.496907734,26.27272727,3.277500291,-15.07069278,8.791,1,1.372054107,0.970807044,0.197934545
23.45292057,3,0.730296743,1.954410048,3,0.219300732,2.581988897,24,1.763834207,45,3.093,1,1.463850109,0.969873184,0.631505455
180.1453011,177,0.675397151,15.01210843,177,0.443567083,17.67852142,80.66101695,13.03709977,-79.82186456,46.991,0.956756757,1.356016425,0.884999041,12.7484928
80.10697414,35,0.757395055,6.675581178,35,0.222440471,8.63578466,27.8,5.638795298,68.97258788,20.808,0.897435897,1.53149462,0.766799191,3.123456
66.3348767,24,0.523732818,5.527906392,24,0.231271157,6.108327597,28.08333333,5.20357789,-1.400139584,14.514,0.96,1.173870696,0.967512323,1.80288
62.05059535,21,0.740104238,5.170882946,21,0.231271157,6.701238794,34.33333333,4.506530609,31.67968038,15.457,0.875,1.487006164,0.762902422,3.004834909
88.79132424,43,0.547516549,7.39927702,43,0.332803483,8.519234197,56.53488372,7.12885134,-40.69968626,25.092,0.843137255,1.195036029,0.677869401,9.580974545
107.4747838,63,0.396707252,8.956231982,63,0.239580502,9.623498543,33.63492063,8.833844117,-80.10592961,28.094,0.913043478,1.089389672,0.811429724,4.42368
48.82114734,13,0.768897214,4.068428945,13,0.245022413,6.157382455,37.69230769,3.936860436,-49.37308113,14.903,0.722222222,1.564033715,0.501717271,4.211293091
46.90584114,12,0.625162953,3.908820095,12,0.285897885,4.566474955,44.83333333,3.564107467,32.0668216,9.552,1,1.281239412,0.935883941,5.0844672
83.46955606,38,0.52329558,6.955796338,38,0.250496356,7.633062973,35.21052632,6.504524079,70.65766729,19.17,1,1.17350061,0.959251122,2.118034286
96.69886874,51,0.625092345,8.058239062,51,0.250496356,9.432488317,37.01960784,7.362536353,-87.74699528,27.358,0.836065574,1.281146586,0.688956754,9.445248
44.90892382,11,0.684690195,3.742410319,11,0.219300732,4.496907734,24.36363636,3.277500291,74.92930722,8.791,1,1.372054107,0.970807044,5.182848
83.46955606,38,0.379507861,6.955796338,38,0.434227016,7.329587916,76.28947368,6.78125054,-78.62695265,19.104,0.974358974,1.080860805,0.964951532,23.252832
52.44232467,15,0.635251642,4.370193722,15,0.234078146,5.106858134,29.4,3.944053189,-80.53767779,10.685,1,1.294824864,0.985986087,4.662550588
33.16743835,6,0.745355992,2.763953196,6,0.217664963,3.464101615,21.5,2.309401077,0,5.516,1,1.5,1,5.714496
127.0216183,88,0.625173412,10.58513486,88,0.337509439,12.23532268,61.40909091,9.549496555,-41.81392899,33.031,0.946236559,1.281253164,0.845148959,15.296256
118.0437782,76,0.61149547,9.836981519,76,0.342313839,11.16281201,60.77631579,8.832551919,-23.40578877,28.557,0.974358974,1.263826368,0.95048112,5.223901091
87.7527935,41,0.675190821,7.225151994,41,0.287656491,8.881287447,48.95121951,6.551220479,40.15414822,21.916,0.953488372,1.355669142,0.820568858,9.23328
171.8103187,161,0.476434186,14.31752656,161,0.245022413,15.48081789,34.55900621,13.61089204,17.6783748,45.602,0.930635838,1.137384519,0.851531403,4.303493731
88.79132424,43,0.50534436,7.39927702,43,0.247750155,8.147716315,33.76744186,7.030809191,38.570645,21.337,0.955555556,1.158858972,0.901790029,3.734459345
263.6063759,379,0.704817381,21.96719799,379,0.389725859,26.6355508,70.70712401,18.89496122,79.6963361,76.698,0.893867925,1.409664222,0.747157997,17.14422857
71.64985586,28,0.576234843,5.970821321,28,0.247750155,7.162343911,36.60714286,5.853670263,-41.97393835,20.138,0.848484848,1.223564634,0.649257749,6.489665085
46.90584114,12,0.773768909,3.908820095,12,0.261843668,5.029344274,34.75,3.185928534,-9.416876456,9.643,1,1.578611767,0.922608221,5.011255742
55.8291179,17,0.544013488,4.652426492,17,0.264809505,5.261774844,36.88235294,4.41503147,80.53767779,11.975,1,1.191786487,0.934869443,4.24216487
95.7461473,50,0.693127314,7.978845608,50,0.321488199,9.564132072,53.7,6.893971597,-86.66311814,22.933,0.961538462,1.387318172,0.92415497,11.36530286
38.29845892,8,0.72555948,3.191538243,8,0.274116992,4.391391404,41.125,3.021977533,-63.99936622,9.18,0.888888889,1.453151573,0.662164901,3.792505263
54.16220002,16,0.573973075,4.513516668,16,0.234078146,5.462863552,29.6875,4.473397867,-73.86217784,14.233,0.842105263,1.22118884,0.666040417,1.0036224
74.16464679,30,0.55325366,6.180387232,30,0.223954969,7.111676356,27.23333333,5.9241177,60.90504854,18.641,0.882352941,1.200461692,0.794533071,1.0409472
55.8291179,17,0.6109585,4.652426492,17,0.228407082,5.308994113,28.41176471,4.202932212,15.17162444,11.421,1,1.263164345,1,1.997568
155.5690755,132,0.404700806,12.96408963,132,0.407042137,13.95112814,72.53787879,12.75759734,-57.96882122,46.843,0.835443038,1.093554513,0.663913471,17.43709091
143.9380209,113,0.485501534,11.99483508,113,0.253270458,13.01970975,36.51327434,11.38229657,28.3273947,36.91,0.941666667,1.143856134,0.885214923,9.48517583
59.02188911,19,0.478516981,4.918490759,19,0.28071242,5.388335954,43.36842105,4.731380867,-45,12.554,0.95,1.138850603,0.969187997,6.319117241
142.6585465,111,0.649949787,11.88821221,111,0.332803483,13.87051786,59.17117117,10.54127669,28.82535015,40.45,0.89516129,1.315829029,0.734052918,15.04656
136.7528516,102,0.585035194,11.39607097,102,0.250496356,12.7910489,35.17647059,10.37364177,-85.38227096,34.652,0.953271028,1.233033605,0.897374409,1.816653913
54.16220002,16,0.438219142,4.513516668,16,0.362488488,5.077120676,72,4.56366216,-18.65197414,13.563,0.888888889,1.112510194,0.720539954,2.4592896
104.0069381,59,0.574892309,8.667244841,59,0.234078146,10.18821437,30.3559322,8.336293305,-80.65386463,31.303,0.819444444,1.22215162,0.624913302,2.541217959
105.7550763,61,0.536854418,8.812923024,61,0.373126314,9.950948535,62.93442623,8.395365491,16.42363081,27.796,0.910447761,1.185290688,0.800878556,8.567821593
71.64985586,28,0.663720309,5.970821321,28,0.219300732,7.074723939,23.75,5.291758021,-43.08943495,16.474,0.965517241,1.336932624,0.91446066,4.193901876
104.0069381,59,0.574892309,8.667244841,59,0.234078146,10.18821437,30.3559322,8.336293305,-80.65386463,31.303,0.819444444,1.22215162,0.624913302,5.789551304
48.82114734,13,0.505789615,4.068428945,13,0.247750155,4.470371451,32.69230769,3.856396618,45,9.461,1,1.159209463,1,2.889029189
250.0423056,341,0.764819714,20.8368588,341,0.337509439,26.06417751,61.78592375,16.79169955,46.49189975,66.228,0.966005666,1.552206043,0.890483659,10.30939826
57.44768838,18,0.570423794,4.787307365,18,0.260390061,5.384018418,40.44444444,4.422166387,90,12.066,1,1.217506974,0.978050832,3.474467176
156.1572405,133,0.81138956,13.01310338,133,0.306677132,17.20129759,51.38345865,10.0542575,84.55535741,41.541,0.956834532,1.710847131,0.837114329,14.04864
110.8341785,67,0.817379106,9.236181543,67,0.25608116,12.48938288,41.65671642,7.195135502,24.3886032,31.948,0.881578947,1.735809266,0.683798295,3.571075459
48.82114734,13,0.486712922,4.068428945,13,0.258936453,4.565475203,38.92307692,3.988225554,28.76440385,10.495,0.928571429,1.144738466,0.878499424,1.45792
59.02188911,19,0.82817703,4.918490759,19,0.239580502,6.99836591,34.05263158,3.92235033,-87.95719161,14.605,0.904761905,1.78422765,0.758112231,5.335726829
52.44232467,14,0.902432749,4.222008246,14,0.212602917,7.004922126,25.28571429,3.017935844,-80.7085002,13.588,0.933333333,2.321097097,0.628589564,4.754468571
66.3348767,24,0.738018083,5.527906392,24,0.249123256,7.256780082,31.875,4.896736844,53.82265866,17.417,0.888888889,1.48196244,0.713566319,3.906850909
74.16464679,30,0.676195951,6.180387232,30,0.263326587,7.801693521,40.96666667,5.747677829,-66.30918277,21.428,0.810810811,1.357364444,0.624503974,3.342979459
55.8291179,17,0.471362557,4.652426492,17,0.302676093,5.090643202,49.88235294,4.489639489,11.30993247,12.157,1,1.133864582,0.912758368,4.011618462
92.82933393,47,0.430568908,7.735777828,47,0.462651053,8.317577612,76.85106383,7.507093783,-67.13391271,23.049,0.903846154,1.107962396,0.861027594,15.07572
57.44768838,18,0.775144335,4.787307365,18,0.225469467,6.548522007,27.83333333,4.137252654,52.49753956,14.903,0.9,1.582818976,0.694685452,2.025
80.10697414,35,0.553905303,6.675581178,35,0.347215448,7.390281466,59.94285714,6.152998141,-25.25160278,17.971,1,1.20108625,0.986721909,12.34368
54.16220002,16,0.505186107,4.513516668,16,0.214316055,5.428511359,22.75,4.684861908,-34.27613184,13.588,0.842105263,1.158734551,0.718388073,1.331469474
38.29845892,8,0.580947502,3.191538243,8,0.236843247,3.651483717,30.125,2.972092417,45,6.831,1,1.228590234,1,0.942135652
99.50231505,54,0.648818653,8.291859587,54,0.236843247,10.05494323,30.27777778,7.651239363,62.71688849,28.003,0.857142857,1.314158759,0.699581496,8.230209882
278.4880018,423,0.103974234,23.20733348,423,0.245022413,23.56857909,35.05673759,23.44083718,-39.59635689,82.189,0.903846154,1.005449546,0.73003,332.86464
71.64985586,28,0.487115636,5.970821321,28,0.28071242,6.493227088,44.64285714,5.670778595,59.58974039,15.92,0.965517241,1.145032729,0.968388284,9.805165714
118.8178441,77,0.36719093,9.901487007,77,0.291266718,10.33118985,48.76623377,9.609510686,69.21802857,28.739,0.9625,1.075100511,0.952023824,9.085214118
136.0808434,101,0.789384067,11.34007028,101,0.342313839,14.57193369,59.41584158,8.94570516,-80.12589328,34.164,0.990196078,1.628930691,0.911975876,21.71389091
402.8171391,885,0.414264655,33.56809493,885,0.287656491,35.26045962,45.30621469,32.09253537,-88.8807071,109.366,0.959869848,1.098712184,0.878596503,30.46519742
291.3579018,463,0.695036216,24.27982515,463,0.253270458,28.81660036,37.25053996,20.71840739,-80.10812875,80.51,0.924151697,1.390869472,0.831462041,19.22946612
57.44768838,18,0.797899193,4.787307365,18,0.216029193,6.523815088,23.22222222,3.932496416,-75.61976495,13.381,0.947368421,1.658950041,0.828563842,1.981230545
52.44232467,15,0.844847005,4.370193722,15,0.239580502,6.09300909,33.46666667,3.259808482,5.413726552,11.603,1,1.869131001,0.867032876,1.476075789
93.81168229,48,0.511192617,7.81764019,48,0.274116992,8.509803665,42.6875,7.313888419,-89.87384497,21.8,0.979591837,1.163512919,0.969622617,7.616863256
98.576692,25,0.536425621,5.641895835,25,0.342313839,6.346714096,34.4,5.356294134,-11.30019823,15.341,1,1.184907688,0.919653205,5.629314098
98.576692,53,0.604526965,8.214724333,53,0.342313839,9.550770717,60.58490566,7.607997611,3.83937289,26.043,0.946428571,1.255359321,0.78194906,5.638854194
98.576692,53,0.440424743,8.214724333,53,0.239580502,8.792870649,31.54716981,7.894147234,10.62187247,23.231,0.981481481,1.113846802,0.957591054,9.935506286
98.576692,18,0.570423794,4.787307365,18,0.284139278,5.384018418,37.16666667,4.422166387,0,12.066,1,1.217506974,0.978050832,0.693741176
33.16743835,6,0.632455532,2.763953196,6,0.239580502,3.333333333,33.33333333,2.581988897,45,5.905,1,1.290994449,0.921278728,3.43872
160.7851228,141,0.544307227,13.39876023,141,0.332803483,14.70958899,59.82978723,12.33966758,44.59429652,39.672,0.979166667,1.192057152,0.966641934,76.65408
114.8953768,72,0.809772304,9.57461473,72,0.375851149,12.71501933,69.05555556,7.460464491,-53.26701915,29.798,0.96,1.704320065,0.833884521,8.89344
102.2289107,57,0.71836861,8.519075892,57,0.342313839,10.90548189,61.45614035,7.586536571,34.09075817,29.227,0.876923077,1.437478326,0.683655143,12.574656
127.0216183,88,0.538217929,10.58513486,88,0.242302891,11.89479793,32.96590909,10.02500358,-47.09446045,34.47,0.897959184,1.186513085,0.781716157,10.22012852
118.8178441,75,0.474287434,9.772050238,75,0.242302891,11.40049649,38.02666667,10.0366557,64.60587508,40.483,0.765306122,1.13588598,0.495231611,2.05632
100.4194065,55,0.46301133,8.368283872,55,0.225469467,9.447521733,30.01818182,8.373833198,57.24819251,27.548,0.859375,1.12821948,0.733821286,12.46045091
77.78453777,33,0.357442181,6.482044814,33,0.258936453,6.78219459,39.60606061,6.334130731,-45,17.301,1,1.070738019,0.992320251,0.107136
143.9380209,113,0.162421995,11.99483508,113,0.287656491,12.15319208,50.04424779,11.99181455,-5.618831178,35.777,0.949579832,1.013457307,0.937505994,16.66883368
69.0435287,26,0.625565737,5.753627392,26,0.228407082,6.989822375,38.92307692,5.453259935,48.9848052,17.235,0.896551724,1.281769521,0.786900977,1.730658462
118.0437782,76,0.832482218,9.836981519,76,0.373126314,13.72451915,67.77631579,7.604094046,-50.95660219,33.726,0.88372093,1.804885509,0.70264166,12.41986065
91.83647829,46,0.189050756,7.653039857,46,0.235460697,8.144063136,42.63043478,7.997203826,-53.43714977,25.1,0.884615385,1.018363832,0.72475184,1.307705806
186.151786,189,0.326212906,15.51264884,189,0.28071242,16.05865457,46.67724868,15.18018713,-14.20111233,47.843,0.945,1.057869342,0.913679247,31.1240671
117.2646029,75,0.518742701,9.772050238,75,0.245022413,10.89826935,34.30666667,9.317261913,74.19892135,31.352,0.903614458,1.169685843,0.792125997,8.448714419
129.1686146,91,0.580120187,10.76405122,91,0.242302891,12.85509732,32.89010989,10.47087385,-74.82263535,43.394,0.791304348,1.227700525,0.528056944,0.176256
42.81897879,10,0.844365629,3.568248232,10,0.214316055,5.153843522,24.2,2.761261236,6.842009876,9.552,0.909090909,1.866481684,0.779903284,8.699694545
132.6697534,96,0.539775879,11.05581278,96,0.250496356,12.22566547,34.61458333,10.29167238,74.61331271,34.462,0.941176471,1.187918253,0.853144152,3.983959149
80.10697414,35,0.619090576,6.675581178,35,0.267840069,7.951483582,42.91428571,6.244455826,-32.73968573,21.246,0.897435897,1.273366936,0.739503176,11.0025216
46.90584114,12,0.773768909,3.908820095,12,0.236843247,5.029344274,33,3.185928534,-80.58312354,9.643,1,1.578611767,0.922608221,4.937560615
48.82114734,13,0.576018433,4.068428945,13,0.228407082,4.717670003,36.69230769,3.856396618,-11.30993247,10.222,0.928571429,1.223336309,0.914759141,4.500654545
71.64985586,28,0.278621689,5.970821321,28,0.238211875,6.268767013,32.07142857,6.020529696,14.39700066,16.954,0.933333333,1.041231807,0.871297078,5.152896
151.9922968,126,0.674487975,12.66602474,126,0.434227016,14.87941739,77.48412698,10.98526306,16.25476708,38.291,0.961832061,1.354488946,0.922350927,13.73908114
50.66409895,14,0.913883529,4.222008246,14,0.251883407,7.111667575,36.5,2.887169709,81.92083308,12.62,0.933333333,2.463196934,0.708170287,3.298909091
66.3348767,24,0.708139123,5.527906392,24,0.22983912,7.301450883,27.5,5.155356815,7.220270827,19.857,0.8,1.416284293,0.57018867,3.059889231
54.16220002,16,0.586269107,4.513516668,16,0.243662652,5.130928914,34.4375,4.156649509,62.00967499,11.512,0.941176471,1.23439056,0.936357336,0.578619616
125.569895,86,0.591957933,10.46415791,86,0.604758135,11.80484673,93.26744186,9.514338879,27.94235678,33.238,0.914893617,1.240742723,0.816568554,14.83976348
88.79132424,43,0.547749392,7.39927702,43,0.234078146,8.174719711,29.06976744,6.839317597,47.22780142,20.576,1,1.195253707,0.960587891,0.78192
187.6233646,192,0.445109849,15.63528038,192,0.231271157,16.74996932,29.6875,14.99919512,61.49586057,51.416,0.923076923,1.116724544,0.81058898,46.339776
215.3756325,253,0.768628845,17.94796938,253,0.456234567,22.94739355,79.39130435,14.67933302,-83.49746053,57.85,0.954716981,1.563244972,0.854654211,68.00610462
52.44232467,15,0.475270821,4.370193722,15,0.267840069,4.760952286,41.86666667,4.188874153,45,10.751,1,1.136570857,0.976640026,2.710491429
116.4802154,74,0.381660116,9.70668462,74,0.247750155,10.22969859,36.97297297,9.455338441,87.0294131,29.318,0.936708861,1.081896608,0.882582787,8.214048
55.8291179,17,0.642004926,4.652426492,17,0.242302891,5.489185001,44.35294118,4.208560952,-79.00443504,12.455,1,1.304290246,0.878211918,0.282566687
55.8291179,17,0.471362557,4.652426492,17,0.42501065,5.090643202,83.11764706,4.489639489,-78.69006753,12.157,1,1.133864582,0.912758368,0.756675491
99.50231505,54,0.444194453,8.291859587,54,0.266324787,8.864413935,41.5,7.941897953,82.7654863,23.694,0.947368421,1.116158126,0.942282753,8.146855385
77.78453777,33,0.420555624,6.482044814,33,0.228407082,7.008765782,27.51515152,6.358820198,37.65287677,19.468,0.916666667,1.102211663,0.8112194,2.424516923
42.81897879,10,0.657535506,3.568248232,10,0.223954969,4.258325179,27.8,3.208322511,0,8.146,1,1.327274663,0.986295854,1.250141538
334.9747074,612,0.703633286,27.91455895,612,0.284139278,33.29143253,50.11111111,23.65567005,57.8798621,94.777,0.930091185,1.40733416,0.802104514,66.02934857
118.0437782,76,0.506528625,9.836981519,76,0.298774836,10.67235988,50.40789474,9.201955695,57.50762648,28.466,0.962025316,1.159792573,0.955961973,83.86769455
166.9391121,152,0.57881313,13.91159268,152,0.247750155,15.6982168,36.72368421,12.80127123,62.54782337,45.395,0.910179641,1.226301398,0.810802132,10.93869078
278.8169895,424,0.576000923,23.23474913,424,0.529490408,25.869967,88.67924528,21.14737974,-65.47468915,73.15,0.957110609,1.223317844,0.915424134,71.79441231
72.91809336,29,0.27752102,6.07650778,29,0.250496356,6.531638549,36.86206897,6.275072948,-14.17284681,17.88,0.935483871,1.040886473,0.824663227,1.091689412
55.8291179,17,0.821445482,4.652426492,17,0.216029193,6.418610751,22.82352941,3.660450593,84.83737089,12.827,0.894736842,1.753502906,0.837771342,0.318968471
406.8929644,903,0.490542216,33.90774703,903,0.319285559,36.43107944,62.13289037,31.74667755,-64.35176945,110.813,0.955555556,1.147555658,0.87384408,163.461888
55.8291179,17,0.587007811,4.652426492,17,0.231271157,5.480689489,27.70588235,4.437063547,-17.27004545,12.827,0.894736842,1.235206445,0.837771342,1.319563636
75.39059177,31,0.309551035,6.282549314,31,0.245022413,6.581574694,31.58064516,6.258306373,-55.08972933,17.235,0.939393939,1.051654282,0.938228089,0.131956364
430.5383907,1011,0.534498368,35.87819923,1011,0.32819701,39.87762838,62.55984174,33.7033555,-57.76464854,122.061,0.941340782,1.183194605,0.810465207,113.6592
138.7493492,105,0.791293615,11.56244577,105,0.319285559,15.36555774,61.32380952,9.3950606,-47.7772786,44.866,0.795454545,1.635493202,0.572505028,13.19860603
90.83277079,45,0.311948063,7.569397566,45,0.389725859,7.889114144,63.6,7.495440688,-39.81414867,21.825,0.918367347,1.052521722,0.90720164,9.14976
71.64985586,28,0.613148375,5.970821321,28,0.247750155,6.806429061,33.75,5.376859555,-69.49545655,15.986,1,1.265874437,0.961716942,0.832121379
52.44232467,15,0.695894648,4.370193722,15,0.231271157,5.276768957,29.93333333,3.789479359,58.14739504,11.049,1,1.392478612,0.936052173,4.923318857
46.90584114,12,0.472903608,3.908820095,12,0.246386284,4.324626255,35.08333333,3.810489467,-19.80534412,9.552,1,1.134926705,0.935883941,3.127285029
55.8291179,32,0.520134321,6.383076486,32,0.267840069,7.085996992,31.21875,6.052040011,-50.7389774,18.062,0.941176471,1.170844373,0.894418838,3.14928
48.82114734,17,0.450667064,4.652426492,17,0.216029193,5.099919397,40.76470588,4.552657791,61.51193378,12,1,1.12020706,0.931784901,1.676911304
27.08110001,13,0.742020619,4.068428945,13,0.304676613,6.753070076,22.15384615,4.527103254,-61.18588904,16.284,0.684210526,1.491697825,0.432917021,0.894922105
218.7542801,261,0.50955018,18.22952334,261,0.253270458,19.84950594,38.54022989,17.07932758,54.19530187,57.114,0.959558824,1.162194814,0.903349163,14.6112
81.24330003,36,0.427961009,6.770275003,36,0.225469467,7.622658823,27.72222222,6.889337683,-73.87400909,21.734,0.9,1.106442908,0.731080991,3.7326528
40.62165002,9,0,3.385137501,9,0.319285559,3.464101615,59.55555556,3.464101615,0,7.476,1,1,1,3.35529931
57.44768838,18,0.671792289,4.787307365,18,0.236843247,5.808277471,30.72222222,4.302420993,-78.54711517,13.563,0.947368421,1.350002122,0.810607448,4.27078656
224.5446191,275,0.47660954,18.71205159,275,0.28071242,20.05198896,49.12,17.62800614,74.33122723,59.562,0.958188153,1.137507487,0.878936921,37.7312256
82.36395021,37,0.495086627,6.863662518,37,0.296873524,7.836151043,52.45945946,6.808389821,86.11741699,23.231,0.840909091,1.150955108,0.668506962,4.845312
38.29845892,8,0.547722558,3.191538243,8,0.232674652,3.651483717,27.375,3.055050463,90,7.22,1,1.195228609,0.936368556,4.195584
59.02188911,19,0.717366198,4.918490759,19,0.239580502,6.299989066,36.42105263,4.389179089,-7.289514676,14.812,0.904761905,1.435345639,0.740731358,3.328128
54.16220002,16,0.684169251,4.513516668,16,0.219300732,5.426144572,24.5625,3.957413518,-69.61480431,11.33,0.941176471,1.371134087,0.960057374,8.6842368
54.16220002,16,0.39732847,4.513516668,16,0.222440471,4.948210696,25.625,4.54085648,11.41682709,12.066,0.941176471,1.089708675,0.869378517,8.65728
23.45292057,3,0.730296743,1.954410048,3,0.225469467,2.581988897,25.33333333,1.763834207,45,3.093,1,1.463850109,0.969873184,4.370510769
168.0338066,154,0.566991195,14.00281721,154,0.251883407,15.6031684,38.92207792,12.85270198,-77.49194114,43.137,0.93902439,1.213999082,0.903587674,17.28493714
46.90584114,12,0.661437828,3.908820095,12,0.272528946,4.618802154,42.33333333,3.464101615,90,9.436,1,1.333333333,0.953226395,3.72096
27.08110001,4,0.870424023,2.256758334,4,0.205183582,3.435908801,19.25,1.691507428,58.28252559,4.408,1,2.0312703,0.881907054,6.576552
54.16220002,16,0.327326835,4.513516668,16,0.234078146,4.830458915,28.875,4.564354646,-71.56505118,11.81,0.941176471,1.058300524,0.899404247,3.780332308
158.4880744,137,0.732563974,13.20733954,137,0.557496981,16.32100884,90.11678832,11.10968114,-18.67836279,44.676,0.883870968,1.469079862,0.752930717,183.783168
42.81897879,10,0.657535506,3.568248232,10,0.235460697,4.258325179,39.2,3.208322511,0,8.146,1,1.327274663,0.986295854,1.920672
38.29845892,8,0.580947502,3.191538243,8,0.284139278,3.651483717,47.125,2.972092417,45,6.831,1,1.228590234,1,3.888
30.27759026,5,0.765092056,2.523132522,5,0.225469467,3.306559138,26.2,2.12916259,18.43494882,4.962,1,1.552985739,0.956807706,5.20128
35.82492793,7,0.353093932,2.985410661,7,0.250496356,3.236694375,33.57142857,3.028212018,0,6.368,1,1.068846684,0.972711557,4.06944
35.82492793,76,0.944617869,9.836981519,76,0.258936453,20.51315012,39.84210526,6.731848352,26.79661204,46.669,0.678571429,3.047179473,0.384928474,4.304121081
40.62165002,9,0.759113364,3.385137501,9,0.222440471,4.430771014,25.66666667,2.884247823,-83.95262146,8.237,1,1.536196362,0.873524868,0.859062857
27.08110001,4,0,2.256758334,4,0.247750155,2.309401077,33.75,2.309401077,0,3.556,1,1,1,1.524705882
57.44768838,18,0.693186604,4.787307365,18,0.231271157,5.810934815,27.22222222,4.18827871,87.20543478,12.736,0.9,1.387427919,0.897249154,2.6915328
33.16743835,6,0.833333333,2.763953196,6,0.263326587,4,41.16666667,2.211083194,0,6.368,1,1.809068067,0.833752763,2.308873846
106.6183974,62,0.722270439,8.884866447,62,0.310778771,10.77061923,54.9516129,7.449075912,88.91998036,26.018,0.96875,1.445900049,0.916302028,0.379296
114.0947024,71,0.586262179,9.507891863,71,0.258936453,10.68414312,38.84507042,8.655452815,66.9395052,27.986,0.934210526,1.23438292,0.920825089,12.58797176
121.1103611,80,0.77873653,10.09253009,80,0.308727952,12.97592313,49,8.140459791,24.82868764,31.832,0.930232558,1.594003713,0.821900711,8.320984615
27.08110001,4,0,2.256758334,4,0.261843668,2.309401077,39.75,2.309401077,0,3.556,1,1,1,2.097011613
59.02188911,19,0.728946289,4.918490759,19,0.216029193,6.795454058,22.52631579,4.651970054,-61.52928824,18.451,0.791666667,1.460769089,0.512098945,5.779033043
23.45292057,3,0.730296743,1.954410048,3,0.222440471,2.581988897,28.33333333,1.763834207,45,3.093,1,1.463850109,0.969873184,1.113723871
30.27759026,5,0.765092056,2.523132522,5,0.245022413,3.306559138,30.6,2.12916259,-18.43494882,4.962,1,1.552985739,0.956807706,3.020112
130.5803354,93,0.187082413,10.88169461,93,0.389725859,11.10106742,68.11827957,10.90506944,-21.70056987,32.204,0.958762887,1.017973107,0.935453656,13.51839086
115.69051,73,0.514770764,9.64087583,73,0.395421462,10.55624038,65.61643836,9.050158977,-39.87519345,29.5,0.948051948,1.166414911,0.860974012,18.38170537
38.29845892,8,0.866025404,3.191538243,8,0.257508807,4.618802154,36,2.309401077,90,7.476,1,2,0.891759474,0.530967273
30.27759026,4,0.866025404,2.256758334,4,0.231271157,3.651483717,31,1.825741858,-71.56505118,5.053,0.8,2,0.748540177,3.56544
80.10697414,35,0.314378213,6.675581178,35,0.250496356,6.95659468,34.68571429,6.60388012,-80.93095892,18.616,0.972222222,1.0534102,0.929086661,1.372525714
30.27759026,5,0.84711745,2.523132522,5,0.242302891,4.00666112,30.8,2.12916259,45,6.277,0.833333333,1.88180139,0.708284666,1.558341818
114.8953768,72,0.618385746,9.57461473,72,0.266324787,10.91245891,43.27777778,8.575825545,-83.05864041,28.102,0.947368421,1.272467455,0.926873417,11.02995692
76.59691784,32,0.709657754,6.383076486,32,0.234078146,8.056882019,27.21875,5.676448608,-86.89945972,19.865,0.864864865,1.419352587,0.759722933,2.926966154
35.82492793,7,0.353093932,2.985410661,7,0.258936453,3.236694375,32.57142857,3.028212018,90,6.368,1,1.068846684,0.972711557,1.1380608
30.27759026,5,0.765092056,2.523132522,5,0.245022413,3.306559138,30,2.12916259,18.43494882,4.962,1,1.552985739,0.956807706,1.328989091
52.44232467,15,0.734684193,4.370193722,15,0.234078146,5.527943624,28.86666667,3.750208195,-14.71924484,11.512,0.9375,1.474036463,0.877835002,1.175625763
48.82114734,13,0.812190185,4.068428945,13,0.231271157,5.499388812,31.23076923,3.208303578,-36.7285083,10.495,1,1.714111112,0.878499424,1.085064828
38.29845892,8,0.580947502,3.191538243,8,0.235460697,3.651483717,30.25,2.972092417,-45,6.831,1,1.228590234,1,2.66112
103.1217566,58,0.611206047,8.593479714,58,0.272528946,9.765950118,42.05172414,7.729471392,-67.87048448,24.521,0.966666667,1.26346934,0.95247173,10.506672
30.27759026,5,0.765092056,2.523132522,5,0.222440471,3.306559138,24.6,2.12916259,71.56505118,4.962,1,1.552985739,0.956807706,3.712541538
75.39059177,31,0.753229095,6.282549314,31,0.239580502,8.134745112,38.61290323,5.350695801,-38.77693506,19.195,0.911764706,1.520315378,0.780796233,1.835745882
30.27759026,4,0.866025404,2.256758334,4,0.236843247,3.651483717,45.75,1.825741858,18.43494882,5.053,0.8,2,0.748540177,2.772075789
71.64985586,28,0.71756842,5.970821321,28,0.234078146,7.242139328,28.75,5.044063284,-14.01841495,16.011,1,1.435774874,0.95920791,6.748272
69.0435287,26,0.490306476,5.753627392,26,0.234078146,6.273243466,29.69230769,5.467445907,-82.75589839,15.25,1,1.147380984,0.965927506,6.54624
46.90584114,12,0.772423883,3.908820095,12,0.228407082,5.142416207,30.25,3.265986324,-45,9.924,0.923076923,1.574536969,0.88335014,3.18816
87.7527935,42,0.648071693,7.312732791,42,0.362488488,9.068999218,63.45238095,6.906762379,73.37611663,28.02,0.79245283,1.313060841,0.543525422,2.986390588
64.93819656,23,0.357991815,5.41151638,23,0.274116992,5.847530723,44.08695652,5.459984011,-86.82990413,16.954,0.884615385,1.070979459,0.715708314,10.86247385
113.2883693,70,0.764527769,9.440697439,70,0.310778771,12.30459873,49.11428571,7.931431048,-62.12882951,33.726,0.833333333,1.551371833,0.64716995,8.040384
33.16743835,6,0.745355992,2.763953196,6,0.272528946,3.464101615,38,2.309401077,90,5.516,1,1.5,1,6.1992
166.9391121,152,0.276192946,13.91159268,152,0.381342953,14.27773533,66.09868421,13.72236296,23.86452861,41.293,0.974358974,1.040472065,0.967411054,8.827030588
124.8377027,85,0.35435353,10.4031419,85,0.287656491,10.89059545,49.30588235,10.18392139,71.32479078,31.162,0.977011494,1.069391154,0.907715135,8.733805714
138.0870574,104,0.458666858,11.50725478,104,0.277372834,12.29358371,45.17307692,10.92418054,-77.16873048,34.826,0.962962963,1.125355231,0.906602851,157.69728
40.62165002,9,0.760175561,3.385137501,9,0.234078146,4.464504938,34.33333333,2.90066797,-29.51812173,8.328,1,1.539129947,0.859718724,4.06944
54.16220002,16,0.586269107,4.513516668,16,0.32819701,5.130928914,64,4.156649509,27.99032501,11.512,0.941176471,1.23439056,0.936357336,6.63552
148.9460501,121,0.768782196,12.41217084,121,0.359896464,15.98558569,65.69421488,10.2229531,-78.7153569,45.809,0.858156028,1.563695493,0.634569692,5.732339056
110.0039483,66,0.697598504,9.166995688,66,0.251883407,10.9838409,36.59090909,7.86979996,-78.3703462,27.242,0.956521739,1.395695057,0.898412012,10.4018087
95.7461473,50,0.529832925,7.978845608,50,0.231271157,9.858089651,37.04,8.360665949,57.13409729,29.409,0.806451613,1.179103401,0.593010069,0.686846911
168.5784881,155,0.576987144,14.04820734,155,0.28071242,15.748171,49.10322581,12.8623695,-45.93140436,44.287,0.945121951,1.224360022,0.865886734,5.678988387
126.2978425,87,0.613079173,10.52482021,87,0.314981511,12.05205053,52.51724138,9.521378712,83.95432584,32.874,0.90625,1.265788379,0.842845525,17.22569143
27.08110001,4,0,2.256758334,4,0.272528946,2.309401077,44,2.309401077,0,3.556,1,1,1,2.669019429
143.9380209,113,0.588943305,11.99483508,113,0.236843247,13.54650005,29.91150442,10.9479339,-72.05414808,38.953,0.926229508,1.237356763,0.801374807,17.95008
38.29845892,8,0.580947502,3.191538243,8,0.317133535,3.651483717,56.25,2.972092417,45,6.831,1,1.228590234,1,0.761472
108.3244,64,0.854086362,9.027033337,64,0.28071242,12.77156591,46.234375,6.642890163,83.4150677,29.731,0.955223881,1.922591763,0.744255275,4.00821696
44.90892382,11,0.684690195,3.742410319,11,0.291266718,4.496907734,49.72727273,3.277500291,-74.92930722,8.791,1,1.372054107,0.970807044,6.718464
116.4802154,74,0.283601162,9.70668462,74,0.28071242,10.00550635,46.32432432,9.594703513,-72.45714905,28.168,0.973684211,1.042815584,0.948607926,10.56054857
112.4762558,69,0.788121608,9.373021316,69,0.245022413,12.27733722,33.73913043,7.556941217,68.24319745,29.293,0.92,1.624643737,0.824217932,1.595831351
57.44768838,18,0.678907164,4.787307365,18,0.253270458,5.661596561,36.77777778,4.156880768,66.89056238,12.066,1,1.361981947,0.978050832,3.015113143
80.10697414,35,0.768444919,6.675581178,35,0.258936453,8.993362355,42.08571429,5.754995897,0.548442912,22.95,0.853658537,1.562705259,0.646065766,3.423823448
109.1674042,65,0.665822268,9.097283683,65,0.234078146,10.94187958,31.44615385,8.163849992,-55.71775306,28.747,0.902777778,1.340284253,0.803253294,8.400463448
62.05059535,21,0.618072771,5.170882946,21,0.274116992,5.958848503,47.33333333,4.684375272,54.84752943,13.679,1,1.272068986,0.932709868,3.664551724
67.70275003,25,0.686045548,5.641895835,25,0.258936453,6.814500372,37.36,4.9579483,56.66097933,16.284,0.961538462,1.374459748,0.832532733,3.276936
189.0834906,195,0.503701968,15.75695755,195,0.284139278,17.05088608,49.37435897,14.72987676,45.54258308,48.48,0.955882353,1.157571536,0.919563398,23.867136
52.44232467,15,0.682730009,4.370193722,15,0.222440471,5.341793632,25,3.903092323,12.32338543,11.239,0.882352941,1.368605503,0.911480861,3.535488
72.91809336,29,0.511026998,6.07650778,29,0.274116992,6.851218841,40.44827586,5.889065604,-85.98525235,17.971,0.90625,1.163379609,0.817569582,1.573429451
119.5868996,78,0.758129927,9.96557497,78,0.267840069,12.8760601,37.97435897,8.396524243,75.72265979,33.925,0.886363636,1.53349883,0.713409907,8.089653782
57.44768838,18,0.70823969,4.787307365,18,0.242302891,5.809303732,31.55555556,4.101206089,77.76418973,12.364,1,1.416486664,0.940818022,1.892496623
94.78385004,49,0.356304373,7.89865417,49,0.247750155,8.312628839,33.83673469,7.767070549,-71.45188781,22.859,0.960784314,1.070239904,0.910834452,10.150272
86.70182393,41,0.247984895,7.225151994,41,0.236843247,7.488883718,29.95121951,7.254960189,-32.42468602,21.544,0.931818182,1.032243255,0.845486357,4.857211139
44.90892382,11,0.684690195,3.742410319,11,0.234078146,4.496907734,32.09090909,3.277500291,-15.07069278,8.791,1,1.372054107,0.970807044,6.395112
92.82933393,47,0.649405906,7.735777828,47,0.242302891,9.043303211,32.23404255,6.87690719,-79.74732701,23.09,0.94,1.315024758,0.858338124,10.64578415
147.7099619,119,0.549853187,12.30916349,119,0.291266718,13.5465296,48.68067227,11.31489219,89.84131341,36.703,0.959677419,1.197230108,0.941928729,167.049216
101.3281979,56,0.418834385,8.444016491,56,0.239580502,9.001036147,31.08928571,8.173504647,-38.58054522,24.554,0.949152542,1.101245614,0.917437663,4.76928
48.82114734,13,0.505789615,4.068428945,13,0.267840069,4.470371451,47.53846154,3.856396618,-45,9.461,1,1.159209463,1,5.6448
221.668357,268,0.572231642,18.47236309,268,0.384109922,20.78029847,73.51492537,17.04175728,-60.87824707,65.26,0.890365449,1.219375334,0.719800643,54.87111529
364.8418218,726,0.200172427,30.40348515,726,0.564616878,30.79987545,90.43250689,30.17650706,-40.46279294,95.959,0.964143426,1.020657407,0.928953513,88.293888
62.05059535,21,0.533168364,5.170882946,21,0.225469467,5.735232685,27.04761905,4.852059377,-51.04737854,13.29,0.954545455,1.182020301,0.977394383,1.042848
108.3244,64,0.815846028,9.027033337,64,0.32819701,12.08502146,58.8125,6.988395593,-77.78030914,28.003,0.941176471,1.72929842,0.829133625,6.368914286
136.7528516,102,0.50651992,11.39607097,102,0.274116992,12.3764264,44.41176471,10.67130459,7.874452537,34.925,0.953271028,1.159785694,0.884549265,8.465381053
38.29845892,4,0.968245837,2.256758334,4,0.207090218,4.618802154,24,1.154700538,0,5.88,1,4,0.617594511,0.96768
125.569895,86,0.526210222,10.46415791,86,0.267840069,11.43496627,40.54651163,9.723775203,51.37375775,30.98,0.955555556,1.175980114,0.928217447,30.51202065
38.29845892,8,0.717405908,3.191538243,8,0.240941697,4.136642609,33.875,2.881814462,-17.29614434,7.865,1,1.435429887,0.829839424,3.270123243
91.83647829,46,0.506089138,7.653039857,46,0.239580502,8.38543178,33.34782609,7.23227709,18.78136258,21.8,0.958333333,1.15944559,0.929221675,10.82823805
74.16464679,30,0.790741108,6.180387232,30,0.258936453,8.373557852,39.76666667,5.125879438,-52.04066138,18.823,0.882352941,1.633584627,0.781420521,7.61664
52.44232467,15,0.837427047,4.370193722,15,0.231271157,6.939522184,29.13333333,3.792789748,-51.69624888,15.73,0.681818182,1.829661712,0.529278211,4.585195102
110.8341785,67,0.483829729,9.236181543,67,0.267840069,10.28726568,51.19402985,9.003025582,26.70024394,31.576,0.893333333,1.142645391,0.69853064,13.97677903
27.08110001,4,0,2.256758334,4,0.214316055,2.309401077,23,2.309401077,0,3.556,1,1,1,3.402432
123.3602814,80,0.514182642,10.09253009,80,0.298774836,11.83679433,54.1125,10.15219024,-40.56635633,40.566,0.816326531,1.16593504,0.526242691,3.605561379
52.44232467,15,0.683129638,4.370193722,15,0.332803483,5.290405987,55.4,3.863568305,27.37621247,11.421,0.9375,1.36930567,0.888840265,17.192736
50.66409895,14,0.633030793,4.222008246,14,0.219300732,5.140387837,24.5,3.979311031,76.22359421,11.33,0.933333333,1.29177835,0.840050202,7.87221504
256.5567998,357,0.600198191,21.32009656,357,0.543401644,24.22539046,82.74509804,19.37671049,51.82572864,74.804,0.901515152,1.250232359,0.738405551,18.52482462
67.70275003,25,0.682191861,5.641895835,25,0.242302891,7.175134647,30.08,5.24626624,-17.32047376,17.69,0.925925926,1.367664987,0.723943917,6.141515294
50.66409895,14,0.798803628,4.222008246,14,0.250496356,5.570349065,37.21428571,3.351076647,7.161359989,10.751,1,1.662256538,0.911530691,7.731565714
95.7461473,50,0.625261707,7.978845608,50,0.335156461,9.379614432,51.74,7.319993154,5.916325763,24.455,0.892857143,1.28136929,0.825028483,14.70820431
129.8763931,92,0.457829879,10.82303276,92,0.222440471,11.59228655,26.07608696,10.30600435,70.85745991,32.386,0.948453608,1.12480901,0.915938111,19.935072
57.44768838,18,0.422500148,4.787307365,18,0.22983912,5.206833117,28.66666667,4.719280129,-45,12.918,1,1.103310881,0.877027716,10.45369377
81.24330003,36,0.473587271,6.770275003,36,0.279042627,7.597808902,52.47222222,6.691746613,22.1329871,20.899,0.9,1.13539997,0.782748106,9.61344
30.27759026,3,0.942809042,1.954410048,3,0.217664963,3.464101615,25,1.154700538,0,3.92,1,3,0.756006963,14.02870154
64.93819656,23,0.404998402,5.41151638,23,0.298774836,6.371382229,54.56521739,5.825465587,-32.64878489,18.269,0.821428571,1.093712105,0.630493077,16.18166634
97.64229468,52,0.360101024,8.13685789,52,0.277372834,8.511066376,44.13461538,7.940087144,5.336433518,22.95,1,1.071910953,0.959869138,7.904365714
30.27759026,5,0.765092056,2.523132522,5,0.236843247,3.306559138,29,2.12916259,18.43494882,4.962,1,1.552985739,0.956807706,2.35224
156.1572405,133,0.604278538,13.01310338,133,0.242302891,14.85365189,35.07518797,11.83499097,20.73172282,43.46,0.886666667,1.255062377,0.769591011,20.1874752
57.44768838,17,0.663079031,4.652426492,17,0.285897885,5.537351913,58.58823529,4.144981429,82.86774385,11.975,0.944444444,1.335917183,0.934869443,8.602298182
143.9380209,113,0.817894115,11.99483508,113,0.389725859,16.38318966,73.92035398,9.426375617,76.02681492,43.948,0.84962406,1.738015789,0.640381003,12.655872
91.83647829,46,0.505363634,7.653039857,46,0.257508807,8.329988941,36.58695652,7.188001454,-68.33853054,22.098,0.978723404,1.158874131,0.907408854,0.476928
33.16743835,6,0.833333333,2.763953196,6,0.257508807,4,47.5,2.211083194,90,6.368,1,1.809068067,0.833752763,3.4691328
115.69051,73,0.432946723,9.64087583,73,0.25608116,10.35310995,38.09589041,9.332495312,-85.25194745,28.747,0.960526316,1.109361388,0.902115237,6.353705235
84.56070768,39,0.483202904,7.04672564,39,0.28071242,7.666273359,42.71794872,6.711886699,-41.03433399,20.138,0.951219512,1.1421935,0.904323294,4.25016
106.6183974,62,0.597739776,8.884866447,62,0.217664963,10.39417524,24.53225806,8.332908321,73.69474952,30.079,0.849315068,1.247364646,0.705970903,5.413143273
66.3348767,24,0.430876857,5.527906392,24,0.289461605,5.957245711,42.625,5.375882479,-75.63693467,14.787,1,1.108142846,0.938271891,1.756955676
82.36395021,37,0.566550563,6.863662518,37,0.222440471,7.790990342,25.91891892,6.419986221,-84.11585553,20.047,0.925,1.213552502,0.864694716,4.383089396
130.5803354,93,0.490773975,10.88169461,93,0.298774836,11.71622546,49.95698925,10.20819405,-83.01608933,31.46,0.989361702,1.147727541,0.976114208,5.157931886
38.29845892,8,0.742134037,3.191538243,8,0.263326587,4.349482708,44.125,2.915247303,-29.87178142,9.18,0.888888889,1.491977269,0.662164901,4.3006464
57.44768838,18,0.629260972,4.787307365,18,0.277372834,5.669325692,49.16666667,4.406166332,-6.047378539,13.472,0.947368421,1.286679908,0.81951188,6.119476364
74.16464679,30,0.336523199,6.180387232,30,0.253270458,6.449806199,37.33333333,6.073622386,90,16.474,0.9375,1.061937307,0.979779279,5.9864832
46.90584114,12,0.364509496,3.908820095,12,0.228407082,4.698704062,31.33333333,4.375431677,32.68821761,12.364,0.857142857,1.073883541,0.627212015,4.9372416
67.70275003,25,0.362921064,5.641895835,25,0.231271157,6.143178638,29.64,5.724336022,-35.68921032,17.235,0.862068966,1.073168768,0.756635555,3.328259241
52.44232467,15,0.537216475,4.370193722,15,0.261843668,4.915503656,42.06666667,4.145954042,84.11585553,11.049,1,1.185614603,0.936052173,2.409859459
103.1217566,58,0.684547943,8.593479714,58,0.492159644,10.22529086,81.82758621,7.453908204,-31.28962875,26.299,0.935483871,1.371802627,0.840900791,11.47104
75.39059177,31,0.581192877,6.282549314,31,0.274116992,7.183724551,41.29032258,5.845869632,-19.39827605,17.417,0.96875,1.22885473,0.921689828,3.7474272
176.5471723,170,0.573482315,14.71226436,170,0.291266718,16.40910289,51.1,13.44263148,-87.14753705,46.09,0.934065934,1.220676391,0.881395876,15.58093395
67.70275003,25,0.514379988,5.641895835,25,0.306677132,6.287810314,55.32,5.392189548,78.47434954,16.673,0.925925926,1.166095935,0.800165045,1.01088
138.0870574,104,0.772733904,11.50725478,104,0.339911639,14.55988651,62,9.241598378,-89.55739251,34.809,0.99047619,1.575472761,0.90741526,4.538108746
97.64229468,52,0.534234906,8.13685789,52,0.440443607,9.208970839,78.94230769,7.784675184,54.74682309,25.166,0.912280702,1.182961475,0.815468768,12.28873846
139.4084948,106,0.802424895,11.61737456,106,0.32819701,15.23185005,58.29245283,9.089654059,86.49917126,37.53,0.946428571,1.675734846,0.80525489,5.46912
42.81897879,10,0.777956265,3.568248232,10,0.284139278,4.915915587,55.2,3.088760368,50.04029899,10.495,0.909090909,1.591549684,0.675768788,0.22032
107.4747838,63,0.629693576,8.956231982,63,0.261843668,10.24108552,40.49206349,7.955721887,-44.9666756,25.654,0.969230769,1.287260373,0.954769134,2.44944
438.972853,1049,0.642194637,36.54624854,1049,0.250496356,41.98453479,38.07530982,32.18289312,89.32696424,135.508,0.916958042,1.304560614,0.685722115,272.29824
234.1379974,299,0.647452097,19.51149979,299,0.245022413,22.51000409,35.40133779,17.15501253,-85.74762694,62.68,0.937304075,1.312153171,0.867249942,39.66886957
57.44768838,18,0.403528785,4.787307365,18,0.289461605,5.367979568,51.16666667,4.911523894,-20.36605335,15.267,0.818181818,1.092935652,0.667484513,1.2786816
54.16220002,16,0.494461135,4.513516668,16,0.254675809,4.973095614,38.6875,4.322613408,-14.87244065,11.512,0.941176471,1.150483549,0.936357336,1.850289231
59.02188911,19,0.451370296,4.918490759,19,0.264809505,5.3179603,43.47368421,4.745411352,0,12.736,0.95,1.120653175,0.947096329,0.350916923
106.6183974,62,0.566287947,8.884866447,62,0.564616878,10.10761765,89.51612903,8.330774012,42.90169865,29.426,0.885714286,1.213286741,0.734565012,17.06755765
100.4194065,55,0.635598721,8.368283872,55,0.231271157,9.768574084,39.16363636,7.541530673,-62.39232352,27.821,0.873015873,1.295303899,0.720937996,1.327104
48.82114734,13,0.505789615,4.068428945,13,0.306677132,4.470371451,53.23076923,3.856396618,45,9.461,1,1.159209463,1,0.625129412
55.8291179,17,0.288647296,4.652426492,17,0.242302891,4.890968066,32.41176471,4.682786461,0,11.81,1,1.044456779,0.955617012,2.054749091
98.576692,53,0.483470784,8.214724333,53,0.258936453,8.943749297,38.94339623,7.829004835,-22.21612241,24.248,0.913793103,1.142386483,0.887798868,10.58958219
102.2289107,57,0.632341704,8.519075892,57,0.228407082,10.09473758,36.49122807,7.820288177,-60.94030039,27.796,0.890625,1.29083959,0.748361929,1.54008
55.8291179,17,0.642837187,4.652426492,17,0.247750155,5.788002531,52.41176471,4.433626377,41.32381032,15.085,0.80952381,1.305478189,0.643054542,1.147392
492.3251625,1322,0.379510765,41.02709688,1322,0.357304439,42.91170228,70.92133132,39.70136288,-76.56103888,138.865,0.941595442,1.080862196,0.823804776,177.831936
85.63795758,40,0.553093701,7.136496465,40,0.261843668,7.937594653,38.95,6.612961348,-5.261435978,19.956,0.930232558,1.200308642,0.942185507,1.91232
199.464757,217,0.566954329,16.62206309,217,0.261843668,18.62122022,41.55760369,15.33921576,-70.4747265,59.124,0.875,1.213961686,0.703353002,20.38608
35.82492793,7,0.692995696,2.985410661,7,0.28071242,3.82702156,39.28571429,2.75905951,10.90070474,7.22,0.875,1.387074671,0.819322487,2.991908571
33.16743835,6,0.632455532,2.763953196,6,0.242302891,3.333333333,34.16666667,2.581988897,45,5.905,1,1.290994449,0.921278728,1.068976552
103.1217566,58,0.757647318,8.593479714,58,0.352212845,10.97641734,69.53448276,7.163914505,-75.70137407,26.853,0.892307692,1.532181509,0.810124788,7.717470968
194.8145897,207,0.559293804,16.23454914,207,0.277372834,17.90047287,45.84057971,14.83894614,75.97072499,49.712,0.958333333,1.206316992,0.931174733,14.349312
215.8008563,254,0.254256322,17.98340469,254,0.246386284,18.4001705,35.1496063,17.79548328,-21.74727843,59.579,0.913669065,1.033979814,0.811378086,10.13444716
230.5872576,290,0.743083644,19.2156048,290,0.282425849,23.64668731,50.31724138,15.82432884,-71.20831426,62.349,0.944625407,1.494324818,0.849669484,24.86137263
66.3348767,24,0.369526005,5.527906392,24,0.257508807,5.828569483,36.58333333,5.416025603,90,14.696,0.96,1.076170962,0.947869659,1.284952131
91.83647829,46,0.645559581,7.653039857,46,0.272528946,8.996408499,46.30434783,6.870646326,77.57923715,22.354,0.958333333,1.3093977,0.889277844,5.664202105
246.7205629,332,0.763270164,20.56004691,332,0.291266718,26.17821226,51.40361446,16.913205,58.77724735,71.637,0.890080429,1.547797255,0.7460937,44.76384
52.44232467,15,0.850610111,4.370193722,15,0.239580502,6.427177439,43,3.379390339,-4.103608206,12.645,0.882352941,1.901874834,0.756352623,6.430342737
77.78453777,33,0.608253636,6.482044814,33,0.216029193,7.88601127,25.3030303,6.259464077,80.57426512,20.692,0.868421053,1.259854066,0.730036844,3.257734737
103.1217566,58,0.738877359,8.593479714,58,0.478925084,10.74807405,84.13793103,7.242481446,88.01075857,26.688,0.90625,1.484031976,0.819111856,14.7163392
85.63795758,40,0.798118168,7.136496465,40,0.240941697,10.03646771,40.5,6.046981285,-34.52131323,28.855,0.740740741,1.659748432,0.490978405,8.745548108
50.66409895,14,0.590032056,4.222008246,14,0.253270458,4.878859906,36.07142857,3.939093031,54.4852039,10.66,1,1.23857443,0.923590568,9.14188032
99.50231505,54,0.721430034,8.291859587,54,0.247750155,10.08372404,35.14814815,6.982851164,87.63297917,24.819,0.964285714,1.444069737,0.86798232,5.50368
249.3079654,339,0.382893209,20.77566378,339,0.28071242,21.70676357,48.34218289,20.05254782,-28.94445345,64.433,0.965811966,1.082494043,0.932916318,34.80192
38.29845892,8,0.547722558,3.191538243,8,0.279042627,3.651483717,44.625,3.055050463,0,7.22,1,1.195228609,0.936368556,9.428596364
97.64229468,52,0.221289441,8.13685789,52,0.231271157,8.336089775,26.78846154,8.12942289,-85.49814815,23.024,0.962962963,1.025422086,0.954447524,7.977076364
60.55518053,20,0.546897117,5.046265044,20,0.263326587,5.673342437,39.75,4.749721283,87.85542334,13.679,0.952380952,1.194457969,0.888295112,4.78939392
134.7267715,99,0.577250942,11.22723096,99,0.236843247,12.840856,33.08080808,10.48541678,71.06146302,39.449,0.846153846,1.224639542,0.685831916,8.621390769
161.3542755,142,0.593936339,13.44618962,142,0.42198167,15.24931022,73.96478873,12.2682537,46.26071343,44.543,0.91025641,1.242989474,0.784769389,11.6301312
172.3430651,162,0.468462094,14.36192209,162,0.258936453,15.45025191,39.48148148,13.65004413,-78.19302361,45.511,0.920454545,1.131882927,0.860028616,11.80807945
419.5385973,960,0.591306156,34.96154978,960,0.337509439,39.04215165,66.06145833,31.48543251,39.46588475,116.693,0.951437066,1.24000684,0.840072347,76.99104
46.90584114,12,0.783575964,3.908820095,12,0.231271157,5.174507244,28.41666667,3.214900604,6.642433242,10.106,1,1.609538795,0.859245327,1.433223529
183.1731653,183,0.914511529,15.26443044,183,0.287656491,26.15158616,49.53005464,10.57988146,56.38040715,59.264,0.799126638,2.471822228,0.59049188,8.186007273
71.64985586,28,0.783009661,5.970821321,28,0.267840069,7.757539368,42.71428571,4.825263515,-64.11955281,16.838,1,1.607692377,0.881443818,5.9616
52.44232467,15,0.86665068,4.370193722,15,0.247750155,6.755442114,38.53333333,3.370394251,42.38126197,13.497,0.882352941,2.004347744,0.680875871,0.41904
135.4055001,100,0.615171345,11.28379167,100,0.330500247,12.80341026,57.81,10.09412465,-19.41044812,33.8,0.943396226,1.268402234,0.920828248,14.62770383
118.8178441,77,0.640907753,9.901487007,77,0.267840069,11.40679004,43.23376623,8.756056304,79.99658293,28.929,0.9625,1.302731464,0.940776841,6.429888
103.1217566,58,0.490765976,8.593479714,58,0.250496356,9.305432963,38.13793103,8.107743995,48.61599195,24.637,0.935483871,1.147721606,0.944533529,10.61485714
178.6121217,174,0.597417355,14.88434348,174,0.258936453,16.8343854,39.76436782,13.50000686,-61.21380723,46.346,0.935483871,1.246990877,0.892825235,7.67232
152.5942489,127,0.378492392,12.71618741,127,0.342313839,13.26542365,61.44094488,12.27853453,75.82396784,37.249,0.984496124,1.080375156,0.978257382,52.22422588
124.8377027,85,0.536143666,10.4031419,85,0.277372834,11.44794114,42.94117647,9.663513347,72.88312492,30.98,0.95505618,1.184656215,0.917424221,16.56
211.5101526,244,0.650259282,17.62584605,244,0.462651053,20.36317885,78.92213115,15.47015862,-81.09964047,54.459,0.972111554,1.316287658,0.924157062,42.07051636
265.6847763,385,0.552836013,22.14039803,385,0.242302891,24.43511355,35.16363636,20.36153751,-71.64558593,73.911,0.905882353,1.2000623,0.814884544,416.89728
234.5292057,300,0.556284062,19.54410048,300,0.234078146,21.76711445,31.22333333,18.08830241,-80.69409029,70.761,0.898203593,1.203380725,0.69025851,20.64133565
186.151786,189,0.511812654,15.51264884,189,0.294972211,17.29127139,50.39153439,14.8548809,73.90627183,53.657,0.88317757,1.164012792,0.736201195,7.210472727
66.3348767,24,0.562727139,5.527906392,24,0.245022413,6.186050181,33.29166667,5.113653275,-59.1637211,14.878,1,1.209712479,0.928819164,1.081676418
94.78385004,49,0.463377846,7.89865417,49,0.234078146,8.549505469,29.46938776,7.576236649,75.55303659,23.669,0.960784314,1.128463361,0.856629676,4.262617358
173.4036479,164,0.311093252,14.45030399,164,0.456234567,15.11661251,77.2804878,14.366517,-14.04113911,49.183,0.886486486,1.052211368,0.752734809,11.00539636
78.95429571,34,0.456690206,6.579524642,34,0.404118247,7.139091218,69.82352941,6.351119701,-50.85979955,18.55,0.918918919,1.124068126,0.908041925,4.755756522
108.3244,64,0.507394184,9.027033337,64,0.25608116,9.860872384,35.453125,8.497252497,20.36755887,26.597,0.955223881,1.160477741,0.90938757,4.770348866
169.6626053,157,0.59477457,14.13855044,157,0.274116992,15.9007746,43.19745223,12.78251404,-88.09998815,43.435,0.945783133,1.243947361,0.909440076,11.8848
59.02188911,19,0.619000533,4.918490759,19,0.28071242,5.663657108,43.78947368,4.448182857,77.17949709,12.711,1,1.273251863,0.950085882,0.524055273
202.6563958,224,0.462702672,16.88803298,224,0.270940899,18.05862655,45.75446429,16.00921675,71.0491966,54.021,0.941176471,1.12801437,0.861457875,241.60896
89.81784764,44,0.480556458,7.484820637,44,0.238211875,8.12602483,33.04545455,7.12622954,-75.18918419,21.709,0.956521739,1.140297935,0.895342169,4.572288
75.39059177,31,0.56275034,6.282549314,31,0.253270458,7.063349478,37.29032258,5.838754781,-71.00955465,16.954,1,1.209735593,0.964650337,2.094336
87.7527935,42,0.561571345,7.312732791,42,0.472380261,8.302260657,84.64285714,6.869525588,-7.447228069,21.362,0.976744186,1.208563903,0.87902176,6.597636923
55.8291179,17,0.6109585,4.652426492,17,0.291266718,5.308994113,56,4.202932212,-74.82837556,11.421,1,1.263164345,1,4.181276643
83.46955606,38,0.666711754,6.955796338,38,0.25608116,8.445757144,35.5,6.294755085,80.79202318,21.544,0.926829268,1.341713384,0.783621502,1.965175322
135.4055001,100,0.795268196,11.28379167,100,0.39830791,14.60973393,72.87,8.857264875,66.26840595,34.28,0.952380952,1.649463366,0.897357155,22.98980571
128.4569364,90,0.421843367,10.7047447,90,0.294972211,11.31386557,49.66666667,10.25792805,-79.74058633,30.914,0.957446809,1.102938674,0.975159124,5.1922944
105.7550763,61,0.642827281,8.812923024,61,0.352212845,10.21366211,61.36065574,7.823779093,64.42273096,26.597,0.938461538,1.30546402,0.866760028,11.88736
63.51080914,22,0.599211777,5.292567428,22,0.212602917,7.01491428,26.95454545,5.616074157,-12.0356667,21.842,0.709677419,1.249077929,0.442917423,2.27121408
104.0069381,59,0.633583322,8.667244841,59,0.253270458,9.959553368,35.89830508,7.705452103,37.0064071,24.612,0.983333333,1.292533291,0.96255035,11.82561882
70.35876171,27,0.559767277,5.863230143,27,0.222440471,6.538575059,25.59259259,5.418189326,50.28676171,15.457,1,1.206782315,0.980874542,1.730383448
314.070715,538,0.629846043,26.17255958,538,0.270940899,29.84462293,45.5204461,23.18091559,-85.25235239,87.119,0.943859649,1.287465235,0.8298427,589.83552
33.16743835,6,0.833333333,2.763953196,6,0.304676613,4,44.16666667,2.211083194,90,6.368,1,1.809068067,0.833752763,1.58112
60.55518053,20,0.617953238,5.046265044,20,0.263326587,6.653193523,41.85,5.23083957,-65.3888849,18.84,0.740740741,1.271916952,0.520141551,2.22912
140.0645384,107,0.485941821,11.67204486,107,0.357304439,12.57062692,60.48598131,10.9866168,-77.6494477,33.974,0.981651376,1.144176334,0.976069725,26.77536
64.93819656,23,0.523719373,5.41151638,23,0.258936453,6.008947595,37.30434783,5.118967469,12.6564419,14.787,0.958333333,1.173859305,0.899177229,1.923096774
27.08110001,4,0,2.256758334,4,0.264809505,2.309401077,40.25,2.309401077,0,3.556,1,1,1,0.175059692
97.64229468,52,0.867535934,8.13685789,52,0.284139278,12.27463698,50.76923077,6.105091561,-47.33613542,29.227,0.852459016,2.010557395,0.623685394,5.050894629
76.59691784,32,0.527178829,6.383076486,32,0.287656491,7.005970289,46.5,5.953353842,-20.29352895,16.954,1,1.176810664,0.99576809,0.406315636
209.7692987,240,0.62883772,17.48077489,240,0.579010574,20.02636616,88.0625,15.57123211,-74.35362931,56.684,0.926640927,1.286113136,0.842649731,26.20312615
138.7493492,105,0.458265747,11.56244577,105,0.373126314,12.33672206,66.16190476,10.9650664,83.56177461,33.61,0.963302752,1.125093238,0.976892633,15.00967385
57.44768838,18,0.573185258,4.787307365,18,0.304676613,5.413716414,54.55555556,4.436138964,-58.41393701,12.182,0.947368421,1.220366733,0.963299138,4.104098743
42.81897879,10,0.5874078,3.568248232,10,0.217664963,4.085747586,24.6,3.306559138,90,8.328,1,1.235649331,0.955243026,4.671648
35.82492793,7,0.353093932,2.985410661,7,0.222440471,3.236694375,27.85714286,3.028212018,90,6.368,1,1.068846684,0.972711557,3.831716571
96.69886874,51,0.636842514,8.058239062,51,0.294972211,9.270445339,50.15686275,7.147456919,-37.96225811,22.652,0.980769231,1.297027103,0.963288479,6.903406703
60.55518053,20,0.68086131,5.046265044,20,0.401194357,6.075205467,74.55,4.449555618,-50.45794122,14.415,0.952380952,1.365351057,0.81537876,7.888143673
27.08110001,4,0.731925055,2.256758334,4,0.291266718,3.055050463,52.5,2.081665999,0,4.59,1,1.467598771,0.840875939,6.619104
55.8291179,17,0.71667283,4.652426492,17,0.258936453,5.803237994,37,4.047233489,-80.66654286,12.455,1,1.433877736,0.878211918,8.58816
38.29845892,8,0.193649167,3.191538243,8,0.239580502,3.651483717,38.875,3.58236421,45,8.626,0.888888889,1.019294383,0.725979902,4.057344
131.9769562,95,0.483242409,10.99807968,95,0.347215448,11.86780275,58.98947368,10.3901022,2.024545492,33.329,0.95959596,1.142221946,0.897527632,10.11210894
101.3281979,56,0.327987671,8.444016491,56,0.225469467,8.78436131,34.71428571,8.298428041,76.94583373,24.521,0.965517241,1.058557267,0.919627877,9.592868571
30.27759026,5,0.765092056,2.523132522,5,0.245022413,3.306559138,33.4,2.12916259,-18.43494882,4.962,1,1.552985739,0.956807706,4.6656
44.90892382,11,0.415206736,3.742410319,11,0.250496356,4.237386271,42.27272727,3.854865054,-35.00844674,9.552,1,1.099230767,0.857893613,3.57888
44.90892382,945,0.876036948,34.68733731,945,0.28071242,51.11602014,58.84550265,24.65039352,70.10943786,134.789,0.918367347,2.073639113,0.624195262,232.65792
66.3348767,24,0.617270485,5.527906392,24,0.257508807,6.718755145,49.16666667,5.285987385,-86.66129891,16.656,0.857142857,1.271050167,0.76947823,3.97872
35.82492793,7,0.353093932,2.985410661,7,0.242302891,3.236694375,33.71428571,3.028212018,0,6.368,1,1.068846684,0.972711557,3.135024
35.82492793,7,0.688972486,2.985410661,7,0.228407082,3.763583333,25.71428571,2.727798137,59.52730205,6.831,1,1.379714753,0.884487591,3.4992
93.81168229,48,0.426355605,7.81764019,48,0.302676093,8.304130734,50.875,7.511548255,19.99422764,21.709,1,1.105515195,0.976736912,9.31824
118.8178441,77,0.435873341,9.901487007,77,0.319285559,10.67538087,59.22077922,9.60792837,62.67503148,29.508,0.950617284,1.111101213,0.907705683,12.56658411
72.91809336,29,0.369552254,6.07650778,29,0.25608116,6.384246574,37.65517241,5.932305441,-29.35019933,16.011,0.966666667,1.076183052,0.993465335,1.375488
57.44768838,18,0.521086051,4.787307365,18,0.231271157,5.450964044,31,4.652420411,-25.23192141,13.398,0.947368421,1.171640472,0.826861461,4.23470592
84.56070768,39,0.615892832,7.04672564,39,0.287656491,8.046640853,44.20512821,6.339384604,47.18617777,19.377,1,1.269309461,0.966478019,14.01161143
102.2289107,57,0.442728495,8.519075892,57,0.242302891,9.139256501,34.59649123,8.194766617,31.0854115,24.868,0.966101695,1.115255251,0.913000749,6.787489315
88.79132424,43,0.626707947,7.39927702,43,0.25608116,8.722183052,34.88372093,6.796798007,-61.83122755,23.785,0.87755102,1.28327825,0.745273225,10.39544471
122.6148953,82,0.623287864,10.21790794,82,0.236843247,11.81550929,31.73170732,9.239639409,87.36432286,31.327,0.964705882,1.278784676,0.867314512,8.55684
77.78453777,33,0.56450641,6.482044814,33,0.228407082,7.212825488,29,5.953673056,28.57747085,17.417,1,1.211491699,0.981153688,3.166227692
27.08110001,4,0.731925055,2.256758334,4,0.235460697,3.055050463,28.5,2.081665999,90,4.59,1,1.467598771,0.840875939,3.633857561
30.27759026,3,0.942809042,1.954410048,3,0.212602917,3.464101615,22,1.154700538,90,3.92,1,3,0.756006963,2.35872
30.27759026,5,0.765092056,2.523132522,5,0.228407082,3.306559138,26,2.12916259,-18.43494882,4.962,1,1.552985739,0.956807706,6.28224
48.82114734,13,0.680442561,4.068428945,13,0.222440471,5.087340386,24.38461538,3.72801026,74.28521719,11.049,0.928571429,1.364626176,0.811245217,3.42144
161.3542755,142,0.629325367,13.44618962,142,0.337509439,15.66121544,60.28169014,12.17098723,2.860139822,47.397,0.893081761,1.286766237,0.698637544,22.64564093
92.82933393,47,0.700493659,7.735777828,47,0.272528946,9.710827163,42.91489362,6.930215561,66.58028421,26.986,0.824561404,1.401230175,0.650697084,4.906368
50.66409895,14,0.196396101,4.222008246,14,0.285897885,4.364357805,50,4.279360369,0,10.106,1,1.019862182,1,5.165568
52.44232467,15,0.475270821,4.370193722,15,0.253270458,4.760952286,36.33333333,4.188874153,45,10.751,1,1.136570857,0.976640026,3.29832
52.44232467,15,0.568901205,4.370193722,15,0.225469467,5.059700802,26.93333333,4.161127654,-64.7139011,11.421,1,1.215944624,0.888840265,1.52064
30.27759026,5,0.765092056,2.523132522,5,0.277372834,3.306559138,44.8,2.12916259,-71.56505118,4.962,1,1.552985739,0.956807706,4.528656
30.27759026,5,0.765092056,2.523132522,5,0.258936453,3.306559138,41.2,2.12916259,-18.43494882,4.962,1,1.552985739,0.956807706,3.9133152
40.62165002,9,0.536748159,3.385137501,9,0.222440471,3.954100962,25.66666667,3.336243049,7.627559352,8.146,1,1.185195714,0.887666269,3.656084211
147.0880224,118,0.558876566,12.2573352,118,0.378575983,13.96190883,65.55932203,11.57792487,54.85200663,47.223,0.825174825,1.205907707,0.584576321,15.2442
48.82114734,13,0.829049028,4.068428945,13,0.277372834,6.101443041,43.07692308,3.411780021,46.27240219,12.273,0.866666667,1.788345967,0.687525976,2.700617143
67.70275003,25,0.634698019,5.641895835,25,0.222440471,6.539619217,27.4,5.053557871,-9.540557214,15.159,0.961538462,1.294062398,0.938036125,0.588742892
48.82114734,13,0.857651376,4.068428945,13,0.246386284,6.264742659,29.07692308,3.221528514,60.38520409,12.273,0.866666667,1.944649141,0.687525976,0.748630588
74.16464679,30,0.468482178,6.180387232,30,0.242302891,6.746086823,32.3,5.959985209,74.34322836,17.227,1,1.131896571,0.908676032,6.691867826
96.69886874,51,0.621043272,8.058239062,51,0.236843247,9.554316089,32.39215686,7.488446301,-88.34733744,25.745,0.894736842,1.275874287,0.768046308,8.364296629
52.44232467,15,0.795206889,4.370193722,15,0.246386284,5.900070112,38.33333333,3.577437849,12.62026463,12.273,0.882352941,1.649244616,0.793299203,2.921679101
66.3348767,24,0.562727139,5.527906392,24,0.263326587,6.186050181,37.45833333,5.113653275,-59.1637211,14.878,1,1.209712479,0.928819164,1.77228
50.66409895,14,0.196396101,4.222008246,14,0.231271157,4.364357805,27.35714286,4.279360369,90,10.106,1,1.019862182,1,2.247704151
27.08110001,4,0,2.256758334,4,0.289461605,2.309401077,50,2.309401077,0,3.556,1,1,1,1.221942857
113.2883693,70,0.408397614,9.440697439,70,0.253270458,9.949515334,36.87142857,9.081958739,23.31737319,27.06,0.95890411,1.095525274,0.964380039,7.658496
67.70275003,25,0.813903983,5.641895835,25,0.231271157,7.668063189,26.96,4.455140132,-52.62095389,16.772,0.961538462,1.721172166,0.792228815,1.16802
84.56070768,39,0.181786122,7.04672564,39,0.267840069,7.225311634,39.92307692,7.104924166,-51.34019175,19.658,0.951219512,1.01694423,0.942801567,7.076996129
85.63795758,40,0.474592835,7.136496465,40,0.263326587,7.820566783,39.1,6.883705533,-36.12449517,20.973,0.930232558,1.136098391,0.86439052,5.447912727
35.82492793,7,0.353093932,2.985410661,7,0.25608116,3.236694375,34,3.028212018,90,6.368,1,1.068846684,0.972711557,3.2076
27.08110001,4,0.731925055,2.256758334,4,0.242302891,3.055050463,37.25,2.081665999,90,4.59,1,1.467598771,0.840875939,0.8370432
127.7412933,89,0.707520268,10.64510777,89,0.337509439,13.3221631,64.80898876,9.414680103,60.93585935,38.018,0.839622642,1.415041505,0.660172964,8.638936615
40.62165002,9,0,3.385137501,9,0.357304439,3.464101615,61.44444444,3.464101615,0,7.476,1,1,1,3.530674286
44.90892382,11,0.684690195,3.742410319,11,0.219300732,4.496907734,23.63636364,3.277500291,74.92930722,8.791,1,1.372054107,0.970807044,0.636138305
30.27759026,107,0.577498977,11.67204486,107,0.337509439,13.07136885,37.35514019,10.67135322,-74.53981044,36.513,0.938596491,1.224902651,0.855079817,42.75072
50.66409895,14,0.749777461,4.222008246,14,0.220870602,5.530159641,26.21428571,3.659251763,-9.131444971,11.992,0.933333333,1.51128154,0.768163769,0.7423488
221.668357,268,0.636999933,18.47236309,268,0.616025864,21.396844,89.37686567,16.4940537,-54.78552498,70.645,0.875816993,1.297245929,0.618571272,42.89995636
71.64985586,28,0.757033735,5.970821321,28,0.314981511,7.594538103,65.85714286,4.962087336,-78.01516375,17.045,1,1.530512784,0.86345927,2.205193846
46.90584114,12,0.661437828,3.908820095,12,0.243662652,4.618802154,35.58333333,3.464101615,90,9.436,1,1.333333333,0.953226395,1.8144
148.3292936,120,0.666438419,12.36077446,120,0.298774836,14.45766625,52.49166667,10.77905881,19.51710862,38.109,0.952380952,1.341273528,0.886197917,18.85756235
93.81168229,48,0.30438681,7.81764019,48,0.319285559,8.186220104,52.125,7.797771788,41.1433923,22.379,0.941176471,1.049815297,0.926124962,2.539181887
78.95429571,34,0.788592923,6.579524642,34,0.264809505,8.953321107,38.73529412,5.505536867,-68.72083482,21.221,0.894736842,1.626239425,0.71984961,2.599785781
35.82492793,7,0.353093932,2.985410661,7,0.242302891,3.236694375,33.28571429,3.028212018,0,6.368,1,1.068846684,0.972711557,3.483648
74.16464679,30,0.283108045,6.180387232,30,0.226938275,6.422146563,28.53333333,6.159403846,-80.58764499,16.656,1,1.042657167,0.961847788,1.013325283
168.0338066,154,0.723131621,14.00281721,154,0.285897885,16.94720765,47.55844156,11.70561015,65.58008179,42.608,0.974683544,1.447785073,0.924604753,6.913941573
144.573512,114,0.445650586,12.04779267,114,0.314981511,12.93678523,57.49122807,11.58110056,-68.27367342,36.496,0.957983193,1.117060089,0.911801233,245.58336
46.90584114,12,0.868312785,3.908820095,12,0.232674652,5.882065442,41,2.917604712,83.1002573,10.958,0.923076923,2.016059756,0.758539111,13.67852651
97.64229468,52,0.642329101,8.13685789,52,0.239580502,9.569790508,38.86538462,7.334564436,-26.42687338,24.447,0.981132075,1.304752394,0.858527308,7.324416
52.44232467,15,0.780978157,4.370193722,15,0.228407082,6.007564176,37.06666667,3.752074301,-73.56566053,12.554,0.882352941,1.601131453,0.765148419,6.892032
48.82114734,13,0.505789615,4.068428945,13,0.274116992,4.470371451,49.84615385,3.856396618,-45,9.461,1,1.159209463,1,12.69888
40.62165002,9,0,3.385137501,9,0.28071242,3.464101615,42.11111111,3.464101615,0,7.476,1,1,1,14.364288
153.7910849,129,0.592839469,12.81592374,129,0.274116992,14.4446237,43.81395349,11.63255388,35.85070587,39.904,0.941605839,1.241741397,0.874867314,16.7051239
63.51080914,22,0.447680691,5.292567428,22,0.277372834,6.381190143,43.36363636,5.706018688,31.50988464,19.675,0.75862069,1.118326191,0.531044563,4.09536
38.29845892,8,0.72555948,3.191538243,8,0.266324787,4.391391404,38.25,3.021977533,-63.99936622,9.18,0.888888889,1.453151573,0.662164901,5.464545882
221.2544102,267,0.475420451,18.43786751,267,0.242302891,20.05532603,33.52059925,17.64384784,-75.66923447,65.74,0.88410596,1.1366753,0.707155242,487.306368
234.5292057,300,0.596562641,19.54410048,300,0.274116992,21.938014,47.24,17.6067155,-78.95062018,61.696,0.964630225,1.24600264,0.896762328,24.147072
52.44232467,15,0.695894648,4.370193722,15,0.239580502,5.276768957,33.6,3.789479359,31.85260496,11.049,1,1.392478612,0.936052173,0.1974528
150.1719641,123,0.584561276,12.51433035,123,0.253270458,14.13786191,38.06504065,11.4707481,-74.96591064,39.697,0.92481203,1.232514374,0.842256916,142.062336
55.8291179,17,0.6109585,4.652426492,17,0.219300732,5.308994113,25.23529412,4.202932212,15.17162444,11.421,1,1.263164345,1,1.047168
48.82114734,13,0.792615146,4.068428945,13,0.236843247,5.684308256,34.84615385,3.465849255,8.963959881,11.421,0.866666667,1.640091025,0.770328229,2.17728
122.6148953,82,0.347025158,10.21790794,82,0.254675809,10.68668521,37.18292683,10.02256992,-10.75896212,30.525,0.931818182,1.066261976,0.909128741,8.22528
33.16743835,6,0.632455532,2.763953196,6,0.212602917,3.333333333,22,2.581988897,45,5.905,1,1.290994449,0.921278728,7.27020973
72.91809336,29,0.581884764,6.07650778,29,0.284139278,6.852109945,43.75862069,5.572624001,-71.53762381,16.772,0.966666667,1.229602059,0.918985425,5.340369836
78.95429571,34,0.357489666,6.579524642,34,0.250496356,6.973338582,34.55882353,6.512520104,-19.29004622,18.459,0.918918919,1.070758857,0.915708925,4.835258182
66.3348767,24,0.643521125,5.527906392,24,0.272528946,6.449786199,41.625,4.936849219,72.2580101,14.696,0.96,1.306458009,0.947869659,0.283018378
127.7412933,89,0.521805457,10.64510777,89,0.231271157,11.87881076,28.76404494,10.13339193,-71.17584895,34.462,0.908163265,1.172244284,0.790935724,144.550656
163.0498135,145,0.445587915,13.58748446,145,0.242302891,14.66835004,32.44827586,13.13166708,72.35431839,47.868,0.868263473,1.117021163,0.700283922,16.56626087
85.63795758,40,0.426604384,7.136496465,40,0.235460697,7.730546997,31.15,6.991803043,-67.16473441,20.973,0.909090909,1.105658576,0.86439052,4.898527689
33.16743835,6,0.778498944,2.763953196,6,0.216029193,3.829708431,23.66666667,2.40370085,-45,6.459,1,1.593255014,0.818022083,1.421897143
139.4084948,106,0.457765828,11.61737456,106,0.337509439,12.39244465,61,11.01778549,-64.8654551,33.883,0.981481481,1.124767284,0.971706597,20.35138065
59.02188911,19,0.385771383,4.918490759,19,0.222440471,5.453457707,26.52631579,5.031329579,-61.36761314,14.142,0.863636364,1.083899916,0.799273512,0.94284
132.6697534,96,0.303076109,11.05581278,96,0.284139278,11.42256712,48.53125,10.88532214,-25.05045631,32.419,0.95049505,1.049354991,0.953988449,15.956352
63.51080914,22,0.852424409,5.292567428,22,0.330500247,7.532714718,62.86363636,3.938483529,-18.31091287,15.159,0.956521739,1.912592668,0.82547179,1.48608
86.70182393,41,0.447378828,7.225151994,41,0.234078146,7.819470176,32.58536585,6.99330058,2.185681531,20.99,0.931818182,1.118137292,0.8847524,1.6749504
118.0437782,76,0.258605788,9.836981519,76,0.246386284,10.28426531,32.96052632,9.934424871,-43.1250531,30.062,0.915662651,1.035214966,0.866270055,6.9008112
62.05059535,21,0.453889957,5.170882946,21,0.247750155,5.626754425,33.9047619,5.013763116,61.13782216,14.415,0.954545455,1.122261721,0.856147698,1.367674435
27.08110001,4,0,2.256758334,4,0.208996853,2.309401077,21.75,2.309401077,0,3.556,1,1,1,0.53568
52.44232467,15,0.585430605,4.370193722,15,0.250496356,5.188942176,41.8,4.206792283,59.26999259,12.918,0.9375,1.233467646,0.73085643,4.757082353
75.39059177,31,0.659973758,6.282549314,31,0.306677132,7.358685634,51.51612903,5.528497011,-52.52823571,17.417,0.939393939,1.331046326,0.921689828,8.24832
104.8846493,60,0.501033123,8.740387445,60,0.308727952,9.534852347,52.1,8.251729223,-17.32781766,25.646,1,1.155497483,0.909809394,6.521806452
40.62165002,9,0.907935861,3.385137501,9,0.236843247,5.399179184,37.33333333,2.26284535,4.731161104,8.882,1,2.386013337,0.782318976,6.77808
108.3244,64,0.399553176,9.027033337,64,0.269390484,9.54380813,41.296875,8.748904534,34.21933959,26.787,0.927536232,1.0908575,0.897877828,7.968793388
40.62165002,9,0,3.385137501,9,0.258936453,3.464101615,39.66666667,3.464101615,0,7.476,1,1,1,9.472098462
277.4986985,420,0.492460491,23.12489154,420,0.28071242,24.92105308,50.53333333,21.68965976,79.35951516,75.474,0.956719818,1.148983126,0.853968338,39.32496
131.280503,94,0.537567065,10.94004192,94,0.258936453,12.00874459,38.84042553,10.12602559,45.6660231,32.411,0.969072165,1.185928722,0.934534124,4.963147397
48.82114734,13,0.787291449,4.068428945,13,0.50220217,5.330127241,82.07692308,3.286455378,90,10.106,1,1.621846831,0.930849104,0.344416438
122.6148953,82,0.664812413,10.21790794,82,0.412962387,12.21115038,72.08536585,9.121855658,79.31519143,35.314,0.88172043,1.338669547,0.696794476,2.801454545
94.78385004,49,0.649077778,7.89865417,49,0.298774836,9.494141294,57.91836735,7.222402632,-24.47797364,25.282,0.960784314,1.314540573,0.762163248,6.14304
169.1214154,156,0.446891932,14.09345128,156,0.242302891,15.31466056,34.31410256,13.7003108,-76.25583455,47.868,0.886363636,1.117833076,0.753408909,13.79733943
173.4036479,164,0.275813057,14.45030399,164,0.263326587,14.855601,41.90243902,14.27937151,-27.41949782,45.031,0.937142857,1.040353982,0.888083233,16.38671186
268.7722434,394,0.788420422,22.39768695,394,0.63910327,28.79403393,92.97208122,17.71226884,72.68046812,79.51,0.912037037,1.625654748,0.724775714,24.93231158
154.9786784,131,0.440478048,12.91488987,131,0.231271157,13.86875706,27.28244275,12.45086224,60.81575464,40.615,0.949275362,1.113879248,0.85979352,23.03424
113.2883693,70,0.740192955,9.440697439,70,0.242302891,11.73313617,33.35714286,7.889296453,-22.05185141,29.69,0.909090909,1.487222117,0.816063592,1.64736
98.576692,53,0.802239597,8.214724333,53,0.222440471,11.18358637,26.05660377,6.67662569,89.03894044,29.566,0.85483871,1.675035698,0.62257055,0.4608
169.6626053,157,0.561158832,14.13855044,157,0.319285559,15.62781466,56.91719745,12.93526941,-29.69369538,42.492,0.963190184,1.208155328,0.947414863,42.80996571
151.9922968,126,0.395316231,12.66602474,126,0.231271157,13.59393922,31.26984127,12.48664609,86.61295827,44.196,0.893617021,1.088678187,0.706590953,124.2678857
251.8687894,346,0.641641387,20.98906578,346,0.250496356,24.20213175,36.71098266,18.56315071,-73.73870651,70.636,0.930107527,1.303772842,0.798798062,272.7592704
344.9519893,649,0.526908427,28.7459991,649,0.306677132,31.34238866,58.12326656,26.63858756,35.55363104,94.371,0.936507937,1.176578472,0.857695544,64.94070857
40.62165002,9,0,3.385137501,9,0.25608116,3.464101615,36.88888889,3.464101615,0,7.476,1,1,1,2.35008
125.569895,86,0.304113137,10.46415791,86,0.317133535,10.82608845,55.24418605,10.31332075,80.47154077,31.071,0.966292135,1.049718971,0.923286195,1.175059307
159.6407302,139,0.55284255,13.30339418,139,0.253270458,14.79849713,39.05755396,12.33137655,73.75565046,43.857,0.908496732,1.200068546,0.79077869,15.66587803
168.0338066,154,0.695342447,14.00281721,154,0.475640318,16.83902668,80.07792208,12.10184754,19.14756245,48.414,0.911242604,1.391442639,0.72807986,44.20224
137.4215737,103,0.650924078,11.45179781,103,0.367763114,13.24628261,64.77669903,10.05582054,-86.97237868,34.073,0.953703704,1.31727516,0.934588751,1.86624
325.2551726,577,0.649491368,27.10459772,577,0.72326168,32.45499165,99.26863085,24.6777684,-50.68280826,108.076,0.863772455,1.315150994,0.586190393,65.80717714
143.9380209,113,0.530242828,11.99483508,113,0.236843247,13.49232614,33.99115044,11.43941239,69.03016533,39.217,0.896825397,1.179459721,0.791416796,10.16064
92.82933393,47,0.814949443,7.735777828,47,0.42501065,10.7178648,82.21276596,6.211346238,87.53280086,26.233,0.886792453,1.725530085,0.684485128,16.531776
112.4762558,69,0.595260438,9.373021316,69,0.261843668,10.55696409,39.47826087,8.482867247,68.60010651,27.515,0.971830986,1.244504221,0.922595195,6.770938776
67.70275003,25,0.558675054,5.641895835,25,0.243662652,6.392358853,33.32,5.301736975,-23.63880448,15.25,0.961538462,1.205710295,0.928776448,4.019593846
140.7175234,108,0.647863938,11.72646029,108,0.284139278,13.66782707,48.25925926,10.4115503,60.25289807,36.604,0.947368421,1.312756186,0.859123631,3.564409263
147.0880224,118,0.792240346,12.2573352,118,0.32819701,15.85762141,60.03389831,9.676466036,-56.34144308,39.027,0.944,1.638782315,0.833899392,10.1142
50.66409895,14,0.196396101,4.222008246,14,0.277372834,4.364357805,47.21428571,4.279360369,0,10.106,1,1.019862182,1,2.593364211
258.3372292,364,0.634225157,21.52810243,364,0.608490643,25.01066217,88.9010989,19.33695348,88.40847191,75.706,0.887804878,1.29341275,0.735756947,27.80148706
88.79132424,43,0.681431867,7.39927702,43,0.449872588,9.071596352,78.65116279,6.639334043,-45.02594917,22.751,0.87755102,1.366341307,0.805985524,7.255494
114.8953768,72,0.854975729,9.57461473,72,0.261843668,14.26531413,46.40277778,7.398962076,-88.23470965,35.405,0.827586207,1.928015577,0.608934207,6.507913846
70.35876171,27,0.752065188,5.863230143,27,0.250496356,7.59859987,35.48148148,5.008151535,15.62716369,18.641,0.870967742,1.517246397,0.715079764,0.055030154
160.7851228,141,0.376540529,13.39876023,141,0.250496356,14.06692515,36.37588652,13.03160151,-58.46628118,41.955,0.94,1.079447153,0.871247446,18.00902038
109.1674042,65,0.67249585,9.097283683,65,0.431133902,10.71757152,71.35384615,7.932084251,2.387717543,27.358,0.955882353,1.351167131,0.878082138,11.575872
83.46955606,38,0.379507861,6.955796338,38,0.235460697,7.329587916,30.21052632,6.78125054,-78.62695265,19.104,0.974358974,1.080860805,0.964951532,0.735048
170.739839,159,0.518828284,14.22831992,159,0.310778771,15.53454506,55.06918239,13.28014823,-44.59081214,43.65,0.952095808,1.169756902,0.912580812,15.42857143
133.3589516,97,0.829233298,11.11324596,97,0.267840069,15.06640582,44.68041237,8.42065368,78.82110275,35.934,0.941747573,1.789220456,0.798307944,3.338045217
76.59691784,32,0.684990469,6.383076486,32,0.247750155,7.767311353,49.34375,5.65889044,-46.83551251,20.138,0.864864865,1.372585569,0.742008856,0.041472
150.1719641,123,0.683155534,12.51433035,123,0.291266718,14.83386155,51.12195122,10.83276717,89.21809396,39.01,0.946153846,1.369351091,0.869935389,4.168900465
46.90584114,12,0.53748385,3.908820095,12,0.212602917,4.472135955,21.58333333,3.771236166,0,10.214,1,1.185854123,0.845404939,0.457411765
118.0437782,76,0.699205322,9.836981519,76,0.321488199,11.76481171,55.02631579,8.410909979,-75.85931243,29.301,0.95,1.398756109,0.907386574,6.653395862
165.8371917,150,0.524813646,13.81976598,150,0.508957586,15.36575522,81.56666667,13.07959437,-7.17007835,46.454,0.867052023,1.17478836,0.766328459,25.44363243
262.5610061,376,0.624002583,21.88008384,376,0.282425849,24.93469072,48.39095745,19.48452282,29.80567016,73.15,0.933002481,1.279717802,0.811791214,39.45270857
59.02188911,19,0.763323712,4.918490759,19,0.245022413,6.257500758,34.47368421,4.042446767,73.12409568,12.827,1,1.547948834,0.936332677,1.323913846
182.1694692,181,0.384502033,15.1807891,181,0.242302891,16.17905592,31.29834254,14.93527716,-60.93079802,51.995,0.896039604,1.083277916,0.748184301,11.2
185.6586679,188,0.325598148,15.47155566,188,0.247750155,16.11411989,37.54255319,15.23603326,19.95592672,49.456,0.944723618,1.057632234,0.853956952,12.78401684
122.6148953,82,0.411556771,10.21790794,82,0.370444714,10.81343299,68.63414634,9.855191167,-43.80186961,30.269,0.931818182,1.09723219,0.923114042,5.120531027
203.5591014,226,0.812935806,16.96325845,226,0.284139278,22.41684089,47.7699115,13.05452145,2.94344673,57.759,0.92244898,1.717170635,0.7657293,3.981312
206.2435131,232,0.752570653,17.18695943,232,0.261843668,21.3580053,42.06896552,14.06449237,-10.42281684,59,0.909803922,1.518576337,0.754975901,4.3203456
128.4569364,90,0.489788176,10.7047447,90,0.321488199,11.54072226,55.93333333,10.06168022,-44.14974337,31.923,0.947368421,1.14699752,0.919845266,6.092928
124.1011907,84,0.502259112,10.34176589,84,0.266324787,11.22250493,42.5952381,9.704292705,12.96796743,30.401,0.988235294,1.156447489,0.938201005,11.04199069
223.7266032,273,0.208514007,18.6438836,273,0.258936453,18.99713368,41.38461538,18.57956491,57.45644738,62.325,0.925423729,1.022474626,0.800447837,29.36448
50.66409895,14,0.196396101,4.222008246,14,0.217664963,4.364357805,22.07142857,4.279360369,0,10.106,1,1.019862182,1,1.403136
104.8846493,60,0.300036781,8.740387445,60,0.410002262,9.042644242,68.06666667,8.626028222,-18.91928728,24.984,0.983606557,1.048297549,0.953142312,5.773184
150.1719641,119,0.718670742,12.30916349,119,0.208996853,21.47787311,20.77310924,14.93465052,-67.31344215,121.002,0.439114391,1.438123582,0.097030486,3.223174737
62.05059535,21,0.46552061,5.170882946,21,0.250496356,5.639993246,33.80952381,4.991602926,0,14.026,0.954545455,1.129896213,0.895386122,0.170331429
86.70182393,41,0.401066372,7.225151994,41,0.291266718,7.631082293,45.29268293,6.990445283,44.5342217,19.84,1,1.091644664,0.975513931,0.820224
191.4922946,200,0.697673119,15.95769122,200,0.337509439,19.07658895,63.3,13.66677799,-86.49272903,52.64,0.938967136,1.395836602,0.807714799,2.978698378
64.93819656,213,0.596624564,16.46815178,213,0.407042137,19.0820058,77.96713615,15.31370056,-50.12839823,60.133,0.835294118,1.246074111,0.668545164,21.82699636
482.9251919,1272,0.312834808,40.24376599,1272,0.321488199,41.73644811,61.05974843,39.64159354,-43.41957485,136.765,0.947839046,1.052844863,0.816621135,66.50331429
64.93819656,23,0.78116155,5.41151638,23,0.274116992,7.166868343,44.56521739,4.474483357,-45.663539,16.4,0.884615385,1.601719745,0.756863894,0.354694737
239.9391574,314,0.767197287,19.99492978,314,0.247750155,25.11080041,36.28980892,16.10634853,78.87351252,68.569,0.937313433,1.559062277,0.767313587,23.7168
76.59691784,32,0.66587201,6.383076486,32,0.270940899,7.771367696,43.625,5.797953156,53.55136448,19.195,0.914285714,1.340364002,0.805983209,0.27648
213.2367947,248,0.515031687,17.76973289,248,0.323690839,19.48232613,56.43951613,16.69968768,-21.60801198,60.596,0.901818182,1.166628173,0.767132235,136.80576
132.6697534,96,0.485165596,11.05581278,96,0.234078146,12.04042656,29.71875,10.52841739,15.08793212,36.927,0.914285714,1.143612199,0.751402991,2.788992
50.66409895,14,0.757319993,4.222008246,14,0.222440471,5.4270547,31.28571429,3.544105349,61.38424954,10.867,0.933333333,1.531290457,0.896497093,3.8143872
40.62165002,9,0.665811885,3.385137501,9,0.25608116,4.053691235,41.44444444,3.02453869,-69.69935268,7.683,1,1.340267608,0.965226527,0.808704
86.70182393,41,0.681280754,7.225151994,41,0.291266718,8.726585663,47.63414634,6.388054635,-27.74414925,21.064,0.931818182,1.366078746,0.879351037,1.613952
172.3430651,162,0.779368759,14.36192209,162,0.389725859,18.36188961,68.14814815,11.50492672,-74.02818893,45.213,0.947368421,1.59600231,0.87066166,34.37732571
33.16743835,6,0.833333333,2.763953196,6,0.243662652,4,33,2.211083194,90,6.368,1,1.809068067,0.833752763,0.7496064
191.0129639,199,0.615904514,15.917747,199,0.373126314,18.27139945,68.28140704,14.39458873,67.00828563,51.011,0.943127962,1.269324174,0.85275531,18.42712615
67.70275003,25,0.467106642,5.641895835,25,0.234078146,6.313284961,28.2,5.582212793,87.12792084,16.474,0.892857143,1.130964582,0.816482732,2.665648552
122.6148953,82,0.64295903,10.21790794,82,0.319285559,11.75036415,60.57317073,8.999610627,-57.43102897,29.508,0.976190476,1.305652504,0.966647611,8.253703178
46.90584114,12,0.773768909,3.908820095,12,0.339911639,5.029344274,58.91666667,3.185928534,-80.58312354,9.643,1,1.578611767,0.922608221,2.90304
194.3434533,206,0.630062193,16.19528778,206,0.526046133,18.51664585,84.38834951,14.37900274,58.34931717,51.813,0.936363636,1.287755916,0.857174215,7.703424
89.81784764,44,0.911147228,7.484820637,44,0.277372834,13.58989656,54.93181818,5.600137803,-88.39321077,30.98,0.75862069,2.426707527,0.47490195,6.915942
197.153384,212,0.8728129,16.42944867,212,0.431133902,24.14095704,72.5,11.78211374,-78.8669228,60.116,0.861788618,2.048949582,0.665764148,17.27568
140.7175234,108,0.715342656,11.72646029,108,0.270940899,14.3468007,55.41666667,10.02516907,-61.31394565,40.756,0.907563025,1.431078179,0.704291118,4.049154783
228.9914789,286,0.713120519,19.08262324,286,0.296873524,22.90744267,54.42307692,16.05906701,82.63656185,61.795,0.956521739,1.426449162,0.852308665,21.166848
137.4215737,103,0.771115635,11.45179781,103,0.277372834,14.9955187,51.45631068,9.54757359,-72.88789504,40.094,0.837398374,1.570610434,0.692411474,5.1446016
146.463442,117,0.45956328,12.20528684,117,0.352212845,13.03850841,59.11965812,11.58008642,86.33986233,36.248,0.959016393,1.125942237,0.947616789,6.204827676
142.0144865,110,0.314684854,11.83454055,110,0.25608116,12.23213255,38.53636364,11.61069384,50.88059868,35.115,0.964912281,1.053522961,0.944473932,10.548864
88.79132424,43,0.521382453,7.39927702,43,0.216029193,8.710375713,25.20930233,7.432764933,9.704015988,27.54,0.796296296,1.171889033,0.574014047,3.843565714
83.46955606,37,0.883671801,6.863662518,37,0.219300732,10.89953382,25.59459459,5.102147906,55.76130005,26.614,0.755102041,2.136263789,0.525139128,4.3637184
33.16743835,6,0.745355992,2.763953196,6,0.223954969,3.464101615,27,2.309401077,90,5.516,1,1.5,1,3.296761519
38.29845892,8,0.580947502,3.191538243,8,0.282425849,3.651483717,46.75,2.972092417,-45,6.831,1,1.228590234,1,4.149668571
42.81897879,10,0.776414962,3.568248232,10,0.216029193,4.745688405,23.6,2.99083738,-49.06505118,9.18,0.909090909,1.586742374,0.827706127,2.351765854
48.82114734,13,0.830044887,4.068428945,13,0.212602917,5.814485827,27,3.242718915,44.5342217,11.421,0.928571429,1.793089682,0.770328229,5.605632
107.4747838,63,0.61480701,8.956231982,63,0.239580502,10.37226531,33.22222222,8.180373209,20.40969126,29.037,0.875,1.267945245,0.764568359,10.305792
81.24330003,36,0.702910454,6.770275003,36,0.222440471,8.170510743,25.5,5.811507412,-76.6071801,18.732,0.972972973,1.405919353,0.945523059,6.27912
42.81897879,10,0.767326326,3.568248232,10,0.254675809,4.685884287,37.3,3.004855257,-71.77777912,8.7,1,1.559437605,0.896168406,1.144467692
59.02188911,19,0.505045945,4.918490759,19,0.245022413,5.437823921,33.57894737,4.69334482,-75.21108066,12.827,0.95,1.15862442,0.936332677,4.0974336
77.78453777,33,0.578212305,6.482044814,33,0.32819701,7.289134395,60.63636364,5.947105232,-72.48457813,17.698,1,1.225660907,0.954872427,1.936065306
95.7461473,50,0.598721773,7.978845608,50,0.263326587,9.004985673,40.92,7.212606997,73.16546253,22.652,0.961538462,1.248506355,0.94440047,10.8217127
96.69886874,51,0.597911532,8.058239062,51,0.228407082,9.189377357,27.15686275,7.36585661,75.18693163,23.669,0.944444444,1.247563976,0.891594153,3.660538776
216.2252439,255,0.577888683,18.01877032,255,0.357304439,20.03822138,65.88235294,16.35350504,87.88598494,54.856,0.977011494,1.225316612,0.952642844,21.81992727
48.82114734,13,0.844111649,4.068428945,13,0.294972211,5.779027704,43.46153846,3.09852649,77.02331215,11.14,1,1.86508901,0.800939907,0.575602759
111.6582358,68,0.230235452,9.304852983,68,0.226938275,9.626346501,36.58823529,9.367734249,-47.03993282,29.136,0.931506849,1.027606702,0.820193841,4.05324
55.8291179,17,0.471362557,4.652426492,17,0.267840069,5.090643202,41.88235294,4.489639489,-78.69006753,12.157,0.944444444,1.133864582,0.912758368,1.129450213
42.81897879,10,0.093933644,3.568248232,10,0.238211875,4.258325179,41.7,4.239496825,0,12.844,0.714285714,1.004441177,0.491759071,1.287062069
158.4880744,137,0.685978509,13.20733954,137,0.373126314,15.58249829,65.34306569,11.33816547,82.99732612,40.557,0.951388889,1.374340349,0.901561859,23.24202146
50.66409895,14,0.196396101,4.222008246,14,0.245022413,4.364357805,33.28571429,4.279360369,0,10.106,1,1.019862182,1,1.750504186
30.27759026,5,0.765092056,2.523132522,5,0.212602917,3.306559138,22.6,2.12916259,-18.43494882,4.962,1,1.552985739,0.956807706,3.1958496
90.83277079,45,0.221805815,7.569397566,45,0.231271157,7.796936082,30.44444444,7.60272109,-43.48565071,21.461,0.9375,1.025545458,0.934244663,2.066688
42.81897879,10,0.630126038,3.568248232,10,0.289461605,4.258325179,48.3,3.306559138,-63.43494882,8.791,1,1.287841832,0.882551858,3.089664
40.62165002,9,0.880742815,3.385137501,9,0.247750155,5.52941984,32.77777778,2.618704832,75.00918032,10.197,0.818181818,2.111509389,0.635670934,2.857298824
128.4569364,90,0.682939329,10.7047447,90,0.294972211,12.72458883,54.64444444,9.294995309,-53.03280855,32.874,0.957446809,1.368972055,0.871909164,14.05473882
42.81897879,10,0.5874078,3.568248232,10,0.386917891,4.085747586,67.7,3.306559138,0,8.328,1,1.235649331,0.955243026,0.71424
52.44232467,15,0.461880215,4.370193722,15,0.261843668,4.760952286,38.06666667,4.222690033,-14.03624347,10.867,1,1.127469042,0.9605326,6.12036
42.81897879,10,0.657535506,3.568248232,10,0.219300732,4.258325179,25.3,3.208322511,90,8.146,1,1.327274663,0.986295854,3.245663713
35.82492793,7,0.779483763,2.985410661,7,0.219300732,3.879126068,25.85714286,2.429971585,-45,6.186,1,1.596366843,1,2.199806836
38.29845892,8,0.580947502,3.191538243,8,0.260390061,3.651483717,40.125,2.972092417,45,6.831,1,1.228590234,1,2.219061493
143.2997117,112,0.295052709,11.94164264,112,0.267840069,12.30435739,40.4375,11.75657943,11.60402774,35.016,0.957264957,1.046593311,0.966642647,14.16237851
35.82492793,6,0.833333333,2.763953196,6,0.222440471,4,27,2.211083194,-36.86989765,6.186,0.857142857,1.809068067,0.866606558,0.782043429
50.66409895,14,0.774966466,4.222008246,14,0.243662652,6.041271362,36.14285714,3.818097728,50.25739505,12.736,0.777777778,1.582272585,0.697860453,3.596058947
59.02188911,19,0.656641501,4.918490759,19,0.245022413,5.966691133,34.10526316,4.500095461,-84.50725111,14.878,0.904761905,1.325903236,0.735315171,2.623418182
35.82492793,5,0.576018433,2.523132522,5,0.222440471,3.401960219,26,2.780887149,0,6.368,0.714285714,1.223336309,0.694793969,2.519738182
23.45292057,3,0.928994797,1.954410048,3,0.212602917,3.854129393,24,1.42638547,-28.15496624,4.59,0.75,2.702025135,0.630656955,1.483696552
168.5784881,155,0.365310797,14.04820734,155,0.378575983,14.87229505,69.12258065,13.84440547,-51.11689897,52.111,0.856353591,1.074245845,0.638022859,21.102336
88.79132424,43,0.566340935,7.39927702,43,0.258936453,8.281174677,37.06976744,6.825104557,88.89523569,20.783,0.955555556,1.213340339,0.944037433,14.8511232
30.27759026,5,0.765092056,2.523132522,5,0.274116992,3.306559138,53,2.12916259,-18.43494882,4.962,1,1.552985739,0.956807706,3.50065152
40.62165002,9,0.536748159,3.385137501,9,0.234078146,3.954100962,32.11111111,3.336243049,82.37244065,8.146,0.9,1.185195714,0.887666269,0.7776
46.90584114,12,0.62489532,3.908820095,12,0.223954969,4.611134873,29.41666667,3.599952417,-37.2379445,9.37,0.923076923,1.280887728,0.963309664,2.754635294
87.7527935,42,0.583052976,7.312732791,42,0.260390061,8.228172652,37.92857143,6.684848351,-51.10888337,20.576,0.976744186,1.230869007,0.938248638,8.205531429
77.78453777,33,0.830908775,6.482044814,33,0.242302891,9.91555599,35.54545455,5.517101313,-56.85658521,23.024,0.804878049,1.79724015,0.605707083,0.762978462
40.62165002,9,0.832391389,3.385137501,9,0.212602917,5.463142664,22.55555556,3.027609274,23.27407885,10.776,0.75,1.804441118,0.583880715,3.6288
117.2646029,75,0.6731091,9.772050238,75,0.284139278,11.54106658,48.76,8.535117264,53.2138205,29.889,0.961538462,1.352186059,0.863850115,10.5161472
52.44232467,15,0.709862239,4.370193722,15,0.231271157,5.790786699,32.73333333,4.078685854,-26.95085802,14.051,0.789473684,1.419767765,0.637702877,3.029958621
80.10697414,35,0.632965005,6.675581178,35,0.222440471,8.063713734,23.62857143,6.242769183,4.499753905,21.643,0.875,1.291688592,0.716002168,6.53616
50.66409895,14,0.557059042,4.222008246,14,0.243662652,4.898482483,34.21428571,4.068056913,82.37244065,11.901,0.875,1.204133223,0.777485878,7.98336
257.6265339,362,0.707035137,21.46887783,362,0.42501065,25.98624614,74.48895028,18.37691244,81.70549023,70.462,0.945169713,1.414070303,0.839692759,64.05202286
77.78453777,32,0.538575376,6.383076486,32,0.214316055,7.512718145,20.0625,6.33004603,38.15429404,21.544,0.864864865,1.186834679,0.659891791,8.676924632
76.59691784,32,0.3878423,6.383076486,32,0.253270458,6.78015487,38.03125,6.249443304,-3.634770075,17.789,0.941176471,1.084921415,0.917903004,1.554097021
145.8361867,116,0.897348822,12.15301556,116,0.362488488,19.65794415,65.21551724,8.675482873,-85.33456352,47.959,0.789115646,2.265919308,0.558233608,14.07151059
111.6582358,68,0.633077527,9.304852983,68,0.43732013,11.27573853,74.51470588,8.728418349,-14.94772235,31.65,0.860759494,1.291842128,0.705943846,12.39177974
44.90892382,11,0.684690195,3.742410319,11,0.239580502,4.496907734,34.81818182,3.277500291,-15.07069278,8.791,1,1.372054107,0.970807044,2.033723077
201.7496512,222,0.654371055,16.81247093,222,0.342313839,19.53611904,62.53603604,14.77269759,-63.544852,53.748,0.948717949,1.322447638,0.861980002,34.10600727
71.64985586,28,0.395388814,5.970821321,28,0.240941697,6.469969909,31.46428571,5.942756946,-21.17290224,17.053,0.875,1.088715216,0.862775294,1.468553143
85.63795758,40,0.37189078,7.136496465,40,0.219300732,7.624521843,23.975,7.077664398,90,21.453,0.930232558,1.077265241,0.830980031,10.668672
60.55518053,19,0.707133625,4.918490759,19,0.212602917,6.523379343,22.42105263,4.612550652,0.596744712,16.673,0.826086957,1.414267254,0.608125434,7.700233846
27.08110001,4,0,2.256758334,4,0.257508807,2.309401077,37.5,2.309401077,0,3.556,1,1,1,2.432777143
108.746719,217,0.865642809,16.62206309,217,0.302676093,26.05872273,64.87096774,13.04661454,-84.48357538,71.645,0.764084507,1.997355149,0.487553304,24.21592615
38.29845892,8,0.717405908,3.191538243,8,0.272528946,4.136642609,45.25,2.881814462,-17.29614434,7.865,1,1.435429887,0.829839424,5.380634483
156.7431984,134,0.51823798,13.0619332,134,0.222440471,14.64343654,25.86567164,12.52360077,85.99675769,47.703,0.848101266,1.169267274,0.651366048,13.06738286
46.90584114,12,0.472903608,3.908820095,12,0.282425849,4.324626255,42.91666667,3.810489467,70.19465588,9.552,0.923076923,1.134926705,0.935883941,10.27041882
59.02188911,19,0.505045945,4.918490759,19,0.267840069,5.437823921,42.68421053,4.69334482,75.21108066,12.827,0.95,1.15862442,0.936332677,11.31997091
159.0654464,138,0.77767583,13.25545387,138,0.692254089,17.62941091,102.9202899,11.08300233,-71.33545398,50.399,0.816568047,1.590671046,0.604954347,40.08809739
67.70275003,25,0.532405639,5.641895835,25,0.310778771,6.241556761,46.44,5.283411385,32.66809264,14.994,0.961538462,1.181349758,0.955182523,11.9412313
70.35876171,27,0.750983459,5.863230143,27,0.231271157,7.982839373,33.81481481,5.271236605,40.57371457,19.865,0.771428571,1.514414922,0.641016225,9.196866783
77.78453777,33,0.668414693,6.482044814,33,0.298774836,7.58962172,50.42424242,5.645075728,-62.80686368,17.326,0.970588235,1.344467654,0.989897606,16.70976
127.0216183,88,0.457957215,10.58513486,88,0.249123256,11.43942412,38,10.1693533,36.18969776,32.113,0.946236559,1.124891995,0.889735941,6.438885517
23.45292057,3,0.730296743,1.954410048,3,0.231271157,2.581988897,30.33333333,1.763834207,45,3.093,1,1.463850109,0.969873184,2.425876364
33.16743835,6,0.745355992,2.763953196,6,0.289461605,3.464101615,46.16666667,2.309401077,0,5.516,1,1.5,1,6.215343158
92.82933393,47,0.934500331,7.735777828,47,0.342313839,13.98693843,60.72340426,4.978822231,-77.63448482,28.747,0.810344828,2.809286571,0.58081392,10.584576
82.36395021,37,0.29788638,6.863662518,37,0.250496356,7.131149698,35.97297297,6.807405006,-73.52539244,19.286,0.948717949,1.047557724,0.924370908,93.12192
57.44768838,18,0.734047939,4.787307365,18,0.263326587,6.47362319,38.61111111,4.39622232,-54.1778508,14.696,0.857142857,1.472542269,0.710902244,4.05029376
184.1713916,185,0.504615125,15.34761596,185,0.337509439,16.583509,60.57297297,14.31727985,46.23354504,46.553,0.958549223,1.158286293,0.941376434,33.42336
42.81897879,10,0.5874078,3.568248232,10,0.304676613,4.085747586,53.6,3.306559138,90,8.328,1,1.235649331,0.955243026,6.887314286
63.51080914,22,0.591706442,5.292567428,22,0.266324787,6.067978614,41.13636364,4.891722277,-36.27039868,14.233,0.956521739,1.240458528,0.915805573,6.046765714
110.8341785,67,0.433698839,9.236181543,67,0.249123256,9.852847269,34.52238806,8.877985749,41.19750495,27.449,0.943661972,1.10980661,0.899723129,10.92756706
50.66409895,14,0.798803628,4.222008246,14,0.306677132,5.570349065,53.64285714,3.351076647,-82.83864001,10.751,1,1.662256538,0.911530691,3.181988571
60.55518053,20,0.72857243,5.046265044,20,0.231271157,6.438646545,27.1,4.410271798,-69.56379585,14.63,0.869565217,1.459920576,0.795769261,4.080040119
76.59691784,32,0.549637924,6.383076486,32,0.222440471,7.306226809,26.375,6.103643705,48.11492132,19.741,0.941176471,1.197027081,0.767979068,7.412205176
98.576692,53,0.411326759,8.214724333,53,0.306677132,8.960681187,53.45283019,8.167552998,76.15877171,25.307,0.913793103,1.097107198,0.822932397,6.198040976
99.50231505,54,0.365389633,8.291859587,54,0.317133535,8.643844595,56.62962963,8.046163107,-45,22.834,1,1.074281553,1,9.2596608
222.0815323,269,0.77894601,18.50679436,269,0.378575983,23.55301788,66.76208178,14.76988536,89.45195265,58.751,0.964157706,1.594664908,0.882439202,80.05981091
44.90892382,11,0.677848679,3.742410319,11,0.28071242,4.761814565,45.18181818,3.50089296,-56.98124449,11.14,0.846153846,1.360171425,0.677718383,6.707298462
35.82492793,7,0.353093932,2.985410661,7,0.291266718,3.236694375,39.28571429,3.028212018,90,6.368,1,1.068846684,0.972711557,1.459495385
136.0808434,101,0.564962189,11.34007028,101,0.323690839,12.56739966,58.36633663,10.36957252,-70.50305143,33.337,0.952830189,1.211949637,0.953795102,166.116096
209.3318231,239,0.591730823,17.44431859,239,0.254675809,19.91749869,46.73640167,16.05620509,21.6481681,64.285,0.888475836,1.240486066,0.660610296,18.57267692
66.3348767,24,0.412841767,5.527906392,24,0.367763114,5.943926276,59.54166667,5.413744482,-64.59821225,15.457,0.888888889,1.097932548,0.871888482,8.898048
72.91809336,29,0.80757385,6.07650778,29,0.249123256,8.101763906,44.48275862,4.778148617,63.68959003,17.996,0.935483871,1.69558642,0.815636802,10.6417152
35.82492793,7,0.353093932,2.985410661,7,0.284139278,3.236694375,41.85714286,3.028212018,0,6.368,1,1.068846684,0.972711557,3.436612683
46.90584114,12,0.803276539,3.908820095,12,0.234078146,5.303917229,29.25,3.159046239,72.86314723,10.288,1,1.678961569,0.836113875,6.43464
114.8953768,72,0.802015177,9.57461473,72,0.325943925,13.94550714,55.61111111,8.329702382,14.07067016,37.572,0.742268041,1.674190325,0.545837672,5.376808421
59.02188911,19,0.505045945,4.918490759,19,0.242302891,5.437823921,36.63157895,4.69334482,-75.21108066,12.827,0.95,1.15862442,0.936332677,2.135444211
38.29845892,8,0.580947502,3.191538243,8,0.261843668,3.651483717,40.875,2.972092417,45,6.831,1,1.228590234,1,2.733877895
52.44232467,15,0.635251642,4.370193722,15,0.236843247,5.106858134,28.8,3.944053189,80.53767779,10.685,1,1.294824864,0.985986087,2.435904
163.6110882,146,0.419745815,13.63425735,146,0.285897885,14.3978195,49.97945205,13.06806133,-49.61404235,40.557,0.973333333,1.101756346,0.96078855,6.24891661
110.8341785,55,0.965768015,8.368283872,55,0.277372834,17.97876747,53.09090909,4.66382334,83.56605495,35.57,0.833333333,3.854941785,0.461201249,5.650686439
196.2212115,210,0.592353253,16.35176762,210,0.245022413,18.31973282,35.61904762,14.75981234,-87.99764499,49.803,0.976744186,1.241190091,0.941425453,343.28448
156.7431984,134,0.53655401,13.0619332,134,0.321488199,14.31394106,56.15671642,12.07904791,-51.88125041,39.697,0.943661972,1.185022293,0.917580705,4.64832
128.4569364,90,0.673723228,10.7047447,90,0.250496356,12.61553996,38.02222222,9.322679283,30.48395855,31.766,0.957446809,1.353209692,0.928138044,5.58576
151.3879513,125,0.151317299,12.61566261,125,0.443567083,12.86594051,77.12,12.71779232,-89.22592115,39.217,0.939849624,1.011648892,0.875461057,19.55531755
82.36395021,37,0.452103268,6.863662518,37,0.277372834,7.378438968,42.27027027,6.581313755,73.80594257,19.079,0.973684211,1.121119467,0.94167342,0.22272
83.46955606,38,0.52329558,6.955796338,38,0.284139278,7.633062973,42.68421053,6.504524079,19.34233271,19.17,0.974358974,1.17350061,0.959251122,6.573312
169.1214154,156,0.590437879,14.09345128,156,0.231271157,16.03040366,28.12179487,12.93786768,-27.95186549,47.215,0.912280702,1.239029804,0.773075286,83.161728
260.4576798,370,0.685715987,21.70480665,370,0.415957539,25.69610594,74.77027027,18.7034043,-29.62870348,69.197,0.948717949,1.373873201,0.888528735,43.82365091
38.29845892,8,0.547722558,3.191538243,8,0.254675809,3.651483717,42,3.055050463,90,7.22,1,1.195228609,0.936368556,11.31899586
38.29845892,8,0.717405908,3.191538243,8,0.266324787,4.136642609,46.75,2.881814462,17.29614434,7.865,1,1.435429887,0.829839424,10.37448
35.82492793,7,0.353093932,2.985410661,7,0.250496356,3.236694375,38,3.028212018,90,6.368,1,1.068846684,0.972711557,10.969344
62.05059535,21,0.770620399,5.170882946,21,0.245022413,7.395073198,32.19047619,4.712839015,-52.57703403,17.715,0.84,1.569133419,0.606655921,6.364356923
138.7493492,105,0.656292011,11.56244577,105,0.28071242,13.45741475,47.87619048,10.15371348,-73.51537056,35.388,0.9375,1.325368771,0.888812857,26.83296
60.55518053,20,0.796757337,5.046265044,20,0.267840069,7.27971979,46.6,4.399130192,88.56879739,17.045,0.909090909,1.654808899,0.616756621,7.491586909
30.27759026,5,0.765092056,2.523132522,5,0.261843668,3.306559138,44,2.12916259,18.43494882,4.962,1,1.552985739,0.956807706,3.2832
46.90584114,12,0.661437828,3.908820095,12,0.274116992,4.618802154,45.58333333,3.464101615,0,9.436,1,1.333333333,0.953226395,0.882681081
42.81897879,7,0.942065654,2.985410661,7,0.20315829,6.770234478,21.14285714,2.270929852,-2.763770076,10.776,0.777777778,2.981260946,0.454129445,4.2349824
33.16743835,6,0.745355992,2.763953196,6,0.231271157,3.464101615,28.16666667,2.309401077,0,5.516,1,1.5,1,1.305425455
35.82492793,7,0.353093932,2.985410661,7,0.222440471,3.236694375,27,3.028212018,90,6.368,1,1.068846684,0.972711557,3.2845824
40.62165002,9,0.665811885,3.385137501,9,0.222440471,4.053691235,26.11111111,3.02453869,69.69935268,7.683,1,1.340267608,0.965226527,1.728
101.3281979,56,0.255692654,8.444016491,56,0.300725465,8.695921321,49.875,8.406852566,-75.96375653,23.802,0.98245614,1.034384896,0.969363991,10.064736
64.93819656,23,0.754708324,5.41151638,23,0.253270458,6.961842137,34.26086957,4.567389455,-53.80059068,15.639,0.92,1.524249728,0.819443687,3.327185455
44.90892382,11,0.478395283,3.742410319,11,0.277372834,4.163331999,43.27272727,3.656007547,-18.43494882,8.907,0.916666667,1.138764607,0.95220379,1.15344
67.70275003,25,0.707495339,5.641895835,25,0.212602917,7.077768082,22.24,5.00198617,-51.54992154,16.383,0.892857143,1.414991534,0.824111376,1.96992
46.90584114,12,0.661437828,3.908820095,12,0.222440471,4.618802154,24.58333333,3.464101615,90,9.436,1,1.333333333,0.953226395,3.271244108
38.29845892,8,0.782272678,3.191538243,8,0.22983912,4.27914326,28.625,2.665633063,-19.32990413,7.774,0.888888889,1.60530094,0.84373334,1.5552
57.04735118,5,0.765092056,2.523132522,5,0.212602917,3.306559138,21.4,2.12916259,-18.43494882,4.962,1,1.552985739,0.956807706,80.38656
66.3348767,24,0.686668473,5.527906392,24,0.253270458,6.819508922,35.375,4.957583221,-79.30146473,15.92,0.888888889,1.375571245,0.830047101,2.205556364
30.27759026,5,0.765092056,2.523132522,5,0.231271157,3.306559138,27.4,2.12916259,18.43494882,4.962,1,1.552985739,0.956807706,1.24416
33.16743835,6,0.456435465,2.763953196,6,0.253270458,3.265986324,36,2.905932629,26.56505118,6.277,1,1.123902974,0.849941599,2.818210909
91.83647829,46,0.384212571,7.653039857,46,0.337509439,8.072918439,64.02173913,7.45327883,-51.47199363,22.189,0.93877551,1.083136512,0.900900844,8.981534118
54.16220002,16,0.64799807,4.513516668,16,0.222440471,5.459936376,24.375,4.158516735,36.73258107,13.034,0.888888889,1.312952845,0.76843908,0.090156522
96.69886874,51,0.433777023,8.058239062,51,0.253270458,8.584897192,36.54901961,7.735166232,52.9552425,22.561,0.980769231,1.109852967,0.970121598,7.126873043
38.29845892,4,0.968245837,2.256758334,4,0.205183582,4.618802154,22.5,1.154700538,0,5.88,1,4,0.617594511,2.985984
44.90892382,11,0.712016759,3.742410319,11,0.231271157,5.358175154,31,3.762309502,-43.95871736,13.861,0.6875,1.424171816,0.478158906,0.50112
133.3589516,97,0.658965148,11.11324596,97,0.242302891,13.2002309,32.39175258,9.928863521,68.54005837,35.479,0.932692308,1.329480547,0.817228926,8.351130566
38.29845892,8,0.760668121,3.191538243,8,0.214316055,4.391891609,23.25,2.850956815,-82.20359453,8.237,0.888888889,1.540497417,0.776466549,2.2356
117.2646029,75,0.624667676,9.772050238,75,0.384109922,11.13970946,68.24,8.69889558,-33.59427459,28.739,0.986842105,1.280588939,0.927295933,16.01999007
46.90584114,12,0.64752595,3.908820095,12,0.274116992,5.188621753,50.16666667,3.953954964,-10.37703566,12.182,0.8,1.312261217,0.642199426,8.286994286
129.1686146,91,0.617917177,10.76405122,91,0.245022413,12.24227576,34.68131868,9.625406014,-82.30711791,32.295,0.93814433,1.271871102,0.910641302,31.34086892
46.90584114,12,0.625162953,3.908820095,12,0.243662652,4.566474955,36.08333333,3.564107467,-32.0668216,9.552,0.923076923,1.281239412,0.935883941,9.48672
27.08110001,4,0,2.256758334,4,0.234078146,2.309401077,28,2.309401077,0,3.556,1,1,1,5.474304
129.1686146,91,0.619359704,10.76405122,91,0.362488488,12.49501727,61.53846154,9.80992994,-21.04334212,37.274,0.875,1.273711163,0.70008916,8.309952
38.29845892,7,0.597258863,2.985410661,7,0.225469467,3.733974473,26,2.994828753,-56.59929526,7.683,0.875,1.246807341,0.750731744,9.06552
38.29845892,8,0.742134037,3.191538243,8,0.274116992,4.349482708,45.75,2.915247303,60.12821858,9.18,0.888888889,1.491977269,0.662164901,10.56384
27.08110001,4,0,2.256758334,4,0.214316055,2.309401077,24.75,2.309401077,0,3.556,1,1,1,6.613302857
97.64229468,52,0.590657626,8.13685789,52,0.279042627,9.167949945,44.36538462,7.397823092,-80.63079611,23.686,0.981132075,1.239276721,0.907924636,8.606038154
44.90892382,11,0.684690195,3.742410319,11,0.225469467,4.496907734,25.81818182,3.277500291,-15.07069278,8.791,1,1.372054107,0.970807044,3.91824
197.153384,212,0.780713896,16.42944867,212,0.342313839,21.23022659,59.81603774,13.26652741,-70.50298196,54.426,0.913793103,1.600285133,0.803876972,22.64173714
30.27759026,5,0.765092056,2.523132522,5,0.250496356,3.306559138,34.2,2.12916259,-18.43494882,4.962,1,1.552985739,0.956807706,1.368974769
55.8291179,17,0.772258996,4.652426492,17,0.222440471,6.658896431,27.76470588,4.23044906,63.84280579,16.491,0.80952381,1.574040093,0.554247157,6.210432
54.16220002,16,0.707872616,4.513516668,16,0.246386284,5.799604317,34.5625,4.096493188,79.57277098,13.406,0.888888889,1.415748556,0.734277471,4.480457143
23.45292057,3,0.730296743,1.954410048,3,0.222440471,2.581988897,24,1.763834207,-45,3.093,1,1.463850109,0.969873184,3.68388
136.0808434,101,0.429868647,11.34007028,101,0.247750155,12.1083579,34.55445545,10.93253266,-60.98194654,35.595,0.90990991,1.107552868,0.845840361,175.27104
76.59691784,32,0.463215566,6.383076486,32,0.242302891,6.869738795,33.6875,6.088276074,-38.21774628,17.21,0.96969697,1.128355336,0.970874377,7.731565714
99.50231505,54,0.357775062,8.291859587,54,0.253270458,8.672960504,34.72222222,8.098878158,14.15148359,23.206,0.981818182,1.070884181,0.977511202,4.179168
74.16464679,30,0.336523199,6.180387232,30,0.239580502,6.449806199,31.73333333,6.073622386,-5.76e-15,16.474,0.967741935,1.061937307,0.979779279,9.454701176
193.8711721,205,0.50848034,16.15593101,205,0.284139278,17.51612175,50.96585366,15.08267001,44.91750407,50.101,0.949074074,1.161340912,0.908751905,11.20346791
112.4762558,69,0.400163702,9.373021316,69,0.663015285,10.02534777,96,9.187666568,-77.04920579,30.261,0.896103896,1.091174533,0.777138814,118.5951086
77.78453777,33,0.565184366,6.482044814,33,0.392573661,7.470464643,62.81818182,6.162869062,65.56186704,19.121,0.942857143,1.212173189,0.836704922,8.929294382
27.08110001,4,0,2.256758334,4,0.210799885,2.309401077,21.5,2.309401077,0,3.556,1,1,1,6.27157627
60.55518053,20,0.809103511,5.046265044,20,0.258936453,6.857559614,48.65,4.029955684,-52.41535664,13.96,0.909090909,1.701646408,0.859343397,3.044603077
55.8291179,17,0.649300496,4.652426492,17,0.228407082,5.556275515,27,4.225725122,34.0087809,12.273,0.944444444,1.31486913,0.89907243,6.4841472
113.2883693,70,0.452547549,9.440697439,70,0.239580502,10.13125008,31.31428571,9.034443717,-25.12798187,27.796,0.933333333,1.121402755,0.919040966,9.728972308
27.08110001,4,0,2.256758334,4,0.247750155,2.309401077,33.25,2.309401077,0,3.556,1,1,1,4.239327086
104.0069381,59,0.467476981,8.667244841,59,0.25608116,9.876183121,53.61016949,8.730597676,50.44416344,33.28,0.776315789,1.131215008,0.558912741,11.999232
180.1453011,177,0.590062114,15.01210843,177,0.389725859,16.78521653,69.52542373,13.55167637,65.32536631,45.122,0.967213115,1.23860813,0.954869094,37.5777792
57.44768838,18,0.774268058,4.787307365,18,0.260390061,6.367859291,41.55555556,4.029949319,-14.32380823,14.051,0.9,1.58013384,0.765243452,1.170102857
154.3860236,130,0.691364813,12.86550197,130,0.415957539,15.50810508,71.83076923,11.20469656,-88.8946023,41.202,0.902777778,1.384071849,0.83079039,20.63673191
75.39059177,31,0.551973139,6.282549314,31,0.216029193,7.205135564,23.74193548,6.00808797,53.13010235,18.641,0.885714286,1.199239359,0.821017507,9.235748571
82.36395021,37,0.669060793,6.863662518,37,0.216029193,8.195916767,23.67567568,6.091268281,-15.48569748,21.172,0.948717949,1.345518928,0.78652642,3.548531613
33.16743835,6,0.745355992,2.763953196,6,0.240941697,3.464101615,30.83333333,2.309401077,0,5.516,1,1.5,1,6.19272
27.08110001,4,0,2.256758334,4,0.212602917,2.309401077,22,2.309401077,0,3.556,1,1,1,3.324043636
118.8178441,77,0.712384814,9.901487007,77,0.250496356,12.15884879,37.64935065,8.532947,45.84094866,31.766,0.905882353,1.424929604,0.79407366,7.566048
80.10697414,35,0.781926021,6.675581178,35,0.231271157,9.403130029,34.45714286,5.861640789,-81.93412923,24.819,0.777777778,1.60418053,0.562581133,3.197709474
55.8291179,17,0.512959111,4.652426492,17,0.228407082,5.344676668,26.58823529,4.587940155,67.5,13.381,0.894736842,1.164940362,0.782532518,0.208311193
57.44768838,18,0.570423794,4.787307365,18,0.245022413,5.384018418,33.5,4.422166387,90,12.066,1,1.217506974,0.978050832,3.096517424
84.56070768,39,0.534056056,7.04672564,39,0.234078146,7.878983373,32.28205128,6.661279162,22.01856819,21.246,0.928571429,1.18280336,0.824017825,0.175553085
169.1214154,156,0.596846233,14.09345128,156,0.235460697,16.19228841,31.75,12.99197395,-81.01586562,49.663,0.881355932,1.246330117,0.703057862,17.25391698
82.36395021,37,0.529002397,6.863662518,37,0.239580502,7.575374626,31.62162162,6.428616911,41.53058809,19.195,0.948717949,1.178383271,0.931918085,6.426308571
69.0435287,26,0.559629074,5.753627392,26,0.223954969,6.459501746,27.26923077,5.353268178,70.99424486,15.432,1,1.206646394,0.947090279,2.968210286
123.3602814,83,0.528019776,10.28002345,83,0.25608116,11.29160189,37.34939759,9.589190496,74.14254058,31.071,0.943181818,1.177534422,0.891078537,116.1808457
60.55518053,20,0.38366165,5.046265044,20,0.220870602,5.341660166,25,4.932882862,-63.43494882,12.645,0.952380952,1.082867831,1,8.85888
50.66409895,14,0.611429251,4.222008246,14,0.238211875,4.881411847,31.07142857,3.862656819,24.35764455,10.404,1,1.263744639,0.958830581,8.85168
33.16743835,6,0.745355992,2.763953196,6,0.234078146,3.464101615,26.66666667,2.309401077,90,5.516,1,1.5,1,4.167936
112.4762558,69,0.523199571,9.373021316,69,0.294972211,10.30058159,44.82608696,8.778260601,26.65388773,27.341,0.958333333,1.173419435,0.933157927,8.226744407
74.16464679,30,0.771712666,6.180387232,30,0.231271157,9.669815027,33.03333333,6.149725342,43.49024139,28.185,0.652173913,1.57239787,0.384153504,4.142909793
54.16220002,16,0.818181818,4.513516668,16,0.263326587,6.350852961,39.9375,3.651483717,90,12.554,0.888888889,1.739252713,0.816158313,2.901843692
143.2997117,112,0.184850504,11.94164264,112,0.373126314,12.65385239,68.96428571,12.43578414,-44.25190431,49.084,0.783216783,1.017535545,0.516013582,17.35980218
83.46955606,38,0.415124564,6.955796338,38,0.222440471,7.686578909,26.47368421,6.992977256,86.75071896,21.271,0.88372093,1.099185458,0.801245589,28.12555636
99.50231505,54,0.451706386,8.291859587,54,0.25608116,9.009087887,37.48148148,8.037607809,-22.15098019,24.918,0.964285714,1.120866818,0.861868285,5.782381714
114.8953768,72,0.514200351,9.57461473,72,0.475640318,10.56430502,81.5,9.060688535,14.40710345,28.855,0.935064935,1.165949473,0.883761129,11.36542785
97.64229468,52,0.510799029,8.13685789,52,0.575398949,8.919367462,92.09615385,7.667981565,-76.06367666,23.272,1,1.163196258,0.936608847,18.93672
77.78453777,33,0.700421931,6.482044814,33,0.284139278,8.081419391,42.48484848,5.76794357,86.04641865,20.808,0.825,1.401091965,0.722982095,3.832389818
104.8846493,60,0.477531265,8.740387445,60,0.250496356,9.38418848,34.95,8.245086477,-13.7475663,24.521,0.967741935,1.138155252,0.985315583,3.417502785
113.2883693,70,0.744069675,9.440697439,70,0.302676093,11.92622966,50.57142857,7.967938211,65.80729923,31.733,0.909090909,1.496777377,0.723251956,5.4162432
170.2020744,158,0.242892862,14.1835062,158,0.274116992,14.48481471,47.62658228,14.05103972,80.49638458,42.608,0.957575758,1.03087138,0.948620461,14.35890627
75.39059177,31,0.443404123,6.282549314,31,0.287656491,7.308842501,50,6.551074924,17.39927733,21.081,0.861111111,1.115670724,0.663942251,1.85472
230.5872576,290,0.653185103,19.2156048,290,0.246386284,22.3902357,35.75862069,16.95384776,82.87983064,63.482,0.914826498,1.32065806,0.821016274,46.24128
208.0138762,236,0.594481448,17.33448968,236,0.250496356,19.54230011,36.51271186,15.71414577,20.9665981,56.651,0.925490196,1.243611991,0.829520449,17.68969309
160.2139483,139,0.806176172,13.30339418,139,0.208996853,18.74606952,20.75539568,11.09159135,35.59056321,58.744,0.767955801,1.690115415,0.456084755,81.7776
154.9786784,131,0.586695165,12.91488987,131,0.228407082,14.65872494,28.53435115,11.87075079,89.6959305,43.915,0.891156463,1.23486081,0.743430211,18.07674811
113.2883693,70,0.430094306,9.440697439,70,0.223954969,10.29358689,28.5,9.292885191,40.35985402,30.352,0.909090909,1.107684716,0.784123439,8.08704
94.78385004,49,0.430913894,7.89865417,49,0.337509439,8.598246453,58.10204082,7.758997836,35.00844674,23.785,0.942307692,1.108164564,0.849264838,5.165647448
131.280503,94,0.471435305,10.94004192,94,0.236843247,11.84240024,34.58510638,10.44382045,-60.36542407,35.223,0.921568627,1.133914576,0.802558197,4.516128
117.2646029,75,0.36637262,9.772050238,75,0.267840069,10.22821033,40.6,9.517024632,8.600854446,28.557,0.949367089,1.074727736,0.937974789,3.93984
174.9824693,167,0.825038713,14.58187244,167,0.310778771,19.87510662,61.34730539,11.23094991,89.96014711,52.152,0.869791667,1.769672804,0.686399119,17.76192
87.7527935,42,0.597334026,7.312732791,42,0.508957586,8.332442627,83.23809524,6.68255697,52.42516915,21.064,0.933333333,1.246894365,0.900798623,5.496925091
231.7768817,293,0.563203187,19.31474014,293,0.362488488,21.3329853,66.60409556,17.62783922,-22.17778276,60.389,0.954397394,1.210187195,0.912245376,35.31264
71.64985586,28,0.768997886,5.970821321,28,0.258936453,8.189859782,44.42857143,5.235378682,-28.77231732,21.519,0.875,1.564329971,0.578576615,3.0912
54.16220002,16,0.39732847,4.513516668,16,0.28071242,4.948210696,42,4.54085648,-11.41682709,12.066,0.941176471,1.089708675,0.869378517,6.04032
92.82933393,47,0.645087241,7.735777828,47,0.381342953,9.027835817,69.06382979,6.898249931,45.42827913,22.197,0.959183673,1.308713936,0.919904498,8.410333091
75.39059177,31,0.459408216,6.282549314,31,0.222440471,7.076162184,35.83870968,6.285225909,-73.80594257,19.377,0.885714286,1.125840548,0.768226118,6.388649514
82.36395021,37,0.471935589,6.863662518,37,0.231271157,7.475553494,30.40540541,6.590694877,75.20096399,20.047,0.948717949,1.134258774,0.864694716,4.852892903
174.4577831,166,0.626738613,14.53814859,166,0.306677132,16.60065444,54.53614458,12.93572071,63.25214847,45.437,0.965116279,1.283318867,0.883950802,15.47300571
114.0947024,71,0.343015055,9.507891863,71,0.357304439,10.15549417,65.5915493,9.539359378,56.09550962,33.536,0.855421687,1.064588697,0.663233672,12.63783337
57.44768838,18,0.580921446,4.787307365,18,0.243662652,5.90019698,43.83333333,4.80252213,86.37774657,16.102,0.818181818,1.228562164,0.610815513,2.8353024
119.5868996,78,0.646188694,9.96557497,78,0.272528946,11.53348898,44.14102564,8.802101359,88.73000678,29.715,0.928571429,1.310310857,0.907944746,4.61355264
71.64985586,28,0.589738077,5.970821321,28,0.234078146,6.813752813,29.39285714,5.502749822,-73.79772826,16.499,0.933333333,1.238245065,0.912134155,0.79704
30.27759026,4,0.866025404,2.256758334,4,0.208996853,3.651483717,21.5,1.825741858,-71.56505118,5.053,0.8,2,0.748540177,15.31008
35.82492793,7,0.353093932,2.985410661,7,0.208996853,3.236694375,21.57142857,3.028212018,90,6.368,1,1.068846684,0.972711557,3.132817297
33.16743835,5,0.923686818,2.523132522,5,0.222440471,4.492622032,30.4,1.72134074,20.99360625,6.368,1,2.609955094,0.694793969,2.6304
104.0069381,59,0.836111198,8.667244841,59,0.412962387,11.91189237,70.38983051,6.534387583,-12.622323,28.003,0.936507937,1.822954672,0.76435756,8.835628624
70.35876171,27,0.739643796,5.863230143,27,0.222440471,7.254078135,25.33333333,4.881984104,63.19032503,16.193,1,1.485887291,0.907618992,5.788950261
38.29845892,6,0.942928004,2.763953196,6,0.222440471,5.514176181,30.83333333,1.836202282,-85.2688389,8.51,0.857142857,3.003033072,0.555380374,4.566878609
106.6183974,62,0.635535318,8.884866447,62,0.239580502,10.31267753,30.98387097,7.962127465,83.74342451,27.937,0.925373134,1.295216332,0.806638349,10.45780992
42.81897879,10,0.793573577,3.568248232,10,0.222440471,4.864662084,23.5,2.960021871,-52.46570859,8.998,1,1.643454777,0.852710549,4.455277714
52.44232467,15,0.837595365,4.370193722,15,0.222440471,6.303438215,26.2,3.443512419,-45,12,0.882352941,1.830525768,0.822163148,1.599970909
27.08110001,4,0,2.256758334,4,0.210799885,2.309401077,21.5,2.309401077,0,3.556,1,1,1,0.4430592
123.3602814,83,0.518081371,10.28002345,83,0.284139278,11.39513923,50.30120482,9.746619656,85.75783893,32.965,0.922222222,1.169137571,0.800045973,5.779188
30.27759026,5,0.765092056,2.523132522,5,0.264809505,3.306559138,41.4,2.12916259,-18.43494882,4.962,1,1.552985739,0.956807706,8.7198912
57.44768838,18,0.706789428,4.787307365,18,0.222440471,5.856130812,26.16666667,4.142767436,-79.52867473,12.736,0.947368421,1.413579425,0.897249154,4.780193684
38.29845892,8,0.580947502,3.191538243,8,0.240941697,3.651483717,30.125,2.972092417,-45,6.831,1,1.228590234,1,5.537005714
64.93819656,23,0.553461349,5.41151638,23,0.222440471,6.182159489,24.69565217,5.148965229,-54.03023597,15.25,0.92,1.200660563,0.854474332,5.14512
30.27759026,3,0.942809042,1.954410048,3,0.222440471,3.464101615,27,1.154700538,0,3.92,1,3,0.756006963,3.850848
142.6585465,111,0.709910231,11.88821221,111,0.245022413,14.42070917,34.74774775,10.15639258,72.74500724,37.952,0.909836066,1.419865277,0.826008696,7.104459541
108.3244,64,0.542197592,9.027033337,64,0.239580502,10.11661021,32.375,8.500492015,87.138782,27.523,0.927536232,1.190120548,0.855294025,2.806946341
118.8178441,77,0.635977973,9.901487007,77,0.247750155,11.55092943,37.97402597,8.913935527,-59.33472719,33.42,0.875,1.295828245,0.723852999,12.23030278
74.16464679,30,0.824459724,6.180387232,30,0.239580502,8.769282687,33.63333333,4.962718009,-45.39948549,19.675,0.882352941,1.767032233,0.724151677,4.312527568
91.83647829,46,0.442011478,7.653039857,46,0.234078146,8.371442352,30.97826087,7.509262431,-34.56643482,25.58,0.901960784,1.114815527,0.700729915,12.2357952
63.51080914,21,0.793459702,5.170882946,21,0.226938275,7.592637486,33.04761905,4.621052216,-53.36608011,19.005,0.807692308,1.643053818,0.538040941,2.638477241
38.29845892,8,0.897149959,3.191538243,8,0.242302891,5.228129047,43.625,2.309401077,45,8.907,0.888888889,2.263846285,0.692511847,9.417193412
54.16220002,16,0.652779308,4.513516668,16,0.220870602,5.408661769,24.6875,4.097321629,34.41937009,12.066,1,1.320048134,0.869378517,5.2416
50.66409895,14,0.196396101,4.222008246,14,0.266324787,4.364357805,43.14285714,4.279360369,90,10.106,1,1.019862182,1,8.239019707
84.56070768,39,0.64272676,7.04672564,39,0.225469467,9.000093179,26.79487179,6.894930863,-36.68833351,26.299,0.78,1.305320294,0.56543329,3.293833846
23.45292057,3,0.730296743,1.954410048,3,0.208996853,2.581988897,21,1.763834207,-45,3.093,1,1.463850109,0.969873184,2.179395918
40.62165002,9,0.665811885,3.385137501,9,0.242302891,4.053691235,34.66666667,3.02453869,69.69935268,7.683,1,1.340267608,0.965226527,6.241536
50.66409895,14,0.590032056,4.222008246,14,0.220870602,4.878859906,25,3.939093031,-35.5147961,10.66,1,1.23857443,0.923590568,3.34368
27.08110001,4,0,2.256758334,4,0.257508807,2.309401077,36,2.309401077,0,3.556,1,1,1,5.0049792
127.7412933,89,0.882930643,10.64510777,89,0.381342953,16.34161391,72.58426966,7.67244395,72.86370191,41.889,0.816513761,2.129909846,0.551549563,6.781891765
94.78385004,49,0.571574894,7.89865417,49,0.250496356,8.848063574,33.7755102,7.260277691,89.8059318,22.47,0.960784314,1.218694925,0.93871287,5.073314595
50.66409895,14,0.535029351,4.222008246,14,0.242302891,4.79493459,33.78571429,4.050921232,-86.43749183,10.776,0.875,1.183665225,0.90825889,5.55984
30.27759026,5,0.765092056,2.523132522,5,0.270940899,3.306559138,38,2.12916259,-71.56505118,4.962,1,1.552985739,0.956807706,4.050589091
92.82933393,47,0.665910524,7.735777828,47,0.212602917,9.815865758,20.12765957,7.322946207,-75.48779267,26.597,0.87037037,1.340425763,0.667831497,7.005805714
27.08110001,4,0,2.256758334,4,0.245022413,2.309401077,33.25,2.309401077,0,3.556,1,1,1,2.511731613
64.93819656,23,0.761204695,5.41151638,23,0.431133902,7.034526428,80.56521739,4.561972622,90,16.309,0.92,1.54199225,0.763962467,4.955904
100.4194065,55,0.661962314,8.368283872,55,0.310778771,9.733350259,50.01818182,7.295507328,-58.15193782,23.504,0.982142857,1.334156738,0.973468235,1.792407273
76.59691784,32,0.697359455,6.383076486,32,0.225469467,7.828217877,26.78125,5.610652505,77.76559187,18.616,0.941176471,1.395241974,0.849450662,0.264714894
135.4055001,100,0.53663178,11.28379167,100,0.250496356,12.46093376,38.04,10.51474186,49.41298415,34.9,0.961538462,1.185091743,0.868345349,43.80784941
27.08110001,4,0,2.256758334,4,0.222440471,2.309401077,24.25,2.309401077,0,3.556,1,1,1,0.744610909
44.90892382,11,0.684690195,3.742410319,11,0.247750155,4.496907734,35.81818182,3.277500291,74.92930722,8.791,1,1.372054107,0.970807044,5.527008
138.7493492,105,0.651437587,11.56244577,105,0.242302891,13.61215629,34.68571429,10.3275733,-67.04984311,40.566,0.853658537,1.318040152,0.690693532,10.86408911
30.27759026,3,0.942809042,1.954410048,3,0.212602917,3.464101615,47.33333333,1.154700538,0,3.92,1,3,0.756006963,2.5754112
83.46955606,38,0.689184421,6.955796338,38,0.222440471,8.300479457,26.52631579,6.014410992,84.75214199,19.766,0.974358974,1.380098478,0.909985678,5.011757419
38.29845892,8,0.856680201,3.191538243,8,0.210799885,4.653433235,18.875,2.400463663,35.35497689,7.683,1,1.938556,0.857979135,4.799852308
40.62165002,9,0,3.385137501,9,0.28071242,3.464101615,42.77777778,3.464101615,0,7.476,1,1,1,2.945358367
87.7527935,42,0.502682066,7.312732791,42,0.228407082,8.326214095,36.69047619,7.197773662,-68.68554904,24.455,0.857142857,1.156776315,0.693023926,4.43497522
55.8291179,17,0.544013488,4.652426492,17,0.250496356,5.261774844,33.23529412,4.41503147,80.53767779,11.975,1,1.191786487,0.934869443,3.841217561
35.82492793,7,0.779483763,2.985410661,7,0.239580502,3.879126068,30.28571429,2.429971585,45,6.186,1,1.596366843,1,4.55904
33.16743835,6,0.745355992,2.763953196,6,0.222440471,3.464101615,27.33333333,2.309401077,0,5.516,1,1.5,1,3.966897951
140.0645384,107,0.686614884,11.67204486,107,0.306677132,13.81935359,54.3364486,10.0469647,29.80456363,34.834,0.963963964,1.37547548,0.932361906,17.337888
30.27759026,5,0.931487699,2.523132522,5,0.225469467,4.881889979,27.8,1.7758989,10.90070474,7.013,0.833333333,2.748968411,0.609333219,4.623185455
35.82492793,7,0.353093932,2.985410661,7,0.222440471,3.236694375,24.14285714,3.028212018,90,6.368,1,1.068846684,0.972711557,7.62048
63.51080914,22,0.540193443,5.292567428,22,0.226938275,5.939128417,27,4.998019325,32.458203,14.324,0.956521739,1.188296409,0.906287293,1.639160471
132.6697534,96,0.336516421,11.05581278,96,0.498847016,11.52750865,79.71875,10.85519665,-22.42988783,32.965,0.95049505,1.061934575,0.925354379,18.34712816
69.0435287,26,0.541664248,5.753627392,26,0.225469467,6.456411467,26.80769231,5.42722677,55.25206756,15.92,0.928571429,1.189633627,0.899217692,18.02550857
42.81897879,10,0.913362993,3.568248232,10,0.223954969,6.654738123,33.8,2.709451455,-32.71641434,13.034,0.769230769,2.45612008,0.480274425,8.391168
70.35876171,27,0.400028948,5.863230143,27,0.214316055,6.367919601,21.07407407,5.836214264,-68.18522551,16.863,0.931034483,1.091104492,0.847840588,1.755789061
33.16743835,6,0.745355992,2.763953196,6,0.253270458,3.464101615,34.83333333,2.309401077,0,5.516,1,1.5,1,5.994185143
33.16743835,6,0.745355992,2.763953196,6,0.267840069,3.464101615,40,2.309401077,0,5.516,1,1.5,1,6.858657391
27.08110001,4,0,2.256758334,4,0.238211875,2.309401077,29.75,2.309401077,0,3.556,1,1,1,7.835245714
122.6148953,82,0.625633536,10.21790794,82,0.254675809,11.66017425,37,9.096301236,57.86203,29.508,0.964705882,1.281858851,0.966647611,8.125419789
35.82492793,7,0.856222401,2.985410661,7,0.28071242,4.312826484,46.28571429,2.228038055,-81.65037788,6.922,1,1.935705934,0.868563961,8.577117659
46.90584114,12,0.880359493,3.908820095,12,0.239580502,6.015932706,37.75,2.853399203,43.29677812,10.958,0.923076923,2.10833896,0.758539111,0.765636923
173.4036479,163,0.916052244,14.40618082,163,0.263326587,24.79861378,43.35582822,9.945706133,-85.39900497,62.283,0.751152074,2.493399006,0.47853688,21.62434909
54.16220002,16,0.632983081,4.513516668,16,0.274116992,5.277325251,43.0625,4.085523817,4.836677716,11.33,0.941176471,1.291713251,0.960057374,4.84704
23.45292057,3,0.730296743,1.954410048,3,0.253270458,2.581988897,40.66666667,1.763834207,45,3.093,1,1.463850109,0.969873184,9.08928
27.08110001,4,0,2.256758334,4,0.258936453,2.309401077,36.25,2.309401077,0,3.556,1,1,1,9.2085984
242.5988968,321,0.61067196,20.21657473,321,0.267840069,23.02240243,43.14953271,18.23106468,88.73123008,68.37,0.894150418,1.262811735,0.788791089,35.85334154
54.16220002,16,0.559408121,4.513516668,16,0.222440471,5.269974528,24.3125,4.368241654,89.17582775,12.736,0.941176471,1.206429256,0.797554804,1.595334194
40.62165002,9,0.667389883,3.385137501,9,0.239580502,4.179850918,32.55555556,3.112770491,11.98124449,8.146,0.9,1.342807294,0.887666269,2.0599296
62.05059535,21,0.452740396,5.170882946,21,0.219300732,5.74247149,24.57142857,5.120230947,75.20385182,14.605,0.954545455,1.121525874,0.837913518,0.562834286
50.66409895,14,0.196396101,4.222008246,14,0.220870602,4.364357805,25.14285714,4.279360369,90,10.106,1,1.019862182,1,4.822792258
40.62165002,9,0.907935861,3.385137501,9,0.247750155,5.399179184,32.44444444,2.26284535,85.2688389,8.882,1,2.386013337,0.782318976,5.705975172
48.82114734,12,0.817149196,3.908820095,12,0.250496356,5.861809315,34.16666667,3.37890061,-4.457463479,12.273,0.857142857,1.734827386,0.634639362,5.30496
54.16220002,15,0.81498657,4.370193722,15,0.219300732,6.63716355,30.8,3.846102502,-39.53619892,15.267,0.789473684,1.72568556,0.556237094,5.485165714
123.3602814,83,0.482889603,10.28002345,83,0.231271157,11.29029027,30.55421687,9.886695368,-26.55609731,32.874,0.922222222,1.141968054,0.804094006,10.62972878
40.62165002,9,0.665811885,3.385137501,9,0.212602917,4.053691235,17.77777778,3.02453869,20.30064732,7.683,1,1.340267608,0.965226527,3.445835294
59.02188911,19,0.741884694,4.918490759,19,0.239580502,6.117887848,32.42105263,4.102211921,84.41755991,12.645,0.95,1.491363188,0.958046656,0.627017143
30.27759026,5,0.765092056,2.523132522,5,0.239580502,3.306559138,29.8,2.12916259,18.43494882,4.962,1,1.552985739,0.956807706,1.80576
33.16743835,6,0.632455532,2.763953196,6,0.251883407,3.333333333,37,2.581988897,45,5.905,1,1.290994449,0.921278728,1.834338462
57.44768838,18,0.406316832,4.787307365,18,0.242302891,5.205892985,35.05555556,4.756792332,26.31209625,12.463,0.9,1.0944125,0.928918253,1.747387317
139.4084948,106,0.900487916,11.61737456,106,0.225469467,18.07681116,26.38679245,7.861262322,-80.91266293,46.272,0.841269841,2.29947945,0.545535313,17.61226971
184.6684812,186,0.439376606,15.3890401,186,0.258936453,16.43557884,40.32258065,14.76412904,9.421946643,50.581,0.925373134,1.113210187,0.809858008,6.838765714
52.44232467,15,0.695894648,4.370193722,15,0.219300732,5.276768957,24.33333333,3.789479359,31.85260496,11.049,1,1.392478612,0.936052173,5.333153684
44.90892382,11,0.684690195,3.742410319,11,0.314981511,4.496907734,55.45454545,3.277500291,-74.92930722,8.791,1,1.372054107,0.970807044,1.951405714
80.10697414,35,0.697111137,6.675581178,35,0.219300732,8.21986713,23.08571429,5.89334128,28.07911145,19.865,0.897435897,1.394771953,0.830946958,5.075136
176.5471723,170,0.405643399,14.71226436,170,0.270940899,15.51528605,42.08235294,14.1814589,-6.333111301,46.942,0.934065934,1.094054297,0.85166311,5.7456
127.0216183,88,0.55932551,10.58513486,88,0.389725859,11.76802581,66.19318182,9.755082788,-55.54729873,31.071,0.988764045,1.206348123,0.944757967,25.48698353
54.16220002,16,0.561951487,4.513516668,16,0.232674652,5.033222957,41.625,4.163331999,0,10.776,1,1.20894105,1,1.150354286
27.08110001,4,0,2.256758334,4,0.235460697,2.309401077,29.5,2.309401077,0,3.556,1,1,1,3.806275765
46.90584114,11,0.822540925,3.742410319,11,0.216029193,5.548942637,23.27272727,3.155716544,30.57866993,11.438,0.916666667,1.758378029,0.650297027,2.770165895
134.7267715,99,0.535385898,11.22723096,99,0.253270458,12.40614685,36.92929293,10.4783255,76.1788904,35.198,0.951923077,1.183981816,0.846350139,12.5712
100.4194065,55,0.405576686,8.368283872,55,0.25608116,8.862080032,37.18181818,8.100481929,89.46042297,24.728,0.93220339,1.094018863,0.889838744,2.322432
138.0870574,104,0.648875418,11.50725478,104,0.449872588,13.55402702,76.95192308,10.31318685,49.10727896,39.168,0.896551724,1.314242359,0.730071702,10.03303385
38.29845892,8,0.717405908,3.191538243,8,0.247750155,4.136642609,34.625,2.881814462,72.70385566,7.865,1,1.435429887,0.829839424,1.631232
86.70182393,41,0.868064669,7.225151994,41,0.214316055,11.32508315,24.04878049,5.622350392,75.61190795,27.656,0.773584906,2.014296933,0.543200524,1.029888
30.27759026,5,0,2.523132522,5,0.212602917,2.780887149,23.4,2.780887149,0,5.624,1,1,0.817743873,1.029888
33.16743835,6,0.745355992,2.763953196,6,0.236843247,3.464101615,30.83333333,2.309401077,0,5.516,1,1.5,1,1.45152
111.6582358,68,0.336584751,9.304852983,68,0.247750155,9.722210306,33.67647059,9.154950219,-79.47061053,28.284,0.944444444,1.061962116,0.865270352,8.515584
30.27759026,4,0.866025404,2.256758334,4,0.234078146,3.651483717,34.75,1.825741858,-71.56505118,5.053,1,2,0.748540177,2.1109248
42.81897879,10,0.80618002,3.568248232,10,0.260390061,4.888755309,34.4,2.892531451,69.37927784,9.18,1,1.69013039,0.827706127,1.352347826
42.81897879,10,0.853798549,3.568248232,10,0.231271157,5.341660166,29,2.780887149,52.12501635,9.552,0.909090909,1.920847514,0.779903284,2.045952
27.08110001,4,0,2.256758334,4,0.228407082,2.309401077,27.25,2.309401077,0,3.556,1,1,1,0.8957952
207.1305861,234,0.890091864,17.26088218,234,0.270940899,26.49792308,45.47435897,12.07725435,84.49212888,63.391,0.883018868,2.194035359,0.664288641,10.11126857
67.70275003,24,0.742080606,5.527906392,24,0.242302891,7.628129086,32.5,5.113216207,43.50926939,19.286,0.827586207,1.491845597,0.599591941,0.784197818
87.7527935,42,0.422973264,7.312732791,42,0.223954969,7.934159405,27,7.189476359,-32.6462696,21.825,0.933333333,1.103579595,0.846721531,0.165888
124.1011907,84,0.584951883,10.34176589,84,0.42501065,11.68849247,73.8452381,9.480162169,3.611458843,30.707,0.943820225,1.23294225,0.921314523,10.97234526
124.1011907,84,0.504591614,10.34176589,84,0.240941697,11.38527411,32.1547619,9.829569243,70.4026594,32.684,0.943820225,1.158267857,0.822436513,91.9296
207.572701,235,0.491193382,17.29772508,235,0.231271157,18.87261894,30.44680851,16.43900512,-79.5137944,58.412,0.910852713,1.148038996,0.779418866,201.8304
352.0543001,676,0.734041269,29.33785834,676,0.314981511,35.87443739,61.01035503,24.3625049,-4.97989205,99.714,0.940194715,1.472526636,0.802972622,30.05047742
138.7493492,105,0.449959209,11.56244577,105,0.319285559,12.310872,57.34285714,10.99421327,-48.88148461,33.726,0.972222222,1.11975925,0.970754925,16.88132571
44.90892382,11,0.812169595,3.742410319,11,0.212602917,5.104958968,21.81818182,2.978342394,37.87498365,9.461,0.916666667,1.714026896,0.87032759,3.234627491
76.59691784,32,0.650194696,6.383076486,32,0.22983912,7.720370691,28.09375,5.865687774,-20.31220821,19.815,0.888888889,1.316191892,0.763035926,4.328103724
144.573512,114,0.397095524,12.04779267,114,0.234078146,12.92028233,32.11403509,11.85794163,82.21908145,40.342,0.88372093,1.089588963,0.757641714,23.55892364
33.16743835,6,0.887101009,2.763953196,6,0.247750155,4.649380327,36.5,2.146039328,-54.92760718,7.683,0.857142857,2.166493534,0.643484352,1.923264
92.82933393,47,0.384109507,7.735777828,47,0.231271157,8.673455249,25.40425532,8.008093183,-23.42550996,26.225,0.854545455,1.083086204,0.684858111,3.3716736
71.64985586,28,0.761739754,5.970821321,28,0.217664963,7.715839817,26,4.998962437,63.71928579,17.144,0.875,1.543488256,0.855051936,3.951803077
75.39059177,31,0.445764044,6.282549314,31,0.228407082,6.732689044,28.29032258,6.026769961,-64.19758225,16.954,1,1.117130583,0.964650337,0.246363429
469.6443684,1203,0.868248294,39.1370307,1203,0.469120204,59.39207825,83.91022444,29.46618717,-81.24093668,165.562,0.856227758,2.015601065,0.531161794,112.59648
131.280503,94,0.588464659,10.94004192,94,0.401194357,12.41600184,71.84042553,10.03862232,31.78613778,34.743,0.94,1.236823286,0.823023951,12.49506
246.7205629,332,0.607388713,20.56004691,332,0.392573661,23.17419675,72.62650602,18.40969263,30.17806228,64.607,0.954022989,1.25880411,0.908965483,89.258112
195.2845894,208,0.387109797,16.27371578,208,0.291266718,17.07186063,50.91826923,15.74082954,-52.2778204,50.134,0.945454545,1.084559146,0.920908793,22.35291429
153.1938357,127,0.481474147,12.71618741,127,0.434227016,14.00797631,77.11811024,12.27743503,59.28129668,49.473,0.841059603,1.140952999,0.576502454,17.37380571
114.0947024,71,0.463536343,9.507891863,71,0.277372834,10.25988188,45.45070423,9.091054671,27.10217637,28.094,0.946666667,1.128568934,0.914468419,6.580224
72.91809336,29,0.748546273,6.07650778,29,0.274116992,7.896158847,49.89655172,5.235805196,64.87082584,17.88,0.90625,1.508107837,0.824663227,6.464448
33.16743835,5,0.923686818,2.523132522,5,0.208996853,4.492622032,21,1.72134074,-69.00639375,6.368,1,2.609955094,0.694793969,6.134995862
54.16220002,16,0.836406888,4.513516668,16,0.222440471,6.622983847,32.75,3.630117302,3.157208834,14.812,0.8,1.8244545,0.623773775,5.576502857
38.29845892,8,0.717405908,3.191538243,8,0.242302891,4.136642609,32.125,2.881814462,-17.29614434,7.865,1,1.435429887,0.829839424,5.542892308
46.90584114,11,0.757448417,3.742410319,11,0.207090218,5.714000409,27,3.730642363,-51.52762361,13.034,0.785714286,1.531639823,0.528301868,8.13017088
144.573512,114,0.356099277,12.04779267,114,0.342313839,12.54129692,61.63157895,11.71919144,-38.38419536,35.388,0.966101695,1.070150359,0.964996816,10.95944727
40.62165002,9,0,3.385137501,9,0.261843668,3.464101615,40.11111111,3.464101615,0,7.476,1,1,1,4.75632
42.81897879,10,0.828651524,3.568248232,10,0.228407082,5.24331158,28,2.935021352,80.09142374,10.313,0.833333333,1.786464544,0.69417466,5.071382069
78.95429571,34,0.817847762,6.579524642,34,0.234078146,8.948783624,34.05882353,5.14944018,-67.4633592,20.047,0.918918919,1.737816794,0.794584334,0.939218824
42.81897879,10,0.5874078,3.568248232,10,0.279042627,4.085747586,54.4,3.306559138,90,8.328,1,1.235649331,0.955243026,0.939218824
52.44232467,15,0.475270821,4.370193722,15,0.231271157,4.760952286,27.33333333,4.188874153,45,10.751,1,1.136570857,0.976640026,0.598917447
74.16464679,30,0.793168449,6.180387232,30,0.242302891,8.207883594,40.53333333,4.998620056,27.56502445,17.88,0.9375,1.642029901,0.85309989,4.2624
232.5665837,295,0.687484498,19.38054864,295,0.28071242,22.86478762,48.02372881,16.60438712,74.84994121,61.886,0.945512821,1.377032916,0.876670771,24.49240615
99.50231505,54,0.650638134,8.291859587,54,0.231271157,9.680322185,27.46296296,7.351119768,-28.73857168,24.612,0.947368421,1.316850016,0.880978286,2.396982857
40.62165002,9,0.667389883,3.385137501,9,0.239580502,4.179850918,30.88888889,3.112770491,11.98124449,8.146,0.9,1.342807294,0.887666269,2.043977143
60.55518053,20,0.701632085,5.046265044,20,0.257508807,6.095904247,38.4,4.343572041,12.27381933,13.472,0.952380952,1.403431137,0.910568755,0.750445714
226.1717753,279,0.407010849,18.84764794,279,0.323690839,19.82672329,57.93548387,18.11019149,70.172748,59.289,0.942567568,1.094782642,0.899537249,39.71394783
42.81897879,10,0.5874078,3.568248232,10,0.312880141,4.085747586,56.2,3.306559138,0,8.328,1,1.235649331,0.955243026,2.473964308
50.66409895,14,0.6520712,4.222008246,14,0.238211875,4.91838146,31.71428571,3.728908943,45,10.106,1,1.318986743,1,0.083741538
40.62165002,9,0.536748159,3.385137501,9,0.231271157,3.954100962,36,3.336243049,7.627559352,8.146,1,1.185195714,0.887666269,0.633644308
40.62165002,9,0.665811885,3.385137501,9,0.234078146,4.053691235,28.55555556,3.02453869,69.69935268,7.683,1,1.340267608,0.965226527,1.097712
38.29845892,8,0.580947502,3.191538243,8,0.235460697,3.651483717,32.25,2.972092417,45,6.831,1,1.228590234,1,2.153353846
57.44768838,18,0.570423794,4.787307365,18,0.243662652,5.384018418,32.16666667,4.422166387,90,12.066,1,1.217506974,0.978050832,7.668332308
140.7175234,108,0.664621148,11.72646029,108,0.247750155,13.84556541,36.33333333,10.34513677,-31.62117377,38.291,0.892561983,1.338364656,0.790586509,18.6528
86.70182393,41,0.730501113,7.225151994,41,0.231271157,9.306102028,28.70731707,6.355244145,16.65193427,22.842,0.872340426,1.464318572,0.763124369,0.087656727
137.4215737,103,0.213529071,11.45179781,103,0.234078146,12.05855511,30.74757282,11.78044516,10.01716454,38.481,0.865546218,1.023607762,0.747117366,18.76608
385.6086189,811,0.845087471,32.13405158,811,0.294972211,44.57664543,53.08754624,23.83192563,-46.33860127,112.285,0.957497048,1.870459237,0.764925197,169.0543872
54.16220002,16,0.327326835,4.513516668,16,0.266324787,4.830458915,39.125,4.564354646,-18.43494882,11.81,1,1.058300524,0.899404247,0.041472
30.27759026,5,0.765092056,2.523132522,5,0.25608116,3.306559138,38.6,2.12916259,-71.56505118,4.962,1,1.552985739,0.956807706,1.6236288
40.62165002,9,0.907935861,3.385137501,9,0.234078146,5.399179184,27.11111111,2.26284535,4.731161104,8.882,1,2.386013337,0.782318976,0.46656
27.08110001,4,0,2.256758334,4,0.240941697,2.309401077,31.5,2.309401077,0,3.556,1,1,1,1.76256
260.8094121,371,0.414050036,21.73411767,371,0.310778771,22.88158612,55.4393531,20.8280581,-44.44055392,69.04,0.951282051,1.09859431,0.89481005,19.3591296
42.81897879,10,0.650027085,3.568248232,10,0.246386284,4.351245033,40,3.306559138,-71.56505118,8.998,0.909090909,1.315943508,0.852710549,1.746210462
50.66409895,14,0.745495552,4.222008246,14,0.228407082,5.487070942,27,3.657190954,8.510262806,11.421,0.933333333,1.500351229,0.829584247,5.587476779
30.27759026,5,0.765092056,2.523132522,5,0.212602917,3.306559138,23,2.12916259,-18.43494882,4.962,1,1.552985739,0.956807706,2.289145263
78.95429571,34,0.612818318,6.579524642,34,0.249123256,7.533317197,32.94117647,5.953006806,-53.53495049,18.616,0.944444444,1.265464234,0.902541328,5.0690448
174.4577831,166,0.460685278,14.53814859,166,0.261843668,15.6565243,41.09036145,13.89616046,38.03709273,47.777,0.902173913,1.126679873,0.804572471,13.5756
54.16220002,16,0.586269107,4.513516668,16,0.357304439,5.130928914,63.25,4.156649509,62.00967499,11.512,1,1.23439056,0.936357336,4.938130286
278.8169895,424,0.670422572,23.23474913,424,0.45944281,27.05317273,79.86320755,20.07289951,63.68334378,71.868,0.974712644,1.347746135,0.946982834,51.725952
99.50231505,54,0.524735536,8.291859587,54,0.22983912,9.234883524,28.33333333,7.861335928,-53.14188367,26.043,0.885245902,1.174721906,0.796702815,1.534464
72.91809336,29,0.482073429,6.07650778,29,0.242302891,6.631738536,31.55172414,5.810270506,34.87176891,16.474,0.935483871,1.141382063,0.94711997,19.001088
38.29845892,8,0.580947502,3.191538243,8,0.25608116,3.651483717,42.125,2.972092417,45,6.831,1,1.228590234,1,0.31104
38.29845892,8,0.580947502,3.191538243,8,0.247750155,3.651483717,37.375,2.972092417,45,6.831,1,1.228590234,1,2.025216
42.81897879,10,0.568759495,3.568248232,10,0.28071242,4.332334231,47.6,3.563361724,54.21747441,9.461,0.909090909,1.215799732,0.7912069,1.532242286
27.08110001,4,0,2.256758334,4,0.240941697,2.309401077,31.5,2.309401077,0,3.556,1,1,1,1.907712
205.3526083,230,0.465620125,17.11271736,230,0.261843668,18.36189915,41.70434783,16.2499996,59.12564232,55.146,0.927419355,1.129963052,0.850717687,26.67168
113.2883693,70,0.533249519,9.440697439,70,0.247750155,10.47999891,33.88571429,8.865638996,-55.95187554,29.508,0.921052632,1.182091772,0.825186985,3.3944832
70.35876171,27,0.614029814,5.863230143,27,0.246386284,7.809181672,33.03703704,6.163653018,86.54603174,21.825,0.75,1.266972954,0.544320984,0.29376
30.27759026,3,0.942809042,1.954410048,3,0.222440471,3.464101615,31.66666667,1.154700538,0,3.92,1,3,0.756006963,2.338151226
35.82492793,7,0.353093932,2.985410661,7,0.236843247,3.236694375,30,3.028212018,0,6.368,1,1.068846684,0.972711557,0.4032
35.82492793,7,0.353093932,2.985410661,7,0.270940899,3.236694375,42,3.028212018,90,6.368,1,1.068846684,0.972711557,1.560656842
40.62165002,9,0.759113364,3.385137501,9,0.222440471,4.430771014,26.88888889,2.884247823,-83.95262146,8.237,1,1.536196362,0.873524868,1.447817143
88.79132424,43,0.73147966,7.39927702,43,0.269390484,9.173414064,43.34883721,6.255014034,-54.42988346,22.47,0.934782609,1.466569702,0.823768437,1.751451429
185.1642365,187,0.952562591,15.43035304,187,0.258936453,32.78672691,48.86096257,9.97840266,-84.4787321,70.214,0.748,3.285769078,0.436701828,11.5834294
104.8846493,60,0.682577636,8.740387445,60,0.254675809,10.45008325,34.81666667,7.637057617,52.94932371,27.151,0.923076923,1.36833893,0.821652582,8.971970704
30.27759026,5,0.901281139,2.523132522,5,0.212602917,4.163331999,21,1.803699901,-45,5.814,1,2.308217679,0.783413778,0.169162105
578.1355026,1821,0.710498217,48.15152345,1821,1.017752351,58.87393941,117.3657331,41.42953234,-59.62765695,210.297,0.84737087,1.421062128,0.502312415,235.37952
38.29845892,8,0.717405908,3.191538243,8,0.282425849,4.136642609,48.75,2.881814462,17.29614434,7.865,1,1.435429887,0.829839424,2.912465455
38.29845892,8,0.580947502,3.191538243,8,0.212602917,3.651483717,22.875,2.972092417,45,6.831,1,1.228590234,1,0.292189091
27.08110001,4,0,2.256758334,4,0.25608116,2.309401077,37.25,2.309401077,0,3.556,1,1,1,1.38672
82.36395021,37,0.466580198,6.863662518,37,0.239580502,7.882860723,29.7027027,6.972223955,64.87109542,22.214,0.880952381,1.130609225,0.723209389,3.15648
221.668357,268,0.685994376,18.47236309,268,0.378575983,21.79836824,69.2761194,15.86064187,-4.761588385,57.362,0.985294118,1.374368605,0.919988357,65.43689143
42.81897879,10,0.80618002,3.568248232,10,0.222440471,4.888755309,30.5,2.892531451,-20.62072216,9.18,1,1.69013039,0.827706127,1.1232
67.70275003,25,0.597177202,5.641895835,25,0.274116992,6.985113969,38.6,5.602825136,56.24508901,20.138,0.833333333,1.246712828,0.579694419,2.579802353
150.7811835,124,0.638216908,12.56509863,124,0.308727952,14.45644016,53.31451613,11.12938581,87.02218557,38.134,0.96124031,1.298943213,0.914628887,15.91236655
300.9537643,494,0.71597751,25.07948036,494,0.643037777,30.90708612,97.8340081,21.57695834,83.35066,84.844,0.904761905,1.432411632,0.801887947,69.60118154
48.82114734,13,0.752321234,4.068428945,13,0.219300732,5.47580229,25.15384615,3.607439105,-17.73168212,11.33,0.866666667,1.517919535,0.780046616,2.3976
77.78453777,33,0.63598861,6.482044814,33,0.25608116,7.670586436,37.3030303,5.919379617,27.35040669,19.286,0.916666667,1.295842965,0.824438918,4.747248
52.44232467,15,0.695894648,4.370193722,15,0.258936453,5.276768957,40.26666667,3.789479359,-58.14739504,11.049,1,1.392478612,0.936052173,1.2636
94.78385004,49,0.39872394,7.89865417,49,0.234078146,8.459406904,29.67346939,7.757876751,64.83833113,24.728,0.924528302,1.090428113,0.792765427,11.73528
82.36395021,37,0.544723752,6.863662518,37,0.389725859,7.622728433,66.97297297,6.392538567,-42.58915068,19.956,0.925,1.192441524,0.871521594,10.42455273
46.90584114,12,0.773768909,3.908820095,12,0.250496356,5.029344274,40.66666667,3.185928534,-9.416876456,9.643,1,1.578611767,0.922608221,3.86208
38.29845892,8,0.580947502,3.191538243,8,0.245022413,3.651483717,37.75,2.972092417,-45,6.831,1,1.228590234,1,3.0875904
48.82114734,13,0.710197962,4.068428945,13,0.208996853,5.032996496,21,3.54323974,-70.20593458,10.404,0.928571429,1.420450454,0.890342683,4.204224
71.64985586,28,0.536073145,5.970821321,28,0.312880141,7.028585563,50.92857143,5.933331876,-47.92905724,19.865,0.848484848,1.184593363,0.664757566,10.69123765
27.08110001,4,0,2.256758334,4,0.234078146,2.309401077,28,2.309401077,0,3.556,1,1,1,1.65888
134.7267715,99,0.322914345,11.22723096,99,0.357304439,11.62186367,62.84848485,10.99925944,61.49689946,33.238,0.951923077,1.056604195,0.940003336,28.651968
33.16743835,6,0.833333333,2.763953196,6,0.239580502,4,33,2.211083194,0,6.368,1,1.809068067,0.833752763,3.435578182
217.493438,258,0.545308928,18.12445317,258,0.28071242,20.27543772,46.96899225,16.99558466,-5.297539806,65.434,0.883561644,1.192982656,0.689430402,9.724092632
54.16220002,16,0.821184352,4.513516668,16,0.216029193,6.205073925,24.1875,3.541006107,-51.11480788,12.364,0.941176471,1.752347705,0.836282687,5.799517975
60.55518053,20,0.799466103,5.046265044,20,0.212602917,6.742525529,21.6,4.050310625,-5.716840633,13.935,0.952380952,1.664693441,0.861861383,4.155385263
57.44768838,18,0.570423794,4.787307365,18,0.266324787,5.384018418,39.88888889,4.422166387,0,12.066,1,1.217506974,0.978050832,1.517438653
33.16743835,6,0.632455532,2.763953196,6,0.212602917,3.333333333,23,2.581988897,45,5.905,1,1.290994449,0.921278728,0.809431579
57.44768838,18,0.552810812,4.787307365,18,0.347215448,5.751450934,65.72222222,4.792723116,56.65442262,15.821,0.818181818,1.200038224,0.629052565,7.402123636
104.0069381,59,0.472285067,8.667244841,59,0.302676093,9.280146658,50.40677966,8.17994691,-84.20253488,24.058,0.983333333,1.13449962,1,8.268934737
306.3876713,512,0.67510526,25.53230595,512,0.705285141,30.0932137,101.1191406,22.20040821,-80.24620406,89.195,0.919210054,1.355525241,0.754626646,93.249792
150.7811835,124,0.675999121,12.56509863,124,0.392573661,14.87750582,72.94354839,10.96327016,82.42850733,38.688,0.946564885,1.357031762,0.890562243,17.21828571
182.1694692,181,0.627200128,15.1807891,181,0.48220985,17.45907391,81.16574586,13.5981418,-50.16968484,49.572,0.923469388,1.283930861,0.818546218,31.166208
106.6183974,62,0.407854553,8.884866447,62,0.239580502,9.464010815,32.11290323,8.641085852,14.39592986,26.415,0.925373134,1.095233976,0.891852063,5.081822609
42.81897879,10,0.764470787,3.568248232,10,0.264809505,4.531372125,38.5,2.921186973,-26.56505118,8.146,1,1.551209206,0.986295854,1.264896
63.51080914,22,0.78659207,5.292567428,22,0.231271157,6.83965059,30.5,4.223299621,7.208575813,14.324,1,1.619503991,0.906287293,0.476434286
113.2883693,70,0.628161014,9.440697439,70,0.485518638,10.87943457,79.31428571,8.465107177,19.7866149,28.259,0.933333333,1.285209312,0.892138361,38.092032
57.44768838,18,0.570423794,4.787307365,18,0.287656491,5.384018418,49.11111111,4.422166387,0,12.066,1,1.217506974,0.978050832,6.6212496
35.82492793,7,0.353093932,2.985410661,7,0.270940899,3.236694375,37.28571429,3.028212018,0,6.368,1,1.068846684,0.972711557,4.223182629
35.82492793,7,0.856222401,2.985410661,7,0.245022413,4.312826484,31,2.228038055,8.349622117,6.922,1,1.935705934,0.868563961,5.54688
38.29845892,8,0.580947502,3.191538243,8,0.254675809,3.651483717,36.875,2.972092417,-45,6.831,1,1.228590234,1,2.026944
127.0216183,88,0.411437545,10.58513486,88,0.235460697,11.34682576,32.34090909,10.34192767,2.152904224,33.122,0.916666667,1.097167387,0.840912641,11.17351385
88.79132424,43,0.585769829,7.39927702,43,0.222440471,8.320622338,27.09302326,6.743676831,67.89847663,20.51,0.977272727,1.233840611,0.965956431,5.577374118
131.9769562,95,0.500771883,10.99807968,95,0.389725859,11.89230301,67.06315789,10.29373129,-14.34203085,31.832,0.969387755,1.155295652,0.976007095,15.23791059
35.82492793,7,0.856222401,2.985410661,7,0.234078146,4.312826484,26.57142857,2.228038055,81.65037788,6.922,1,1.935705934,0.868563961,3.38220973
330.5669534,596,0.742172798,27.54724612,596,0.289461605,33.86411064,51.90268456,22.69601744,61.56484503,96.498,0.946031746,1.492072815,0.754383597,56.04552
50.66409895,13,0.90190096,4.068428945,13,0.212602917,7.420720847,21.92307692,3.205327596,-83.77500175,14.324,0.764705882,2.315120881,0.5355334,7.594806857
27.08110001,4,0.731925055,2.256758334,4,0.232674652,3.055050463,30,2.081665999,0,4.59,1,1.467598771,0.840875939,1.471313455
62.05059535,4,0.866025404,2.256758334,4,0.208996853,4.618802154,25.25,2.309401077,90,7.22,0.666666667,2,0.468184278,5.9776704
27.08110001,4,0,2.256758334,4,0.236843247,2.309401077,30.75,2.309401077,0,3.556,1,1,1,3.73248
35.82492793,7,0.353093932,2.985410661,7,0.216029193,3.236694375,23.57142857,3.028212018,90,6.368,1,1.068846684,0.972711557,0.049111579
30.27759026,5,0,2.523132522,5,0.222440471,2.780887149,27.8,2.780887149,0,5.624,1,1,0.817743873,0.754036364
42.81897879,10,0.5874078,3.568248232,10,0.238211875,4.085747586,33.5,3.306559138,0,8.328,1,1.235649331,0.955243026,2.735177143
46.90584114,10,0.851049772,3.568248232,10,0.210799885,6.110100927,22,3.208322511,0,11.628,0.833333333,1.904453466,0.576066776,0.89856
23.45292057,3,0.730296743,1.954410048,3,0.222440471,2.581988897,28,1.763834207,-45,3.093,1,1.463850109,0.969873184,1.047168
35.82492793,7,0.353093932,2.985410661,7,0.250496356,3.236694375,39,3.028212018,90,6.368,1,1.068846684,0.972711557,3.077410909
173.9315141,165,0.784878933,14.49429284,165,0.375851149,18.6722918,66.88484848,11.57026961,69.35469652,49.241,0.926966292,1.613816482,0.755648507,57.58776
54.16220002,16,0.408991295,4.513516668,16,0.243662652,5.420768619,36.0625,4.946658897,20.69576557,14.878,0.8,1.095844434,0.619212776,1.677730909
201.2947473,221,0.485416516,16.77456227,221,0.267840069,18.04449623,45.53393665,15.77599673,-52.54143107,52.359,0.944444444,1.143794369,0.901585454,14.46498
69.0435287,26,0.354242634,5.753627392,26,0.234078146,6.193163856,28.80769231,5.791559147,-88.3084971,16.292,0.928571429,1.069343108,0.865121333,0.368827535
57.44768838,18,0.805387283,4.787307365,18,0.223954969,6.608262757,24.88888889,3.917040849,37.88497245,13.778,0.857142857,1.687054849,0.790137298,5.487775796
59.02188911,19,0.667712061,4.918490759,19,0.225469467,5.811187099,28.31578947,4.325961822,85.76797717,12.827,1,1.343328337,0.936332677,9.703954286
46.90584114,12,0.623100273,3.908820095,12,0.235460697,4.689491786,30,3.667848311,-72.53453135,10.404,1,1.278540274,0.821854784,3.255392492
50.66409895,14,0.196396101,4.222008246,14,0.225469467,4.364357805,26,4.279360369,0,10.106,1,1.019862182,1,0.630144
23.45292057,3,0.730296743,1.954410048,3,0.242302891,2.581988897,36,1.763834207,-45,3.093,1,1.463850109,0.969873184,2.724530087
42.81897879,10,0.59225774,3.568248232,10,0.225469467,4.163331999,33.6,3.354598833,-45,8.626,1,1.241081931,0.907474878,4.1596416
104.8846493,60,0.511366263,8.740387445,60,0.267840069,9.74501919,38.63333333,8.374507673,-40.28738285,30.443,0.869565217,1.163652786,0.668468496,7.475657143
40.62165002,9,0.665811885,3.385137501,9,0.250496356,4.053691235,35.44444444,3.02453869,69.69935268,7.683,1,1.340267608,0.965226527,5.208977455
54.16220002,16,0.770265303,4.513516668,16,0.267840069,5.771313933,43.375,3.680502976,31.96059069,11.512,1,1.568077508,0.936357336,6.711552
167.4873537,153,0.472586792,13.95727948,153,0.242302891,14.96482061,31.5751634,13.18825897,24.50198153,42.401,0.950310559,1.134707822,0.926970245,10.52408967
35.82492793,7,0.353093932,2.985410661,7,0.250496356,3.236694375,36.42857143,3.028212018,90,6.368,1,1.068846684,0.972711557,8.377344
46.90584114,11,0.868845763,3.742410319,11,0.216029193,6.72749991,28.81818182,3.330669909,25.01203763,14.804,0.6875,2.019863899,0.429226906,8.802432
27.08110001,4,0.731925055,2.256758334,4,0.243662652,3.055050463,33.75,2.081665999,0,4.59,1,1.467598771,0.840875939,4.292352
40.62165002,9,0.536748159,3.385137501,9,0.247750155,3.954100962,38.88888889,3.336243049,-82.37244065,8.146,0.9,1.185195714,0.887666269,5.11494912
30.27759026,5,0.765092056,2.523132522,5,0.222440471,3.306559138,28.4,2.12916259,-18.43494882,4.962,1,1.552985739,0.956807706,6.1699968
44.90892382,11,0.684690195,3.742410319,11,0.389725859,4.496907734,63.63636364,3.277500291,-74.92930722,8.791,1,1.372054107,0.970807044,10.564992
114.0947024,71,0.767278878,9.507891863,71,0.219300732,13.60786181,25.8028169,8.726906743,59.81036739,39.168,0.77173913,1.559299556,0.498414335,130.61952
42.81897879,10,0.657535506,3.568248232,10,0.234078146,4.258325179,31.4,3.208322511,1.3e-15,8.146,1,1.327274663,0.986295854,9.725184
57.44768838,18,0.570423794,4.787307365,18,0.212602917,5.384018418,23.33333333,4.422166387,90,12.066,1,1.217506974,0.978050832,1.3447296
183.6729566,183,0.621052404,15.26443044,183,0.431133902,17.71520616,76.04918033,13.88463017,88.19278879,53.649,0.875598086,1.275886066,0.713030573,24.66254769
42.81897879,10,0.657535506,3.568248232,10,0.225469467,4.258325179,28.8,3.208322511,90,8.146,1,1.327274663,0.986295854,2.572710698
46.90584114,12,0.773768909,3.908820095,12,0.310778771,5.029344274,58.08333333,3.185928534,80.58312354,9.643,1,1.578611767,0.922608221,7.24896
35.82492793,7,0.353093932,2.985410661,7,0.242302891,3.236694375,41,3.028212018,0,6.368,1,1.068846684,0.972711557,7.693771034
133.3589516,97,0.8869936,11.11324596,97,0.352212845,17.06030896,63.13402062,7.878138757,-77.62375196,41.591,0.850877193,2.165525321,0.609162917,10.26989419
33.16743835,6,0.632455532,2.763953196,6,0.219300732,3.333333333,28.33333333,2.581988897,45,5.905,1,1.290994449,0.921278728,2.359954286
38.29845892,8,0.580947502,3.191538243,8,0.246386284,3.651483717,34.25,2.972092417,-45,6.831,1,1.228590234,1,0.467662979
30.27759026,5,0.765092056,2.523132522,5,0.258936453,3.306559138,37.2,2.12916259,-71.56505118,4.962,1,1.552985739,0.956807706,3.769014857
30.27759026,5,0.765092056,2.523132522,5,0.231271157,3.306559138,29.2,2.12916259,-71.56505118,4.962,1,1.552985739,0.956807706,5.14368
64.93819656,23,0.744238229,5.41151638,23,0.225469467,6.768152792,27.39130435,4.520545763,26.96120561,14.514,0.958333333,1.497198158,0.927199309,2.463293793
71.64985586,28,0.452891102,5.970821321,28,0.266324787,6.453298907,43,5.75354087,64.20163085,15.829,0.965517241,1.121622155,0.977701087,0.12096
76.59691784,32,0,6.383076486,32,0.312880141,6.429100507,57.125,6.429100507,0,16.656,1,1,1,14.46089143
33.16743835,6,0.456435465,2.763953196,6,0.254675809,3.265986324,44,2.905932629,-26.56505118,6.277,1,1.123902974,0.849941599,3.347772632
67.70275003,25,0.597670457,5.641895835,25,0.228407082,6.448154447,26.48,5.169755399,-57.00129901,15.366,0.925925926,1.247284243,0.917170353,7.32402
59.02188911,19,0.56044747,4.918490759,19,0.242302891,5.631114033,36.52631579,4.663632187,-53.0077198,13.108,0.95,1.207452434,0.904229159,0.564657231
33.16743835,6,0.841578677,2.763953196,6,0.208996853,5.246446933,21.83333333,2.833787242,-12.11387266,10.495,0.6,1.851390554,0.405461273,0.798891429
48.82114734,13,0.491217356,4.068428945,13,0.253270458,4.511923211,36.53846154,3.930052198,13.77640579,10.197,0.928571429,1.148056816,0.918191349,9.565676308
106.6183974,62,0.369858111,8.884866447,62,0.22983912,9.316046174,40.0483871,8.655429043,6.236079525,25.563,0.953846154,1.076324019,0.945581087,3.357997714
33.16743835,6,0.745355992,2.763953196,6,0.217664963,3.464101615,25.5,2.309401077,0,5.516,1,1.5,1,3.451934118
256.5567998,359,0.590948675,21.37973331,359,0.258936453,23.923086,42.56824513,19.29897254,-84.08427774,68.006,0.932467532,1.239604127,0.891217884,48.86602105
150.7811835,124,0.586970041,12.56509863,124,0.378575983,14.46413372,60.91935484,11.71028781,36.03363287,42.79,0.892086331,1.235164664,0.738598702,13.402368
30.27759026,5,0.765092056,2.523132522,5,0.25608116,3.306559138,38.8,2.12916259,-71.56505118,4.962,1,1.552985739,0.956807706,1.689984
23.45292057,3,0.730296743,1.954410048,3,0.231271157,2.581988897,32.33333333,1.763834207,45,3.093,1,1.463850109,0.969873184,5.167034182
50.66409895,14,0.624556796,4.222008246,14,0.254675809,5.157869578,35.71428571,4.02818984,-57.07277098,11.512,0.933333333,1.28044352,0.819312669,2.602368
78.95429571,34,0.476222703,6.579524642,34,0.250496356,7.18274635,32.64705882,6.315966318,-4.90387091,18.343,0.971428571,1.137236329,0.925623844,3.449716364
140.0645384,106,0.631136081,11.61737456,106,0.302676093,13.47591382,52.87735849,10.45289073,-5.312321934,37.803,0.92173913,1.289204506,0.794552539,0.075403636
420.1936151,962,0.722823773,34.99794911,962,1.164972763,42.62185264,122.3908524,29.45308161,-49.7580318,133.483,0.891566265,1.447110126,0.647630324,126.62784
129.1686146,91,0.557774228,10.76405122,91,0.342313839,12.070581,60.42857143,10.01849433,49.78456066,35.107,0.900990099,1.204829849,0.781664406,11.66976
63.51080914,22,0.552711466,5.292567428,22,0.231271157,6.110100927,28.59090909,5.091991227,90,15.366,0.916666667,1.199943333,0.807109911,6.212824615
63.51080914,22,0.533135458,5.292567428,22,0.226938275,5.943857692,26.72727273,5.0286813,-15.01281302,14.514,0.956521739,1.181991329,0.886886296,9.99936
44.90892382,11,0.684690195,3.742410319,11,0.234078146,4.496907734,29.45454545,3.277500291,15.07069278,8.791,1,1.372054107,0.970807044,3.378748235
27.08110001,4,0,2.256758334,4,0.235460697,2.309401077,29.25,2.309401077,0,3.556,1,1,1,1.031144727
27.08110001,4,0,2.256758334,4,0.269390484,2.309401077,40.75,2.309401077,0,3.556,1,1,1,3.00672
104.8846493,60,0.636472383,8.740387445,60,0.242302891,10.33137229,33.3,7.968582196,-84.2728468,28.466,0.869565217,1.296513236,0.754706821,8.7105024
33.16743835,6,0.745355992,2.763953196,6,0.25608116,3.464101615,37.33333333,2.309401077,90,5.516,1,1.5,1,3.010295172
38.29845892,8,0.782272678,3.191538243,8,0.223954969,4.27914326,27.875,2.665633063,-70.67009587,7.774,0.888888889,1.60530094,0.84373334,0.589494857
38.29845892,8,0.866025404,3.191538243,8,0.246386284,4.618802154,33.625,2.309401077,90,7.476,1,2,0.891759474,2.9808
80.10697414,35,0.643186153,6.675581178,35,0.222440471,8.023247008,21.51428571,6.143479256,54.83069268,21.18,0.897435897,1.305977716,0.74352211,3.26592
55.8291179,17,0.645535417,4.652426492,17,0.234078146,5.528773215,29.58823529,4.222491824,-45.7471668,12.736,0.894736842,1.309362681,0.847401979,4.558870588
55.8291179,17,0.471362557,4.652426492,17,0.242302891,5.090643202,32.64705882,4.489639489,11.30993247,12.157,0.944444444,1.133864582,0.912758368,0.396549278
23.45292057,3,0.730296743,1.954410048,3,0.231271157,2.581988897,30.33333333,1.763834207,45,3.093,1,1.463850109,0.969873184,1.495584
128.4569364,90,0.696031654,10.7047447,90,0.395421462,13.13143143,70.58888889,9.428513495,14.74607238,36.447,0.865384615,1.392736133,0.721626124,5.646445714
30.27759026,5,0.765092056,2.523132522,5,0.274116992,3.306559138,39.8,2.12916259,-71.56505118,4.962,1,1.552985739,0.956807706,3.024
62.05059535,21,0.669112567,5.170882946,21,0.261843668,6.694562196,40.95238095,4.975137988,-49.57787422,18.451,0.777777778,1.34560332,0.566004097,2.239046809
149.5602632,122,0.653437273,12.46335526,122,0.384109922,14.4179383,68.58196721,10.91410055,-82.70249568,37.166,0.968253968,1.321037701,0.94361747,15.78315541
60.55518053,20,0.5473898,5.046265044,20,0.242302891,5.670094458,33.75,4.745176024,47.38182085,13.77,0.952380952,1.194917624,0.878761135,1.195369412
48.82114734,13,0.740687639,4.068428945,13,0.222440471,5.454909791,26.23076923,3.664878702,18.96663514,11.628,0.866666667,1.488428468,0.748886809,3.204046452
27.08110001,4,0.731925055,2.256758334,4,0.219300732,3.055050463,25,2.081665999,0,4.59,1,1.467598771,0.840875939,2.271085714
69.0435287,26,0.598715689,5.753627392,26,0.239580502,6.630036856,30.19230769,5.31040509,61.36761314,16.102,0.962962963,1.248499266,0.882289075,11.75874207
72.91809336,29,0.416608658,6.07650778,29,0.25608116,6.612861947,35.4137931,6.011659746,83.92252915,17.144,0.90625,1.100006026,0.885589505,10.12608
92.82933393,47,0.661095279,7.735777828,47,0.526046133,9.420532426,84.21276596,7.068243949,-84.89064188,26.622,0.839285714,1.332796731,0.666710075,11.95874743
54.16220002,15,0.900045068,4.370193722,15,0.242302891,7.249832576,39.93333333,3.159454043,4.904210502,14.051,0.882352941,2.294647264,0.637702877,9.9072
104.0069381,59,0.596864945,8.667244841,59,0.261843668,9.932420904,38.13559322,7.969195681,69.9456245,26.208,0.936507937,1.24635174,0.860711726,10.27755574
102.2289107,57,0.265168728,8.519075892,57,0.258936453,8.803607762,37.98245614,8.488456435,43.03096917,24.984,0.966101695,1.037127048,0.905485197,6.425110588
44.90892382,11,0.684690195,3.742410319,11,0.234078146,4.496907734,28.63636364,3.277500291,-74.92930722,8.791,1,1.372054107,0.970807044,10.67330451
44.90892382,11,0.684690195,3.742410319,11,0.250496356,4.496907734,37.72727273,3.277500291,-74.92930722,8.791,1,1.372054107,0.970807044,6.288051892
150.7811835,124,0.721010271,12.56509863,124,0.323690839,15.26014901,58.54032258,10.57412922,88.73388455,40.284,0.932330827,1.443158931,0.826304353,28.37172706
54.16220002,16,0,4.513516668,16,0.42501065,4.618802154,84.6875,4.618802154,0,11.396,1,1,0.951359929,2.225664
80.10697414,35,0.546421528,6.675581178,35,0.250496356,7.421154318,36.54285714,6.215293231,-66.85633553,18.732,0.972222222,1.194015156,0.919258529,17.88008727
114.8953768,75,0.66871298,9.772050238,75,0.410002262,11.50957956,66.76,8.557610026,73.06568986,28.747,0.9375,1.344952566,0.926830723,6.882497561
128.4569364,107,0.60639294,11.67204486,107,0.298774836,13.24743127,45.54205607,10.53389556,-83.93693572,35.504,0.946902655,1.2576004,0.900313367,3.442785882
38.29845892,7,0.904041941,2.985410661,7,0.192183814,4.933729831,17.57142857,2.108892032,33.40070474,7.592,0.875,2.339489057,0.763515196,0.794348308
178.098129,173,0.419911308,14.84151075,173,0.264809505,15.69844588,41.91907514,14.24736233,-17.41828265,46.619,0.935135135,1.101849277,0.877980517,29.53908
46.90584114,12,0.732519215,3.908820095,12,0.187207995,4.990359434,20.5,3.397168993,-88.09296258,10.106,0.923076923,1.468975916,0.859245327,11.46578824
33.16743835,6,0.745355992,2.763953196,6,0.219300732,3.464101615,22.83333333,2.309401077,90,5.516,1,1.5,1,11.76266323
27.08110001,4,0,2.256758334,4,0.194497882,2.309401077,17.5,2.309401077,0,3.556,1,1,1,10.86912
38.29845892,8,0.273861279,3.191538243,8,0.214316055,3.651483717,21.75,3.511884584,90,8.146,0.8,1.03975049,0.789036683,9.691335529
62.05059535,20,0.914622839,5.046265044,20,0.192183814,8.887852412,22.55,3.593430975,1.735163676,17.996,0.8,2.473361106,0.56250814,12.99659294
52.44232467,15,0.756062754,4.370193722,15,0.208996853,5.850390543,31.93333333,3.829075526,81.11179718,12.637,1,1.52788591,0.757119783,13.75704
42.81897879,10,0.660621878,3.568248232,10,0.216029193,5.223775209,25,3.921586316,-41.91491245,12.182,0.714285714,1.33205667,0.535166188,13.19698286
35.82492793,7,0.613667301,2.985410661,7,0.216029193,3.862352402,24.85714286,3.049577184,72.2311611,7.774,0.875,1.266520625,0.738266672,12.90816
44.90892382,11,0.873401119,3.742410319,11,0.205183582,5.868036851,18.81818182,2.857742899,2.309961741,11.14,0.916666667,2.053381658,0.677718383,12.61239916
27.08110001,4,0,2.256758334,4,0.232674652,2.309401077,29.5,2.309401077,0,3.556,1,1,1,11.80964571
23.45292057,3,0.730296743,1.954410048,3,0.225469467,2.581988897,23.33333333,1.763834207,45,3.093,1,1.463850109,0.969873184,9.587350588
35.82492793,7,0.692995696,2.985410661,7,0.187207995,3.82702156,17.28571429,2.75905951,-79.09929526,7.22,1,1.387074671,0.819322487,7.872274286
30.27759026,NaN,NaN,NaN,NaN,0.176027392,NaN,NaN,NaN,NaN,NaN,NaN,NaN,NaN,7.290341053
27.08110001,4,0.731925055,2.256758334,4,0.212602917,3.055050463,23,2.081665999,90,4.59,1,1.467598771,0.840875939,9.074253913
74.16464679,26,0.714058508,5.753627392,26,0.220870602,7.017840549,26.80769231,4.913092121,-23.18741739,16.011,1,1.428395881,0.890693059,6.486813257
46.90584114,10,0.861063074,3.568248232,10,0.187207995,5.723350685,16.3,2.910313316,74.09733554,10.776,0.833333333,1.966575438,0.64875635,10.86264785
35.82492793,6,0.778498944,2.763953196,6,0.205183582,3.829708431,20.16666667,2.40370085,45,6.459,1,1.593255014,0.818022083,9.626563584
77.78453777,29,0.785012969,6.07650778,29,0.219300732,8.492850718,31.65517241,5.261145461,-77.86935457,22.032,0.852941176,1.614258869,0.575065695,10.33837714
42.81897879,10,0.657535506,3.568248232,10,0.210799885,4.258325179,22,3.208322511,90,8.146,1,1.327274663,0.986295854,11.13741474
127.7412933,89,0.614866402,10.64510777,89,0.201132997,12.90305866,21.4494382,10.17575576,75.31571451,40.549,0.760683761,1.268019689,0.585900676,15.91488
38.29845892,6,0.745355992,2.763953196,6,0.216029193,3.464101615,25.16666667,2.309401077,0,5.516,1,1.5,1,12.680064
44.90892382,10,0.890510361,3.568248232,10,0.205183582,5.565527124,25.1,2.532108707,-66.57619487,9.461,0.909090909,2.197981117,0.7912069,12.16512
50.66409895,14,0.6520712,4.222008246,14,0.228407082,4.91838146,26.85714286,3.728908943,45,10.106,1,1.318986743,1,11.64178286
35.82492793,6,0.745355992,2.763953196,6,0.219300732,3.464101615,22.66666667,2.309401077,90,5.516,1,1.5,1,11.27719385
40.62165002,7,0.885965902,2.985410661,7,0.196811949,5.239826554,18,2.429971585,0,9.362,0.777777778,2.156332438,0.562649932,9.02016
55.8291179,14,0.611429251,4.222008246,14,0.196811949,4.881411847,20.85714286,3.862656819,65.64235545,10.404,1,1.263744639,0.958830581,9.029308235
30.27759026,5,0.765092056,2.523132522,5,0.236843247,3.306559138,31.4,2.12916259,18.43494882,4.962,1,1.552985739,0.956807706,9.360822857
89.81784764,47,0.654962145,7.735777828,47,0.274116992,9.194933655,53.36170213,6.948259097,24.12716614,23.694,0.886792453,1.323343521,0.820134988,4.240073915
192.4473743,100,0.92176761,11.28379167,100,0.219300732,26.33708785,15.06,10.21201598,-58.40349626,83.679,0.495049505,2.579029243,0.166711044,14.79744
30.27759026,6,0.745355992,2.763953196,6,0.247750155,3.464101615,35.66666667,2.309401077,90,5.516,1,1.5,1,6.209803636
35.82492793,9,0.665811885,3.385137501,9,0.228407082,4.053691235,26.11111111,3.02453869,20.30064732,7.683,1,1.340267608,0.965226527,4.831299491
70.35876171,36,0.453892629,6.770275003,36,0.277372834,7.302967433,36.91666667,6.507355762,76.42956561,18.525,0.972972973,1.122263435,0.963676188,6.445332
38.29845892,10,0.657535506,3.568248232,10,0.228407082,4.258325179,24.4,3.208322511,90,8.146,1,1.327274663,0.986295854,4.968722618
50.66409895,17,0.693796961,4.652426492,17,0.269390484,5.670980427,33.94117647,4.084073707,26.27817203,12.157,1,1.388559765,0.912758368,4.478178462
40.62165002,11,0.468451789,3.742410319,11,0.261843668,4.429236509,40.63636364,3.913182007,-84.69017236,10.958,0.846153846,1.131875926,0.695327519,4.60297728
63.51080914,28,0.42373599,5.970821321,28,0.228407082,6.595777755,24.60714286,5.974361449,-53.50734164,17.21,0.933333333,1.104013845,0.84951508,13.70057143
27.08110001,6,0.745355992,2.763953196,6,0.239580502,3.464101615,26.16666667,2.309401077,0,5.516,1,1.5,1,4.637686154
33.16743835,6,0.745355992,2.763953196,6,0.220870602,3.464101615,25.5,2.309401077,0,5.516,1,1.5,1,5.930496
101.3281979,72,0.461779741,9.57461473,72,0.270940899,10.31737916,44.79166667,9.151459891,44.25202055,28.143,0.96,1.127402544,0.924445582,4.26285431
181.1602123,7,0.80031391,2.985410661,7,0.219300732,4.163331999,16.57142857,2.496255699,-59.03624347,7.402,1,1.667830743,0.79128087,13.17384
82.36395021,43,0.453359502,7.39927702,43,0.245022413,8.026569271,33.06976744,7.154303947,73.79886401,21.337,0.955555556,1.121921759,0.901790029,6.551572645
42.81897879,15,0.717299122,4.370193722,15,0.257508807,5.383839613,30.8,3.751272957,27.54875219,10.867,1,1.435203377,0.9605326,4.8970656
40.62165002,11,0.892336341,3.742410319,11,0.234078146,6.022382293,30.36363636,2.718329214,-7.97269795,10.751,0.916666667,2.215472012,0.716202686,4.69131907
30.27759026,6,0.745355992,2.763953196,6,0.236843247,3.464101615,27.66666667,2.309401077,90,5.516,1,1.5,1,7.162105263
30.27759026,7,0.353093932,2.985410661,7,0.234078146,3.236694375,23.71428571,3.028212018,0,6.368,1,1.068846684,0.972711557,4.698159158
52.44232467,19,0.767013577,4.918490759,19,0.225469467,6.816979757,28.89473684,4.373984653,-36.51692595,15.73,0.95,1.558528504,0.670419068,4.732251429
50.66409895,16,0.754217941,4.513516668,16,0.22983912,5.902110681,26.8125,3.87546851,-17.29614434,13.497,0.941176471,1.522941205,0.726267596,4.269575845
55.8291179,34,0.689573459,6.579524642,34,0.222440471,7.881338151,21.38235294,5.707789176,-24.94252045,18.434,0.944444444,1.380804004,0.917832249,14.15232
27.08110001,4,0,2.256758334,4,0.260390061,2.309401077,39.75,2.309401077,0,3.556,1,1,1,4.126036454
27.08110001,7,0.856222401,2.985410661,7,0.225469467,4.312826484,22.85714286,2.228038055,8.349622117,6.922,1,1.935705934,0.868563961,5.743031351
33.16743835,6,0.632455532,2.763953196,6,0.222440471,3.333333333,26.5,2.581988897,45,5.905,1,1.290994449,0.921278728,5.364144
27.08110001,4,0.731925055,2.256758334,4,0.205183582,3.055050463,21,2.081665999,0,4.59,1,1.467598771,0.840875939,7.317504
30.27759026,4,0,2.256758334,4,0.258936453,2.309401077,30.5,2.309401077,0,3.556,1,1,1,7.579406769
44.90892382,5,0.765092056,2.523132522,5,0.208996853,3.306559138,40.8,2.12916259,-18.43494882,4.962,1,1.552985739,0.956807706,7.75346087
46.90584114,11,0.813081236,3.742410319,11,0.194497882,5.727583607,23.72727273,3.334314179,-26.21570399,12.455,0.846153846,1.717769622,0.56825477,7.444224
50.66409895,14,0.678030283,4.222008246,14,0.189695905,5.475365629,17.92857143,4.024579727,82.44685058,12.091,0.875,1.360481342,0.758211283,3.193849756
35.82492793,6,0.857488776,2.763953196,6,0.216029193,4.436155523,28.5,2.282413869,-5.309827638,7.774,0.857142857,1.943624504,0.632800005,4.43085283
30.27759026,5,0.765092056,2.523132522,5,0.219300732,3.306559138,30.6,2.12916259,-18.43494882,4.962,1,1.552985739,0.956807706,4.392261818
35.82492793,7,0.353093932,2.985410661,7,0.205183582,3.236694375,19.57142857,3.028212018,0,6.368,1,1.068846684,0.972711557,7.367660308
35.82492793,7,0.353093932,2.985410661,7,0.196811949,3.236694375,20,3.028212018,0,6.368,1,1.068846684,0.972711557,5.549608421
40.62165002,9,0.867926073,3.385137501,9,0.192183814,5.120763832,17.66666667,2.543449587,18.43494882,9.18,0.9,2.01331446,0.744935514,6.061187368
62.05059535,24,0.633843395,5.527906392,24,0.234078146,6.469275503,28.41666667,5.003734941,-48.79732168,15.548,0.96,1.292889327,0.863418667,15.86681018
44.90892382,15,0.784167272,4.370193722,15,0.245022413,5.941107211,27.6,3.686751144,18.77285059,12.736,0.882352941,1.611474976,0.747707629,4.93344
38.29845892,10,0.80618002,3.568248232,10,0.232674652,4.888755309,29.3,2.892531451,20.62072216,9.18,1,1.69013039,0.827706127,5.161782857
60.55518053,24,0.400320385,5.527906392,24,0.220870602,5.887840578,23.41666667,5.395471352,45,14.671,1,1.091256017,0.950532199,7.7112
60.55518053,34,0.532375281,6.579524642,34,0.219300732,7.423490457,22.14705882,6.284047418,-11.41928994,19.749,0.894736842,1.181323113,0.81540751,5.5258848
30.27759026,6,0.632455532,2.763953196,6,0.253270458,3.333333333,30.66666667,2.581988897,-45,5.905,1,1.290994449,0.921278728,4.972132174
27.08110001,5,0.765092056,2.523132522,5,0.219300732,3.306559138,24.6,2.12916259,71.56505118,4.962,1,1.552985739,0.956807706,4.65588
33.16743835,7,0.688972486,2.985410661,7,0.232674652,3.763583333,27.42857143,2.727798137,-30.47269795,6.831,1,1.379714753,0.884487591,4.823113846
42.81897879,12,0.661437828,3.908820095,12,0.239580502,4.618802154,30.16666667,3.464101615,0,9.436,1,1.333333333,0.953226395,4.442530909
33.16743835,6,0.745355992,2.763953196,6,0.269390484,3.464101615,40,2.309401077,90,5.516,1,1.5,1,5.0112
42.81897879,13,0.680728967,4.068428945,13,0.240941697,5.027073851,28.23076923,3.682509422,25.45307056,10.867,0.928571429,1.365121789,0.832461587,4.015008
48.82114734,16,0.720150693,4.513516668,16,0.231271157,5.597618541,26.875,3.883726733,90,12.066,0.888888889,1.441300824,0.869378517,3.50486069
35.82492793,9,0,3.385137501,9,0.219300732,3.464101615,23,3.464101615,0,7.476,1,1,1,3.663943481
30.27759026,6,0.745355992,2.763953196,6,0.267840069,3.464101615,41.33333333,2.309401077,0,5.516,1,1.5,1,5.188763676
40.62165002,10,0.657535506,3.568248232,10,0.222440471,4.258325179,25.2,3.208322511,90,8.146,1,1.327274663,0.986295854,4.422245434
44.90892382,14,0.854918957,4.222008246,14,0.219300732,5.989203278,24.28571429,3.106968558,53.23000741,10.958,1,1.92766781,0.884962296,3.7979712
23.45292057,6,0.632455532,2.763953196,6,0.216029193,3.333333333,20.33333333,2.581988897,-45,5.905,1,1.290994449,0.921278728,4.371222857
75.39059177,37,0.570496674,6.863662518,37,0.234078146,7.850472412,28.7027027,6.447592298,-69.36621059,21.337,0.925,1.217582013,0.775958862,6.965410909
27.08110001,4,0,2.256758334,4,0.236843247,2.309401077,30.25,2.309401077,0,3.556,1,1,1,5.453568
118.8178441,92,0.479127169,10.82303276,92,0.274116992,11.88762161,41.4673913,10.43430633,81.64206339,35.107,0.910891089,1.139282406,0.790254125,2.75616
38.29845892,8,0.717405908,3.191538243,8,0.216029193,4.136642609,23.25,2.881814462,72.70385566,7.865,1,1.435429887,0.829839424,3.905334
23.45292057,3,0.730296743,1.954410048,3,0.205183582,2.581988897,20.33333333,1.763834207,-45,3.093,1,1.463850109,0.969873184,3.022670769
33.16743835,6,0.745355992,2.763953196,6,0.20315829,3.464101615,19.16666667,2.309401077,90,5.516,1,1.5,1,4.19904
35.82492793,7,0.856222401,2.985410661,7,0.205183582,4.312826484,20.85714286,2.228038055,-81.65037788,6.922,1,1.935705934,0.868563961,5.086347907
27.08110001,4,0.731925055,2.256758334,4,0.20315829,3.055050463,20,2.081665999,90,4.59,1,1.467598771,0.840875939,4.70016
30.27759026,4,0.866025404,2.256758334,4,0.205183582,3.651483717,22,1.825741858,-71.56505118,5.053,0.8,2,0.748540177,3.331524414
44.90892382,11,0.781582174,3.742410319,11,0.208996853,5.033531634,20,3.139928594,-80.00844674,9.643,1,1.603072007,0.845724203,3.397513846
40.62165002,9,0.665811885,3.385137501,9,0.201132997,4.053691235,21,3.02453869,-69.69935268,7.683,1,1.340267608,0.965226527,3.028065882
40.62165002,8,0.931551438,3.191538243,8,0.212602917,5.671347184,24.5,2.062156101,-60.34986128,8.998,0.888888889,2.750202655,0.682168439,3.51072
23.45292057,3,0.928994797,1.954410048,3,0.212602917,3.854129393,21,1.42638547,28.15496624,4.59,1,2.702025135,0.630656955,3.773406316
124.8377027,85,0.538486529,10.4031419,85,0.205183582,12.31799504,21.37647059,10.37956289,63.34381851,38.018,0.80952381,1.186754699,0.630502269,11.232
33.16743835,3,0.942809042,1.954410048,3,0.207090218,3.464101615,18.66666667,1.154700538,0,3.92,1,3,0.756006963,4.413046154
30.27759026,4,0.866025404,2.256758334,4,0.216029193,3.651483717,25.25,1.825741858,18.43494882,5.053,0.8,2,0.748540177,4.366902857
300.6490009,491,0.656961245,25.00321212,491,0.236843247,29.32143706,30.84114053,22.10614532,-64.98757051,94.612,0.876785714,1.32639303,0.645692736,9.572316279
57.44768838,18,0.613849814,4.787307365,18,0.207090218,5.537749242,21.05555556,4.371625683,-11.30993247,12.918,0.947368421,1.266748263,0.877027716,6.76512
42.81897879,9,0.913743208,3.385137501,9,0.247750155,5.78661246,34,2.35105549,-23.64530502,9.552,0.9,2.461282809,0.701912956,6.990994286
55.8291179,16,0.875079811,4.513516668,16,0.201132997,8.331188262,19.0625,4.032117161,-24.40703742,18.178,0.695652174,2.066206891,0.442356122,3.777702128
30.27759026,4,0.731925055,2.256758334,4,0.225469467,3.055050463,26.75,2.081665999,90,4.59,1,1.467598771,0.840875939,5.3144064
63.51080914,5,0.931487699,2.523132522,5,0.198972473,4.881889979,27.4,1.7758989,-10.90070474,7.013,0.833333333,2.748968411,0.609333219,3.79728
38.29845892,19,0.821344226,4.918490759,19,0.240941697,8.162003566,19.42105263,4.65587514,84.02365893,20.32,0.730769231,1.753054651,0.433758986,5.15808
30.27759026,8,0.273861279,3.191538243,8,0.187207995,3.651483717,35.375,3.511884584,0,8.146,0.888888889,1.03975049,0.789036683,3.14928
338.2428307,624,0.79885377,28.18690256,624,0.395421462,36.7366997,71.90544872,22.09805331,89.49641342,98.589,0.916299559,1.662440541,0.757689562,59.62248
91.83647829,46,0.536336297,7.653039857,46,0.225469467,8.52777926,27.02173913,7.197482962,49.5336865,21.825,0.93877551,1.184827988,0.927361677,7.913611636
52.44232467,15,0.695894648,4.370193722,15,0.208996853,5.276768957,21.86666667,3.789479359,-58.14739504,11.049,1,1.392478612,0.936052173,8.016919579
38.29845892,6,0.953154309,2.763953196,6,0.187207995,5.526219446,16.83333333,1.671595636,72.39120352,8.328,0.857142857,3.305954699,0.573145816,9.131616
126.2978425,87,0.457465234,10.52482021,87,0.225469467,11.32817558,27.96551724,10.07332533,4.442000518,32.204,0.915789474,1.124571599,0.875101807,5.83034112
63.51080914,22,0.827668179,5.292567428,22,0.232674652,7.378633785,32.95454545,4.141020402,64.20696959,15.73,1,1.781839515,0.77627471,9.4083984
44.90892382,11,0.734877711,3.742410319,11,0.192183814,5.144141916,18.63636364,3.488755188,-46.0605482,11.81,0.785714286,1.474492087,0.618340419,8.84643278
42.81897879,10,0.840822419,3.568248232,10,0.201132997,5.330976238,21.6,2.885716378,2.741795222,10.106,0.833333333,1.847366664,0.716037772,10.34208
38.29845892,8,0.856680201,3.191538243,8,0.194497882,4.653433235,19.75,2.400463663,-35.35497689,7.683,1,1.938556,0.857979135,9.849970286
91.83647829,46,0.454798757,7.653039857,46,0.216029193,8.309073099,25.65217391,7.400012595,-74.29959866,23.802,0.92,1.122845805,0.796263279,6.835968
35.82492793,7,0.613667301,2.985410661,7,0.219300732,3.862352402,24.85714286,3.049577184,-17.7688389,7.774,1,1.266520625,0.738266672,10.40502857
33.16743835,6,0.887101009,2.763953196,6,0.208996853,4.649380327,26.16666667,2.146039328,54.92760718,7.683,0.857142857,2.166493534,0.643484352,9.728954182
33.16743835,6,0.778498944,2.763953196,6,0.234078146,3.829708431,28.16666667,2.40370085,-45,6.459,1,1.593255014,0.818022083,9.266029714
30.27759026,5,0.765092056,2.523132522,5,0.216029193,3.306559138,34,2.12916259,18.43494882,4.962,1,1.552985739,0.956807706,9.556468364
23.45292057,3,0.730296743,1.954410048,3,0.192183814,2.581988897,19.33333333,1.763834207,45,3.093,1,1.463850109,0.969873184,8.568354462
23.45292057,3,0.730296743,1.954410048,3,0.192183814,2.581988897,17,1.763834207,45,3.093,1,1.463850109,0.969873184,8.798976
33.16743835,6,0.894482619,2.763953196,6,0.222440471,4.513541148,25.66666667,2.018016538,12.9331784,6.922,0.857142857,2.236622478,0.744483395,9.038456471
52.44232467,15,0.57373665,4.370193722,15,0.205183582,5.126507152,21.53333333,4.198813586,-76.29621228,11.901,0.9375,1.220941832,0.833020584,9.876260571
38.29845892,8,0.765332868,3.191538243,8,0.214316055,4.260094628,24.25,2.741944643,24.40703742,7.501,1,1.55367638,0.887574817,9.309888
40.62165002,9,0.760175561,3.385137501,9,0.207090218,4.464504938,17.11111111,2.90066797,-60.48187827,8.328,1,1.539129947,0.859718724,8.94882816
48.82114734,12,0.82216442,3.908820095,12,0.216029193,6.117791792,29.41666667,3.482553537,22.67793492,13.77,0.705882353,1.756697127,0.527256681,7.803284211
33.16743835,6,0.632455532,2.763953196,6,0.216029193,3.333333333,23.16666667,2.581988897,45,5.905,1,1.290994449,0.921278728,9.69408
35.82492793,7,0.353093932,2.985410661,7,0.187207995,3.236694375,17.28571429,3.028212018,0,6.368,1,1.068846684,0.972711557,7.39584
214.0948939,250,0.657266939,17.84124116,250,0.225469467,20.81656083,28.368,15.68856469,-85.72260863,58.933,0.932835821,1.326862032,0.815308774,8.5688064
44.90892382,11,0.827448474,3.742410319,11,0.228407082,5.382350506,25.54545455,3.022413973,-81.86989765,10.106,0.916666667,1.780811813,0.787641549,14.00151273
54.16220002,16,0.91734719,4.513516668,16,0.226938275,8.736226763,25.1875,3.47778789,19.26024374,19.675,0.8,2.512006781,0.386214228,11.77092
30.27759026,3,0.942809042,1.954410048,3,0.198972473,3.464101615,19.33333333,1.154700538,0,3.92,1,3,0.756006963,11.356416
40.62165002,9,0,3.385137501,9,0.192183814,3.464101615,18.22222222,3.464101615,0,7.476,1,1,1,15.90331569
27.08110001,4,0,2.256758334,4,0.214316055,2.309401077,22.5,2.309401077,0,3.556,1,1,1,11.200032
50.66409895,14,0.847347185,4.222008246,14,0.205183582,6.080662869,19.64285714,3.229071015,60.96534105,11.421,0.933333333,1.883099765,0.829584247,11.84402618
66.3348767,24,0.686881782,5.527906392,24,0.231271157,7.537964262,32.41666667,5.478359984,-11.5291373,19.013,0.727272727,1.375952709,0.61445993,8.422006154
59.02188911,17,0.906758654,4.652426492,17,0.192183814,8.56372806,25.64705882,3.610896142,1.315613405,19.493,0.68,2.371635107,0.416978266,10.47936
46.90584114,12,0.53748385,3.908820095,12,0.208996853,4.472135955,20.75,3.771236166,0,10.214,1,1.185854123,0.845404939,9.883894154
30.27759026,5,0.765092056,2.523132522,5,0.236843247,3.306559138,29.2,2.12916259,-18.43494882,4.962,1,1.552985739,0.956807706,10.885248
33.16743835,6,0.745355992,2.763953196,6,0.192183814,3.464101615,18,2.309401077,0,5.516,1,1.5,1,8.62488
46.90584114,12,0.709285563,3.908820095,12,0.208996853,4.919139307,21.08333333,3.467605903,-55.70648474,10.106,1,1.418598146,0.859245327,12.43614316
40.62165002,9,0.503952631,3.385137501,9,0.201132997,3.944053189,27.11111111,3.406602159,63.43494882,8.626,0.9,1.157767477,0.81672739,13.35990857
30.27759026,5,0.765092056,2.523132522,5,0.225469467,3.306559138,29.6,2.12916259,71.56505118,4.962,1,1.552985739,0.956807706,13.09608
42.81897879,10,0.630126038,3.568248232,10,0.205183582,4.258325179,19.4,3.306559138,-63.43494882,8.791,1,1.287841832,0.882551858,12.369024
38.29845892,8,0.866025404,3.191538243,8,0.217664963,4.618802154,23.5,2.309401077,90,7.476,1,2,0.891759474,13.2668928
38.29845892,8,0.547722558,3.191538243,8,0.220870602,3.651483717,26.375,3.055050463,0,7.22,1,1.195228609,0.936368556,13.0896
30.27759026,5,0,2.523132522,5,0.205183582,2.780887149,19.4,2.780887149,0,5.624,1,1,0.817743873,11.05629382
44.90892382,11,0.468451789,3.742410319,11,0.208996853,4.429236509,21.45454545,3.913182007,-84.69017236,10.958,0.846153846,1.131875926,0.695327519,11.958048
50.66409895,14,0.750235454,4.222008246,14,0.196811949,5.728224744,18.07142857,3.787334665,81.78379215,12.827,0.823529412,1.512468596,0.689929341,11.0304
23.45292057,3,0.730296743,1.954410048,3,0.187207995,2.581988897,16,1.763834207,45,3.093,1,1.463850109,0.969873184,8.768029091
33.16743835,6,0.456435465,2.763953196,6,0.210799885,3.265986324,25.66666667,2.905932629,26.56505118,6.277,1,1.123902974,0.849941599,11.29640727
63.51080914,22,0.554328107,5.292567428,22,0.20315829,6.368367228,20.45454545,5.300380797,80.39801325,15.829,0.88,1.201492397,0.768193711,9.897737143
23.45292057,3,0.730296743,1.954410048,3,0.205183582,2.581988897,21.66666667,1.763834207,45,3.093,1,1.463850109,0.969873184,9.836076522
44.90892382,5,0.765092056,2.523132522,5,0.212602917,3.306559138,19.2,2.12916259,18.43494882,4.962,1,1.552985739,0.956807706,11.18226502
123.3602814,99,0.733249937,11.22723096,99,0.395421462,14.31279619,57.52525253,9.732117613,-86.60623551,40.135,0.883928571,1.470676451,0.664261282,23.37408
88.79132424,45,0.54483445,7.569397566,45,0.294972211,8.361222071,47.13333333,7.011249518,-4.071221302,21.246,0.97826087,1.19254379,0.950789798,15.314688
92.82933393,49,0.397597067,7.89865417,49,0.310778771,8.393795319,49.44897959,7.701811835,-24.1006718,22.908,0.960784314,1.089846844,0.907411066,22.0158
70.35876171,32,0.797925349,6.383076486,32,0.258936453,8.703654912,34.53125,5.246182692,-36.00851081,21.089,0.864864865,1.659045333,0.684907259,16.70729143
81.24330003,36,0.857636028,6.770275003,36,0.196811949,10.77718516,25.69444444,5.542244812,-68.81191506,26.779,0.765957447,1.944552347,0.505326393,11.97792
191.9704284,201,0.466608408,15.9975357,201,0.212602917,17.40378326,22.10447761,15.39302001,-83.02210185,53.442,0.913636364,1.130628249,0.788905319,0.6048
59.02188911,19,0.425816731,4.918490759,19,0.216029193,5.484223404,25.05263158,4.962177074,-86.26422041,13.935,0.904761905,1.105205099,0.818768314,9.646747826
33.16743835,6,0.632455532,2.763953196,6,0.20315829,3.333333333,23.83333333,2.581988897,-45,5.905,1,1.290994449,0.921278728,14.46048
77.78453777,33,0.7451561,6.482044814,33,0.205183582,8.612293817,20.21212121,5.743453365,16.17602417,21.891,0.785714286,1.499497475,0.661777716,16.36416
59.02188911,19,0.804218074,4.918490759,19,0.219300732,6.723351562,23.78947368,3.995918614,18.12224929,14.696,0.904761905,1.682554679,0.750396813,10.70914065
42.81897879,9,0.913743208,3.385137501,9,0.226938275,5.78661246,26.22222222,2.35105549,23.64530502,9.552,0.9,2.461282809,0.701912956,12.4416
62.05059535,21,0.460038389,5.170882946,21,0.192183814,6.419793636,17.47619048,5.700128516,-43.33076473,17.417,0.777777778,1.126254192,0.624370529,26.47728
40.62165002,9,0.760175561,3.385137501,9,0.228407082,4.464504938,27,2.90066797,60.48187827,8.328,1,1.539129947,0.859718724,14.69821774
38.29845892,8,0.866025404,3.191538243,8,0.205183582,4.618802154,22.375,2.309401077,90,7.476,1,2,0.891759474,15.04712348
40.62165002,9,0.878639409,3.385137501,9,0.208996853,5.462501014,18.33333333,2.608267238,47.95307056,9.461,0.9,2.09430266,0.71208621,15.7883904
59.02188911,19,0.728713554,4.918490759,19,0.201132997,6.263231608,18.78947368,4.289177689,-45,13.563,1,1.460240648,0.855641195,14.98335508
30.27759026,5,0.765092056,2.523132522,5,0.205183582,3.306559138,22.6,2.12916259,71.56505118,4.962,1,1.552985739,0.956807706,14.950656
81.24330003,36,0.727896,6.770275003,36,0.228407082,8.345572032,26.80555556,5.722454822,88.33140259,20.32,0.947368421,1.4583902,0.821859131,14.69664
67.70275003,25,0.906925872,5.641895835,25,0.192183814,9.332687247,18.52,3.931770011,-4.088215021,18.707,0.892857143,2.373660519,0.658116739,13.52283429
35.82492793,7,0.856222401,2.985410661,7,0.253270458,4.312826484,43.14285714,2.228038055,-81.65037788,6.922,1,1.935705934,0.868563961,9.165312
174.4577831,166,0.65947674,14.53814859,166,0.384109922,17.25547039,67.18072289,12.97136795,-16.19308524,53.955,0.855670103,1.330273758,0.639878575,31.5387871
64.93819656,23,0.611792468,5.41151638,23,0.236843247,6.553060875,36.56521739,5.183591177,16.665613,15.738,0.92,1.26419323,0.810872292,18.88263062
55.8291179,17,0.914092513,4.652426492,17,0.192183814,7.982388728,17.05882353,3.236904174,53.46375653,15.92,0.85,2.466056546,0.58795003,18.13752
106.6183974,62,0.780998052,8.884866447,62,0.205183582,11.71089895,21.09677419,7.313848241,53.61340638,31.874,0.837837838,1.601195235,0.635445913,8.8776
50.66409895,14,0.841497986,4.222008246,14,0.226938275,6.025993796,29,3.255604921,-83.95262146,11.603,1,1.850959789,0.809230684,15.33666462
48.82114734,13,0.734583309,4.068428945,13,0.249123256,5.305310965,34.30769231,3.599751666,62.93491176,11.231,1,1.473799156,0.79082972,15.98616
30.27759026,5,0.765092056,2.523132522,5,0.216029193,3.306559138,24.8,2.12916259,-18.43494882,4.962,1,1.552985739,0.956807706,15.9522048
48.82114734,13,0.505789615,4.068428945,13,0.222440471,4.470371451,27.61538462,3.856396618,45,9.461,1,1.159209463,1,16.1424
52.44232467,15,0.461880215,4.370193722,15,0.222440471,4.760952286,26.06666667,4.222690033,-75.96375653,10.867,1,1.127469042,0.9605326,17.03154162
33.16743835,5,0.88946364,2.523132522,5,0.20315829,4.253087215,22.4,1.943686139,-5.152423234,6.55,1,2.188155346,0.668943694,15.88248
38.29845892,8,0.580947502,3.191538243,8,0.254675809,3.651483717,37,2.972092417,45,6.831,1,1.228590234,1,20.2176
64.93819656,23,0.510647738,5.41151638,23,0.205183582,5.99135312,24.08695652,5.151305652,-37.89207326,14.58,0.958333333,1.16307467,0.920305888,20.176128
35.82492793,7,0.838373448,2.985410661,7,0.245022413,4.602992526,30.28571429,2.509074133,63.93749183,8.237,0.875,1.834538272,0.67940823,18.57649371
60.55518053,20,0.753060616,5.046265044,20,0.205183582,6.734482576,16.4,4.430960516,-41.4264394,16.193,0.833333333,1.519869688,0.672310364,17.93035636
30.27759026,5,0.765092056,2.523132522,5,0.236843247,3.306559138,31.4,2.12916259,-18.43494882,4.962,1,1.552985739,0.956807706,18.47808
33.16743835,6,0.833333333,2.763953196,6,0.208996853,4,24.33333333,2.211083194,0,6.368,1,1.809068067,0.833752763,16.26655135
60.55518053,20,0.742991325,5.046265044,20,0.194497882,6.363099805,18.7,4.258829363,-9.395812112,13.472,1,1.494095974,0.910568755,16.22592
81.24330003,36,0.687631738,6.770275003,36,0.192183814,8.88805188,18.63888889,6.453255696,-53.41492047,24.637,0.765957447,1.377297336,0.58626219,20.63777684
40.62165002,9,0.503952631,3.385137501,9,0.222440471,3.944053189,24.66666667,3.406602159,-26.56505118,8.626,1,1.157767477,0.81672739,18.41844706
40.62165002,9,0.759113364,3.385137501,9,0.216029193,4.430771014,24.77777778,2.884247823,83.95262146,8.237,0.9,1.536196362,0.873524868,19.26055385
167.4873537,153,0.678296822,13.95727948,153,0.275744913,16.57264687,56.47058824,12.17738222,83.68443481,48.232,0.889534884,1.36093674,0.728486351,28.75077818
66.3348767,24,0.626671581,5.527906392,24,0.228407082,6.437647607,27.875,5.016752376,12.8451872,15.548,0.96,1.283230091,0.863418667,18.42701838
46.90584114,12,0.62489532,3.908820095,12,0.196811949,4.611134873,19,3.599952417,37.2379445,9.37,1,1.280887728,0.963309664,17.87816448
70.35876171,27,0.89661637,5.863230143,27,0.246386284,9.300108917,35,4.11816431,22.85807997,19.493,0.9,2.258314195,0.662259599,20.40814703
40.62165002,9,0,3.385137501,9,0.205183582,3.464101615,21.88888889,3.464101615,0,7.476,1,1,1,16.65051429
54.16220002,16,0.845004663,4.513516668,16,0.187207995,6.471347523,15,3.460610914,32.84244433,12.918,0.941176471,1.870001478,0.779580192,15.69625043
50.66409895,14,0.6520712,4.222008246,14,0.210799885,4.91838146,21.5,3.728908943,45,10.106,1,1.318986743,1,14.01250909
87.7527935,42,0.778122531,7.312732791,42,0.208996853,9.53123252,20.9047619,5.986686388,-48.29999727,22.768,0.913043478,1.592071457,0.786208951,12.51936
33.16743835,6,0.833333333,2.763953196,6,0.207090218,4,20.16666667,2.211083194,90,6.368,1,1.809068067,0.833752763,18.32746852
40.62165002,9,0.665811885,3.385137501,9,0.205183582,4.053691235,22.77777778,3.02453869,69.69935268,7.683,1,1.340267608,0.965226527,16.53696
40.62165002,9,0,3.385137501,9,0.205183582,3.464101615,19.11111111,3.464101615,0,7.476,1,1,1,18.6624
50.66409895,8,0.974761793,3.191538243,8,0.159085576,9.483374218,14.375,2.117139603,63.63610097,14.415,0.533333333,4.479333439,0.326151504,15.899328
30.27759026,5,0.765092056,2.523132522,5,0.196811949,3.306559138,19.6,2.12916259,-18.43494882,4.962,1,1.552985739,0.956807706,17.21828571
66.3348767,24,0.574717567,5.527906392,24,0.201132997,6.189798788,20.33333333,5.065433169,-70.395116,14.142,1,1.221968306,1,15.33105434
30.27759026,4,0.866025404,2.256758334,4,0.205183582,3.651483717,29.25,1.825741858,18.43494882,5.053,1,2,0.748540177,17.62518528
38.29845892,7,0.904041941,2.985410661,7,0.198972473,4.933729831,22.14285714,2.108892032,56.59929526,7.592,1,2.339489057,0.763515196,18.41138526
48.82114734,13,0.793186027,4.068428945,13,0.212602917,5.661841491,24.07692308,3.44794491,-6.235230861,11.81,0.928571429,1.642091634,0.73076595,19.35045818
92.82933393,47,0.690701266,7.735777828,47,0.196811949,9.54101918,18.5106383,6.899494601,69.43400605,25.208,0.87037037,1.382857692,0.73487602,8.24256
52.44232467,15,0.76246876,4.370193722,15,0.205183582,5.810335619,20.4,3.759432581,90,12.455,0.9375,1.545535262,0.774892868,18.26397257
44.90892382,10,0.912779266,3.568248232,10,0.187207995,6.313251153,17.9,2.57866759,-73.9973084,10.958,0.833333333,2.448260946,0.632115926,19.3840128
35.82492793,7,0.856222401,2.985410661,7,0.196811949,4.312826484,15.14285714,2.228038055,8.349622117,6.922,1,1.935705934,0.868563961,17.94461538
63.51080914,22,0.845122707,5.292567428,22,0.219300732,7.805481516,25.09090909,4.17259469,81.97349203,18.269,0.814814815,1.870654136,0.603080334,16.95965538
72.91809336,29,0.550077137,6.07650778,29,0.201132997,7.011493284,19.44827586,5.855395152,17.65809827,18.178,0.878787879,1.197441522,0.80177047,18.211392
27.08110001,4,0,2.256758334,4,0.223954969,2.309401077,26.25,2.309401077,0,3.556,1,1,1,17.18351589
30.27759026,5,0.765092056,2.523132522,5,0.216029193,3.306559138,24.6,2.12916259,18.43494882,4.962,1,1.552985739,0.956807706,20.404224
42.81897879,10,0.657535506,3.568248232,10,0.205183582,4.258325179,20.5,3.208322511,1.3e-15,8.146,1,1.327274663,0.986295854,19.85472
60.55518053,20,0.708665226,5.046265044,20,0.194497882,6.161733363,18.25,4.347379513,79.16625553,13.654,1,1.417344252,0.89094151,15.90545455
30.27759026,5,0.765092056,2.523132522,5,0.219300732,3.306559138,22.4,2.12916259,18.43494882,4.962,1,1.552985739,0.956807706,15.58775172
99.50231505,54,0.363441632,8.291859587,54,0.249123256,8.759744712,33,8.160726832,-63.58383214,24.728,0.915254237,1.073402516,0.873659858,18.36432
27.08110001,4,0,2.256758334,4,0.216029193,2.309401077,23.25,2.309401077,0,3.556,1,1,1,13.69728
150.1719641,123,0.310554589,12.51433035,123,0.250496356,12.92385865,37.17073171,12.28484553,58.53149975,37.166,0.968503937,1.052016374,0.95135204,148.83264
30.27759026,5,0.765092056,2.523132522,5,0.187207995,3.306559138,17.6,2.12916259,-71.56505118,4.962,1,1.552985739,0.956807706,16.6074624
38.29845892,6,0.84016805,2.763953196,6,0.196811949,4.760952286,20.33333333,2.581988897,90,8.328,0.75,1.843908891,0.573145816,16.008192
35.82492793,7,0.856222401,2.985410661,7,0.205183582,4.312826484,19.71428571,2.228038055,81.65037788,6.922,1,1.935705934,0.868563961,16.837632
46.90584114,12,0.783575964,3.908820095,12,0.192183814,5.174507244,17,3.214900604,-6.642433242,10.106,0.923076923,1.609538795,0.859245327,15.3643392
60.55518053,19,0.856606404,4.918490759,19,0.205183582,7.351872296,20.63157895,3.7933486,65.37009662,15.457,0.863636364,1.938095617,0.690245048,16.48512
63.51080914,22,0.684194108,5.292567428,22,0.205183582,6.598570646,25.13636364,4.812337265,-23.84752824,15.159,0.88,1.371177929,0.82547179,17.62342272
40.62165002,9,0.665811885,3.385137501,9,0.228407082,4.053691235,33.44444444,3.02453869,-20.30064732,7.683,1,1.340267608,0.965226527,17.0180352
57.44768838,18,0.419579443,4.787307365,18,0.194497882,5.203321418,18.55555556,4.72315173,-2.973431527,12.645,0.947368421,1.101662982,0.907623148,16.0071552
30.27759026,5,0.765092056,2.523132522,5,0.205183582,3.306559138,20.6,2.12916259,-18.43494882,4.962,1,1.552985739,0.956807706,13.2845184
38.29845892,7,0.875419941,2.985410661,7,0.189695905,5.149076611,19.85714286,2.488873851,22.5,9.089,0.777777778,2.068837924,0.588048166,14.090112
33.16743835,6,0.833333333,2.763953196,6,0.205183582,4,20.66666667,2.211083194,90,6.368,1,1.809068067,0.833752763,14.2694784
38.29845892,8,0.782272678,3.191538243,8,0.216029193,4.27914326,21.625,2.665633063,19.32990413,7.774,1,1.60530094,0.84373334,13.5696384
33.16743835,5,0.88946364,2.523132522,5,0.194497882,4.253087215,18,1.943686139,-84.84757677,6.55,1,2.188155346,0.668943694,13.250304
46.90584114,12,0.62489532,3.908820095,12,0.228407082,4.611134873,33.5,3.599952417,-52.7620555,9.37,0.923076923,1.280887728,0.963309664,12.928896
35.82492793,7,0.688972486,2.985410661,7,0.216029193,3.763583333,22.42857143,2.727798137,59.52730205,6.831,1,1.379714753,0.884487591,13.9968
30.27759026,5,0.901281139,2.523132522,5,0.196811949,4.163331999,23,1.803699901,45,5.814,1,2.308217679,0.783413778,13.01924571
30.27759026,3,0.942809042,1.954410048,3,0.205183582,3.464101615,30.33333333,1.154700538,90,3.92,1,3,0.756006963,16.31232
42.81897879,10,0.928131764,3.568248232,10,0.192183814,6.110100927,13.3,2.274496281,0,10.288,1,2.686353448,0.696761562,13.93755429
66.3348767,24,0.620928072,5.527906392,24,0.194497882,6.692274692,21.91666667,5.245856937,-39.95062628,17.144,0.857142857,1.275725734,0.732901659,13.001472
30.27759026,5,0.765092056,2.523132522,5,0.196811949,3.306559138,17.4,2.12916259,-71.56505118,4.962,1,1.552985739,0.956807706,12.731904
27.08110001,4,0,2.256758334,4,0.238211875,2.309401077,32,2.309401077,0,3.556,1,1,1,15.531264
30.27759026,5,0.765092056,2.523132522,5,0.192183814,3.306559138,17.6,2.12916259,18.43494882,4.962,1,1.552985739,0.956807706,15.69567086
42.81897879,10,0.5874078,3.568248232,10,0.194497882,4.085747586,17.8,3.306559138,0,8.328,1,1.235649331,0.955243026,14.56704
35.82492793,7,0.353093932,2.985410661,7,0.216029193,3.236694375,21.71428571,3.028212018,0,6.368,1,1.068846684,0.972711557,15.443136
42.81897879,10,0.804984472,3.568248232,10,0.219300732,5.773502692,20.1,3.425395354,90,12.918,0.666666667,1.685499656,0.48723762,14.4384768
50.66409895,14,0.893150444,4.222008246,14,0.20315829,6.64162,16.78571429,2.987121923,4.807642703,11.975,0.933333333,2.223417782,0.769892483,14.950656
46.90584114,12,0.472903608,3.908820095,12,0.228407082,4.324626255,29.66666667,3.810489467,-70.19465588,9.552,1,1.134926705,0.935883941,13.87830857
38.29845892,8,0.547722558,3.191538243,8,0.210799885,3.651483717,21.75,3.055050463,90,7.22,1,1.195228609,0.936368556,15.427584
75.39059177,31,0.869053339,6.282549314,31,0.205183582,9.470982797,33.70967742,4.685469449,60.55191006,22.123,0.837837838,2.021351948,0.610305041,7.677200546
194.3434533,206,0.629878789,16.19528778,206,0.236843247,18.6315709,32.16019417,14.47101903,68.35803601,56.279,0.88034188,1.287509253,0.733167367,11.72333494
66.3348767,24,0.762714579,5.527906392,24,0.317133535,7.216539618,59.91666667,4.667190488,-70.30909332,16.102,0.923076923,1.546227787,0.814420685,10.8186624
42.81897879,10,0.916419091,3.568248232,10,0.216029193,6.276648768,22.5,2.512040387,-14.46002202,11.603,0.833333333,2.498625739,0.578021917,8.09856
54.16220002,16,0.525000445,4.513516668,16,0.205183582,6.441154652,25.1875,5.482079297,82.07031687,18.178,0.695652174,1.17494737,0.442356122,8.64
44.90892382,11,0.781582174,3.742410319,11,0.231271157,5.033531634,26.18181818,3.139928594,-9.991553261,9.643,1,1.603072007,0.845724203,8.247922759
38.29845892,4,0.968245837,2.256758334,4,0.187207995,4.618802154,16,1.154700538,0,5.88,1,4,0.617594511,8.462016
78.95429571,34,0.368757718,6.579524642,34,0.234078146,6.916539861,28.11764706,6.429100507,-71.56505118,18.153,0.971428571,1.07581766,0.942215203,3.29509507
75.39059177,27,0.625887405,5.863230143,27,0.181839329,8.436560061,16.55555556,6.579786481,-55.37304014,25.762,0.692307692,1.282193592,0.406134583,8.467120246
42.81897879,10,0.5874078,3.568248232,10,0.210799885,4.085747586,21.8,3.306559138,90,8.328,1,1.235649331,0.955243026,6.90695424
71.64985586,28,0.799990425,5.970821321,28,0.225469467,8.42897497,29.35714286,5.057492589,36.38435182,20.138,0.848484848,1.666631205,0.649257749,6.917935304
52.44232467,15,0.655594222,4.370193722,15,0.205183582,5.489917257,23.86666667,4.145509975,54.61533619,12.827,0.882352941,1.324304438,0.739210008,6.637552941
40.62165002,9,0.665811885,3.385137501,9,0.231271157,4.053691235,27.22222222,3.02453869,20.30064732,7.683,1,1.340267608,0.965226527,6.366445714
46.90584114,12,0.856821387,3.908820095,12,0.205183582,5.605675008,16.33333333,2.890360787,-72.00660218,10.015,1,1.939437814,0.871172691,5.960941714
40.62165002,9,0.902873501,3.385137501,9,0.231271157,5.4091616,23.55555556,2.325432745,31.71747441,9.18,1,2.32608817,0.744935514,6.550888186
57.44768838,18,0.79838574,4.787307365,18,0.210799885,6.61393744,22.44444444,3.982558199,-86.7458601,14.903,0.9,1.660725872,0.694685452,9.568182857
44.90892382,11,0.684690195,3.742410319,11,0.225469467,4.496907734,24.63636364,3.277500291,74.92930722,8.791,1,1.372054107,0.970807044,6.096384
30.27759026,5,0.765092056,2.523132522,5,0.222440471,3.306559138,30.4,2.12916259,71.56505118,4.962,1,1.552985739,0.956807706,5.756493913
48.82114734,13,0.859122037,4.068428945,13,0.201132997,6.064213055,18.30769231,3.103487016,-2.00009288,11.512,1,1.953999815,0.760790335,6.235611429
33.16743835,6,0.894482619,2.763953196,6,0.205183582,4.513541148,18.66666667,2.018016538,77.0668216,6.922,1,2.236622478,0.744483395,7.57340928
142.6585465,111,0.653599424,11.88821221,111,0.306677132,14.0532737,55.15315315,10.63608902,-41.02399848,38.82,0.925,1.321282068,0.792189197,12.531456
27.08110001,4,0,2.256758334,4,0.246386284,2.309401077,33.5,2.309401077,0,3.556,1,1,1,5.793882353
54.16220002,16,0.695608344,4.513516668,16,0.225469467,5.450535142,26.3125,3.915780041,71.56505118,11.33,0.941176471,1.391941091,0.960057374,5.983817143
38.29845892,8,0.580947502,3.191538243,8,0.225469467,3.651483717,26,2.972092417,45,6.831,1,1.228590234,1,3.747708
40.62165002,9,0.503952631,3.385137501,9,0.208996853,3.944053189,20.55555556,3.406602159,-26.56505118,8.626,0.9,1.157767477,0.81672739,6.447010909
33.16743835,6,0.745355992,2.763953196,6,0.225469467,3.464101615,26.16666667,2.309401077,0,5.516,1,1.5,1,6.1592832
30.27759026,5,0.765092056,2.523132522,5,0.216029193,3.306559138,24.6,2.12916259,18.43494882,4.962,1,1.552985739,0.956807706,5.773865143
48.82114734,13,0.895491037,4.068428945,13,0.196811949,6.617456045,16.15384615,2.945294336,42.99020876,12.455,0.928571429,2.246789383,0.671573819,6.438978783
35.82492793,7,0.856222401,2.985410661,7,0.187207995,4.312826484,16.85714286,2.228038055,-81.65037788,6.922,1,1.935705934,0.868563961,4.839348065
42.81897879,10,0.630126038,3.568248232,10,0.187207995,4.258325179,17,3.306559138,63.43494882,8.791,0.909090909,1.287841832,0.882551858,4.526940343
38.29845892,8,0.580947502,3.191538243,8,0.205183582,3.651483717,19.25,2.972092417,-45,6.831,1,1.228590234,1,6.105532235
35.82492793,7,0.856222401,2.985410661,7,0.216029193,4.312826484,21.85714286,2.228038055,81.65037788,6.922,1,1.935705934,0.868563961,3.670606452
50.66409895,14,0.792643147,4.222008246,14,0.308727952,5.698537789,55.71428571,3.474317883,41.43749183,11.512,0.933333333,1.640188947,0.819312669,4.542761739
33.16743835,6,0.745355992,2.763953196,6,0.231271157,3.464101615,28,2.309401077,0,5.516,1,1.5,1,5.298048
38.29845892,8,0.580947502,3.191538243,8,0.196811949,3.651483717,19.125,2.972092417,-45,6.831,1,1.228590234,1,3.439517538
48.82114734,13,0.491217356,4.068428945,13,0.212602917,4.511923211,21.15384615,3.930052198,-76.22359421,10.197,1,1.148056816,0.918191349,6.713515636
23.45292057,3,0.730296743,1.954410048,3,0.231271157,2.581988897,31,1.763834207,-45,3.093,1,1.463850109,0.969873184,4.952369455
30.27759026,5,0.765092056,2.523132522,5,0.228407082,3.306559138,29.2,2.12916259,18.43494882,4.962,1,1.552985739,0.956807706,7.08486912
27.08110001,4,0.731925055,2.256758334,4,0.198972473,3.055050463,19,2.081665999,0,4.59,1,1.467598771,0.840875939,3.9045888
33.16743835,6,0.833333333,2.763953196,6,0.205183582,4,24.16666667,2.211083194,0,6.368,1,1.809068067,0.833752763,5.3923968
38.29845892,8,0.547722558,3.191538243,8,0.198972473,3.651483717,18.25,3.055050463,0,7.22,1,1.195228609,0.936368556,5.666852571
35.82492793,7,0.856222401,2.985410661,7,0.205183582,4.312826484,20.57142857,2.228038055,8.349622117,6.922,1,1.935705934,0.868563961,5.539968
50.66409895,6,0.778498944,2.763953196,6,0.187207995,3.829708431,9.333333333,2.40370085,-45,6.459,1,1.593255014,0.818022083,5.038848
60.55518053,20,0.38366165,5.046265044,20,0.212602917,5.341660166,22.25,4.932882862,26.56505118,12.645,1,1.082867831,1,4.993567347
48.82114734,13,0.805967315,4.068428945,13,0.201132997,5.802013633,14.92307692,3.434560216,59.50320795,12.091,0.866666667,1.68930322,0.704053334,3.845585455
46.90584114,12,0,3.908820095,12,0.228407082,4,28.41666667,4,0,8.816,1,1,1,0.845390769
57.44768838,18,0.760853734,4.787307365,18,0.205183582,6.435955765,23.16666667,4.176442376,56.64577638,14.903,0.857142857,1.541013903,0.694685452,1.975376842
33.16743835,6,0.632455532,2.763953196,6,0.216029193,3.333333333,23.16666667,2.581988897,45,5.905,1,1.290994449,0.921278728,2.480733659
72.91809336,29,0.786916366,6.07650778,29,0.250496356,8.081636018,36.17241379,4.986851632,10.96576797,18.087,0.966666667,1.620588823,0.808659056,1.838592
50.66409895,14,0.359571779,4.222008246,14,0.219300732,5.340809748,24.07142857,4.983602658,58.8497364,16.21,0.7,1.071676479,0.469790762,4.091566829
23.45292057,3,0.730296743,1.954410048,3,0.212602917,2.581988897,23.33333333,1.763834207,45,3.093,1,1.463850109,0.969873184,2.56946087
40.62165002,9,0.759113364,3.385137501,9,0.205183582,4.430771014,19.55555556,2.884247823,-83.95262146,8.237,1,1.536196362,0.873524868,6.076193684
35.82492793,7,0.353093932,2.985410661,7,0.216029193,3.236694375,23,3.028212018,0,6.368,1,1.068846684,0.972711557,0.67392
35.82492793,7,0.856222401,2.985410661,7,0.219300732,4.312826484,28,2.228038055,8.349622117,6.922,1,1.935705934,0.868563961,3.166683429
54.16220002,16,0.657191767,4.513516668,16,0.253270458,5.498937377,40.3125,4.144677839,-47.74616228,12.645,0.888888889,1.326746635,0.806776131,4.444181695
114.8953768,72,0.608510587,9.57461473,72,0.212602917,11.3022752,21.54166667,8.968872509,86.28840617,37.39,0.8,1.260166781,0.550750654,2.406699574
162.4866001,144,0.83736317,13.54055001,144,0.337509439,18.50549523,59.16666667,10.1159731,82.10694068,44.907,0.947368421,1.829334169,0.783810384,4.888512
57.44768838,18,0.476105877,4.787307365,18,0.225469467,5.261223257,27.11111111,4.626656416,59.08929505,12.455,1,1.13715452,0.929871442,0.602331429
33.16743835,6,0.833333333,2.763953196,6,0.205183582,4,23.66666667,2.211083194,90,6.368,1,1.809068067,0.833752763,5.751437838
38.29845892,8,0.913849904,3.191538243,8,0.201132997,5.667509542,18.5,2.301304468,-70.33651107,9.734,0.888888889,2.462737818,0.606408659,8.828750769
38.29845892,7,0.867628581,2.985410661,7,0.189695905,5.514816543,18.14285714,2.742037797,46.63524396,10.586,0.7,2.011210987,0.466787413,5.60196
100.4194065,55,0.509387057,8.368283872,55,0.225469467,9.623595506,34.90909091,8.281465027,37.73412883,28.466,0.859375,1.162064378,0.691814586,8.176253023
27.08110001,4,0,2.256758334,4,0.225469467,2.309401077,26.25,2.309401077,0,3.556,1,1,1,7.37568
101.3281979,56,0.404368892,8.444016491,56,0.216029193,9.003335963,22.71428571,8.234414843,-86.19539119,24.984,0.949152542,1.093378963,0.889599491,1.477015082
67.70275003,25,0.934005652,5.641895835,25,0.205183582,9.903444223,22.4,3.53808694,23.44569165,19.774,0.892857143,2.79909578,0.598256857,5.838821053
63.51080914,22,0.731784761,5.292567428,22,0.226938275,7.694235873,37.68181818,5.243897296,-6.815256912,22.297,0.666666667,1.467274326,0.427214892,6.887444211
60.55518053,20,0.803506357,5.046265044,20,0.201132997,7.047418836,23.2,4.195301468,75.1984808,16.193,0.869565217,1.679836095,0.672310364,6.745068679
27.08110001,4,0.731925055,2.256758334,4,0.189695905,3.055050463,17.25,2.081665999,90,4.59,1,1.467598771,0.840875939,6.303744
40.62165002,9,0.665811885,3.385137501,9,0.208996853,4.053691235,20.66666667,3.02453869,20.30064732,7.683,1,1.340267608,0.965226527,6.35904
38.29845892,4,0.968245837,2.256758334,4,0.181839329,4.618802154,28,1.154700538,0,5.88,1,4,0.617594511,7.51488
42.81897879,10,0.5874078,3.568248232,10,0.210799885,4.085747586,21.8,3.306559138,90,8.328,1,1.235649331,0.955243026,4.630197073
35.82492793,7,0.838373448,2.985410661,7,0.231271157,4.602992526,25,2.509074133,-63.93749183,8.237,0.875,1.834538272,0.67940823,6.885
38.29845892,8,0.866025404,3.191538243,8,0.198972473,4.618802154,18.125,2.309401077,0,7.476,1,2,0.891759474,5.698944
106.6183974,62,0.457734021,8.884866447,62,0.216029193,9.617041259,25.20967742,8.550407303,30.45118156,26.208,0.939393939,1.124746567,0.904476729,3.1283712
74.16464679,30,0.879756236,6.180387232,30,0.194497882,9.681419643,25.6,4.602789291,31.40978204,22.396,0.789473684,2.103381022,0.578057723,13.89645257
35.82492793,5,0.979795897,2.523132522,5,0.205183582,5.773502692,21.6,1.154700538,0,7.84,1,5,0.521013778,6.747972923
44.90892382,11,0.581074626,3.742410319,11,0.253270458,4.425072566,38.63636364,3.60134655,0,10.288,0.916666667,1.228727229,0.766437719,7.190208
98.576692,21,0.870869186,5.170882946,21,0.216029193,8.529198225,31.19047619,4.192227702,32.13873654,17.789,0.807692308,2.034526469,0.602373846,6.972973714
64.93819656,23,0.923805332,5.41151638,23,0.187207995,10.63567604,21.39130435,4.072001714,41.97858397,23.529,0.676470588,2.611903625,0.406323899,7.002907826
33.16743835,6,0.745355992,2.763953196,6,0.232674652,3.464101615,30,2.309401077,0,5.516,1,1.5,1,7.093142069
54.16220002,16,0.821184352,4.513516668,16,0.187207995,6.205073925,14.5625,3.541006107,51.11480788,12.364,0.941176471,1.752347705,0.836282687,5.433189517
38.29845892,8,0.580947502,3.191538243,8,0.207090218,3.651483717,22.25,2.972092417,-45,6.831,1,1.228590234,1,6.799104
46.90584114,12,0.737438211,3.908820095,12,0.198972473,4.995102016,18.16666667,3.373764839,-58.91204819,10.106,0.923076923,1.480572077,0.859245327,5.4713232
30.27759026,5,0.765092056,2.523132522,5,0.187207995,3.306559138,17.8,2.12916259,71.56505118,4.962,1,1.552985739,0.956807706,5.674123636
40.62165002,9,0,3.385137501,9,0.225469467,3.464101615,24.66666667,3.464101615,0,7.476,1,1,1,5.437837241
30.27759026,5,0.765092056,2.523132522,5,0.284139278,3.306559138,40.4,2.12916259,-18.43494882,4.962,1,1.552985739,0.956807706,6.619496727
35.82492793,7,0.353093932,2.985410661,7,0.234078146,3.236694375,27.71428571,3.028212018,0,6.368,1,1.068846684,0.972711557,3.777673846
52.44232467,15,0.499004631,4.370193722,15,0.216029193,5.072238498,24.66666667,4.395598425,43.72759781,12.273,0.882352941,1.153935826,0.793299203,6.075648
191.4922946,200,0.727038339,15.95769122,200,0.275744913,19.73302728,55.03,13.54863466,64.46651704,56.378,0.865800866,1.456458734,0.709447004,14.57489455
138.0870574,104,0.47662094,11.50725478,104,0.225469467,12.70650698,34.90384615,11.17040353,28.65779592,40.251,0.866666667,1.137515484,0.694083954,6.334848
90.83277079,45,0.850064662,7.569397566,45,0.207090218,11.1628409,22.37777778,5.879226481,14.43403132,26.597,0.865384615,1.898692105,0.639413135,8.1648
54.16220002,16,0.529214339,4.513516668,16,0.220870602,5.09251191,23.375,4.320936139,-16.7082907,12.364,0.941176471,1.178566807,0.836282687,6.097865143
33.16743835,6,0.778498944,2.763953196,6,0.198972473,3.829708431,18.5,2.40370085,45,6.459,1,1.593255014,0.818022083,6.707213617
57.44768838,18,0.809768538,4.787307365,18,0.234078146,6.422931897,28.61111111,3.768651745,17.10612123,12.645,1,1.704304969,0.907623148,6.972207158
72.91809336,29,0.5515254,6.07650778,29,0.222440471,7.174501717,29.27586207,5.984668709,-60.99531193,19.584,0.878787879,1.198813513,0.705630633,6.7716
30.27759026,5,0.765092056,2.523132522,5,0.205183582,3.306559138,20.8,2.12916259,-18.43494882,4.962,1,1.552985739,0.956807706,5.914243459
38.29845892,8,0.547722558,3.191538243,8,0.194497882,3.651483717,18.75,3.055050463,0,7.22,1,1.195228609,0.936368556,5.18976
38.29845892,8,0.717405908,3.191538243,8,0.214316055,4.136642609,24,2.881814462,72.70385566,7.865,1,1.435429887,0.829839424,6.1077024
30.27759026,5,0.765092056,2.523132522,5,0.216029193,3.306559138,23,2.12916259,-71.56505118,4.962,1,1.552985739,0.956807706,5.936256
40.62165002,9,0.760175561,3.385137501,9,0.208996853,4.464504938,24.66666667,2.90066797,29.51812173,8.328,1,1.539129947,0.859718724,5.539968
33.16743835,6,0.632455532,2.763953196,6,0.196811949,3.333333333,18.33333333,2.581988897,-45,5.905,1,1.290994449,0.921278728,4.785368276
70.35876171,27,0.669432597,5.863230143,27,0.216029193,6.909378975,23.33333333,5.132789709,66.7102003,15.895,0.964285714,1.346125473,0.936257251,5.429061818
27.08110001,4,0,2.256758334,4,0.192183814,2.309401077,17,2.309401077,0,3.556,1,1,1,5.790528
42.81897879,10,0.657535506,3.568248232,10,0.220870602,4.258325179,27.4,3.208322511,1.3e-15,8.146,1,1.327274663,0.986295854,5.84928
42.81897879,10,0.843827963,3.568248232,10,0.201132997,5.200028411,20.5,2.790406995,47.14457666,9.37,0.909090909,1.86353762,0.802758054,4.78872
64.93819656,21,0.913441153,5.170882946,21,0.205183582,9.755385913,19.71428571,3.97015754,-24.70503171,20.692,0.75,2.457178541,0.464568901,7.127397209
35.82492793,7,0.353093932,2.985410661,7,0.222440471,3.236694375,25.14285714,3.028212018,90,6.368,1,1.068846684,0.972711557,6.877338353
40.62165002,9,0.536748159,3.385137501,9,0.228407082,3.954100962,31.33333333,3.336243049,-7.627559352,8.146,1,1.185195714,0.887666269,6.314605714
40.62165002,9,0,3.385137501,9,0.212602917,3.464101615,21.11111111,3.464101615,0,7.476,1,1,1,7.219058087
48.82114734,11,0.939551953,3.742410319,11,0.208996853,8.343415241,22,2.856838603,51.71909408,14.994,0.6875,2.920506336,0.42028031,32.43753931
59.02188911,17,0.913828152,4.652426492,17,0.20315829,9.691146452,22.76470588,3.935585286,7.528235714,19.865,0.62962963,2.46244097,0.403602808,8.80308
48.82114734,13,0.787291449,4.068428945,13,0.216029193,5.330127241,24.46153846,3.286455378,90,10.106,1,1.621846831,0.930849104,9.275118545
44.90892382,11,0.770003209,3.742410319,11,0.192183814,5.23987492,18.45454545,3.343249861,-66.51253299,10.867,0.846153846,1.567299824,0.704390573,14.49792
40.62165002,9,0.667389883,3.385137501,9,0.205183582,4.179850918,22,3.112770491,-78.01875551,8.146,0.9,1.342807294,0.887666269,10.70334
64.93819656,23,0.555145202,5.41151638,23,0.234078146,6.009654069,27.13043478,4.998550515,-45,14.026,1,1.202279351,0.980660991,7.973316
60.55518053,20,0.744504366,5.046265044,20,0.205183582,6.402714994,19.8,4.274565167,77.28133642,13.96,0.952380952,1.497863465,0.859343397,7.71768
33.16743835,6,0.745355992,2.763953196,6,0.232674652,3.464101615,25.83333333,2.309401077,90,5.516,1,1.5,1,10.41243429
59.02188911,17,0.931811707,4.652426492,17,0.205183582,8.434266805,27.52941176,3.061150206,-82.14722603,16.681,0.85,2.755260682,0.543673134,11.14128
33.16743835,6,0.745355992,2.763953196,6,0.242302891,3.464101615,29,2.309401077,0,5.516,1,1.5,1,10.312704
35.82492793,7,0.353093932,2.985410661,7,0.225469467,3.236694375,30.14285714,3.028212018,0,6.368,1,1.068846684,0.972711557,12.566016
30.27759026,5,0.765092056,2.523132522,5,0.216029193,3.306559138,23.8,2.12916259,-18.43494882,4.962,1,1.552985739,0.956807706,10.2979188
46.90584114,12,0.773768909,3.908820095,12,0.216029193,5.029344274,19.58333333,3.185928534,80.58312354,9.643,1,1.578611767,0.922608221,11.94788571
33.16743835,6,0.745355992,2.763953196,6,0.212602917,3.464101615,21.33333333,2.309401077,90,5.516,1,1.5,1,9.6714
38.29845892,8,0.908403437,3.191538243,8,0.222440471,5.10917439,22.25,2.136118845,10.90070474,8.328,1,2.391802498,0.764194421,7.342812
27.08110001,4,0,2.256758334,4,0.210799885,2.309401077,21.5,2.309401077,0,3.556,1,1,1,6.0217344
30.27759026,5,0.765092056,2.523132522,5,0.222440471,3.306559138,24.2,2.12916259,18.43494882,4.962,1,1.552985739,0.956807706,7.51248
62.05059535,21,0.429576533,5.170882946,21,0.201132997,5.769247814,21.0952381,5.209806476,-82.81770878,15.366,0.875,1.107382364,0.770423097,6.98976
33.16743835,6,0.778498944,2.763953196,6,0.226938275,3.829708431,25,2.40370085,-45,6.459,1,1.593255014,0.818022083,6.99516
48.82114734,13,0.724196192,4.068428945,13,0.216029193,5.041736331,24.38461538,3.476751087,39.26523483,10.015,0.928571429,1.450128641,0.943770415,9.987346286
23.45292057,3,0.730296743,1.954410048,3,0.216029193,2.581988897,28,1.763834207,-45,3.093,1,1.463850109,0.969873184,10.86017506
52.44232467,15,0.857184118,4.370193722,15,0.192183814,7.173188466,27.13333333,3.6942644,-2.265475791,14.787,0.75,1.94170955,0.586419932,9.96204169
42.81897879,10,0.857763406,3.568248232,10,0.219300732,5.575938966,22.2,2.866281793,-39.14854926,11.049,0.909090909,1.945356169,0.624034782,10.37920865
133.3589516,97,0.741431722,11.11324596,97,0.298774836,13.95976814,48.28865979,9.367399718,66.86777133,38.407,0.85840708,1.490250076,0.706104473,9.969650526
30.27759026,5,0.765092056,2.523132522,5,0.205183582,3.306559138,19.8,2.12916259,-71.56505118,4.962,1,1.552985739,0.956807706,9.312349091
23.45292057,3,0.730296743,1.954410048,3,0.239580502,2.581988897,38.33333333,1.763834207,-45,3.093,1,1.463850109,0.969873184,6.500137846
44.90892382,11,0.52936133,3.742410319,11,0.201132997,4.641298732,18.45454545,3.937661494,-75.59460313,10.958,0.846153846,1.178694192,0.695327519,5.927635862
33.16743835,6,0.778498944,2.763953196,6,0.225469467,3.829708431,26.66666667,2.40370085,-45,6.459,1,1.593255014,0.818022083,5.206844746
46.90584114,12,0.677097415,3.908820095,12,0.205183582,5.178129936,17.5,3.810551626,20.30064732,11.239,0.8,1.358892477,0.729184689,5.019629268
60.55518053,20,0.570943468,5.046265044,20,0.22983912,5.818125044,27.65,4.776618851,48.33065082,13.96,0.952380952,1.218042558,0.859343397,6.53184
40.62165002,9,0.665811885,3.385137501,9,0.187207995,4.053691235,17.55555556,3.02453869,-69.69935268,7.683,1,1.340267608,0.965226527,5.43348
42.81897879,10,0.657535506,3.568248232,10,0.205183582,4.258325179,21.9,3.208322511,90,8.146,1,1.327274663,0.986295854,7.705645714
57.44768838,18,0.595462143,4.787307365,18,0.214316055,5.497474167,23.94444444,4.416579314,90,12.918,0.9,1.244735751,0.877027716,5.430857143
63.51080914,22,0.805551465,5.292567428,22,0.201132997,7.090328662,18.59090909,4.201202741,-38.55926491,14.787,1,1.687690192,0.860082567,8.031212308
35.82492793,7,0.692995696,2.985410661,7,0.201132997,3.82702156,19.42857143,2.75905951,-79.09929526,7.22,0.875,1.387074671,0.819322487,6.088518621
30.27759026,5,0.765092056,2.523132522,5,0.205183582,3.306559138,25.8,2.12916259,18.43494882,4.962,1,1.552985739,0.956807706,6.689613913
35.82492793,5,0.576018433,2.523132522,5,0.196811949,3.401960219,21,2.780887149,0,6.368,0.714285714,1.223336309,0.694793969,12.7365696
35.82492793,7,0.353093932,2.985410661,7,0.196811949,3.236694375,18.57142857,3.028212018,90,6.368,1,1.068846684,0.972711557,12.92844522
66.3348767,24,0.723614895,5.527906392,24,0.238211875,7.13004264,30.08333333,4.921183548,-19.15249117,16.383,0.888888889,1.448847126,0.791146921,11.62549029
30.27759026,3,0.942809042,1.954410048,3,0.187207995,3.464101615,16,1.154700538,90,3.92,1,3,0.756006963,11.82749538
35.82492793,7,0.856222401,2.985410661,7,0.208996853,4.312826484,21.14285714,2.228038055,-8.349622117,6.922,1,1.935705934,0.868563961,13.13953011
30.27759026,5,0.765092056,2.523132522,5,0.216029193,3.306559138,21,2.12916259,18.43494882,4.962,1,1.552985739,0.956807706,11.95230316
66.3348767,24,0.885236857,5.527906392,24,0.217664963,9.200887998,40.25,4.279705862,-44.58014893,19.766,0.8,2.149887935,0.574727796,14.590944
38.29845892,8,0.782272678,3.191538243,8,0.201132997,4.27914326,19.625,2.665633063,-19.32990413,7.774,0.888888889,1.60530094,0.84373334,12.95232
60.55518053,20,0.38366165,5.046265044,20,0.217664963,5.341660166,26.05,4.932882862,63.43494882,12.645,1,1.082867831,1,11.76169846
40.62165002,9,0.892982707,3.385137501,9,0.205183582,6.350178036,20.88888889,2.858157812,21.25522354,12.844,0.818181818,2.221773063,0.442583164,11.74162708
35.82492793,7,0.861379034,2.985410661,7,0.187207995,4.783759373,17.42857143,2.429971585,45,8.626,0.875,1.968648277,0.635232415,13.81968
40.62165002,9,0.665811885,3.385137501,9,0.187207995,4.053691235,17,3.02453869,-69.69935268,7.683,1,1.340267608,0.965226527,10.72359438
101.3281979,56,0.669814122,8.444016491,56,0.269390484,9.878768547,40.01785714,7.335270308,71.65251417,24.033,1,1.346749081,0.952953711,11.28289161
35.82492793,7,0.856222401,2.985410661,7,0.25608116,4.312826484,33.28571429,2.228038055,8.349622117,6.922,1,1.935705934,0.868563961,12.36619636
30.27759026,5,0.931487699,2.523132522,5,0.187207995,4.881889979,16.8,1.7758989,10.90070474,7.013,0.833333333,2.748968411,0.609333219,10.76386909
33.16743835,6,0.908344026,2.763953196,6,0.187207995,4.920352519,15,2.057808429,-61.13782216,7.774,0.857142857,2.39106442,0.632800005,11.01387541
48.82114734,13,0.505789615,4.068428945,13,0.216029193,4.470371451,23.61538462,3.856396618,45,9.461,1,1.159209463,1,11.86395429
60.55518053,19,0.926088401,4.918490759,19,0.205183582,9.289418066,18.94736842,3.504958775,72.74573851,18.616,0.791666667,2.65036443,0.504361331,11.47657846
42.81897879,10,0.59225774,3.568248232,10,0.205183582,4.163331999,21,3.354598833,-45,8.626,1,1.241081931,0.907474878,12.83994947
23.45292057,3,0.730296743,1.954410048,3,0.205183582,2.581988897,20.33333333,1.763834207,45,3.093,1,1.463850109,0.969873184,11.43754105
52.44232467,14,0.817421369,4.222008246,14,0.192183814,6.128030805,16.78571429,3.529992053,-17.46546865,13.125,0.875,1.735989972,0.664882217,12.11418947
27.08110001,4,0,2.256758334,4,0.220870602,2.309401077,24.75,2.309401077,0,3.556,1,1,1,11.78638748
40.62165002,9,0.759113364,3.385137501,9,0.205183582,4.430771014,20.33333333,2.884247823,-83.95262146,8.237,1,1.536196362,0.873524868,11.96561455
57.44768838,18,0.497884916,4.787307365,18,0.189695905,5.340685235,15.27777778,4.631672469,69.48232736,12.827,0.947368421,1.153079211,0.88705201,5.705128421
27.08110001,4,0,2.256758334,4,0.210799885,2.309401077,22.5,2.309401077,0,3.556,1,1,1,11.847168
30.27759026,3,0.942809042,1.954410048,3,0.196811949,3.464101615,19,1.154700538,90,3.92,1,3,0.756006963,11.70102857
27.08110001,4,0,2.256758334,4,0.198972473,2.309401077,19.25,2.309401077,0,3.556,1,1,1,10.85064828
23.45292057,3,0.730296743,1.954410048,3,0.187207995,2.581988897,17,1.763834207,45,3.093,1,1.463850109,0.969873184,12.38577231
63.51080914,22,0.384395775,5.292567428,22,0.220870602,5.638997755,26.63636364,5.205744514,-67.64252564,13.935,1,1.08322599,0.948047521,11.35117241
30.27759026,3,0.942809042,1.954410048,3,0.192183814,3.464101615,18,1.154700538,90,3.92,1,3,0.756006963,12.54528
23.45292057,3,0.730296743,1.954410048,3,0.192183814,2.581988897,18,1.763834207,45,3.093,1,1.463850109,0.969873184,11.52576
33.16743835,6,0.745355992,2.763953196,6,0.207090218,3.464101615,19.66666667,2.309401077,90,5.516,1,1.5,1,11.66174609
33.16743835,6,0.632455532,2.763953196,6,0.201132997,3.333333333,19.16666667,2.581988897,-45,5.905,1,1.290994449,0.921278728,12.19764706
60.55518053,20,0.511953223,5.046265044,20,0.210799885,5.84760201,21.25,5.023168064,-31.60311219,15.457,0.869565217,1.164126291,0.726573735,12.037248
40.62165002,8,0.796390779,3.191538243,8,0.187207995,4.699765547,13.125,2.84233539,27.58775542,9.089,0.888888889,1.653487327,0.672055047,10.70496
195.2845894,207,0.698323289,16.23454914,207,0.293119465,20.223387,51.75845411,14.47554645,79.32610296,67.478,0.793103448,1.39707244,0.521590645,19.46644898
48.82114734,13,0.75666933,4.068428945,13,0.236843247,5.266361414,36.69230769,3.443135352,-29.57670629,10.867,0.866666667,1.529524946,0.832461587,10.31920941
54.16220002,16,0.745423493,4.513516668,16,0.225469467,5.919129553,25.5,3.945639619,-35.9279451,13.216,0.941176471,1.500169839,0.751434393,12.08040781
72.91809336,29,0.78606933,6.07650778,29,0.216029193,8.372291658,27.20689655,5.175234474,49.70219878,20.254,0.90625,1.617760838,0.66579382,9.182071233
42.81897879,10,0.630126038,3.568248232,10,0.222440471,4.258325179,25.5,3.306559138,-63.43494882,8.791,0.909090909,1.287841832,0.882551858,13.35168
72.91809336,29,0.386969538,6.07650778,29,0.205183582,6.445340869,20.03448276,5.943200469,35.72711388,16.193,1,1.084489898,0.974850028,12.66563896
94.78385004,49,0.650843594,7.89865417,49,0.242302891,9.199039595,33.26530612,6.984019768,81.24737293,23.14,0.907407407,1.317155435,0.891461485,11.90784
44.90892382,11,0.288859418,3.742410319,11,0.236843247,4.611040108,33.81818182,4.414478499,13.28252559,13.679,0.6875,1.044526575,0.488562312,10.170036
52.44232467,15,0.802295557,4.370193722,15,0.216029193,6.218252702,23.73333333,3.711842909,45,13.191,1,1.675246732,0.706628032,9.412234105
38.29845892,8,0.580947502,3.191538243,8,0.238211875,3.651483717,35.875,2.972092417,45,6.831,1,1.228590234,1,7.18272
62.05059535,21,0.552234113,5.170882946,21,0.236843247,5.927498964,34.23809524,4.941691167,-47.72016602,14.622,0.954545455,1.199487941,0.836310496,11.4884736
35.82492793,7,0.353093932,2.985410661,7,0.236843247,3.236694375,29,3.028212018,90,6.368,1,1.068846684,0.972711557,9.2596608
60.55518053,20,0.583462084,5.046265044,20,0.205183582,5.795773477,24.25,4.706981673,-30.91070495,13.29,0.952380952,1.231314222,0.930851793,8.587008
52.44232467,15,0.475270821,4.370193722,15,0.216029193,4.760952286,23.33333333,4.188874153,-45,10.751,1,1.136570857,0.976640026,11.14150737
69.0435287,26,0.690885738,5.753627392,26,0.201132997,7.032505868,19.07692308,5.084248336,5.198666761,16.565,0.928571429,1.383194801,0.841317907,4.02192
30.27759026,5,0.765092056,2.523132522,5,0.216029193,3.306559138,22.8,2.12916259,18.43494882,4.962,1,1.552985739,0.956807706,11.59734857
86.70182393,41,0.838588274,7.225151994,41,0.205183582,10.23360838,31.87804878,5.574919192,-76.32007253,24.265,0.854166667,1.835651428,0.685936054,9.290273684
99.50231505,54,0.53493072,8.291859587,54,0.226938275,9.161777016,28.42592593,7.740748073,-76.4950392,25.208,0.964285714,1.183577728,0.84432564,3.52636416
50.66409895,14,0.196396101,4.222008246,14,0.187207995,4.364357805,18.21428571,4.279360369,90,10.106,1,1.019862182,1,10.90121143
48.82114734,13,0.505789615,4.068428945,13,0.239580502,4.470371451,35.46153846,3.856396618,45,9.461,1,1.159209463,1,8.661723429
44.90892382,11,0.684690195,3.742410319,11,0.245022413,4.496907734,29.36363636,3.277500291,-74.92930722,8.791,1,1.372054107,0.970807044,10.76976
104.0069381,59,0.811369257,8.667244841,59,0.216029193,13.28274501,29.11864407,7.76421529,-60.76691282,37.373,0.710843373,1.710764645,0.451688384,8.366439724
113.2883693,70,0.386354251,9.440697439,70,0.232674652,9.887512839,31.72857143,9.119752133,-38.9553077,26.572,0.985915493,1.084186576,0.996317075,8.85632
63.51080914,22,0.64486719,5.292567428,22,0.212602917,6.19933606,22.86363636,4.738119365,-74.56893383,13.96,0.956521739,1.308395923,0.945277737,10.68178977
50.66409895,14,0.6520712,4.222008246,14,0.236843247,4.91838146,29.92857143,3.728908943,45,10.106,1,1.318986743,1,11.16952615
48.82114734,13,0.787291449,4.068428945,13,0.228407082,5.330127241,26,3.286455378,90,10.106,1,1.621846831,0.930849104,8.724829091
44.90892382,11,0.781582174,3.742410319,11,0.236843247,5.033531634,29.09090909,3.139928594,-9.991553261,9.643,1,1.603072007,0.845724203,6.179328
74.16464679,30,0.356012797,6.180387232,30,0.239580502,7.120867198,31.26666667,6.654315668,-81.30880556,23.297,0.714285714,1.070112624,0.539329842,9.781527273
179.6356953,176,0.57681392,14.96964127,176,0.815047451,16.85515767,103.9943182,13.76856658,-69.53698791,57.892,0.82629108,1.224176647,0.593724079,44.872704
67.70275003,25,0.514391391,5.641895835,25,0.245022413,6.226535237,32.68,5.339599761,58.02674766,15.432,0.961538462,1.166105235,0.910663729,11.88224
40.62165002,9,0.834965721,3.385137501,9,0.20315829,4.760952286,16.33333333,2.619961361,26.56505118,8.055,1,1.817184161,0.902153871,11.93411368
27.08110001,4,0.731925055,2.256758334,4,0.196811949,3.055050463,18,2.081665999,0,4.59,1,1.467598771,0.840875939,10.6714368
38.29845892,4,0.968245837,2.256758334,4,0.138068804,4.618802154,13,1.154700538,0,5.88,1,4,0.617594511,10.01845029
59.02188911,19,0.56353773,4.918490759,19,0.228407082,5.715819841,34.36842105,4.721783476,28.42650208,13.588,0.904761905,1.210521378,0.853085837,10.88853459
60.55518053,18,0.955160044,4.787307365,18,0.219300732,9.912145789,26.16666667,2.934887289,-73.54893744,17.21,0.782608696,3.377351433,0.546116837,11.93750069
71.64985586,28,0.826782806,5.970821321,28,0.220870602,9.104258865,22.03571429,5.121339355,-13.35636019,22.768,0.756756757,1.777710523,0.524139301,10.78750523
70.35876171,27,0.763779548,5.863230143,27,0.217664963,8.00829933,25.92592593,5.169174541,82.72915728,19.675,0.870967742,1.549241425,0.651736509,11.63469913
54.16220002,16,0.752855139,4.513516668,16,0.205183582,5.819726259,18.625,3.830463802,-66.31251924,11.975,0.941176471,1.519326787,0.879877123,11.674368
60.55518053,20,0.608453896,5.046265044,20,0.235460697,6.129221301,31.4,4.864083975,33.487254,16.011,0.869565217,1.260097756,0.685148507,9.702805545
57.44768838,18,0.834926671,4.787307365,18,0.210799885,6.962538999,27.61111111,3.831911339,11.1650197,15.085,0.9,1.816988542,0.68088128,11.12425412
59.02188911,18,0.770060145,4.787307365,18,0.187207995,7.565999008,22.94444444,4.826890187,31.45653793,19.212,0.72,1.567468642,0.452676244,11.04192
48.82114734,13,0.684635109,4.068428945,13,0.192183814,5.072519462,17.92307692,3.697288302,56.06774594,10.776,0.866666667,1.371956701,0.843383255,10.74198857
40.62165002,9,0,3.385137501,9,0.222440471,3.464101615,25.11111111,3.464101615,0,7.476,1,1,1,11.22349292
104.8846493,60,0.530499802,8.740387445,60,0.247750155,9.59174418,36.26666667,8.130778234,81.59903763,25.001,0.983606557,1.179683408,0.951991137,7.767196981
124.8377027,85,0.471134022,10.4031419,85,0.225469467,11.30709443,28.30588235,9.973554233,-29.22290379,33.354,0.923913043,1.133707619,0.801951213,14.3509933
69.0435287,26,0.789215855,5.753627392,26,0.234078146,7.614632438,27.92307692,4.676266829,-77.68323957,16.565,0.928571429,1.628357131,0.841317907,9.722445283
71.64985586,28,0.454365055,5.970821321,28,0.222440471,6.444237328,28.46428571,5.740627009,-44.38621058,15.92,0.933333333,1.122566806,0.968388284,9.337298824
54.16220002,16,0.866947782,4.513516668,16,0.205183582,6.880688557,20.3125,3.429328162,-43.03606184,13.679,0.888888889,2.00642465,0.71063609,9.794304
69.0435287,26,0.534222295,5.753627392,26,0.225469467,6.427374103,28.15384615,5.433342367,59.92950808,15.92,0.928571429,1.182950322,0.899217692,13.16151138
55.8291179,15,0.866963598,4.370193722,15,0.212602917,7.150124147,25,3.563417868,-25.50450298,15.639,0.789473684,2.006535414,0.534419796,11.04125821
59.02188911,19,0.695183196,4.918490759,19,0.225469467,6.049015626,29.63157895,4.348229704,61.0483577,13.497,1,1.391144451,0.862442771,11.7562752
313.7786919,537,0.367053939,26.14822433,537,0.253270458,27.20483333,41.30912477,25.30592669,68.79831351,85.787,0.950442478,1.07503802,0.853299146,52.94016
62.05059535,21,0.646911092,5.170882946,21,0.225469467,6.125344842,34.0952381,4.670976241,-43.27789874,14.142,0.954545455,1.311362877,0.883407566,13.24882286
52.44232467,15,0.44936646,4.370193722,15,0.205183582,4.893533148,25.33333333,4.371625683,-45,11.719,0.9375,1.119385213,0.853549797,13.59845053
54.16220002,16,0.632983081,4.513516668,16,0.214316055,5.277325251,22.125,4.085523817,-4.836677716,11.33,1,1.291713251,0.960057374,13.84992
60.55518053,20,0.717137166,5.046265044,20,0.208996853,6.110100927,22.4,4.258325179,0,12.736,1,1.434860108,0.996943505,14.31726545
33.16743835,6,0.632455532,2.763953196,6,0.210799885,3.333333333,23.33333333,2.581988897,45,5.905,1,1.290994449,0.921278728,14.59296
52.44232467,15,0.327987173,4.370193722,15,0.205183582,5.342239451,22.8,5.046718392,-38.30375112,14.324,0.882352941,1.058557073,0.617923154,14.61888
42.81897879,10,0.676387463,3.568248232,10,0.192183814,4.618802154,12.4,3.401960219,-39.80557109,9.643,0.909090909,1.357688467,0.768840184,12.71989895
30.27759026,5,0.765092056,2.523132522,5,0.201132997,3.306559138,20.8,2.12916259,-71.56505118,4.962,1,1.552985739,0.956807706,12.74112
46.90584114,12,0.426401433,3.908820095,12,0.208996853,4.422166387,21.16666667,4,0,9.924,1,1.105541597,0.88335014,11.757312
38.29845892,8,0.580947502,3.191538243,8,0.254675809,3.651483717,37.5,2.972092417,45,6.831,1,1.228590234,1,13.95977143
59.02188911,19,0.638123368,4.918490759,19,0.216029193,6.259692392,23.31578947,4.819550827,90,15.366,0.863636364,1.298812403,0.697049469,13.71625412
35.82492793,7,0.353093932,2.985410661,7,0.216029193,3.236694375,23.71428571,3.028212018,90,6.368,1,1.068846684,0.972711557,12.58461741
81.24330003,36,0.781168638,6.770275003,36,0.196811949,8.948369989,23.11111111,5.586647041,34.64234365,21.362,0.837209302,1.601742499,0.753447223,14.41152
30.27759026,5,0.765092056,2.523132522,5,0.208996853,3.306559138,23,2.12916259,71.56505118,4.962,1,1.552985739,0.956807706,13.61363478
33.16743835,6,0.632455532,2.763953196,6,0.216029193,3.333333333,26,2.581988897,-45,5.905,1,1.290994449,0.921278728,14.37264
33.16743835,6,0.745355992,2.763953196,6,0.228407082,3.464101615,24.66666667,2.309401077,0,5.516,1,1.5,1,14.898816
52.44232467,15,0.695894648,4.370193722,15,0.222440471,5.276768957,24.4,3.789479359,-31.85260496,11.049,1,1.392478612,0.936052173,13.72416
257.9821263,363,0.446422209,21.49851052,363,0.253270458,22.90915414,40.03856749,20.49962536,-53.35933149,71.017,0.928388747,1.117540137,0.829456339,13.71403636
50.66409895,14,0.835298596,4.222008246,14,0.194497882,6.665019086,18.85714286,3.664404551,34.82794937,14.903,0.777777778,1.818854603,0.540310907,14.66133943
38.29845892,7,0.815930159,2.985410661,7,0.228407082,4.429339411,31.71428571,2.560824697,-18.43494882,7.592,0.875,1.729653504,0.763515196,15.28102927
48.82114734,13,0.505789615,4.068428945,13,0.231271157,4.470371451,29.38461538,3.856396618,45,9.461,1,1.159209463,1,13.94208
257.9821263,363,0.446422209,21.49851052,363,0.253270458,22.90915414,40.03856749,20.49962536,-53.35933149,71.017,0.928388747,1.117540137,0.829456339,26.54208
89.81784764,44,0.720177215,7.484820637,44,0.198972473,9.62079937,18.34090909,6.674815888,57.22361003,24.521,0.830188679,1.441358014,0.722564761,6.61284
57.44768838,18,0.782313155,4.787307365,18,0.214316055,6.642105448,21.38888889,4.137270007,7.526460385,13.96,0.9,1.605431948,0.773409057,14.1861287
38.29845892,8,0.580947502,3.191538243,8,0.249123256,3.651483717,37.625,2.972092417,-45,6.831,1,1.228590234,1,12.8266627
48.82114734,13,0.739137476,4.068428945,13,0.205183582,5.255948826,22.69230769,3.54016848,-33.16473076,10.776,0.866666667,1.484660647,0.843383255,12.17967158
113.2883693,70,0.492389275,9.440697439,70,0.249123256,10.30033065,35.68571429,8.965151244,20.23990259,28.35,0.945945946,1.148929936,0.886989857,23.22432
46.90584114,12,0.737438211,3.908820095,12,0.235460697,4.995102016,39.83333333,3.373764839,-58.91204819,10.106,0.923076923,1.480572077,0.859245327,10.585728
50.66409895,14,0.196396101,4.222008246,14,0.245022413,4.364357805,32.28571429,4.279360369,90,10.106,1,1.019862182,1,11.36891077
44.90892382,11,0.901867248,3.742410319,11,0.192183814,6.282210521,15.36363636,2.713998322,-70.00655688,11.421,0.785714286,2.314743701,0.651816194,15.64397419
154.3860236,130,0.625102515,12.86550197,130,0.232674652,15.04257475,31.04615385,11.74137133,4.887440576,49.109,0.838709677,1.281159954,0.598371327,49.641984
42.81897879,10,0.808097781,3.568248232,10,0.212602917,5.743037039,20.3,3.382926578,31.52712579,13.489,0.714285714,1.697653468,0.454354058,15.13728
30.27759026,5,0.765092056,2.523132522,5,0.219300732,3.306559138,23.8,2.12916259,18.43494882,4.962,1,1.552985739,0.956807706,15.9408
23.45292057,3,0.730296743,1.954410048,3,0.196811949,2.581988897,18,1.763834207,-45,3.093,1,1.463850109,0.969873184,16.754688
38.29845892,8,0.580947502,3.191538243,8,0.231271157,3.651483717,29.75,2.972092417,-45,6.831,1,1.228590234,1,15.7355136
54.16220002,16,0.663926847,4.513516668,16,0.236843247,5.404473456,28.5,4.041451884,45,12.083,1,1.337260373,0.86743808,18.144
27.08110001,4,0,2.256758334,4,0.196811949,2.309401077,18,2.309401077,0,3.556,1,1,1,17.86752
38.29845892,8,0.193649167,3.191538243,8,0.207090218,3.651483717,21.75,3.58236421,-45,8.626,0.888888889,1.019294383,0.725979902,15.30020571
50.66409895,14,0.196396101,4.222008246,14,0.274116992,4.364357805,42.85714286,4.279360369,90,10.106,1,1.019862182,1,16.222464
42.81897879,10,0.657535506,3.568248232,10,0.216029193,4.258325179,24.4,3.208322511,90,8.146,1,1.327274663,0.986295854,16.61929412
267.7470435,391,0.44164598,22.31225363,391,0.242302891,23.74181419,35.75703325,21.30090415,-44.25681325,74.581,0.917840376,1.114591851,0.813377328,19.80288
166.9391121,152,0.592909815,13.91159268,152,0.228407082,15.7601368,30.11842105,12.69114753,11.21588468,46.892,0.910179641,1.241821258,0.763009728,47.07072
30.27759026,5,0.765092056,2.523132522,5,0.219300732,3.306559138,27.6,2.12916259,-71.56505118,4.962,1,1.552985739,0.956807706,15.44832
44.90892382,11,0.724342458,3.742410319,11,0.258936453,4.678064444,37.54545455,3.225246414,-48.97173591,9.089,1,1.450451793,0.92407569,16.889472
38.29845892,8,0.894059341,3.191538243,8,0.20315829,5.033222957,20.625,2.254624876,0,8.328,1,2.232399283,0.764194421,13.53296842
92.82933393,47,0.45173316,7.735777828,47,0.201132997,8.571267746,19.29787234,7.646883082,-21.69736423,25.77,0.87037037,1.12088385,0.706583822,11.67764211
60.55518053,20,0.889679137,5.046265044,20,0.216029193,8.057948351,22.6,3.679148684,-84.70797799,17.045,0.869565217,2.190166542,0.616756621,11.57976
52.44232467,15,0.719131003,4.370193722,15,0.205183582,5.406383993,19.53333333,3.756758489,-9.899438177,11.421,0.9375,1.439108745,0.888840265,10.741248
66.3348767,24,0.648854148,5.527906392,24,0.220870602,7.0121339,26.29166667,5.335622462,-76.08134134,18.451,0.8,1.314211031,0.646861826,14.815872
46.90584114,12,0.833333333,3.908820095,12,0.208996853,8,26.75,4.422166387,1.53e-15,18.542,0.5,1.809068067,0.32072191,15.552
33.16743835,6,0.745355992,2.763953196,6,0.216029193,3.464101615,22.33333333,2.309401077,0,5.516,1,1.5,1,13.91440168
44.90892382,11,0.86958113,3.742410319,11,0.205183582,5.648956856,17.63636364,2.789398949,-85.2688389,10.197,0.916666667,2.025151998,0.776931141,15.833088
52.44232467,15,0.851730365,4.370193722,15,0.205183582,6.712134363,23.26666667,3.517026375,-26.39052311,15.085,0.882352941,1.908468589,0.567401067,17.07461486
62.05059535,21,0.769369776,5.170882946,21,0.25608116,6.955342552,34.85714286,4.443098448,83.33401652,16.102,0.913043478,1.565426162,0.712618099,16.64804571
66.3348767,24,0.868953084,5.527906392,24,0.234078146,8.147444652,32.54166667,4.032125312,-39.9086384,16.59,0.96,2.020632798,0.774634479,19.19808
27.08110001,4,0,2.256758334,4,0.222440471,2.309401077,25.75,2.309401077,0,3.556,1,1,1,16.454016
75.39059177,31,0.769790161,6.282549314,31,0.196811949,8.094107529,19.16129032,5.166444852,58.27153676,17.88,0.96875,1.566668717,0.881536553,6.723648
42.81897879,10,0.5874078,3.568248232,10,0.219300732,4.085747586,23,3.306559138,0,8.328,1,1.235649331,0.955243026,10.865664
60.55518053,20,0.728089633,5.046265044,20,0.220870602,6.392562975,26.25,4.381986453,-5.105110495,14.051,0.909090909,1.458827644,0.850270502,11.07894857
33.16743835,6,0.745355992,2.763953196,6,0.217664963,3.464101615,25.66666667,2.309401077,90,5.516,1,1.5,1,15.250752
46.90584114,12,0.773768909,3.908820095,12,0.217664963,5.029344274,24.08333333,3.185928534,-9.416876456,9.643,1,1.578611767,0.922608221,9.90144
30.27759026,5,0.765092056,2.523132522,5,0.205183582,3.306559138,21,2.12916259,-71.56505118,4.962,1,1.552985739,0.956807706,13.198464
44.90892382,11,0.684690195,3.742410319,11,0.216029193,4.496907734,23.36363636,3.277500291,74.92930722,8.791,1,1.372054107,0.970807044,10.47777882
35.82492793,7,0.861379034,2.985410661,7,0.231271157,4.783759373,27,2.429971585,45,8.626,0.875,1.968648277,0.635232415,11.68128
46.90584114,12,0.661437828,3.908820095,12,0.192183814,4.618802154,17.08333333,3.464101615,0,9.436,1,1.333333333,0.953226395,14.053824
166.9391121,152,0.486286359,13.91159268,152,0.275744913,14.99236947,46.86842105,13.10032504,1.311314581,43.187,0.944099379,1.144427289,0.889928749,20.04912
71.64985586,28,0.500095046,5.970821321,28,0.216029193,7.548430267,27.32142857,6.536718098,8.322113864,24.836,0.717948718,1.154773719,0.449518128,12.40955345
46.90584114,12,0.772423883,3.908820095,12,0.208996853,5.142416207,19,3.265986324,-45,9.924,0.923076923,1.574536969,0.88335014,11.63723609
69.0435287,26,0.534866782,5.753627392,26,0.225469467,6.308317668,27.80769231,5.330127241,90,14.696,1,1.183521027,1,10.27512
35.82492793,7,0.692995696,2.985410661,7,0.205183582,3.82702156,21.85714286,2.75905951,10.90070474,7.22,1,1.387074671,0.819322487,11.04590769
71.64985586,28,0.71148334,5.970821321,28,0.205183582,7.318750373,20.46428571,5.142907585,82.89820449,16.656,0.965517241,1.423076393,0.897724602,13.67674435
33.16743835,5,0.88946364,2.523132522,5,0.212602917,4.253087215,24.8,1.943686139,5.152423234,6.55,0.833333333,2.188155346,0.668943694,11.74334694
42.81897879,10,0.764470787,3.568248232,10,0.196811949,4.531372125,18.5,2.921186973,-63.43494882,8.146,1,1.551209206,0.986295854,13.913856
46.90584114,12,0,3.908820095,12,0.205183582,4,24.91666667,4,0,8.816,1,1,1,12.04482462
27.08110001,4,0.870424023,2.256758334,4,0.194497882,3.435908801,18.5,1.691507428,31.71747441,4.408,1,2.0312703,0.881907054,12.12378092
38.29845892,8,0.580947502,3.191538243,8,0.192183814,3.651483717,17.75,2.972092417,-45,6.831,1,1.228590234,1,11.99177018
52.44232467,15,0.783997398,4.370193722,15,0.205183582,5.844714592,19,3.62818905,17.81395365,12.066,0.9375,1.610917874,0.81504236,12.96740571
40.62165002,9,0.761302566,3.385137501,9,0.212602917,4.404498238,22.22222222,2.855862536,54.21747441,8.146,1,1.542265491,0.887666269,11.69882585
30.27759026,5,0.765092056,2.523132522,5,0.216029193,3.306559138,22.8,2.12916259,-71.56505118,4.962,1,1.552985739,0.956807706,11.41344
59.02188911,19,0.432519475,4.918490759,19,0.205183582,5.348599811,22.36842105,4.822429121,58.28252559,13.307,1,1.109109056,0.88248224,13.31486836
33.16743835,6,0.745355992,2.763953196,6,0.187207995,3.464101615,17.16666667,2.309401077,90,5.516,1,1.5,1,12.15916138
40.62165002,9,0.536748159,3.385137501,9,0.245022413,3.954100962,32.33333333,3.336243049,-82.37244065,8.146,1,1.185195714,0.887666269,13.12552421
48.82114734,13,0.683581563,4.068428945,13,0.192183814,4.971714867,22.07692308,3.628726066,-45,10.197,1,1.370099252,0.918191349,12.11359418
38.29845892,8,0.866025404,3.191538243,8,0.225469467,4.618802154,26.25,2.309401077,0,7.476,1,2,0.891759474,12.42039273
46.90584114,12,0,3.908820095,12,0.205183582,4,21.33333333,4,0,8.816,1,1,1,12.7412352
38.29845892,8,0.927619543,3.191538243,8,0.196811949,5.749330047,22,2.147526642,-39.93766417,8.998,0.888888889,2.677186831,0.682168439,13.706496
33.16743835,6,0.745355992,2.763953196,6,0.205183582,3.464101615,20,2.309401077,90,5.516,1,1.5,1,11.4048
54.16220002,15,0.679004576,4.370193722,15,0.205183582,5.511933417,18.4,4.046497938,-75.41619331,12.182,0.9375,1.362149073,0.802749282,10.19281655
33.16743835,6,0.745355992,2.763953196,6,0.258936453,3.464101615,35.16666667,2.309401077,0,5.516,1,1.5,1,11.446272
54.16220002,16,0.784910253,4.513516668,16,0.205183582,5.952888688,18.6875,3.688466204,-22.38401727,11.975,0.941176471,1.613919813,0.879877123,11.61216
75.39059177,31,0.659357505,6.282549314,31,0.214316055,7.398585326,23.03225806,5.562475117,-65.40064714,17.235,0.96875,1.330088705,0.938228089,11.70614817
50.66409895,6,0.745355992,2.763953196,6,0.214316055,3.464101615,24.5,2.309401077,90,5.516,1,1.5,1,15.00655304
44.90892382,11,0.684690195,3.742410319,11,0.287656491,4.496907734,48.63636364,3.277500291,15.07069278,8.791,1,1.372054107,0.970807044,12.41352
59.02188911,19,0.505045945,4.918490759,19,0.245022413,5.437823921,38.84210526,4.69334482,-14.78891934,12.827,0.95,1.15862442,0.936332677,12.70948019
55.8291179,17,0.814735726,4.652426492,17,0.216029193,6.526888152,27.17647059,3.784501695,-34.68258985,14.531,0.944444444,1.724636076,0.684003385,12.32681143
38.29845892,8,0.273861279,3.191538243,8,0.249123256,3.651483717,36.75,3.511884584,0,8.146,0.888888889,1.03975049,0.789036683,14.34603789
112.4762558,69,0.346875672,9.373021316,69,0.245022413,10.21993594,43.04347826,9.585391563,-20.68953138,31.857,0.884615385,1.066199109,0.707876985,12.46830545
64.93819656,23,0.612594863,5.41151638,23,0.239580502,6.569226156,32.60869565,5.192297131,81.86561737,15.829,0.884615385,1.26518687,0.803111607,14.27956364
40.62165002,9,0.759113364,3.385137501,9,0.216029193,4.430771014,24.88888889,2.884247823,-83.95262146,8.237,1,1.536196362,0.873524868,13.41131294
33.16743835,6,0.833333333,2.763953196,6,0.219300732,4,22.66666667,2.211083194,90,6.368,1,1.809068067,0.833752763,13.03658182
46.90584114,12,0.472903608,3.908820095,12,0.216029193,4.324626255,23.83333333,3.810489467,-19.80534412,9.552,0.923076923,1.134926705,0.935883941,12.53973433
48.82114734,12,0.805879953,3.908820095,12,0.214316055,5.779432853,22.83333333,3.421880624,63.96323116,12.273,0.923076923,1.688963903,0.634639362,12.96864
38.29845892,8,0.866025404,3.191538243,8,0.257508807,4.618802154,35,2.309401077,90,7.476,1,2,0.891759474,20.98944
27.08110001,4,0,2.256758334,4,0.236843247,2.309401077,30,2.309401077,0,3.556,1,1,1,12.88906105
46.90584114,12,0.848868287,3.908820095,12,0.212602917,5.893885935,24.58333333,3.115534149,-81.74781931,11.421,0.857142857,1.891773819,0.711072212,12.28209231
195.2845894,208,0.693884325,16.27371578,208,0.257508807,19.31302482,40.96634615,13.90704812,86.69749589,52.714,0.912280702,1.388722081,0.837799063,6.701268293
57.44768838,18,0.78322236,4.787307365,18,0.225469467,6.267660739,25.94444444,3.896866006,7.117790928,12.645,0.947368421,1.608384976,0.907623148,7.528373581
46.90584114,11,0.9192921,3.742410319,11,0.207090218,6.869595505,21.63636364,2.70370764,-26.67903422,12.455,0.846153846,2.540805597,0.56825477,7.8336
46.90584114,12,0.694808334,3.908820095,12,0.22983912,5.077182071,27.91666667,3.651483717,45,10.958,0.923076923,1.390443574,0.758539111,6.591085714
23.45292057,3,0.730296743,1.954410048,3,0.205183582,2.581988897,21.33333333,1.763834207,-45,3.093,1,1.463850109,0.969873184,4.138793514
64.93819656,23,0.824655807,5.41151638,23,0.216029193,7.680207094,23.2173913,4.344192898,78.12841617,17.508,0.884615385,1.767924969,0.677820535,5.67648
46.90584114,12,0.750747412,3.908820095,12,0.201132997,5.435956909,21.91666667,3.590935383,35.66164913,12.364,0.8,1.513799701,0.627212015,10.20702316
46.90584114,12,0.772423883,3.908820095,12,0.207090218,5.142416207,21.33333333,3.265986324,45,9.924,0.923076923,1.574536969,0.88335014,4.587099429
38.29845892,4,0.968245837,2.256758334,4,0.208996853,4.618802154,31,1.154700538,0,5.88,1,4,0.617594511,6.37466112
52.44232467,15,0.745506526,4.370193722,15,0.210799885,5.943783809,23.6,3.961521963,-45.83014118,12.554,0.833333333,1.500378861,0.765148419,4.698
55.8291179,17,0.6109585,4.652426492,17,0.253270458,5.308994113,39.47058824,4.202932212,-15.17162444,11.421,1,1.263164345,1,4.002048
46.90584114,12,0.922614936,3.908820095,12,0.194497882,6.974996389,19.5,2.690411541,-43.23101131,12.182,0.857142857,2.59253883,0.642199426,7.4594304
48.82114734,13,0.874350078,4.068428945,13,0.201132997,6.20321889,20.69230769,3.010395607,-8.225988342,11.421,1,2.060599236,0.770328229,7.468535172
48.82114734,13,0.491217356,4.068428945,13,0.212602917,4.511923211,22.15384615,3.930052198,-13.77640579,10.197,1,1.148056816,0.918191349,6.87168
33.16743835,6,0.745355992,2.763953196,6,0.210799885,3.464101615,22.33333333,2.309401077,90,5.516,1,1.5,1,7.4592
55.8291179,17,0.693796961,4.652426492,17,0.201132997,5.670980427,19.29411765,4.084073707,-63.72182797,12.157,1,1.388559765,0.912758368,6.156996923
40.62165002,8,0.942086687,3.191538243,8,0.201132997,6.119975774,21.875,2.05245297,66.89056238,9.37,0.888888889,2.981786118,0.642206443,6.88176
